CLOSE_DEF_PERSON_ID,PLAYER_NAME,PLAYER_LAST_TEAM_ID,PLAYER_LAST_TEAM_ABBREVIATION,PLAYER_POSITION,AGE,GP,G,FREQ,D_FGM,D_FGA,D_FG_PCT,NORMAL_FG_PCT,PCT_PLUSMINUS,DEFENSE_CATEGORY,SEASON_TYPE,FG2M,FG2A,FG2_PCT,NS_FG2_PCT,PLUSMINUS,FG3M,FG3A,FG3_PCT,NS_FG3_PCT,FGM_LT_06,FGA_LT_06,LT_06_PCT,NS_LT_06_PCT,FGM_LT_10,FGA_LT_10,LT_10_PCT,NS_LT_10_PCT,FGM_GT_15,FGA_GT_15,GT_15_PCT,NS_GT_15_PCT
1642270,Donovan Clingan,1610612757,POR,C,22.0,77,77,1.0,656.0,1453.0,0.451,0.497,-0.046,Overall,Regular Season,,,,,,,,,,,,,,,,,,,,,
203497,Rudy Gobert,1610612750,MIN,C,34.0,76,76,1.0,538.0,1223.0,0.44,0.489,-0.05,Overall,Regular Season,,,,,,,,,,,,,,,,,,,,,
1630578,Alperen Sengun,1610612745,HOU,C,23.0,71,71,1.0,617.0,1219.0,0.506,0.484,0.023,Overall,Regular Season,,,,,,,,,,,,,,,,,,,,,
1642852,Derik Queen,1610612740,NOP,C,21.0,81,81,1.0,561.0,1156.0,0.485,0.489,-0.003,Overall,Regular Season,,,,,,,,,,,,,,,,,,,,,
1641705,Victor Wembanyama,1610612759,SAS,F-C,22.0,64,64,1.0,417.0,1092.0,0.382,0.492,-0.11,Overall,Regular Season,,,,,,,,,,,,,,,,,,,,,
1641824,Matas Buzelis,1610612741,CHI,F,21.0,77,77,1.0,504.0,1077.0,0.468,0.47,-0.002,Overall,Regular Season,,,,,,,,,,,,,,,,,,,,,
203999,Nikola Jokić,1610612743,DEN,C,31.0,65,65,1.0,551.0,1062.0,0.519,0.488,0.031,Overall,Regular Season,,,,,,,,,,,,,,,,,,,,,
1628401,Derrick White,1610612738,BOS,G,31.0,77,77,1.0,440.0,1044.0,0.421,0.462,-0.04,Overall,Regular Season,,,,,,,,,,,,,,,,,,,,,
1630567,Scottie Barnes,1610612761,TOR,F-G,24.0,80,80,1.0,484.0,1043.0,0.464,0.474,-0.01,Overall,Regular Season,,,,,,,,,,,,,,,,,,,,,
1641739,Toumani Camara,1610612757,POR,F,26.0,82,82,1.0,507.0,1042.0,0.487,0.469,0.017,Overall,Regular Season,,,,,,,,,,,,,,,,,,,,,
1630596,Evan Mobley,1610612739,CLE,C,25.0,65,65,1.0,439.0,1042.0,0.421,0.483,-0.062,Overall,Regular Season,,,,,,,,,,,,,,,,,,,,,
1630168,Onyeka Okongwu,1610612737,ATL,F-C,25.0,74,74,1.0,481.0,1012.0,0.475,0.486,-0.011,Overall,Regular Season,,,,,,,,,,,,,,,,,,,,,
1628389,Bam Adebayo,1610612748,MIA,C-F,28.0,73,73,1.0,465.0,1010.0,0.46,0.484,-0.024,Overall,Regular Season,,,,,,,,,,,,,,,,,,,,,
1628976,Wendell Carter Jr.,1610612753,ORL,C-F,27.0,78,78,1.0,463.0,1006.0,0.46,0.488,-0.028,Overall,Regular Season,,,,,,,,,,,,,,,,,,,,,
1642875,Maxime Raynaud,1610612758,SAC,C,23.0,74,74,1.0,496.0,991.0,0.501,0.483,0.017,Overall,Regular Season,,,,,,,,,,,,,,,,,,,,,
1630183,Jaden McDaniels,1610612750,MIN,F,25.0,73,73,1.0,447.0,982.0,0.455,0.47,-0.015,Overall,Regular Season,,,,,,,,,,,,,,,,,,,,,
1626167,Myles Turner,1610612749,MIL,C-F,30.0,71,71,1.0,459.0,976.0,0.47,0.481,-0.011,Overall,Regular Season,,,,,,,,,,,,,,,,,,,,,
1630643,Jay Huff,1610612754,IND,C,28.0,81,81,1.0,424.0,973.0,0.436,0.483,-0.047,Overall,Regular Season,,,,,,,,,,,,,,,,,,,,,
1629028,Deandre Ayton,1610612747,LAL,C,27.0,72,72,1.0,459.0,969.0,0.474,0.481,-0.007,Overall,Regular Season,,,,,,,,,,,,,,,,,,,,,
1642851,Kon Knueppel,1610612766,CHA,G-F,20.0,81,81,1.0,455.0,964.0,0.472,0.465,0.007,Overall,Regular Season,,,,,,,,,,,,,,,,,,,,,
1631217,Moussa Diabaté,1610612766,CHA,F,24.0,73,73,1.0,470.0,956.0,0.492,0.485,0.007,Overall,Regular Season,,,,,,,,,,,,,,,,,,,,,
1631095,Jabari Smith Jr.,1610612745,HOU,F,23.0,77,77,1.0,434.0,954.0,0.455,0.467,-0.012,Overall,Regular Season,,,,,,,,,,,,,,,,,,,,,
1631094,Paolo Banchero,1610612753,ORL,F,23.0,72,72,1.0,468.0,948.0,0.494,0.473,0.021,Overall,Regular Season,,,,,,,,,,,,,,,,,,,,,
1642843,Cooper Flagg,1610612742,DAL,F,19.0,70,70,1.0,429.0,942.0,0.455,0.471,-0.015,Overall,Regular Season,,,,,,,,,,,,,,,,,,,,,
1627750,Jamal Murray,1610612743,DEN,G,29.0,75,75,1.0,427.0,931.0,0.459,0.459,-0.001,Overall,Regular Season,,,,,,,,,,,,,,,,,,,,,
1630700,Dyson Daniels,1610612737,ATL,G,23.0,76,76,1.0,447.0,920.0,0.486,0.468,0.018,Overall,Regular Season,,,,,,,,,,,,,,,,,,,,,
1628436,Luke Kornet,1610612759,SAS,C-F,30.0,68,68,1.0,413.0,920.0,0.449,0.492,-0.043,Overall,Regular Season,,,,,,,,,,,,,,,,,,,,,
1631096,Chet Holmgren,1610612760,OKC,C-F,24.0,69,69,1.0,368.0,917.0,0.401,0.481,-0.08,Overall,Regular Season,,,,,,,,,,,,,,,,,,,,,
1626157,Karl-Anthony Towns,1610612752,NYK,C-F,30.0,75,75,1.0,414.0,910.0,0.455,0.485,-0.03,Overall,Regular Season,,,,,,,,,,,,,,,,,,,,,
203952,Andrew Wiggins,1610612748,MIA,F,31.0,68,68,1.0,411.0,909.0,0.452,0.472,-0.02,Overall,Regular Season,,,,,,,,,,,,,,,,,,,,,
1629674,Neemias Queta,1610612738,BOS,C,26.0,75,75,1.0,371.0,903.0,0.411,0.487,-0.076,Overall,Regular Season,,,,,,,,,,,,,,,,,,,,,
1629029,Luka Dončić,1610612747,LAL,F-G,27.0,64,64,1.0,431.0,902.0,0.478,0.469,0.009,Overall,Regular Season,,,,,,,,,,,,,,,,,,,,,
1642271,Kyle Filipowski,1610612762,UTA,C,22.0,77,77,1.0,468.0,887.0,0.528,0.474,0.053,Overall,Regular Season,,,,,,,,,,,,,,,,,,,,,
202696,Nikola Vučević,1610612738,BOS,C,35.0,64,64,1.0,436.0,881.0,0.495,0.494,0.001,Overall,Regular Season,,,,,,,,,,,,,,,,,,,,,
1629638,Nickeil Alexander-Walker,1610612737,ATL,G,27.0,78,78,1.0,452.0,876.0,0.516,0.459,0.057,Overall,Regular Season,,,,,,,,,,,,,,,,,,,,,
1642845,VJ Edgecombe,1610612755,PHI,G,20.0,75,75,1.0,386.0,873.0,0.442,0.46,-0.018,Overall,Regular Season,,,,,,,,,,,,,,,,,,,,,
201142,Kevin Durant,1610612745,HOU,F,37.0,78,78,1.0,364.0,863.0,0.422,0.467,-0.046,Overall,Regular Season,,,,,,,,,,,,,,,,,,,,,
1631105,Jalen Duren,1610612765,DET,C,22.0,70,70,1.0,409.0,859.0,0.476,0.487,-0.011,Overall,Regular Season,,,,,,,,,,,,,,,,,,,,,
1628969,Mikal Bridges,1610612752,NYK,G-F,29.0,81,81,1.0,399.0,857.0,0.466,0.468,-0.002,Overall,Regular Season,,,,,,,,,,,,,,,,,,,,,
1631260,AJ Green,1610612749,MIL,G,26.0,78,78,1.0,422.0,856.0,0.493,0.457,0.036,Overall,Regular Season,,,,,,,,,,,,,,,,,,,,,
1631157,Ryan Rollins,1610612749,MIL,G,23.0,74,74,1.0,385.0,851.0,0.452,0.457,-0.004,Overall,Regular Season,,,,,,,,,,,,,,,,,,,,,
1642276,Kel'el Ware,1610612748,MIA,C,22.0,77,77,1.0,384.0,845.0,0.454,0.499,-0.044,Overall,Regular Season,,,,,,,,,,,,,,,,,,,,,
1629651,Nic Claxton,1610612751,BKN,C,27.0,69,69,1.0,387.0,839.0,0.461,0.483,-0.022,Overall,Regular Season,,,,,,,,,,,,,,,,,,,,,
1631170,Jaime Jaquez Jr.,1610612748,MIA,G,25.0,75,75,1.0,404.0,837.0,0.483,0.463,0.02,Overall,Regular Season,,,,,,,,,,,,,,,,,,,,,
203944,Julius Randle,1610612750,MIN,F-C,31.0,79,79,1.0,413.0,836.0,0.494,0.478,0.016,Overall,Regular Season,,,,,,,,,,,,,,,,,,,,,
1642263,Reed Sheppard,1610612745,HOU,G,22.0,82,82,1.0,400.0,834.0,0.48,0.458,0.021,Overall,Regular Season,,,,,,,,,,,,,,,,,,,,,
1630173,Precious Achiuwa,1610612758,SAC,F,26.0,73,73,1.0,397.0,833.0,0.477,0.483,-0.006,Overall,Regular Season,,,,,,,,,,,,,,,,,,,,,
1631222,Jake LaRavia,1610612747,LAL,F,24.0,82,82,1.0,408.0,832.0,0.49,0.469,0.021,Overall,Regular Season,,,,,,,,,,,,,,,,,,,,,
1630530,Trey Murphy III,1610612740,NOP,F,26.0,66,66,1.0,416.0,818.0,0.509,0.468,0.041,Overall,Regular Season,,,,,,,,,,,,,,,,,,,,,
1642259,Alex Sarr,1610612764,WAS,C,21.0,48,48,1.0,401.0,811.0,0.494,0.493,0.001,Overall,Regular Season,,,,,,,,,,,,,,,,,,,,,
203110,Draymond Green,1610612744,GSW,F,36.0,68,68,1.0,366.0,808.0,0.453,0.491,-0.038,Overall,Regular Season,,,,,,,,,,,,,,,,,,,,,
1628404,Josh Hart,1610612752,NYK,G,31.0,66,66,1.0,377.0,808.0,0.467,0.469,-0.003,Overall,Regular Season,,,,,,,,,,,,,,,,,,,,,
1628973,Jalen Brunson,1610612752,NYK,G,29.0,73,73,1.0,394.0,802.0,0.491,0.455,0.036,Overall,Regular Season,,,,,,,,,,,,,,,,,,,,,
1628970,Miles Bridges,1610612766,CHA,F,28.0,77,77,1.0,370.0,799.0,0.463,0.471,-0.008,Overall,Regular Season,,,,,,,,,,,,,,,,,,,,,
1630217,Desmond Bane,1610612753,ORL,G,28.0,82,82,1.0,348.0,798.0,0.436,0.457,-0.021,Overall,Regular Season,,,,,,,,,,,,,,,,,,,,,
1631230,Dominick Barlow,1610612755,PHI,F,23.0,71,71,1.0,378.0,798.0,0.474,0.474,0.0,Overall,Regular Season,,,,,,,,,,,,,,,,,,,,,
1641730,Noah Clowney,1610612751,BKN,F-C,21.0,66,66,1.0,405.0,796.0,0.509,0.478,0.031,Overall,Regular Season,,,,,,,,,,,,,,,,,,,,,
1641750,Ryan Kalkbrenner,1610612766,CHA,C,24.0,69,69,1.0,343.0,796.0,0.431,0.492,-0.061,Overall,Regular Season,,,,,,,,,,,,,,,,,,,,,
1630552,Jalen Johnson,1610612737,ATL,F,24.0,72,72,1.0,389.0,790.0,0.492,0.476,0.016,Overall,Regular Season,,,,,,,,,,,,,,,,,,,,,
1630595,Cade Cunningham,1610612765,DET,G,24.0,64,64,1.0,340.0,790.0,0.43,0.463,-0.033,Overall,Regular Season,,,,,,,,,,,,,,,,,,,,,
201572,Brook Lopez,1610612746,LAC,C,38.0,75,75,1.0,347.0,790.0,0.439,0.497,-0.058,Overall,Regular Season,,,,,,,,,,,,,,,,,,,,,
1642847,Jeremiah Fears,1610612740,NOP,G,19.0,82,82,1.0,372.0,789.0,0.471,0.456,0.015,Overall,Regular Season,,,,,,,,,,,,,,,,,,,,,
203468,CJ McCollum,1610612737,ATL,G,34.0,76,76,1.0,348.0,788.0,0.442,0.454,-0.013,Overall,Regular Season,,,,,,,,,,,,,,,,,,,,,
1628384,OG Anunoby,1610612752,NYK,F-G,28.0,66,66,1.0,333.0,785.0,0.424,0.473,-0.049,Overall,Regular Season,,,,,,,,,,,,,,,,,,,,,
1630572,Sandro Mamukelashvili,1610612761,TOR,F-C,27.0,80,80,1.0,381.0,782.0,0.487,0.469,0.019,Overall,Regular Season,,,,,,,,,,,,,,,,,,,,,
1631108,Max Christie,1610612742,DAL,G,23.0,77,77,1.0,377.0,779.0,0.484,0.464,0.02,Overall,Regular Season,,,,,,,,,,,,,,,,,,,,,
1630577,Julian Champagnie,1610612759,SAS,F,25.0,82,82,1.0,370.0,774.0,0.478,0.464,0.014,Overall,Regular Season,,,,,,,,,,,,,,,,,,,,,
1628978,Donte DiVincenzo,1610612750,MIN,G,29.0,82,82,1.0,354.0,773.0,0.458,0.459,-0.001,Overall,Regular Season,,,,,,,,,,,,,,,,,,,,,
1627739,Kris Dunn,1610612746,LAC,G,32.0,82,82,1.0,352.0,769.0,0.458,0.461,-0.003,Overall,Regular Season,,,,,,,,,,,,,,,,,,,,,
1642345,Oso Ighodaro,1610612756,PHX,F,23.0,82,82,1.0,344.0,767.0,0.449,0.477,-0.028,Overall,Regular Season,,,,,,,,,,,,,,,,,,,,,
1641717,Cason Wallace,1610612760,OKC,G,22.0,77,77,1.0,330.0,766.0,0.431,0.462,-0.031,Overall,Regular Season,,,,,,,,,,,,,,,,,,,,,
1627783,Pascal Siakam,1610612754,IND,F,32.0,62,62,1.0,369.0,764.0,0.483,0.478,0.005,Overall,Regular Season,,,,,,,,,,,,,,,,,,,,,
1630178,Tyrese Maxey,1610612755,PHI,G,25.0,70,70,1.0,337.0,760.0,0.443,0.456,-0.013,Overall,Regular Season,,,,,,,,,,,,,,,,,,,,,
1631221,Collin Gillespie,1610612756,PHX,G,27.0,80,80,1.0,371.0,756.0,0.491,0.462,0.029,Overall,Regular Season,,,,,,,,,,,,,,,,,,,,,
1628368,De'Aaron Fox,1610612759,SAS,G,28.0,72,72,1.0,342.0,753.0,0.454,0.457,-0.003,Overall,Regular Season,,,,,,,,,,,,,,,,,,,,,
1631109,Mark Williams,1610612756,PHX,C,24.0,60,60,1.0,375.0,750.0,0.5,0.49,0.01,Overall,Regular Season,,,,,,,,,,,,,,,,,,,,,
1629023,P.J. Washington,1610612742,DAL,F,27.0,56,56,1.0,354.0,743.0,0.476,0.477,-0.001,Overall,Regular Season,,,,,,,,,,,,,,,,,,,,,
1629675,Naz Reid,1610612750,MIN,C-F,26.0,77,77,1.0,339.0,742.0,0.457,0.472,-0.016,Overall,Regular Season,,,,,,,,,,,,,,,,,,,,,
1630166,Deni Avdija,1610612757,POR,F,25.0,66,66,1.0,361.0,737.0,0.49,0.469,0.021,Overall,Regular Season,,,,,,,,,,,,,,,,,,,,,
1627759,Jaylen Brown,1610612738,BOS,G-F,29.0,71,71,1.0,312.0,730.0,0.427,0.463,-0.035,Overall,Regular Season,,,,,,,,,,,,,,,,,,,,,
1642274,Yves Missi,1610612740,NOP,C,22.0,66,66,1.0,311.0,728.0,0.427,0.479,-0.052,Overall,Regular Season,,,,,,,,,,,,,,,,,,,,,
1628381,John Collins,1610612746,LAC,F-C,28.0,69,69,1.0,329.0,726.0,0.453,0.466,-0.013,Overall,Regular Season,,,,,,,,,,,,,,,,,,,,,
1642846,Ace Bailey,1610612762,UTA,F,19.0,72,72,1.0,338.0,725.0,0.466,0.467,0.0,Overall,Regular Season,,,,,,,,,,,,,,,,,,,,,
1627742,Brandon Ingram,1610612761,TOR,F,28.0,77,77,1.0,327.0,723.0,0.452,0.462,-0.01,Overall,Regular Season,,,,,,,,,,,,,,,,,,,,,
1641708,Amen Thompson,1610612745,HOU,G-F,23.0,79,79,1.0,306.0,721.0,0.424,0.467,-0.043,Overall,Regular Season,,,,,,,,,,,,,,,,,,,,,
1630558,Davion Mitchell,1610612748,MIA,G,27.0,70,70,1.0,343.0,719.0,0.477,0.457,0.02,Overall,Regular Season,,,,,,,,,,,,,,,,,,,,,
1626220,Royce O'Neale,1610612756,PHX,F,33.0,78,78,1.0,356.0,710.0,0.501,0.477,0.025,Overall,Regular Season,,,,,,,,,,,,,,,,,,,,,
1628971,Bruce Brown,1610612743,DEN,G-F,29.0,81,81,1.0,318.0,707.0,0.45,0.458,-0.008,Overall,Regular Season,,,,,,,,,,,,,,,,,,,,,
1628991,Jaren Jackson Jr.,1610612762,UTA,F-C,26.0,48,48,1.0,304.0,704.0,0.432,0.482,-0.051,Overall,Regular Season,,,,,,,,,,,,,,,,,,,,,
1641710,Anthony Black,1610612753,ORL,G,22.0,63,63,1.0,346.0,698.0,0.496,0.461,0.035,Overall,Regular Season,,,,,,,,,,,,,,,,,,,,,
1642273,Kyshawn George,1610612764,WAS,F,22.0,48,48,1.0,321.0,696.0,0.461,0.469,-0.007,Overall,Regular Season,,,,,,,,,,,,,,,,,,,,,
1629655,Daniel Gafford,1610612742,DAL,F-C,27.0,55,55,1.0,321.0,693.0,0.463,0.489,-0.026,Overall,Regular Season,,,,,,,,,,,,,,,,,,,,,
1642264,Stephon Castle,1610612759,SAS,G,21.0,68,68,1.0,311.0,692.0,0.449,0.465,-0.016,Overall,Regular Season,,,,,,,,,,,,,,,,,,,,,
1630573,Sam Hauser,1610612738,BOS,F,28.0,78,78,1.0,302.0,690.0,0.438,0.462,-0.024,Overall,Regular Season,,,,,,,,,,,,,,,,,,,,,
1641709,Ausar Thompson,1610612765,DET,G-F,23.0,73,73,1.0,296.0,690.0,0.429,0.467,-0.038,Overall,Regular Season,,,,,,,,,,,,,,,,,,,,,
201935,James Harden,1610612739,CLE,G,36.0,70,70,1.0,319.0,689.0,0.463,0.463,0.0,Overall,Regular Season,,,,,,,,,,,,,,,,,,,,,
203501,Tim Hardaway Jr.,1610612743,DEN,G-F,34.0,79,79,1.0,329.0,689.0,0.478,0.457,0.02,Overall,Regular Season,,,,,,,,,,,,,,,,,,,,,
1641706,Brandon Miller,1610612766,CHA,F,23.0,65,65,1.0,312.0,685.0,0.455,0.463,-0.007,Overall,Regular Season,,,,,,,,,,,,,,,,,,,,,
1642363,Nique Clifford,1610612758,SAC,G,24.0,75,75,1.0,325.0,681.0,0.477,0.461,0.016,Overall,Regular Season,,,,,,,,,,,,,,,,,,,,,
1630230,Naji Marshall,1610612742,DAL,F,28.0,74,74,1.0,329.0,678.0,0.485,0.471,0.015,Overall,Regular Season,,,,,,,,,,,,,,,,,,,,,
1629656,Quentin Grimes,1610612755,PHI,G,26.0,75,75,1.0,303.0,676.0,0.448,0.458,-0.01,Overall,Regular Season,,,,,,,,,,,,,,,,,,,,,
1628983,Shai Gilgeous-Alexander,1610612760,OKC,G,27.0,68,68,1.0,278.0,675.0,0.412,0.462,-0.05,Overall,Regular Season,,,,,,,,,,,,,,,,,,,,,
1628386,Jarrett Allen,1610612739,CLE,C,28.0,56,56,1.0,315.0,675.0,0.467,0.494,-0.027,Overall,Regular Season,,,,,,,,,,,,,,,,,,,,,
1641783,Tristan da Silva,1610612753,ORL,F,25.0,76,76,1.0,324.0,674.0,0.481,0.464,0.017,Overall,Regular Season,,,,,,,,,,,,,,,,,,,,,
1627826,Ivica Zubac,1610612754,IND,C,29.0,48,48,1.0,291.0,664.0,0.438,0.496,-0.058,Overall,Regular Season,,,,,,,,,,,,,,,,,,,,,
1626171,Bobby Portis Jr.,1610612749,MIL,F,31.0,67,67,1.0,335.0,664.0,0.505,0.478,0.027,Overall,Regular Season,,,,,,,,,,,,,,,,,,,,,
1630162,Anthony Edwards,1610612750,MIN,G,24.0,61,61,1.0,295.0,659.0,0.448,0.468,-0.02,Overall,Regular Season,,,,,,,,,,,,,,,,,,,,,
1630191,Isaiah Stewart,1610612765,DET,F-C,25.0,58,58,1.0,266.0,659.0,0.404,0.473,-0.07,Overall,Regular Season,,,,,,,,,,,,,,,,,,,,,
1642907,Cedric Coward,1610612763,MEM,G,22.0,62,62,1.0,306.0,655.0,0.467,0.467,0.0,Overall,Regular Season,,,,,,,,,,,,,,,,,,,,,
1642267,Bub Carrington,1610612764,WAS,G,20.0,82,82,1.0,347.0,653.0,0.531,0.458,0.074,Overall,Regular Season,,,,,,,,,,,,,,,,,,,,,
201942,DeMar DeRozan,1610612758,SAC,G-F,36.0,77,77,1.0,352.0,652.0,0.54,0.472,0.068,Overall,Regular Season,,,,,,,,,,,,,,,,,,,,,
1629130,Duncan Robinson,1610612765,DET,F,32.0,77,77,1.0,295.0,648.0,0.455,0.457,-0.002,Overall,Regular Season,,,,,,,,,,,,,,,,,,,,,
1630202,Payton Pritchard,1610612738,BOS,G,28.0,79,79,1.0,299.0,648.0,0.461,0.454,0.007,Overall,Regular Season,,,,,,,,,,,,,,,,,,,,,
1642366,Quinten Post,1610612744,GSW,C,26.0,67,67,1.0,286.0,646.0,0.443,0.482,-0.039,Overall,Regular Season,,,,,,,,,,,,,,,,,,,,,
1630171,Isaac Okoro,1610612741,CHI,F-G,25.0,62,62,1.0,302.0,645.0,0.468,0.472,-0.004,Overall,Regular Season,,,,,,,,,,,,,,,,,,,,,
1631119,Jaylin Williams,1610612760,OKC,F,24.0,64,64,1.0,268.0,644.0,0.416,0.484,-0.068,Overall,Regular Season,,,,,,,,,,,,,,,,,,,,,
1631212,Peyton Watson,1610612743,DEN,G,23.0,54,54,1.0,300.0,644.0,0.466,0.467,-0.001,Overall,Regular Season,,,,,,,,,,,,,,,,,,,,,
1642377,Jaylen Wells,1610612763,MEM,F,22.0,69,69,1.0,309.0,642.0,0.481,0.464,0.018,Overall,Regular Season,,,,,,,,,,,,,,,,,,,,,
1630581,Josh Giddey,1610612741,CHI,G,23.0,54,54,1.0,316.0,642.0,0.492,0.463,0.029,Overall,Regular Season,,,,,,,,,,,,,,,,,,,,,
1641764,Brandin Podziemski,1610612744,GSW,G,23.0,82,82,1.0,308.0,641.0,0.48,0.469,0.011,Overall,Regular Season,,,,,,,,,,,,,,,,,,,,,
1642883,Sion James,1610612766,CHA,G,23.0,82,82,1.0,294.0,639.0,0.46,0.466,-0.006,Overall,Regular Season,,,,,,,,,,,,,,,,,,,,,
1629652,Luguentz Dort,1610612760,OKC,G,27.0,69,69,1.0,276.0,639.0,0.432,0.465,-0.033,Overall,Regular Season,,,,,,,,,,,,,,,,,,,,,
1626164,Devin Booker,1610612756,PHX,G,29.0,64,64,1.0,287.0,631.0,0.455,0.463,-0.008,Overall,Regular Season,,,,,,,,,,,,,,,,,,,,,
202695,Kawhi Leonard,1610612746,LAC,F,35.0,65,65,1.0,333.0,631.0,0.528,0.472,0.056,Overall,Regular Season,,,,,,,,,,,,,,,,,,,,,
1630193,Immanuel Quickley,1610612761,TOR,G,27.0,70,70,1.0,286.0,630.0,0.454,0.454,0.0,Overall,Regular Season,,,,,,,,,,,,,,,,,,,,,
1642281,Jaylon Tyson,1610612739,CLE,G-F,23.0,66,66,1.0,277.0,626.0,0.442,0.457,-0.014,Overall,Regular Season,,,,,,,,,,,,,,,,,,,,,
203084,Harrison Barnes,1610612759,SAS,F,34.0,77,77,1.0,298.0,621.0,0.48,0.467,0.012,Overall,Regular Season,,,,,,,,,,,,,,,,,,,,,
1641796,Pelle Larsson,1610612748,MIA,G,25.0,70,70,1.0,285.0,620.0,0.46,0.459,0.001,Overall,Regular Season,,,,,,,,,,,,,,,,,,,,,
1641737,Adem Bona,1610612755,PHI,F,23.0,71,71,1.0,274.0,619.0,0.443,0.482,-0.04,Overall,Regular Season,,,,,,,,,,,,,,,,,,,,,
1629060,Rui Hachimura,1610612747,LAL,F,28.0,68,68,1.0,329.0,617.0,0.533,0.47,0.063,Overall,Regular Season,,,,,,,,,,,,,,,,,,,,,
1628378,Donovan Mitchell,1610612739,CLE,G,29.0,70,70,1.0,298.0,614.0,0.485,0.464,0.022,Overall,Regular Season,,,,,,,,,,,,,,,,,,,,,
1629111,Jock Landale,1610612737,ATL,C,30.0,68,68,1.0,313.0,614.0,0.51,0.487,0.022,Overall,Regular Season,,,,,,,,,,,,,,,,,,,,,
1629628,RJ Barrett,1610612761,TOR,F-G,26.0,57,57,1.0,291.0,613.0,0.475,0.463,0.012,Overall,Regular Season,,,,,,,,,,,,,,,,,,,,,
1641729,Brice Sensabaugh,1610612762,UTA,F,22.0,74,74,1.0,301.0,602.0,0.5,0.46,0.04,Overall,Regular Season,,,,,,,,,,,,,,,,,,,,,
1641716,Jarace Walker,1610612754,IND,F,22.0,76,76,1.0,295.0,601.0,0.491,0.466,0.025,Overall,Regular Season,,,,,,,,,,,,,,,,,,,,,
1629627,Zion Williamson,1610612740,NOP,F,25.0,62,62,1.0,260.0,588.0,0.442,0.472,-0.03,Overall,Regular Season,,,,,,,,,,,,,,,,,,,,,
1628963,Marvin Bagley III,1610612742,DAL,F,27.0,60,60,1.0,270.0,587.0,0.46,0.489,-0.029,Overall,Regular Season,,,,,,,,,,,,,,,,,,,,,
1628398,Kyle Kuzma,1610612749,MIL,F,30.0,69,69,1.0,262.0,587.0,0.446,0.467,-0.021,Overall,Regular Season,,,,,,,,,,,,,,,,,,,,,
1642383,Walter Clayton Jr.,1610612763,MEM,G,23.0,69,69,1.0,273.0,586.0,0.466,0.455,0.011,Overall,Regular Season,,,,,,,,,,,,,,,,,,,,,
1630559,Austin Reaves,1610612747,LAL,G,28.0,51,51,1.0,286.0,580.0,0.493,0.465,0.028,Overall,Regular Season,,,,,,,,,,,,,,,,,,,,,
1630541,Moses Moody,1610612744,GSW,G,24.0,60,60,1.0,267.0,573.0,0.466,0.465,0.001,Overall,Regular Season,,,,,,,,,,,,,,,,,,,,,
1630611,Gui Santos,1610612744,GSW,F,24.0,66,66,1.0,275.0,567.0,0.485,0.467,0.018,Overall,Regular Season,,,,,,,,,,,,,,,,,,,,,
1628415,Dillon Brooks,1610612756,PHX,G-F,30.0,55,55,1.0,262.0,567.0,0.462,0.472,-0.01,Overall,Regular Season,,,,,,,,,,,,,,,,,,,,,
1630180,Saddiq Bey,1610612740,NOP,G-F,27.0,72,72,1.0,264.0,564.0,0.468,0.472,-0.004,Overall,Regular Season,,,,,,,,,,,,,,,,,,,,,
1629640,Keldon Johnson,1610612759,SAS,F-G,26.0,82,82,1.0,256.0,562.0,0.456,0.469,-0.014,Overall,Regular Season,,,,,,,,,,,,,,,,,,,,,
1631165,Keon Ellis,1610612739,CLE,G,26.0,72,72,1.0,256.0,560.0,0.457,0.461,-0.004,Overall,Regular Season,,,,,,,,,,,,,,,,,,,,,
203954,Joel Embiid,1610612755,PHI,C-F,32.0,38,38,1.0,256.0,559.0,0.458,0.485,-0.027,Overall,Regular Season,,,,,,,,,,,,,,,,,,,,,
1641718,Keyonte George,1610612762,UTA,G,22.0,54,54,1.0,265.0,558.0,0.475,0.46,0.015,Overall,Regular Season,,,,,,,,,,,,,,,,,,,,,
203083,Andre Drummond,1610612755,PHI,C,32.0,63,63,1.0,266.0,555.0,0.479,0.492,-0.013,Overall,Regular Season,,,,,,,,,,,,,,,,,,,,,
1630245,Ayo Dosunmu,1610612750,MIN,G,26.0,69,69,1.0,240.0,554.0,0.433,0.456,-0.023,Overall,Regular Season,,,,,,,,,,,,,,,,,,,,,
1630583,Santi Aldama,1610612763,MEM,F-C,25.0,43,43,1.0,262.0,554.0,0.473,0.482,-0.009,Overall,Regular Season,,,,,,,,,,,,,,,,,,,,,
1628989,Kevin Huerter,1610612765,DET,G-F,27.0,68,68,1.0,248.0,554.0,0.448,0.458,-0.01,Overall,Regular Season,,,,,,,,,,,,,,,,,,,,,
1626162,Kelly Oubre Jr.,1610612755,PHI,F-G,30.0,50,50,1.0,270.0,554.0,0.487,0.468,0.019,Overall,Regular Season,,,,,,,,,,,,,,,,,,,,,
1642258,Zaccharie Risacher,1610612737,ATL,F,21.0,67,67,1.0,251.0,551.0,0.456,0.46,-0.005,Overall,Regular Season,,,,,,,,,,,,,,,,,,,,,
1642867,Collin Murray-Boyles,1610612761,TOR,F,21.0,57,57,1.0,237.0,549.0,0.432,0.479,-0.047,Overall,Regular Season,,,,,,,,,,,,,,,,,,,,,
1630591,Jalen Suggs,1610612753,ORL,G,25.0,57,57,1.0,256.0,549.0,0.466,0.465,0.002,Overall,Regular Season,,,,,,,,,,,,,,,,,,,,,
1627751,Jakob Poeltl,1610612761,TOR,C,30.0,46,46,1.0,264.0,547.0,0.483,0.485,-0.003,Overall,Regular Season,,,,,,,,,,,,,,,,,,,,,
1630170,Devin Vassell,1610612759,SAS,G-F,25.0,67,67,1.0,241.0,547.0,0.441,0.465,-0.024,Overall,Regular Season,,,,,,,,,,,,,,,,,,,,,
1630551,Justin Champagnie,1610612764,WAS,G-F,25.0,67,67,1.0,254.0,545.0,0.466,0.47,-0.004,Overall,Regular Season,,,,,,,,,,,,,,,,,,,,,
1630568,Luka Garza,1610612738,BOS,C,27.0,68,68,1.0,262.0,545.0,0.481,0.478,0.002,Overall,Regular Season,,,,,,,,,,,,,,,,,,,,,
1629731,Dean Wade,1610612739,CLE,F-C,29.0,58,58,1.0,240.0,544.0,0.441,0.467,-0.026,Overall,Regular Season,,,,,,,,,,,,,,,,,,,,,
1629661,Cameron Johnson,1610612743,DEN,F,30.0,54,54,1.0,245.0,539.0,0.455,0.461,-0.007,Overall,Regular Season,,,,,,,,,,,,,,,,,,,,,
203994,Jusuf Nurkić,1610612762,UTA,C,31.0,41,41,1.0,263.0,537.0,0.49,0.495,-0.005,Overall,Regular Season,,,,,,,,,,,,,,,,,,,,,
1629637,Jaxson Hayes,1610612747,LAL,C-F,26.0,66,66,1.0,230.0,536.0,0.429,0.477,-0.048,Overall,Regular Season,,,,,,,,,,,,,,,,,,,,,
1630174,Aaron Nesmith,1610612754,IND,G-F,26.0,45,45,1.0,251.0,535.0,0.469,0.474,-0.005,Overall,Regular Season,,,,,,,,,,,,,,,,,,,,,
1630598,Aaron Wiggins,1610612760,OKC,G,27.0,64,64,1.0,252.0,535.0,0.471,0.462,0.009,Overall,Regular Season,,,,,,,,,,,,,,,,,,,,,
1630172,Patrick Williams,1610612741,CHI,F,24.0,71,71,1.0,258.0,534.0,0.483,0.468,0.015,Overall,Regular Season,,,,,,,,,,,,,,,,,,,,,
202699,Tobias Harris,1610612765,DET,F,33.0,63,63,1.0,227.0,532.0,0.427,0.47,-0.043,Overall,Regular Season,,,,,,,,,,,,,,,,,,,,,
1642266,Ja'Kobe Walter,1610612761,TOR,G,21.0,72,72,1.0,270.0,528.0,0.511,0.458,0.053,Overall,Regular Season,,,,,,,,,,,,,,,,,,,,,
1629614,Andrew Nembhard,1610612754,IND,G-F,26.0,57,57,1.0,265.0,522.0,0.508,0.464,0.044,Overall,Regular Season,,,,,,,,,,,,,,,,,,,,,
1630314,Brandon Williams,1610612742,DAL,G,26.0,66,66,1.0,255.0,521.0,0.489,0.451,0.039,Overall,Regular Season,,,,,,,,,,,,,,,,,,,,,
1629012,Collin Sexton,1610612741,CHI,G,27.0,68,68,1.0,217.0,521.0,0.417,0.452,-0.035,Overall,Regular Season,,,,,,,,,,,,,,,,,,,,,
1642262,Cody Williams,1610612762,UTA,F,21.0,65,65,1.0,262.0,519.0,0.505,0.463,0.042,Overall,Regular Season,,,,,,,,,,,,,,,,,,,,,
1629057,Robert Williams III,1610612757,POR,C-F,28.0,59,59,1.0,216.0,517.0,0.418,0.484,-0.066,Overall,Regular Season,,,,,,,,,,,,,,,,,,,,,
2544,LeBron James,1610612747,LAL,F,41.0,60,60,1.0,242.0,517.0,0.468,0.47,-0.002,Overall,Regular Season,,,,,,,,,,,,,,,,,,,,,
1628379,Luke Kennard,1610612747,LAL,G,30.0,77,77,1.0,248.0,514.0,0.482,0.458,0.025,Overall,Regular Season,,,,,,,,,,,,,,,,,,,,,
1642347,Jamal Shead,1610612761,TOR,G,23.0,82,82,1.0,245.0,511.0,0.479,0.457,0.022,Overall,Regular Season,,,,,,,,,,,,,,,,,,,,,
203471,Dennis Schröder,1610612739,CLE,G,32.0,70,70,1.0,254.0,510.0,0.498,0.461,0.037,Overall,Regular Season,,,,,,,,,,,,,,,,,,,,,
1631106,Tari Eason,1610612745,HOU,F,25.0,60,60,1.0,231.0,508.0,0.455,0.469,-0.014,Overall,Regular Season,,,,,,,,,,,,,,,,,,,,,
1642461,Spencer Jones,1610612743,DEN,F,25.0,62,62,1.0,234.0,503.0,0.465,0.469,-0.004,Overall,Regular Season,,,,,,,,,,,,,,,,,,,,,
1641757,Jordan Miller,1610612746,LAC,G,26.0,60,60,1.0,244.0,503.0,0.485,0.461,0.024,Overall,Regular Season,,,,,,,,,,,,,,,,,,,,,
203935,Marcus Smart,1610612747,LAL,G,32.0,62,62,1.0,211.0,500.0,0.422,0.46,-0.038,Overall,Regular Season,,,,,,,,,,,,,,,,,,,,,
1630200,Tre Jones,1610612741,CHI,G,26.0,65,65,1.0,234.0,499.0,0.469,0.453,0.016,Overall,Regular Season,,,,,,,,,,,,,,,,,,,,,
1631128,Christian Braun,1610612743,DEN,G,25.0,44,44,1.0,231.0,497.0,0.465,0.468,-0.003,Overall,Regular Season,,,,,,,,,,,,,,,,,,,,,
1628392,Isaiah Hartenstein,1610612760,OKC,C-F,28.0,47,47,1.0,219.0,497.0,0.441,0.488,-0.047,Overall,Regular Season,,,,,,,,,,,,,,,,,,,,,
1629011,Mitchell Robinson,1610612752,NYK,C-F,28.0,60,60,1.0,209.0,494.0,0.423,0.486,-0.063,Overall,Regular Season,,,,,,,,,,,,,,,,,,,,,
1642860,Will Riley,1610612764,WAS,F,20.0,71,71,1.0,245.0,493.0,0.497,0.466,0.031,Overall,Regular Season,,,,,,,,,,,,,,,,,,,,,
1630695,Micah Potter,1610612754,IND,C,28.0,45,45,1.0,267.0,492.0,0.543,0.481,0.062,Overall,Regular Season,,,,,,,,,,,,,,,,,,,,,
1629611,Terance Mann,1610612751,BKN,G-F,29.0,63,63,1.0,247.0,491.0,0.503,0.464,0.039,Overall,Regular Season,,,,,,,,,,,,,,,,,,,,,
1631248,Baylor Scheierman,1610612738,BOS,G,25.0,74,74,1.0,227.0,488.0,0.465,0.463,0.003,Overall,Regular Season,,,,,,,,,,,,,,,,,,,,,
1642346,Ryan Dunn,1610612756,PHX,F,23.0,69,69,1.0,225.0,487.0,0.462,0.466,-0.004,Overall,Regular Season,,,,,,,,,,,,,,,,,,,,,
1641713,GG Jackson,1610612763,MEM,F,21.0,51,51,1.0,236.0,487.0,0.485,0.473,0.012,Overall,Regular Season,,,,,,,,,,,,,,,,,,,,,
1642874,Danny Wolf,1610612751,BKN,F,22.0,57,57,1.0,224.0,485.0,0.462,0.474,-0.012,Overall,Regular Season,,,,,,,,,,,,,,,,,,,,,
1630188,Jalen Smith,1610612741,CHI,F-C,26.0,53,53,1.0,233.0,482.0,0.483,0.482,0.002,Overall,Regular Season,,,,,,,,,,,,,,,,,,,,,
1628960,Grayson Allen,1610612756,PHX,G,30.0,51,51,1.0,228.0,481.0,0.474,0.464,0.01,Overall,Regular Season,,,,,,,,,,,,,,,,,,,,,
1631243,Mouhamed Gueye,1610612737,ATL,F,23.0,74,74,1.0,204.0,480.0,0.425,0.481,-0.056,Overall,Regular Season,,,,,,,,,,,,,,,,,,,,,
1629008,Michael Porter Jr.,1610612751,BKN,F,28.0,52,52,1.0,254.0,480.0,0.529,0.476,0.053,Overall,Regular Season,,,,,,,,,,,,,,,,,,,,,
1630543,Isaiah Jackson,1610612746,LAC,F,24.0,54,54,1.0,221.0,479.0,0.461,0.489,-0.028,Overall,Regular Season,,,,,,,,,,,,,,,,,,,,,
1641854,Craig Porter Jr.,1610612739,CLE,G,26.0,63,63,1.0,220.0,478.0,0.46,0.457,0.003,Overall,Regular Season,,,,,,,,,,,,,,,,,,,,,
1630249,Vít Krejčí,1610612757,POR,G,26.0,65,65,1.0,230.0,477.0,0.482,0.452,0.03,Overall,Regular Season,,,,,,,,,,,,,,,,,,,,,
1628374,Lauri Markkanen,1610612762,UTA,F-C,29.0,42,42,1.0,214.0,476.0,0.45,0.474,-0.025,Overall,Regular Season,,,,,,,,,,,,,,,,,,,,,
1630692,Jordan Goodwin,1610612756,PHX,G,27.0,70,70,1.0,226.0,475.0,0.476,0.465,0.011,Overall,Regular Season,,,,,,,,,,,,,,,,,,,,,
203114,Khris Middleton,1610612742,DAL,F,34.0,62,62,1.0,240.0,475.0,0.505,0.473,0.033,Overall,Regular Season,,,,,,,,,,,,,,,,,,,,,
201950,Jrue Holiday,1610612757,POR,G,36.0,53,53,1.0,223.0,474.0,0.47,0.464,0.007,Overall,Regular Season,,,,,,,,,,,,,,,,,,,,,
1629645,Kevin Porter Jr.,1610612749,MIL,G-F,26.0,38,38,1.0,217.0,474.0,0.458,0.46,-0.002,Overall,Regular Season,,,,,,,,,,,,,,,,,,,,,
203924,Jerami Grant,1610612757,POR,F,32.0,57,57,1.0,227.0,471.0,0.482,0.471,0.01,Overall,Regular Season,,,,,,,,,,,,,,,,,,,,,
1631097,Bennedict Mathurin,1610612746,LAC,G-F,24.0,54,54,1.0,244.0,471.0,0.518,0.465,0.053,Overall,Regular Season,,,,,,,,,,,,,,,,,,,,,
1627884,Derrick Jones Jr.,1610612746,LAC,F,29.0,50,50,1.0,200.0,469.0,0.426,0.473,-0.046,Overall,Regular Season,,,,,,,,,,,,,,,,,,,,,
201566,Russell Westbrook,1610612758,SAC,G,37.0,64,64,1.0,229.0,469.0,0.488,0.469,0.02,Overall,Regular Season,,,,,,,,,,,,,,,,,,,,,
1642285,Cam Spencer,1610612763,MEM,G,26.0,72,72,1.0,220.0,468.0,0.47,0.455,0.015,Overall,Regular Season,,,,,,,,,,,,,,,,,,,,,
1630163,LaMelo Ball,1610612766,CHA,G,24.0,70,70,1.0,230.0,467.0,0.493,0.453,0.04,Overall,Regular Season,,,,,,,,,,,,,,,,,,,,,
1629723,John Konchar,1610612762,UTA,G,30.0,56,56,1.0,217.0,465.0,0.467,0.458,0.008,Overall,Regular Season,,,,,,,,,,,,,,,,,,,,,
1631255,Karlo Matković,1610612740,NOP,F-C,25.0,61,61,1.0,214.0,464.0,0.461,0.479,-0.017,Overall,Regular Season,,,,,,,,,,,,,,,,,,,,,
1630529,Herbert Jones,1610612740,NOP,F,27.0,56,56,1.0,238.0,463.0,0.514,0.472,0.042,Overall,Regular Season,,,,,,,,,,,,,,,,,,,,,
1641842,Ronald Holland II,1610612765,DET,F,20.0,78,78,1.0,203.0,461.0,0.44,0.458,-0.017,Overall,Regular Season,,,,,,,,,,,,,,,,,,,,,
1629048,Goga Bitadze,1610612753,ORL,C-F,26.0,63,63,1.0,211.0,460.0,0.459,0.482,-0.024,Overall,Regular Season,,,,,,,,,,,,,,,,,,,,,
201143,Al Horford,1610612744,GSW,C-F,40.0,45,45,1.0,201.0,459.0,0.438,0.483,-0.045,Overall,Regular Season,,,,,,,,,,,,,,,,,,,,,
1642848,Tre Johnson,1610612764,WAS,G,20.0,59,59,1.0,219.0,453.0,0.483,0.457,0.026,Overall,Regular Season,,,,,,,,,,,,,,,,,,,,,
203991,Clint Capela,1610612745,HOU,C,32.0,73,73,1.0,174.0,453.0,0.384,0.484,-0.1,Overall,Regular Season,,,,,,,,,,,,,,,,,,,,,
1630194,Paul Reed,1610612765,DET,F,27.0,62,62,1.0,187.0,452.0,0.414,0.486,-0.072,Overall,Regular Season,,,,,,,,,,,,,,,,,,,,,
1630696,Dru Smith,1610612748,MIA,G,28.0,69,69,1.0,194.0,452.0,0.429,0.458,-0.029,Overall,Regular Season,,,,,,,,,,,,,,,,,,,,,
1642954,Will Richard,1610612744,GSW,G,23.0,67,67,1.0,222.0,447.0,0.497,0.456,0.041,Overall,Regular Season,,,,,,,,,,,,,,,,,,,,,
203939,Dwight Powell,1610612742,DAL,F-C,34.0,57,57,1.0,228.0,446.0,0.511,0.494,0.018,Overall,Regular Season,,,,,,,,,,,,,,,,,,,,,
1630533,Ziaire Williams,1610612751,BKN,F,24.0,56,56,1.0,206.0,445.0,0.463,0.458,0.005,Overall,Regular Season,,,,,,,,,,,,,,,,,,,,,
1630198,Isaiah Joe,1610612760,OKC,G,26.0,71,71,1.0,193.0,445.0,0.434,0.453,-0.019,Overall,Regular Season,,,,,,,,,,,,,,,,,,,,,
1642844,Dylan Harper,1610612759,SAS,G,20.0,69,69,1.0,191.0,442.0,0.432,0.454,-0.021,Overall,Regular Season,,,,,,,,,,,,,,,,,,,,,
1642364,Jamir Watkins,1610612764,WAS,F,24.0,48,48,1.0,223.0,441.0,0.506,0.473,0.033,Overall,Regular Season,,,,,,,,,,,,,,,,,,,,,
1641775,Jordan Walsh,1610612738,BOS,G,22.0,65,65,1.0,198.0,440.0,0.45,0.464,-0.014,Overall,Regular Season,,,,,,,,,,,,,,,,,,,,,
1642856,Egor Dëmin,1610612751,BKN,G,20.0,52,52,1.0,220.0,439.0,0.501,0.467,0.035,Overall,Regular Season,,,,,,,,,,,,,,,,,,,,,
1630579,Jericho Sims,1610612749,MIL,C,27.0,63,63,1.0,206.0,439.0,0.469,0.468,0.001,Overall,Regular Season,,,,,,,,,,,,,,,,,,,,,
1642268,Isaiah Collier,1610612762,UTA,G,21.0,59,59,1.0,234.0,438.0,0.534,0.467,0.067,Overall,Regular Season,,,,,,,,,,,,,,,,,,,,,
1641707,Taylor Hendricks,1610612763,MEM,F,22.0,58,58,1.0,232.0,437.0,0.531,0.473,0.058,Overall,Regular Season,,,,,,,,,,,,,,,,,,,,,
1629636,Darius Garland,1610612746,LAC,G,26.0,45,45,1.0,213.0,436.0,0.489,0.455,0.033,Overall,Regular Season,,,,,,,,,,,,,,,,,,,,,
1631101,Shaedon Sharpe,1610612757,POR,G,23.0,50,50,1.0,218.0,435.0,0.501,0.456,0.045,Overall,Regular Season,,,,,,,,,,,,,,,,,,,,,
1642928,Dylan Cardwell,1610612758,SAC,C,24.0,44,44,1.0,194.0,434.0,0.447,0.49,-0.043,Overall,Regular Season,,,,,,,,,,,,,,,,,,,,,
1631323,Simone Fontecchio,1610612748,MIA,F,30.0,67,67,1.0,197.0,431.0,0.457,0.461,-0.004,Overall,Regular Season,,,,,,,,,,,,,,,,,,,,,
1630549,Day'Ron Sharpe,1610612751,BKN,C,24.0,62,62,1.0,215.0,430.0,0.5,0.477,0.023,Overall,Regular Season,,,,,,,,,,,,,,,,,,,,,
1642450,Daniss Jenkins,1610612765,DET,G,24.0,71,71,1.0,211.0,427.0,0.494,0.458,0.036,Overall,Regular Season,,,,,,,,,,,,,,,,,,,,,
1641765,Olivier-Maxence Prosper,1610612763,MEM,F,23.0,49,49,1.0,222.0,421.0,0.527,0.478,0.049,Overall,Regular Season,,,,,,,,,,,,,,,,,,,,,
1642920,Kobe Sanders,1610612746,LAC,G,24.0,67,67,1.0,197.0,420.0,0.469,0.46,0.01,Overall,Regular Season,,,,,,,,,,,,,,,,,,,,,
204001,Kristaps Porziņģis,1610612744,GSW,F-C,30.0,32,32,1.0,173.0,413.0,0.419,0.488,-0.069,Overall,Regular Season,,,,,,,,,,,,,,,,,,,,,
1626181,Norman Powell,1610612748,MIA,G,33.0,57,57,1.0,206.0,413.0,0.499,0.461,0.037,Overall,Regular Season,,,,,,,,,,,,,,,,,,,,,
1629750,Javonte Green,1610612765,DET,G,32.0,78,78,1.0,199.0,413.0,0.482,0.464,0.017,Overall,Regular Season,,,,,,,,,,,,,,,,,,,,,
1642349,Ajay Mitchell,1610612760,OKC,G,24.0,57,57,1.0,181.0,411.0,0.44,0.458,-0.018,Overall,Regular Season,,,,,,,,,,,,,,,,,,,,,
1641731,Bilal Coulibaly,1610612764,WAS,G,21.0,55,55,1.0,188.0,410.0,0.459,0.471,-0.013,Overall,Regular Season,,,,,,,,,,,,,,,,,,,,,
1630241,Sam Merrill,1610612739,CLE,G,30.0,52,52,1.0,188.0,410.0,0.459,0.461,-0.002,Overall,Regular Season,,,,,,,,,,,,,,,,,,,,,
1642849,Nolan Traore,1610612751,BKN,G,20.0,56,56,1.0,200.0,410.0,0.488,0.462,0.026,Overall,Regular Season,,,,,,,,,,,,,,,,,,,,,
202685,Jonas Valanciunas,1610612743,DEN,C,34.0,63,63,1.0,203.0,408.0,0.498,0.486,0.012,Overall,Regular Season,,,,,,,,,,,,,,,,,,,,,
1627747,Caris LeVert,1610612765,DET,G,31.0,60,60,1.0,182.0,407.0,0.447,0.462,-0.014,Overall,Regular Season,,,,,,,,,,,,,,,,,,,,,
1631172,Ousmane Dieng,1610612749,MIL,F,23.0,57,57,1.0,175.0,407.0,0.43,0.456,-0.026,Overall,Regular Season,,,,,,,,,,,,,,,,,,,,,
202331,Paul George,1610612755,PHI,F,36.0,37,37,1.0,192.0,406.0,0.473,0.477,-0.004,Overall,Regular Season,,,,,,,,,,,,,,,,,,,,,
1630631,Jose Alvarado,1610612752,NYK,G,28.0,68,68,1.0,185.0,405.0,0.457,0.456,0.001,Overall,Regular Season,,,,,,,,,,,,,,,,,,,,,
1641767,Ben Sheppard,1610612754,IND,G,24.0,65,65,1.0,194.0,405.0,0.479,0.458,0.021,Overall,Regular Season,,,,,,,,,,,,,,,,,,,,,
1628370,Malik Monk,1610612758,SAC,G,28.0,62,62,1.0,192.0,404.0,0.475,0.453,0.022,Overall,Regular Season,,,,,,,,,,,,,,,,,,,,,
1631321,Sidy Cissoko,1610612757,POR,G,22.0,70,70,1.0,196.0,403.0,0.486,0.467,0.02,Overall,Regular Season,,,,,,,,,,,,,,,,,,,,,
1630538,Bones Hyland,1610612750,MIN,G,25.0,70,70,1.0,196.0,402.0,0.488,0.453,0.035,Overall,Regular Season,,,,,,,,,,,,,,,,,,,,,
1630264,Anthony Gill,1610612764,WAS,F,33.0,49,49,1.0,206.0,402.0,0.512,0.475,0.038,Overall,Regular Season,,,,,,,,,,,,,,,,,,,,,
1629006,Josh Okogie,1610612745,HOU,G,27.0,75,75,1.0,198.0,401.0,0.494,0.461,0.033,Overall,Regular Season,,,,,,,,,,,,,,,,,,,,,
1629014,Anfernee Simons,1610612741,CHI,G,27.0,55,55,1.0,199.0,400.0,0.498,0.455,0.043,Overall,Regular Season,,,,,,,,,,,,,,,,,,,,,
202691,Klay Thompson,1610612742,DAL,G,36.0,69,69,1.0,177.0,399.0,0.444,0.466,-0.023,Overall,Regular Season,,,,,,,,,,,,,,,,,,,,,
203897,Zach LaVine,1610612758,SAC,G,31.0,39,39,1.0,201.0,398.0,0.505,0.47,0.035,Overall,Regular Season,,,,,,,,,,,,,,,,,,,,,
1642272,Jared McCain,1610612760,OKC,G,22.0,66,66,1.0,197.0,397.0,0.496,0.453,0.043,Overall,Regular Season,,,,,,,,,,,,,,,,,,,,,
1629013,Landry Shamet,1610612752,NYK,G,29.0,50,50,1.0,199.0,396.0,0.503,0.459,0.043,Overall,Regular Season,,,,,,,,,,,,,,,,,,,,,
1631107,Nikola Jović,1610612748,MIA,F,23.0,44,44,1.0,176.0,395.0,0.446,0.463,-0.017,Overall,Regular Season,,,,,,,,,,,,,,,,,,,,,
1630557,Corey Kispert,1610612737,ATL,F,27.0,58,58,1.0,188.0,390.0,0.482,0.455,0.027,Overall,Regular Season,,,,,,,,,,,,,,,,,,,,,
1631200,Kris Murray,1610612757,POR,F,25.0,57,57,1.0,178.0,389.0,0.458,0.465,-0.008,Overall,Regular Season,,,,,,,,,,,,,,,,,,,,,
203903,Jordan Clarkson,1610612752,NYK,G,34.0,69,69,1.0,198.0,389.0,0.509,0.449,0.06,Overall,Regular Season,,,,,,,,,,,,,,,,,,,,,
1642857,Kasparas Jakučionis,1610612748,MIA,G,20.0,51,51,1.0,182.0,387.0,0.47,0.456,0.014,Overall,Regular Season,,,,,,,,,,,,,,,,,,,,,
201587,Nicolas Batum,1610612746,LAC,G-F,37.0,72,72,1.0,199.0,387.0,0.514,0.465,0.05,Overall,Regular Season,,,,,,,,,,,,,,,,,,,,,
1641774,Tristan Vukcevic,1610612764,WAS,F,23.0,47,47,1.0,200.0,385.0,0.519,0.485,0.035,Overall,Regular Season,,,,,,,,,,,,,,,,,,,,,
1629632,Coby White,1610612766,CHA,G,26.0,50,50,1.0,176.0,385.0,0.457,0.449,0.008,Overall,Regular Season,,,,,,,,,,,,,,,,,,,,,
1629004,Svi Mykhailiuk,1610612762,UTA,G-F,29.0,50,50,1.0,189.0,384.0,0.492,0.468,0.024,Overall,Regular Season,,,,,,,,,,,,,,,,,,,,,
1630540,Miles McBride,1610612752,NYK,G,25.0,41,41,1.0,171.0,384.0,0.445,0.453,-0.008,Overall,Regular Season,,,,,,,,,,,,,,,,,,,,,
1627824,Guerschon Yabusele,1610612741,CHI,F,30.0,65,65,1.0,196.0,383.0,0.512,0.482,0.03,Overall,Regular Season,,,,,,,,,,,,,,,,,,,,,
1642864,Hugo González,1610612738,BOS,G,20.0,69,69,1.0,164.0,378.0,0.434,0.461,-0.027,Overall,Regular Season,,,,,,,,,,,,,,,,,,,,,
1641712,Rayan Rupert,1610612763,MEM,G-F,22.0,58,58,1.0,194.0,375.0,0.517,0.458,0.059,Overall,Regular Season,,,,,,,,,,,,,,,,,,,,,
1630311,Pat Spencer,1610612744,GSW,G,29.0,61,61,1.0,202.0,374.0,0.54,0.462,0.078,Overall,Regular Season,,,,,,,,,,,,,,,,,,,,,
1629631,De'Andre Hunter,1610612758,SAC,F-G,28.0,45,45,1.0,187.0,373.0,0.501,0.476,0.025,Overall,Regular Season,,,,,,,,,,,,,,,,,,,,,
203932,Aaron Gordon,1610612743,DEN,F,30.0,36,36,1.0,156.0,372.0,0.419,0.475,-0.055,Overall,Regular Season,,,,,,,,,,,,,,,,,,,,,
1629001,De'Anthony Melton,1610612744,GSW,G,28.0,49,49,1.0,185.0,371.0,0.499,0.464,0.034,Overall,Regular Season,,,,,,,,,,,,,,,,,,,,,
1627780,Gary Payton II,1610612744,GSW,G,33.0,71,71,1.0,175.0,369.0,0.474,0.467,0.007,Overall,Regular Season,,,,,,,,,,,,,,,,,,,,,
1641772,Nae'Qwan Tomlin,1610612739,CLE,F,25.0,61,61,1.0,168.0,369.0,0.455,0.463,-0.008,Overall,Regular Season,,,,,,,,,,,,,,,,,,,,,
1630532,Franz Wagner,1610612753,ORL,F,24.0,34,34,1.0,175.0,367.0,0.477,0.473,0.003,Overall,Regular Season,,,,,,,,,,,,,,,,,,,,,
1630208,Nick Richards,1610612741,CHI,C,28.0,47,47,1.0,196.0,367.0,0.534,0.493,0.041,Overall,Regular Season,,,,,,,,,,,,,,,,,,,,,
1630570,Trendon Watford,1610612755,PHI,G-F,25.0,50,50,1.0,181.0,366.0,0.495,0.463,0.032,Overall,Regular Season,,,,,,,,,,,,,,,,,,,,,
1628418,Thomas Bryant,1610612739,CLE,C-F,28.0,58,58,1.0,188.0,363.0,0.518,0.486,0.032,Overall,Regular Season,,,,,,,,,,,,,,,,,,,,,
1630534,Ochai Agbaji,1610612751,BKN,G,26.0,59,59,1.0,161.0,358.0,0.45,0.457,-0.008,Overall,Regular Season,,,,,,,,,,,,,,,,,,,,,
1642868,Carter Bryant,1610612759,SAS,F,20.0,67,67,1.0,157.0,357.0,0.44,0.452,-0.012,Overall,Regular Season,,,,,,,,,,,,,,,,,,,,,
203500,Steven Adams,1610612745,HOU,C,32.0,32,32,1.0,160.0,354.0,0.452,0.493,-0.041,Overall,Regular Season,,,,,,,,,,,,,,,,,,,,,
1642948,Ryan Nembhard,1610612742,DAL,G,23.0,58,58,1.0,169.0,353.0,0.479,0.453,0.026,Overall,Regular Season,,,,,,,,,,,,,,,,,,,,,
1631169,Josh Minott,1610612751,BKN,F,23.0,48,48,1.0,164.0,343.0,0.478,0.465,0.013,Overall,Regular Season,,,,,,,,,,,,,,,,,,,,,
1627936,Alex Caruso,1610612760,OKC,G,32.0,56,56,1.0,150.0,341.0,0.44,0.463,-0.023,Overall,Regular Season,,,,,,,,,,,,,,,,,,,,,
1631245,Quenton Jackson,1610612754,IND,G,27.0,46,46,1.0,168.0,337.0,0.499,0.455,0.044,Overall,Regular Season,,,,,,,,,,,,,,,,,,,,,
201939,Stephen Curry,1610612744,GSW,G,38.0,43,43,1.0,161.0,337.0,0.478,0.46,0.018,Overall,Regular Season,,,,,,,,,,,,,,,,,,,,,
201144,Mike Conley,1610612750,MIN,G,38.0,52,52,1.0,160.0,335.0,0.478,0.458,0.02,Overall,Regular Season,,,,,,,,,,,,,,,,,,,,,
203937,Kyle Anderson,1610612750,MIN,F-G,32.0,43,43,1.0,153.0,334.0,0.458,0.46,-0.002,Overall,Regular Season,,,,,,,,,,,,,,,,,,,,,
1641711,Gradey Dick,1610612761,TOR,G-F,22.0,71,71,1.0,134.0,332.0,0.404,0.452,-0.048,Overall,Regular Season,,,,,,,,,,,,,,,,,,,,,
1628997,Caleb Martin,1610612742,DAL,F,30.0,56,56,1.0,149.0,329.0,0.453,0.468,-0.015,Overall,Regular Season,,,,,,,,,,,,,,,,,,,,,
1631121,Bryce McGowens,1610612740,NOP,G,23.0,41,41,1.0,162.0,328.0,0.494,0.467,0.027,Overall,Regular Season,,,,,,,,,,,,,,,,,,,,,
1642962,Drake Powell,1610612751,BKN,G-F,20.0,60,60,1.0,157.0,328.0,0.479,0.46,0.019,Overall,Regular Season,,,,,,,,,,,,,,,,,,,,,
1629639,Tyler Herro,1610612748,MIA,G,26.0,33,33,1.0,163.0,325.0,0.502,0.459,0.043,Overall,Regular Season,,,,,,,,,,,,,,,,,,,,,
1641738,Kobe Brown,1610612754,IND,F,26.0,56,56,1.0,160.0,324.0,0.494,0.464,0.03,Overall,Regular Season,,,,,,,,,,,,,,,,,,,,,
203507,Giannis Antetokounmpo,1610612749,MIL,F,31.0,36,36,1.0,131.0,324.0,0.404,0.482,-0.077,Overall,Regular Season,,,,,,,,,,,,,,,,,,,,,
1642879,Ben Saraf,1610612751,BKN,G,20.0,44,44,1.0,170.0,324.0,0.525,0.462,0.063,Overall,Regular Season,,,,,,,,,,,,,,,,,,,,,
1631159,Leonard Miller,1610612741,CHI,F,22.0,36,36,1.0,158.0,323.0,0.489,0.464,0.025,Overall,Regular Season,,,,,,,,,,,,,,,,,,,,,
202710,Jimmy Butler III,1610612744,GSW,F,36.0,38,38,1.0,164.0,321.0,0.511,0.463,0.048,Overall,Regular Season,,,,,,,,,,,,,,,,,,,,,
1629020,Jarred Vanderbilt,1610612747,LAL,F,27.0,61,61,1.0,144.0,319.0,0.451,0.473,-0.022,Overall,Regular Season,,,,,,,,,,,,,,,,,,,,,
1627741,Buddy Hield,1610612737,ATL,G,33.0,50,50,1.0,166.0,319.0,0.52,0.458,0.063,Overall,Regular Season,,,,,,,,,,,,,,,,,,,,,
1641740,Jaylen Clark,1610612750,MIN,G,24.0,63,63,1.0,139.0,317.0,0.438,0.461,-0.023,Overall,Regular Season,,,,,,,,,,,,,,,,,,,,,
1642265,Rob Dillingham,1610612741,CHI,G,21.0,61,61,1.0,158.0,315.0,0.502,0.447,0.055,Overall,Regular Season,,,,,,,,,,,,,,,,,,,,,
1642869,Noah Penda,1610612753,ORL,G-F,21.0,55,55,1.0,154.0,313.0,0.492,0.469,0.023,Overall,Regular Season,,,,,,,,,,,,,,,,,,,,,
203076,Anthony Davis,1610612764,WAS,F-C,33.0,20,20,1.0,145.0,312.0,0.465,0.497,-0.032,Overall,Regular Season,,,,,,,,,,,,,,,,,,,,,
1642348,Justin Edwards,1610612755,PHI,F,22.0,55,55,1.0,169.0,308.0,0.549,0.455,0.093,Overall,Regular Season,,,,,,,,,,,,,,,,,,,,,
1631099,Keegan Murray,1610612758,SAC,F,25.0,23,23,1.0,159.0,306.0,0.52,0.48,0.039,Overall,Regular Season,,,,,,,,,,,,,,,,,,,,,
1629018,Gary Trent Jr.,1610612749,MIL,G,27.0,58,58,1.0,149.0,303.0,0.492,0.453,0.038,Overall,Regular Season,,,,,,,,,,,,,,,,,,,,,
1631250,Pete Nance,1610612749,MIL,F,26.0,40,40,1.0,132.0,303.0,0.436,0.459,-0.023,Overall,Regular Season,,,,,,,,,,,,,,,,,,,,,
1631246,Vince Williams Jr.,1610612762,UTA,G,25.0,40,40,1.0,128.0,301.0,0.425,0.467,-0.042,Overall,Regular Season,,,,,,,,,,,,,,,,,,,,,
1629216,Gabe Vincent,1610612737,ATL,G,30.0,53,53,1.0,145.0,295.0,0.492,0.449,0.042,Overall,Regular Season,,,,,,,,,,,,,,,,,,,,,
1630619,Moussa Cisse,1610612742,DAL,C,23.0,36,36,1.0,123.0,287.0,0.429,0.484,-0.056,Overall,Regular Season,,,,,,,,,,,,,,,,,,,,,
1629673,Jordan Poole,1610612740,NOP,G,27.0,39,39,1.0,128.0,287.0,0.446,0.455,-0.009,Overall,Regular Season,,,,,,,,,,,,,,,,,,,,,
1629234,Drew Eubanks,1610612758,SAC,F-C,29.0,40,40,1.0,130.0,286.0,0.455,0.489,-0.035,Overall,Regular Season,,,,,,,,,,,,,,,,,,,,,
1629684,Grant Williams,1610612766,CHA,F,27.0,36,36,1.0,116.0,285.0,0.407,0.464,-0.057,Overall,Regular Season,,,,,,,,,,,,,,,,,,,,,
1630192,Zeke Nnaji,1610612743,DEN,F-C,25.0,46,46,1.0,119.0,284.0,0.419,0.472,-0.053,Overall,Regular Season,,,,,,,,,,,,,,,,,,,,,
1630592,Jalen Wilson,1610612751,BKN,F,25.0,51,51,1.0,147.0,283.0,0.519,0.46,0.06,Overall,Regular Season,,,,,,,,,,,,,,,,,,,,,
1630228,Jonathan Kuminga,1610612737,ATL,F,23.0,36,36,1.0,134.0,281.0,0.477,0.467,0.01,Overall,Regular Season,,,,,,,,,,,,,,,,,,,,,
1627734,Domantas Sabonis,1610612758,SAC,F-C,30.0,19,19,1.0,166.0,280.0,0.593,0.498,0.094,Overall,Regular Season,,,,,,,,,,,,,,,,,,,,,
1631342,Daeqwon Plowden,1610612758,SAC,G-F,27.0,32,32,1.0,143.0,277.0,0.516,0.462,0.054,Overall,Regular Season,,,,,,,,,,,,,,,,,,,,,
1642942,Jahmai Mashack,1610612763,MEM,G,23.0,29,29,1.0,144.0,276.0,0.522,0.469,0.053,Overall,Regular Season,,,,,,,,,,,,,,,,,,,,,
1642277,Johnny Furphy,1610612754,IND,G,21.0,34,34,1.0,143.0,274.0,0.522,0.467,0.055,Overall,Regular Season,,,,,,,,,,,,,,,,,,,,,
204456,T.J. McConnell,1610612754,IND,G,34.0,55,55,1.0,137.0,272.0,0.504,0.463,0.04,Overall,Regular Season,,,,,,,,,,,,,,,,,,,,,
1631218,Trayce Jackson-Davis,1610612761,TOR,F,26.0,48,48,1.0,118.0,270.0,0.437,0.47,-0.033,Overall,Regular Season,,,,,,,,,,,,,,,,,,,,,
1631124,Julian Strawther,1610612743,DEN,G,24.0,52,52,1.0,133.0,269.0,0.494,0.459,0.036,Overall,Regular Season,,,,,,,,,,,,,,,,,,,,,
1628975,Jevon Carter,1610612753,ORL,G,30.0,49,49,1.0,120.0,266.0,0.451,0.451,0.0,Overall,Regular Season,,,,,,,,,,,,,,,,,,,,,
1628988,Aaron Holiday,1610612745,HOU,G,29.0,51,51,1.0,115.0,263.0,0.437,0.454,-0.017,Overall,Regular Season,,,,,,,,,,,,,,,,,,,,,
1642382,Branden Carlson,1610612760,OKC,C,27.0,39,39,1.0,129.0,263.0,0.49,0.473,0.018,Overall,Regular Season,,,,,,,,,,,,,,,,,,,,,
1641722,Jordan Hawkins,1610612740,NOP,G,24.0,46,46,1.0,127.0,261.0,0.487,0.452,0.035,Overall,Regular Season,,,,,,,,,,,,,,,,,,,,,
201567,Kevin Love,1610612762,UTA,F-C,37.0,36,36,1.0,147.0,260.0,0.565,0.484,0.082,Overall,Regular Season,,,,,,,,,,,,,,,,,,,,,
1630574,Ariel Hukporti,1610612752,NYK,C,24.0,47,47,1.0,94.0,259.0,0.363,0.474,-0.111,Overall,Regular Season,,,,,,,,,,,,,,,,,,,,,
1628467,Maxi Kleber,1610612747,LAL,F,34.0,41,41,1.0,122.0,257.0,0.475,0.472,0.003,Overall,Regular Season,,,,,,,,,,,,,,,,,,,,,
1631133,Jabari Walker,1610612755,PHI,F,23.0,60,60,1.0,119.0,256.0,0.465,0.477,-0.012,Overall,Regular Season,,,,,,,,,,,,,,,,,,,,,
1626145,Tyus Jones,1610612743,DEN,G,30.0,60,60,1.0,140.0,255.0,0.549,0.45,0.099,Overall,Regular Season,,,,,,,,,,,,,,,,,,,,,
1642914,Javon Small,1610612763,MEM,G,23.0,37,37,1.0,111.0,255.0,0.435,0.452,-0.017,Overall,Regular Season,,,,,,,,,,,,,,,,,,,,,
1642269,Devin Carter,1610612758,SAC,G,24.0,36,36,1.0,132.0,253.0,0.522,0.458,0.064,Overall,Regular Season,,,,,,,,,,,,,,,,,,,,,
1630702,Jaden Hardy,1610612764,WAS,G,23.0,50,50,1.0,120.0,252.0,0.476,0.461,0.015,Overall,Regular Season,,,,,,,,,,,,,,,,,,,,,
1642877,Micah Peavy,1610612740,NOP,G-F,24.0,54,54,1.0,116.0,249.0,0.466,0.464,0.002,Overall,Regular Season,,,,,,,,,,,,,,,,,,,,,
1631126,Caleb Love,1610612757,POR,G,24.0,47,47,1.0,114.0,248.0,0.46,0.452,0.008,Overall,Regular Season,,,,,,,,,,,,,,,,,,,,,
203914,Gary Harris,1610612749,MIL,G,31.0,45,45,1.0,121.0,244.0,0.496,0.46,0.036,Overall,Regular Season,,,,,,,,,,,,,,,,,,,,,
1630224,Jalen Green,1610612756,PHX,G,24.0,32,32,1.0,117.0,242.0,0.483,0.454,0.03,Overall,Regular Season,,,,,,,,,,,,,,,,,,,,,
203484,Kentavious Caldwell-Pope,1610612763,MEM,G,33.0,49,49,1.0,125.0,241.0,0.519,0.458,0.06,Overall,Regular Season,,,,,,,,,,,,,,,,,,,,,
1630560,Cam Thomas,1610612749,MIL,G,24.0,41,41,1.0,135.0,241.0,0.56,0.458,0.102,Overall,Regular Season,,,,,,,,,,,,,,,,,,,,,
1642863,Khaman Maluach,1610612756,PHX,C,19.0,45,45,1.0,100.0,238.0,0.42,0.501,-0.08,Overall,Regular Season,,,,,,,,,,,,,,,,,,,,,
1629026,Kenrich Williams,1610612760,OKC,G-F,31.0,54,54,1.0,112.0,236.0,0.475,0.46,0.014,Overall,Regular Season,,,,,,,,,,,,,,,,,,,,,
1630182,Josh Green,1610612766,CHA,G,25.0,54,54,1.0,90.0,236.0,0.381,0.449,-0.068,Overall,Regular Season,,,,,,,,,,,,,,,,,,,,,
1630679,Ethan Thompson,1610612754,IND,G,27.0,29,29,1.0,109.0,234.0,0.466,0.446,0.02,Overall,Regular Season,,,,,,,,,,,,,,,,,,,,,
1631213,Tyrese Martin,1610612755,PHI,F,27.0,43,43,1.0,110.0,233.0,0.472,0.46,0.012,Overall,Regular Season,,,,,,,,,,,,,,,,,,,,,
1628366,Lonzo Ball,1610612739,CLE,G,28.0,34,34,1.0,99.0,232.0,0.427,0.456,-0.029,Overall,Regular Season,,,,,,,,,,,,,,,,,,,,,
1631114,Jalen Williams,1610612760,OKC,G-F,25.0,33,33,1.0,107.0,230.0,0.465,0.468,-0.002,Overall,Regular Season,,,,,,,,,,,,,,,,,,,,,
1631131,Oscar Tshiebwe,1610612762,UTA,F-C,26.0,26,26,1.0,125.0,228.0,0.548,0.484,0.065,Overall,Regular Season,,,,,,,,,,,,,,,,,,,,,
1642278,Tyler Kolek,1610612752,NYK,G,25.0,53,53,1.0,109.0,227.0,0.48,0.444,0.036,Overall,Regular Season,,,,,,,,,,,,,,,,,,,,,
1629618,Jalen Pickett,1610612743,DEN,G,26.0,42,42,1.0,93.0,226.0,0.412,0.451,-0.04,Overall,Regular Season,,,,,,,,,,,,,,,,,,,,,
1630703,Scoot Henderson,1610612757,POR,G,22.0,30,30,1.0,112.0,222.0,0.505,0.469,0.036,Overall,Regular Season,,,,,,,,,,,,,,,,,,,,,
1630536,Sharife Cooper,1610612764,WAS,G,25.0,37,37,1.0,108.0,221.0,0.489,0.446,0.042,Overall,Regular Season,,,,,,,,,,,,,,,,,,,,,
1642275,Tidjane Salaün,1610612766,CHA,F,20.0,33,33,1.0,116.0,219.0,0.53,0.458,0.072,Overall,Regular Season,,,,,,,,,,,,,,,,,,,,,
1642853,Rasheer Fleming,1610612756,PHX,F,21.0,48,48,1.0,85.0,216.0,0.394,0.452,-0.059,Overall,Regular Season,,,,,,,,,,,,,,,,,,,,,
1627827,Dorian Finney-Smith,1610612745,HOU,F,33.0,37,37,1.0,106.0,215.0,0.493,0.467,0.026,Overall,Regular Season,,,,,,,,,,,,,,,,,,,,,
1642949,Yanic Konan Niederhäuser,1610612746,LAC,C,23.0,35,35,1.0,104.0,214.0,0.486,0.485,0.001,Overall,Regular Season,,,,,,,,,,,,,,,,,,,,,
1631093,Jaden Ivey,1610612741,CHI,G,24.0,37,37,1.0,101.0,211.0,0.479,0.45,0.029,Overall,Regular Season,,,,,,,,,,,,,,,,,,,,,
1630544,Tre Mann,1610612766,CHA,G,25.0,48,48,1.0,121.0,209.0,0.579,0.46,0.119,Overall,Regular Season,,,,,,,,,,,,,,,,,,,,,
1631132,Christian Koloko,1610612737,ATL,C,26.0,26,26,1.0,91.0,208.0,0.438,0.485,-0.047,Overall,Regular Season,,,,,,,,,,,,,,,,,,,,,
1641724,Jett Howard,1610612753,ORL,G,22.0,49,49,1.0,102.0,207.0,0.493,0.461,0.032,Overall,Regular Season,,,,,,,,,,,,,,,,,,,,,
1642854,Asa Newell,1610612737,ATL,F,20.0,40,40,1.0,92.0,206.0,0.447,0.478,-0.031,Overall,Regular Season,,,,,,,,,,,,,,,,,,,,,
1641989,Elijah Harkless,1610612762,UTA,G,26.0,25,25,1.0,104.0,204.0,0.51,0.474,0.036,Overall,Regular Season,,,,,,,,,,,,,,,,,,,,,
1631123,Jamaree Bouyea,1610612756,PHX,G,27.0,40,40,1.0,84.0,201.0,0.418,0.458,-0.04,Overall,Regular Season,,,,,,,,,,,,,,,,,,,,,
1631288,Jamal Cain,1610612753,ORL,F,27.0,36,36,1.0,92.0,201.0,0.458,0.454,0.004,Overall,Regular Season,,,,,,,,,,,,,,,,,,,,,
1642866,Joan Beringer,1610612750,MIN,F,19.0,38,38,1.0,96.0,200.0,0.48,0.477,0.003,Overall,Regular Season,,,,,,,,,,,,,,,,,,,,,
1642885,Mohamed Diawara,1610612752,NYK,F,21.0,57,57,1.0,97.0,200.0,0.485,0.458,0.027,Overall,Regular Season,,,,,,,,,,,,,,,,,,,,,
1630175,Cole Anthony,1610612749,MIL,G,26.0,33,33,1.0,93.0,198.0,0.47,0.458,0.011,Overall,Regular Season,,,,,,,,,,,,,,,,,,,,,
1631207,Dalen Terry,1610612755,PHI,F,23.0,40,40,1.0,88.0,198.0,0.444,0.453,-0.009,Overall,Regular Season,,,,,,,,,,,,,,,,,,,,,
1643007,Taelon Peter,1610612754,IND,G,24.0,33,33,1.0,108.0,194.0,0.557,0.454,0.102,Overall,Regular Season,,,,,,,,,,,,,,,,,,,,,
1626156,D'Angelo Russell,1610612764,WAS,G,30.0,26,26,1.0,86.0,192.0,0.448,0.457,-0.009,Overall,Regular Season,,,,,,,,,,,,,,,,,,,,,
1642905,Yang Hansen,1610612757,POR,C,21.0,39,39,1.0,92.0,192.0,0.479,0.491,-0.012,Overall,Regular Season,,,,,,,,,,,,,,,,,,,,,
1631110,Jeremy Sochan,1610612752,NYK,F,23.0,37,37,1.0,99.0,191.0,0.518,0.461,0.057,Overall,Regular Season,,,,,,,,,,,,,,,,,,,,,
1642261,Dalton Knecht,1610612747,LAL,F,25.0,44,44,1.0,97.0,189.0,0.513,0.459,0.054,Overall,Regular Season,,,,,,,,,,,,,,,,,,,,,
203482,Kelly Olynyk,1610612759,SAS,F-C,35.0,38,38,1.0,88.0,188.0,0.468,0.47,-0.001,Overall,Regular Season,,,,,,,,,,,,,,,,,,,,,
1642882,Julian Reese,1610612764,WAS,F,23.0,13,13,1.0,96.0,188.0,0.511,0.463,0.048,Overall,Regular Season,,,,,,,,,,,,,,,,,,,,,
1628371,Jonathan Isaac,1610612753,ORL,F,28.0,47,47,1.0,73.0,187.0,0.39,0.474,-0.084,Overall,Regular Season,,,,,,,,,,,,,,,,,,,,,
1643016,Bez Mbeng,1610612762,UTA,G,23.0,15,15,1.0,84.0,185.0,0.454,0.446,0.008,Overall,Regular Season,,,,,,,,,,,,,,,,,,,,,
1628396,Tony Bradley,1610612737,ATL,C-F,28.0,35,35,1.0,89.0,178.0,0.5,0.486,0.014,Overall,Regular Season,,,,,,,,,,,,,,,,,,,,,
1630811,Keaton Wallace,1610612737,ATL,G,27.0,43,43,1.0,83.0,178.0,0.466,0.444,0.022,Overall,Regular Season,,,,,,,,,,,,,,,,,,,,,
1642353,Cam Christie,1610612746,LAC,G,20.0,48,48,1.0,75.0,176.0,0.426,0.446,-0.02,Overall,Regular Season,,,,,,,,,,,,,,,,,,,,,
1626172,Kevon Looney,1610612740,NOP,F,30.0,21,21,1.0,90.0,173.0,0.52,0.488,0.033,Overall,Regular Season,,,,,,,,,,,,,,,,,,,,,
1642880,Kam Jones,1610612754,IND,G,24.0,33,33,1.0,93.0,171.0,0.544,0.46,0.084,Overall,Regular Season,,,,,,,,,,,,,,,,,,,,,
1627752,Taurean Prince,1610612749,MIL,F,32.0,26,26,1.0,94.0,168.0,0.56,0.46,0.099,Overall,Regular Season,,,,,,,,,,,,,,,,,,,,,
1629021,Moritz Wagner,1610612753,ORL,F-C,29.0,35,35,1.0,86.0,168.0,0.512,0.485,0.027,Overall,Regular Season,,,,,,,,,,,,,,,,,,,,,
1629630,Ja Morant,1610612763,MEM,G,26.0,20,20,1.0,81.0,165.0,0.491,0.457,0.033,Overall,Regular Season,,,,,,,,,,,,,,,,,,,,,
203992,Bogdan Bogdanović,1610612746,LAC,G,33.0,22,22,1.0,85.0,165.0,0.515,0.464,0.051,Overall,Regular Season,,,,,,,,,,,,,,,,,,,,,
1626204,Larry Nance Jr.,1610612739,CLE,F-C,33.0,32,32,1.0,75.0,159.0,0.472,0.474,-0.002,Overall,Regular Season,,,,,,,,,,,,,,,,,,,,,
1642419,Jamison Battle,1610612761,TOR,F,25.0,49,49,1.0,76.0,154.0,0.494,0.449,0.045,Overall,Regular Season,,,,,,,,,,,,,,,,,,,,,
1628369,Jayson Tatum,1610612738,BOS,F-G,28.0,16,16,1.0,67.0,148.0,0.453,0.47,-0.017,Overall,Regular Season,,,,,,,,,,,,,,,,,,,,,
1630545,Terrence Shannon Jr,1610612750,MIN,G-F,25.0,39,39,1.0,76.0,148.0,0.514,0.465,0.049,Overall,Regular Season,,,,,,,,,,,,,,,,,,,,,
1642066,Myron Gardner,1610612748,MIA,F,25.0,39,39,1.0,63.0,148.0,0.426,0.466,-0.04,Overall,Regular Season,,,,,,,,,,,,,,,,,,,,,
1642358,AJ Johnson,1610612742,DAL,G,21.0,39,39,1.0,73.0,146.0,0.5,0.445,0.055,Overall,Regular Season,,,,,,,,,,,,,,,,,,,,,
1642859,Jase Richardson,1610612753,ORL,G,20.0,43,43,1.0,70.0,146.0,0.479,0.45,0.03,Overall,Regular Season,,,,,,,,,,,,,,,,,,,,,
203926,Doug McDermott,1610612758,SAC,F,34.0,27,27,1.0,58.0,146.0,0.397,0.448,-0.051,Overall,Regular Season,,,,,,,,,,,,,,,,,,,,,
1641771,Jalen Slawson,1610612754,IND,F,26.0,13,13,1.0,60.0,143.0,0.42,0.47,-0.051,Overall,Regular Season,,,,,,,,,,,,,,,,,,,,,
1642878,Tyrese Proctor,1610612739,CLE,G,22.0,42,42,1.0,71.0,143.0,0.497,0.446,0.05,Overall,Regular Season,,,,,,,,,,,,,,,,,,,,,
1641778,Leaky Black,1610612764,WAS,F,27.0,15,15,1.0,75.0,141.0,0.532,0.459,0.073,Overall,Regular Season,,,,,,,,,,,,,,,,,,,,,
1630526,Jeremiah Robinson-Earl,1610612742,DAL,F,25.0,21,21,1.0,86.0,141.0,0.61,0.468,0.142,Overall,Regular Season,,,,,,,,,,,,,,,,,,,,,
1630256,Jae'Sean Tate,1610612745,HOU,F,30.0,39,39,1.0,63.0,137.0,0.46,0.459,0.001,Overall,Regular Season,,,,,,,,,,,,,,,,,,,,,
1642964,Brooks Barnhizer,1610612760,OKC,G,24.0,37,37,1.0,71.0,136.0,0.522,0.458,0.064,Overall,Regular Season,,,,,,,,,,,,,,,,,,,,,
1641763,Julian Phillips,1610612750,MIN,F,22.0,41,41,1.0,59.0,135.0,0.437,0.441,-0.004,Overall,Regular Season,,,,,,,,,,,,,,,,,,,,,
1642950,Lachlan Olbrich,1610612741,CHI,C,22.0,29,29,1.0,65.0,134.0,0.485,0.474,0.011,Overall,Regular Season,,,,,,,,,,,,,,,,,,,,,
1630165,Killian Hayes,1610612758,SAC,G,24.0,21,21,1.0,59.0,134.0,0.44,0.445,-0.005,Overall,Regular Season,,,,,,,,,,,,,,,,,,,,,
1629622,Max Strus,1610612739,CLE,G-F,30.0,12,12,1.0,66.0,133.0,0.496,0.463,0.033,Overall,Regular Season,,,,,,,,,,,,,,,,,,,,,
1630604,E.J. Liddell,1610612751,BKN,F,25.0,24,24,1.0,66.0,132.0,0.5,0.471,0.029,Overall,Regular Season,,,,,,,,,,,,,,,,,,,,,
1630587,Isaiah Livers,1610612756,PHX,F,27.0,33,33,1.0,58.0,131.0,0.443,0.461,-0.019,Overall,Regular Season,,,,,,,,,,,,,,,,,,,,,
1641748,Andre Jackson Jr.,1610612749,MIL,G,24.0,37,37,1.0,55.0,124.0,0.444,0.454,-0.011,Overall,Regular Season,,,,,,,,,,,,,,,,,,,,,
1629680,Matisse Thybulle,1610612757,POR,G-F,29.0,29,29,1.0,46.0,123.0,0.374,0.455,-0.081,Overall,Regular Season,,,,,,,,,,,,,,,,,,,,,
1641790,PJ Hall,1610612766,CHA,C,24.0,17,17,1.0,57.0,123.0,0.463,0.471,-0.008,Overall,Regular Season,,,,,,,,,,,,,,,,,,,,,
1641871,Duop Reath,1610612757,POR,C,30.0,26,26,1.0,53.0,122.0,0.434,0.48,-0.046,Overall,Regular Season,,,,,,,,,,,,,,,,,,,,,
1630167,Obi Toppin,1610612754,IND,F,28.0,24,24,1.0,50.0,122.0,0.41,0.473,-0.063,Overall,Regular Season,,,,,,,,,,,,,,,,,,,,,
1629599,Amir Coffey,1610612756,PHX,G-F,29.0,38,38,1.0,54.0,122.0,0.443,0.457,-0.014,Overall,Regular Season,,,,,,,,,,,,,,,,,,,,,
1642862,Liam McNeeley,1610612766,CHA,F,20.0,29,29,1.0,60.0,121.0,0.496,0.459,0.037,Overall,Regular Season,,,,,,,,,,,,,,,,,,,,,
1641869,Malachi Smith,1610612751,BKN,G,26.0,15,15,1.0,66.0,120.0,0.55,0.445,0.105,Overall,Regular Season,,,,,,,,,,,,,,,,,,,,,
1627749,Dejounte Murray,1610612740,NOP,G,29.0,14,14,1.0,70.0,119.0,0.588,0.468,0.121,Overall,Regular Season,,,,,,,,,,,,,,,,,,,,,
1641744,Zach Edey,1610612763,MEM,C,24.0,11,11,1.0,51.0,117.0,0.436,0.491,-0.055,Overall,Regular Season,,,,,,,,,,,,,,,,,,,,,
1629660,Ty Jerome,1610612763,MEM,G-F,28.0,15,15,1.0,57.0,116.0,0.491,0.471,0.02,Overall,Regular Season,,,,,,,,,,,,,,,,,,,,,
1641733,Nick Smith Jr.,1610612747,LAL,G,22.0,27,27,1.0,55.0,115.0,0.478,0.454,0.024,Overall,Regular Season,,,,,,,,,,,,,,,,,,,,,
1629027,Trae Young,1610612764,WAS,G,27.0,15,15,1.0,59.0,114.0,0.518,0.46,0.058,Overall,Regular Season,,,,,,,,,,,,,,,,,,,,,
1641747,DaRon Holmes II,1610612743,DEN,F,23.0,21,21,1.0,54.0,112.0,0.482,0.488,-0.006,Overall,Regular Season,,,,,,,,,,,,,,,,,,,,,
1631166,Drew Timme,1610612747,LAL,F,25.0,21,21,1.0,58.0,111.0,0.523,0.475,0.048,Overall,Regular Season,,,,,,,,,,,,,,,,,,,,,
1642355,Bronny James,1610612747,LAL,G,21.0,34,34,1.0,56.0,109.0,0.514,0.463,0.051,Overall,Regular Season,,,,,,,,,,,,,,,,,,,,,
1641715,Cam Whitmore,1610612764,WAS,F,21.0,20,20,1.0,56.0,108.0,0.519,0.463,0.055,Overall,Regular Season,,,,,,,,,,,,,,,,,,,,,
1631174,Tyler Burton,1610612763,MEM,F,26.0,12,12,1.0,59.0,104.0,0.567,0.468,0.099,Overall,Regular Season,,,,,,,,,,,,,,,,,,,,,
1630623,Tyson Etienne,1610612751,BKN,G,26.0,20,20,1.0,52.0,104.0,0.5,0.441,0.059,Overall,Regular Season,,,,,,,,,,,,,,,,,,,,,
1643052,Chaney Johnson,1610612751,BKN,G-F,24.0,17,17,1.0,46.0,104.0,0.442,0.476,-0.034,Overall,Regular Season,,,,,,,,,,,,,,,,,,,,,
1631204,Marcus Sasser,1610612765,DET,G,25.0,32,32,1.0,41.0,102.0,0.402,0.45,-0.048,Overall,Regular Season,,,,,,,,,,,,,,,,,,,,,
201599,DeAndre Jordan,1610612740,NOP,C,37.0,12,12,1.0,38.0,100.0,0.38,0.494,-0.114,Overall,Regular Season,,,,,,,,,,,,,,,,,,,,,
203486,Mason Plumlee,1610612759,SAS,F-C,36.0,18,18,1.0,56.0,99.0,0.566,0.511,0.055,Overall,Regular Season,,,,,,,,,,,,,,,,,,,,,
1642967,John Poulakidas,1610612742,DAL,G,23.0,13,13,1.0,50.0,97.0,0.515,0.458,0.058,Overall,Regular Season,,,,,,,,,,,,,,,,,,,,,
1642352,Keshad Johnson,1610612748,MIA,F,25.0,25,25,1.0,44.0,97.0,0.454,0.469,-0.016,Overall,Regular Season,,,,,,,,,,,,,,,,,,,,,
1642367,Jonathan Mogbo,1610612761,TOR,F,24.0,29,29,1.0,50.0,96.0,0.521,0.459,0.062,Overall,Regular Season,,,,,,,,,,,,,,,,,,,,,
1642502,Malevy Leons,1610612744,GSW,F,26.0,23,23,1.0,50.0,96.0,0.521,0.469,0.052,Overall,Regular Season,,,,,,,,,,,,,,,,,,,,,
1626166,Cameron Payne,1610612755,PHI,G,31.0,21,21,1.0,42.0,96.0,0.438,0.461,-0.023,Overall,Regular Season,,,,,,,,,,,,,,,,,,,,,
1626192,Pat Connaughton,1610612766,CHA,G,33.0,30,30,1.0,42.0,96.0,0.438,0.469,-0.031,Overall,Regular Season,,,,,,,,,,,,,,,,,,,,,
1628380,Zach Collins,1610612741,CHI,F-C,28.0,10,10,1.0,41.0,92.0,0.446,0.498,-0.052,Overall,Regular Season,,,,,,,,,,,,,,,,,,,,,
1631113,Kennedy Chandler,1610612762,UTA,G,23.0,11,11,1.0,42.0,91.0,0.462,0.442,0.02,Overall,Regular Season,,,,,,,,,,,,,,,,,,,,,
1642396,Blake Hinson,1610612762,UTA,F,26.0,14,14,1.0,40.0,91.0,0.44,0.448,-0.008,Overall,Regular Season,,,,,,,,,,,,,,,,,,,,,
1630214,Xavier Tillman,1610612766,CHA,F,27.0,23,23,1.0,46.0,88.0,0.523,0.471,0.052,Overall,Regular Season,,,,,,,,,,,,,,,,,,,,,
1630322,Lindy Waters III,1610612759,SAS,F,28.0,34,34,1.0,42.0,88.0,0.477,0.45,0.027,Overall,Regular Season,,,,,,,,,,,,,,,,,,,,,
1631199,Ron Harper Jr.,1610612738,BOS,G-F,26.0,24,24,1.0,38.0,88.0,0.432,0.458,-0.026,Overall,Regular Season,,,,,,,,,,,,,,,,,,,,,
1629162,Jordan McLaughlin,1610612759,SAS,G,30.0,31,31,1.0,51.0,88.0,0.58,0.443,0.137,Overall,Regular Season,,,,,,,,,,,,,,,,,,,,,
1630286,Trevon Scott,1610612751,BKN,F,29.0,6,6,1.0,46.0,87.0,0.529,0.488,0.04,Overall,Regular Season,,,,,,,,,,,,,,,,,,,,,
1631104,Blake Wesley,1610612757,POR,G,23.0,26,26,1.0,42.0,87.0,0.483,0.452,0.031,Overall,Regular Season,,,,,,,,,,,,,,,,,,,,,
1631103,Malaki Branham,1610612764,WAS,F,23.0,22,22,1.0,42.0,86.0,0.488,0.456,0.032,Overall,Regular Season,,,,,,,,,,,,,,,,,,,,,
1642380,Adama Bal,1610612763,MEM,G,22.0,8,8,1.0,54.0,84.0,0.643,0.506,0.137,Overall,Regular Season,,,,,,,,,,,,,,,,,,,,,
1630590,Scotty Pippen Jr.,1610612763,MEM,G,25.0,10,10,1.0,44.0,84.0,0.524,0.449,0.075,Overall,Regular Season,,,,,,,,,,,,,,,,,,,,,
201145,Jeff Green,1610612745,HOU,F,39.0,24,24,1.0,29.0,82.0,0.354,0.444,-0.091,Overall,Regular Season,,,,,,,,,,,,,,,,,,,,,
1642354,KJ Simpson,1610612743,DEN,G,23.0,16,16,1.0,36.0,80.0,0.45,0.441,0.009,Overall,Regular Season,,,,,,,,,,,,,,,,,,,,,
1631466,Nate Williams,1610612744,GSW,G,27.0,14,14,1.0,33.0,79.0,0.418,0.469,-0.051,Overall,Regular Season,,,,,,,,,,,,,,,,,,,,,
1630610,DeJon Jarreau,1610612763,MEM,G,28.0,11,11,1.0,32.0,79.0,0.405,0.471,-0.066,Overall,Regular Season,,,,,,,,,,,,,,,,,,,,,
1641726,Dereck Lively II,1610612742,DAL,C,22.0,7,7,1.0,38.0,78.0,0.487,0.485,0.002,Overall,Regular Season,,,,,,,,,,,,,,,,,,,,,
1629646,Charles Bassey,1610612744,GSW,C-F,25.0,11,11,1.0,40.0,76.0,0.526,0.472,0.055,Overall,Regular Season,,,,,,,,,,,,,,,,,,,,,
1643253,Toby Okani,1610612763,MEM,F,24.0,6,6,1.0,40.0,75.0,0.533,0.451,0.082,Overall,Regular Season,,,,,,,,,,,,,,,,,,,,,
202687,Bismack Biyombo,1610612759,SAS,C,33.0,22,22,1.0,44.0,74.0,0.595,0.485,0.11,Overall,Regular Season,,,,,,,,,,,,,,,,,,,,,
1642504,Cormac Ryan,1610612749,MIL,G,27.0,11,11,1.0,37.0,74.0,0.5,0.433,0.068,Overall,Regular Season,,,,,,,,,,,,,,,,,,,,,
1631117,Walker Kessler,1610612762,UTA,C,24.0,5,5,1.0,30.0,73.0,0.411,0.492,-0.081,Overall,Regular Season,,,,,,,,,,,,,,,,,,,,,
1631351,Lucas Williamson,1610612763,MEM,G,27.0,7,7,1.0,40.0,71.0,0.563,0.462,0.101,Overall,Regular Season,,,,,,,,,,,,,,,,,,,,,
1631120,JD Davison,1610612745,HOU,G,23.0,23,23,1.0,31.0,71.0,0.437,0.446,-0.009,Overall,Regular Season,,,,,,,,,,,,,,,,,,,,,
1643018,LJ Cryer,1610612744,GSW,G,24.0,16,16,1.0,37.0,67.0,0.552,0.459,0.094,Overall,Regular Season,,,,,,,,,,,,,,,,,,,,,
1630699,MarJon Beauchamp,1610612755,PHI,F,25.0,13,13,1.0,24.0,66.0,0.364,0.447,-0.083,Overall,Regular Season,,,,,,,,,,,,,,,,,,,,,
1641727,Dariq Whitehead,1610612763,MEM,G-F,21.0,6,6,1.0,32.0,65.0,0.492,0.459,0.033,Overall,Regular Season,,,,,,,,,,,,,,,,,,,,,
101108,Chris Paul,1610612746,LAC,G,41.0,16,16,1.0,33.0,63.0,0.524,0.448,0.075,Overall,Regular Season,,,,,,,,,,,,,,,,,,,,,
1629726,Garrison Mathews,1610612754,IND,G,29.0,13,13,1.0,28.0,61.0,0.459,0.459,0.0,Overall,Regular Season,,,,,,,,,,,,,,,,,,,,,
1642959,Chris Youngblood,1610612757,POR,G,24.0,26,26,1.0,29.0,60.0,0.483,0.442,0.042,Overall,Regular Season,,,,,,,,,,,,,,,,,,,,,
1641816,Hunter Tyson,1610612743,DEN,F,26.0,19,19,1.0,26.0,58.0,0.448,0.476,-0.028,Overall,Regular Season,,,,,,,,,,,,,,,,,,,,,
1642484,RayJ Dennis,1610612737,ATL,G,25.0,13,13,1.0,32.0,58.0,0.552,0.46,0.091,Overall,Regular Season,,,,,,,,,,,,,,,,,,,,,
1642530,Yuki Kawamura,1610612741,CHI,G,25.0,15,15,1.0,30.0,58.0,0.517,0.456,0.062,Overall,Regular Season,,,,,,,,,,,,,,,,,,,,,
1643158,Andersson Garcia,1610612762,UTA,F,25.0,5,5,1.0,28.0,57.0,0.491,0.478,0.014,Overall,Regular Season,,,,,,,,,,,,,,,,,,,,,
1641755,Kevin McCullar Jr.,1610612752,NYK,G,25.0,13,13,1.0,24.0,56.0,0.429,0.45,-0.022,Overall,Regular Season,,,,,,,,,,,,,,,,,,,,,
1642918,Alijah Martin,1610612761,TOR,G,24.0,15,15,1.0,26.0,55.0,0.473,0.443,0.03,Overall,Regular Season,,,,,,,,,,,,,,,,,,,,,
1642876,Adou Thiero,1610612747,LAL,G,22.0,19,19,1.0,31.0,53.0,0.585,0.476,0.108,Overall,Regular Season,,,,,,,,,,,,,,,,,,,,,
1642873,Amari Williams,1610612738,BOS,F-C,24.0,13,13,1.0,17.0,53.0,0.321,0.474,-0.153,Overall,Regular Season,,,,,,,,,,,,,,,,,,,,,
1642449,Tolu Smith,1610612765,DET,F,25.0,12,12,1.0,22.0,51.0,0.431,0.477,-0.046,Overall,Regular Season,,,,,,,,,,,,,,,,,,,,,
1641890,Tyler Smith,1610612742,DAL,F,21.0,11,11,1.0,30.0,50.0,0.6,0.464,0.136,Overall,Regular Season,,,,,,,,,,,,,,,,,,,,,
203648,Thanasis Antetokounmpo,1610612749,MIL,F,33.0,20,20,1.0,21.0,49.0,0.429,0.464,-0.036,Overall,Regular Season,,,,,,,,,,,,,,,,,,,,,
1630209,Omer Yurtseven,1610612744,GSW,C,28.0,8,8,1.0,28.0,48.0,0.583,0.499,0.084,Overall,Regular Season,,,,,,,,,,,,,,,,,,,,,
1630639,A.J. Lawson,1610612761,TOR,G,25.0,19,19,1.0,20.0,47.0,0.426,0.437,-0.012,Overall,Regular Season,,,,,,,,,,,,,,,,,,,,,
1641723,Kobe Bufkin,1610612747,LAL,G,22.0,11,11,1.0,26.0,47.0,0.553,0.451,0.102,Overall,Regular Season,,,,,,,,,,,,,,,,,,,,,
1642404,Chaz Lanier,1610612765,DET,G,24.0,20,20,1.0,19.0,46.0,0.413,0.448,-0.035,Overall,Regular Season,,,,,,,,,,,,,,,,,,,,,
1628502,Nigel Hayes-Davis,1610612756,PHX,F,31.0,17,17,1.0,23.0,46.0,0.5,0.459,0.041,Overall,Regular Season,,,,,,,,,,,,,,,,,,,,,
201959,Taj Gibson,1610612763,MEM,F,41.0,10,10,1.0,21.0,45.0,0.467,0.486,-0.019,Overall,Regular Season,,,,,,,,,,,,,,,,,,,,,
1642359,Pacôme Dadiet,1610612752,NYK,F,20.0,22,22,1.0,25.0,45.0,0.556,0.475,0.08,Overall,Regular Season,,,,,,,,,,,,,,,,,,,,,
1641725,Trey Alexander,1610612740,NOP,G,23.0,9,9,1.0,15.0,42.0,0.357,0.481,-0.124,Overall,Regular Season,,,,,,,,,,,,,,,,,,,,,
1628449,Chris Boucher,1610612738,BOS,F,33.0,7,7,1.0,16.0,42.0,0.381,0.479,-0.099,Overall,Regular Season,,,,,,,,,,,,,,,,,,,,,
1630644,Mac McClung,1610612741,CHI,G,27.0,11,11,1.0,22.0,42.0,0.524,0.442,0.082,Overall,Regular Season,,,,,,,,,,,,,,,,,,,,,
204060,Joe Ingles,1610612750,MIN,F-G,38.0,14,14,1.0,22.0,40.0,0.55,0.46,0.09,Overall,Regular Season,,,,,,,,,,,,,,,,,,,,,
1642260,Nikola Topić,1610612760,OKC,G,20.0,8,8,1.0,19.0,39.0,0.487,0.448,0.039,Overall,Regular Season,,,,,,,,,,,,,,,,,,,,,
203552,Seth Curry,1610612744,GSW,G,35.0,9,9,1.0,23.0,38.0,0.605,0.457,0.148,Overall,Regular Season,,,,,,,,,,,,,,,,,,,,,
1630548,Johnny Juzang,1610612750,MIN,G,25.0,16,16,1.0,15.0,35.0,0.429,0.438,-0.009,Overall,Regular Season,,,,,,,,,,,,,,,,,,,,,
203078,Bradley Beal,1610612746,LAC,G,33.0,6,6,1.0,17.0,35.0,0.486,0.456,0.029,Overall,Regular Season,,,,,,,,,,,,,,,,,,,,,
1631214,Alondes Williams,1610612764,WAS,G,27.0,4,4,1.0,15.0,35.0,0.429,0.431,-0.002,Overall,Regular Season,,,,,,,,,,,,,,,,,,,,,
200768,Kyle Lowry,1610612755,PHI,G,40.0,12,12,1.0,14.0,34.0,0.412,0.454,-0.043,Overall,Regular Season,,,,,,,,,,,,,,,,,,,,,
1629312,Haywood Highsmith,1610612756,PHX,F,29.0,6,6,1.0,14.0,34.0,0.412,0.456,-0.044,Overall,Regular Season,,,,,,,,,,,,,,,,,,,,,
1631451,Javonte Cooke,1610612757,POR,G,26.0,14,14,1.0,19.0,33.0,0.576,0.441,0.134,Overall,Regular Season,,,,,,,,,,,,,,,,,,,,,
1642939,Miles Kelly,1610612742,DAL,G,23.0,9,9,1.0,21.0,33.0,0.636,0.452,0.184,Overall,Regular Season,,,,,,,,,,,,,,,,,,,,,
1631116,Patrick Baldwin Jr.,1610612758,SAC,F,23.0,8,8,1.0,15.0,32.0,0.469,0.449,0.02,Overall,Regular Season,,,,,,,,,,,,,,,,,,,,,
1642933,Keshon Gilbert,1610612737,ATL,G,23.0,4,4,1.0,18.0,32.0,0.563,0.444,0.119,Overall,Regular Season,,,,,,,,,,,,,,,,,,,,,
1642434,Riley Minix,1610612739,CLE,F,25.0,8,8,1.0,10.0,31.0,0.323,0.447,-0.124,Overall,Regular Season,,,,,,,,,,,,,,,,,,,,,
1641752,Bobi Klintman,1610612765,DET,F,23.0,10,10,1.0,12.0,29.0,0.414,0.447,-0.033,Overall,Regular Season,,,,,,,,,,,,,,,,,,,,,
1631247,Luke Travers,1610612739,CLE,F,24.0,12,12,1.0,12.0,28.0,0.429,0.448,-0.02,Overall,Regular Season,,,,,,,,,,,,,,,,,,,,,
1642886,Koby Brea,1610612756,PHX,G,23.0,7,7,1.0,17.0,28.0,0.607,0.467,0.14,Overall,Regular Season,,,,,,,,,,,,,,,,,,,,,
1642938,Curtis Jones,1610612743,DEN,G,24.0,7,7,1.0,9.0,27.0,0.333,0.454,-0.121,Overall,Regular Season,,,,,,,,,,,,,,,,,,,,,
1630621,Hunter Dickinson,1610612740,NOP,C,25.0,5,5,1.0,15.0,27.0,0.556,0.541,0.015,Overall,Regular Season,,,,,,,,,,,,,,,,,,,,,
1641780,Johni Broome,1610612755,PHI,F,23.0,7,7,1.0,16.0,27.0,0.593,0.479,0.114,Overall,Regular Season,,,,,,,,,,,,,,,,,,,,,
1642490,Josh Oduro,1610612740,NOP,C,25.0,3,3,1.0,15.0,27.0,0.556,0.505,0.05,Overall,Regular Season,,,,,,,,,,,,,,,,,,,,,
1642362,Payton Sandfort,1610612760,OKC,F,23.0,3,3,1.0,17.0,26.0,0.654,0.472,0.182,Overall,Regular Season,,,,,,,,,,,,,,,,,,,,,
1642911,Rocco Zikarsky,1610612750,MIN,C,19.0,5,5,1.0,13.0,26.0,0.5,0.483,0.017,Overall,Regular Season,,,,,,,,,,,,,,,,,,,,,
1628964,Mo Bamba,1610612762,UTA,C,28.0,4,4,1.0,13.0,26.0,0.5,0.469,0.031,Overall,Regular Season,,,,,,,,,,,,,,,,,,,,,
1628420,Monte Morris,1610612754,IND,G,31.0,5,5,1.0,8.0,25.0,0.32,0.451,-0.131,Overall,Regular Season,,,,,,,,,,,,,,,,,,,,,
1631223,David Roddy,1610612743,DEN,F,25.0,4,4,1.0,8.0,25.0,0.32,0.462,-0.142,Overall,Regular Season,,,,,,,,,,,,,,,,,,,,,
1642400,Tristan Enaruna,1610612739,CLE,F,25.0,8,8,1.0,13.0,23.0,0.565,0.449,0.116,Overall,Regular Season,,,,,,,,,,,,,,,,,,,,,
1628998,Cody Martin,1610612754,IND,F,30.0,4,4,1.0,8.0,23.0,0.348,0.458,-0.11,Overall,Regular Season,,,,,,,,,,,,,,,,,,,,,
1643133,Lawson Lovering,1610612763,MEM,C,23.0,2,2,1.0,11.0,23.0,0.478,0.497,-0.018,Overall,Regular Season,,,,,,,,,,,,,,,,,,,,,
1643024,Chris Mañon,1610612747,LAL,G,24.0,7,7,1.0,13.0,23.0,0.565,0.474,0.091,Overall,Regular Season,,,,,,,,,,,,,,,,,,,,,
1642357,David Jones Garcia,1610612759,SAS,G,24.0,7,7,1.0,10.0,22.0,0.455,0.44,0.014,Overall,Regular Season,,,,,,,,,,,,,,,,,,,,,
202066,Garrett Temple,1610612761,TOR,G-F,40.0,14,14,1.0,5.0,22.0,0.227,0.416,-0.189,Overall,Regular Season,,,,,,,,,,,,,,,,,,,,,
1630164,James Wiseman,1610612754,IND,C,25.0,4,4,1.0,12.0,22.0,0.545,0.506,0.04,Overall,Regular Season,,,,,,,,,,,,,,,,,,,,,
203967,Dario Saric,1610612758,SAC,F-C,32.0,5,5,1.0,12.0,22.0,0.545,0.46,0.086,Overall,Regular Season,,,,,,,,,,,,,,,,,,,,,
1642955,Kadary Richmond,1610612764,WAS,G,24.0,3,3,1.0,7.0,22.0,0.318,0.448,-0.13,Overall,Regular Season,,,,,,,,,,,,,,,,,,,,,
1642384,Isaiah Crawford,1610612745,HOU,F,24.0,7,7,1.0,8.0,22.0,0.364,0.434,-0.071,Overall,Regular Season,,,,,,,,,,,,,,,,,,,,,
1627746,Skal Labissiere,1610612764,WAS,F-C,30.0,3,3,1.0,13.0,21.0,0.619,0.45,0.169,Overall,Regular Season,,,,,,,,,,,,,,,,,,,,,
1641761,Grant Nelson,1610612751,BKN,F,24.0,4,4,1.0,7.0,21.0,0.333,0.47,-0.136,Overall,Regular Season,,,,,,,,,,,,,,,,,,,,,
201569,Eric Gordon,1610612755,PHI,G,37.0,5,5,1.0,10.0,21.0,0.476,0.439,0.038,Overall,Regular Season,,,,,,,,,,,,,,,,,,,,,
1641998,Trey Jemison III,1610612752,NYK,C,26.0,9,9,1.0,9.0,21.0,0.429,0.49,-0.061,Overall,Regular Season,,,,,,,,,,,,,,,,,,,,,
1631102,TyTy Washington Jr.,1610612746,LAC,G,24.0,11,11,1.0,9.0,20.0,0.45,0.459,-0.009,Overall,Regular Season,,,,,,,,,,,,,,,,,,,,,
1642389,Zyon Pullin,1610612750,MIN,G,25.0,3,3,1.0,8.0,20.0,0.4,0.449,-0.049,Overall,Regular Season,,,,,,,,,,,,,,,,,,,,,
1641809,Drew Peterson,1610612766,CHA,F,26.0,6,6,1.0,7.0,19.0,0.368,0.472,-0.103,Overall,Regular Season,,,,,,,,,,,,,,,,,,,,,
1631338,Mouhamadou Gueye,1610612741,CHI,F,27.0,2,2,1.0,9.0,19.0,0.474,0.502,-0.028,Overall,Regular Season,,,,,,,,,,,,,,,,,,,,,
1630846,Olivier Sarr,1610612739,CLE,C,27.0,4,4,1.0,9.0,18.0,0.5,0.474,0.026,Overall,Regular Season,,,,,,,,,,,,,,,,,,,,,
1642443,Jahmir Young,1610612748,MIA,G,25.0,10,10,1.0,7.0,17.0,0.412,0.425,-0.013,Overall,Regular Season,,,,,,,,,,,,,,,,,,,,,
1631115,Orlando Robinson,1610612753,ORL,C,25.0,4,4,1.0,13.0,17.0,0.765,0.465,0.3,Overall,Regular Season,,,,,,,,,,,,,,,,,,,,,
1642402,Enrique Freeman,1610612750,MIN,F,25.0,4,4,1.0,6.0,17.0,0.353,0.393,-0.04,Overall,Regular Season,,,,,,,,,,,,,,,,,,,,,
1631111,Wendell Moore Jr.,1610612765,DET,G,24.0,4,4,1.0,3.0,17.0,0.176,0.452,-0.276,Overall,Regular Season,,,,,,,,,,,,,,,,,,,,,
1642884,Vladislav Goldin,1610612748,MIA,C,25.0,6,6,1.0,6.0,16.0,0.375,0.445,-0.07,Overall,Regular Season,,,,,,,,,,,,,,,,,,,,,
1629610,DaQuan Jeffries,1610612758,SAC,G-F,28.0,3,3,1.0,8.0,16.0,0.5,0.456,0.044,Overall,Regular Season,,,,,,,,,,,,,,,,,,,,,
1642910,John Tonje,1610612738,BOS,G,25.0,3,3,1.0,6.0,16.0,0.375,0.428,-0.053,Overall,Regular Season,,,,,,,,,,,,,,,,,,,,,
1641810,Antonio Reeves,1610612766,CHA,G,25.0,6,6,1.0,7.0,16.0,0.438,0.455,-0.017,Overall,Regular Season,,,,,,,,,,,,,,,,,,,,,
1642403,Isaac Jones,1610612765,DET,F,25.0,6,6,1.0,7.0,14.0,0.5,0.457,0.043,Overall,Regular Season,,,,,,,,,,,,,,,,,,,,,
1630625,Dalano Banton,1610612738,BOS,F,26.0,5,5,1.0,3.0,14.0,0.214,0.445,-0.231,Overall,Regular Season,,,,,,,,,,,,,,,,,,,,,
1642917,Max Shulga,1610612738,BOS,G,24.0,6,6,1.0,4.0,13.0,0.308,0.426,-0.118,Overall,Regular Season,,,,,,,,,,,,,,,,,,,,,
1641794,Dillon Jones,1610612752,NYK,F,24.0,4,4,1.0,4.0,12.0,0.333,0.372,-0.039,Overall,Regular Season,,,,,,,,,,,,,,,,,,,,,
1628365,Markelle Fultz,1610612761,TOR,G,28.0,4,4,1.0,7.0,12.0,0.583,0.434,0.149,Overall,Regular Season,,,,,,,,,,,,,,,,,,,,,
1641801,Emanuel Miller,1610612759,SAS,F,26.0,5,5,1.0,9.0,12.0,0.75,0.468,0.282,Overall,Regular Season,,,,,,,,,,,,,,,,,,,,,
1643047,CJ Huntley,1610612756,PHX,F,24.0,1,1,1.0,6.0,11.0,0.545,0.472,0.073,Overall,Regular Season,,,,,,,,,,,,,,,,,,,,,
1631216,Caleb Houstan,1610612737,ATL,G,23.0,7,7,1.0,5.0,10.0,0.5,0.438,0.062,Overall,Regular Season,,,,,,,,,,,,,,,,,,,,,
1643060,Hayden Gray,1610612762,UTA,G,23.0,1,1,1.0,3.0,9.0,0.333,0.478,-0.145,Overall,Regular Season,,,,,,,,,,,,,,,,,,,,,
1631205,Buddy Boeheim,1610612760,OKC,F,26.0,2,2,1.0,3.0,9.0,0.333,0.426,-0.093,Overall,Regular Season,,,,,,,,,,,,,,,,,,,,,
1642282,Hunter Sallis,1610612755,PHI,G,23.0,4,4,1.0,3.0,9.0,0.333,0.467,-0.134,Overall,Regular Season,,,,,,,,,,,,,,,,,,,,,
1641815,Isaiah Stevens,1610612758,SAC,G,25.0,3,3,1.0,7.0,8.0,0.875,0.441,0.434,Overall,Regular Season,,,,,,,,,,,,,,,,,,,,,
1642368,N'Faly Dante,1610612737,ATL,C,24.0,3,3,1.0,1.0,8.0,0.125,0.455,-0.33,Overall,Regular Season,,,,,,,,,,,,,,,,,,,,,
1641813,Mark Sears,1610612749,MIL,G,24.0,4,4,1.0,5.0,8.0,0.625,0.416,0.209,Overall,Regular Season,,,,,,,,,,,,,,,,,,,,,
1629634,Brandon Clarke,1610612763,MEM,F,29.0,2,2,1.0,3.0,7.0,0.429,0.48,-0.051,Overall,Regular Season,,,,,,,,,,,,,,,,,,,,,
1641807,Norchad Omier,1610612746,LAC,F,24.0,4,4,1.0,3.0,7.0,0.429,0.476,-0.048,Overall,Regular Season,,,,,,,,,,,,,,,,,,,,,
1630828,Alex Antetokounmpo,1610612749,MIL,F,24.0,3,3,1.0,0.0,6.0,0.0,0.394,-0.394,Overall,Regular Season,,,,,,,,,,,,,,,,,,,,,
1630658,Colin Castleton,1610612753,ORL,C,26.0,4,4,1.0,2.0,6.0,0.333,0.455,-0.122,Overall,Regular Season,,,,,,,,,,,,,,,,,,,,,
1643141,Jahmyl Telfort,1610612746,LAC,G,25.0,3,3,1.0,2.0,6.0,0.333,0.461,-0.127,Overall,Regular Season,,,,,,,,,,,,,,,,,,,,,
1643257,Jayson Kent,1610612757,POR,F,24.0,5,5,1.0,1.0,6.0,0.167,0.441,-0.274,Overall,Regular Season,,,,,,,,,,,,,,,,,,,,,
1642951,Sean Pedulla,1610612746,LAC,G,23.0,3,3,1.0,3.0,6.0,0.5,0.449,0.051,Overall,Regular Season,,,,,,,,,,,,,,,,,,,,,
1631457,Alex Morales,1610612753,ORL,G,28.0,2,2,1.0,4.0,6.0,0.667,0.441,0.225,Overall,Regular Season,,,,,,,,,,,,,,,,,,,,,
1641803,Tristen Newton,1610612745,HOU,G,25.0,1,1,1.0,4.0,5.0,0.8,0.384,0.416,Overall,Regular Season,,,,,,,,,,,,,,,,,,,,,
1642935,Chucky Hepburn,1610612761,TOR,G,23.0,2,2,1.0,4.0,5.0,0.8,0.442,0.358,Overall,Regular Season,,,,,,,,,,,,,,,,,,,,,
1641787,Tosan Evbuomwan,1610612766,CHA,F,25.0,3,3,1.0,2.0,5.0,0.4,0.48,-0.08,Overall,Regular Season,,,,,,,,,,,,,,,,,,,,,
1631127,Harrison Ingram,1610612759,SAS,F,23.0,4,4,1.0,2.0,4.0,0.5,0.392,0.108,Overall,Regular Season,,,,,,,,,,,,,,,,,,,,,
1641753,Chris Livingston,1610612739,CLE,F,22.0,1,1,1.0,2.0,4.0,0.5,0.448,0.052,Overall,Regular Season,,,,,,,,,,,,,,,,,,,,,
1630649,Stanley Umude,1610612759,SAS,G,27.0,2,2,1.0,4.0,4.0,1.0,0.48,0.521,Overall,Regular Season,,,,,,,,,,,,,,,,,,,,,
1631210,Jacob Toppin,1610612737,ATL,F,26.0,2,2,1.0,0.0,2.0,0.0,0.437,-0.437,Overall,Regular Season,,,,,,,,,,,,,,,,,,,,,
1642280,Trentyn Flowers,1610612741,CHI,F,21.0,2,2,1.0,1.0,2.0,0.5,0.46,0.041,Overall,Regular Season,,,,,,,,,,,,,,,,,,,,,
1631211,Trevor Keels,1610612748,MIA,G,22.0,2,2,1.0,1.0,2.0,0.5,0.406,0.094,Overall,Regular Season,,,,,,,,,,,,,,,,,,,,,
1642855,Noa Essengue,1610612741,CHI,F,19.0,1,1,1.0,0.0,1.0,0.0,0.424,-0.424,Overall,Regular Season,,,,,,,,,,,,,,,,,,,,,
1642270,Donovan Clingan,1610612757,POR,C,22.0,77,77,0.657,,,,,,2 Pointers,Regular Season,460.0,954.0,0.482,0.565,-0.083,,,,,,,,,,,,,,,,
203497,Rudy Gobert,1610612750,MIN,C,34.0,76,76,0.731,,,,,,2 Pointers,Regular Season,419.0,894.0,0.469,0.555,-0.087,,,,,,,,,,,,,,,,
1630578,Alperen Sengun,1610612745,HOU,C,23.0,71,71,0.668,,,,,,2 Pointers,Regular Season,458.0,814.0,0.563,0.56,0.003,,,,,,,,,,,,,,,,
1628976,Wendell Carter Jr.,1610612753,ORL,C-F,27.0,78,78,0.736,,,,,,2 Pointers,Regular Season,374.0,740.0,0.505,0.558,-0.053,,,,,,,,,,,,,,,,
1642852,Derik Queen,1610612740,NOP,C,21.0,81,80,0.64,,,,,,2 Pointers,Regular Season,417.0,740.0,0.564,0.567,-0.003,,,,,,,,,,,,,,,,
203999,Nikola Jokić,1610612743,DEN,C,31.0,65,65,0.687,,,,,,2 Pointers,Regular Season,420.0,730.0,0.575,0.563,0.012,,,,,,,,,,,,,,,,
1630643,Jay Huff,1610612754,IND,C,28.0,81,80,0.725,,,,,,2 Pointers,Regular Season,336.0,705.0,0.477,0.556,-0.079,,,,,,,,,,,,,,,,
1629028,Deandre Ayton,1610612747,LAL,C,27.0,72,72,0.719,,,,,,2 Pointers,Regular Season,368.0,697.0,0.528,0.548,-0.02,,,,,,,,,,,,,,,,
1626167,Myles Turner,1610612749,MIL,C-F,30.0,71,71,0.708,,,,,,2 Pointers,Regular Season,352.0,691.0,0.509,0.551,-0.042,,,,,,,,,,,,,,,,
1641705,Victor Wembanyama,1610612759,SAS,F-C,22.0,64,64,0.632,,,,,,2 Pointers,Regular Season,295.0,690.0,0.428,0.562,-0.134,,,,,,,,,,,,,,,,
1641824,Matas Buzelis,1610612741,CHI,F,21.0,77,77,0.633,,,,,,2 Pointers,Regular Season,360.0,682.0,0.528,0.547,-0.019,,,,,,,,,,,,,,,,
1630596,Evan Mobley,1610612739,CLE,C,25.0,65,65,0.645,,,,,,2 Pointers,Regular Season,314.0,672.0,0.467,0.558,-0.091,,,,,,,,,,,,,,,,
1630168,Onyeka Okongwu,1610612737,ATL,F-C,25.0,74,74,0.659,,,,,,2 Pointers,Regular Season,363.0,667.0,0.544,0.557,-0.013,,,,,,,,,,,,,,,,
1630567,Scottie Barnes,1610612761,TOR,F-G,24.0,80,80,0.627,,,,,,2 Pointers,Regular Season,344.0,654.0,0.526,0.55,-0.024,,,,,,,,,,,,,,,,
1642875,Maxime Raynaud,1610612758,SAC,C,23.0,74,74,0.655,,,,,,2 Pointers,Regular Season,374.0,649.0,0.576,0.562,0.014,,,,,,,,,,,,,,,,
1631096,Chet Holmgren,1610612760,OKC,C-F,24.0,69,69,0.703,,,,,,2 Pointers,Regular Season,276.0,645.0,0.428,0.554,-0.126,,,,,,,,,,,,,,,,
1628436,Luke Kornet,1610612759,SAS,C-F,30.0,68,68,0.695,,,,,,2 Pointers,Regular Season,312.0,639.0,0.488,0.562,-0.074,,,,,,,,,,,,,,,,
1631217,Moussa Diabaté,1610612766,CHA,F,24.0,73,73,0.665,,,,,,2 Pointers,Regular Season,350.0,636.0,0.55,0.559,-0.009,,,,,,,,,,,,,,,,
1641739,Toumani Camara,1610612757,POR,F,26.0,82,82,0.61,,,,,,2 Pointers,Regular Season,371.0,636.0,0.583,0.544,0.039,,,,,,,,,,,,,,,,
1628389,Bam Adebayo,1610612748,MIA,C-F,28.0,73,73,0.626,,,,,,2 Pointers,Regular Season,329.0,632.0,0.521,0.559,-0.039,,,,,,,,,,,,,,,,
1642276,Kel'el Ware,1610612748,MIA,C,22.0,77,77,0.721,,,,,,2 Pointers,Regular Season,316.0,609.0,0.519,0.57,-0.051,,,,,,,,,,,,,,,,
1642851,Kon Knueppel,1610612766,CHA,G-F,20.0,81,81,0.626,,,,,,2 Pointers,Regular Season,333.0,603.0,0.552,0.543,0.01,,,,,,,,,,,,,,,,
1630183,Jaden McDaniels,1610612750,MIN,F,25.0,73,72,0.606,,,,,,2 Pointers,Regular Season,310.0,595.0,0.521,0.549,-0.028,,,,,,,,,,,,,,,,
202696,Nikola Vučević,1610612738,BOS,C,35.0,64,64,0.675,,,,,,2 Pointers,Regular Season,321.0,595.0,0.539,0.564,-0.025,,,,,,,,,,,,,,,,
1642259,Alex Sarr,1610612764,WAS,C,21.0,48,48,0.729,,,,,,2 Pointers,Regular Season,314.0,591.0,0.531,0.558,-0.027,,,,,,,,,,,,,,,,
1629674,Neemias Queta,1610612738,BOS,C,26.0,75,74,0.646,,,,,,2 Pointers,Regular Season,265.0,583.0,0.455,0.56,-0.105,,,,,,,,,,,,,,,,
1628401,Derrick White,1610612738,BOS,G,31.0,77,77,0.549,,,,,,2 Pointers,Regular Season,280.0,573.0,0.489,0.538,-0.05,,,,,,,,,,,,,,,,
1631095,Jabari Smith Jr.,1610612745,HOU,F,23.0,77,77,0.601,,,,,,2 Pointers,Regular Season,294.0,573.0,0.513,0.547,-0.034,,,,,,,,,,,,,,,,
1631105,Jalen Duren,1610612765,DET,C,22.0,70,70,0.666,,,,,,2 Pointers,Regular Season,305.0,572.0,0.533,0.558,-0.025,,,,,,,,,,,,,,,,
201572,Brook Lopez,1610612746,LAC,C,38.0,75,75,0.722,,,,,,2 Pointers,Regular Season,271.0,570.0,0.475,0.563,-0.088,,,,,,,,,,,,,,,,
1631094,Paolo Banchero,1610612753,ORL,F,23.0,72,72,0.598,,,,,,2 Pointers,Regular Season,324.0,567.0,0.571,0.552,0.02,,,,,,,,,,,,,,,,
1629651,Nic Claxton,1610612751,BKN,C,27.0,69,69,0.671,,,,,,2 Pointers,Regular Season,282.0,563.0,0.501,0.555,-0.054,,,,,,,,,,,,,,,,
1641750,Ryan Kalkbrenner,1610612766,CHA,C,24.0,69,69,0.701,,,,,,2 Pointers,Regular Season,264.0,558.0,0.473,0.56,-0.087,,,,,,,,,,,,,,,,
1626157,Karl-Anthony Towns,1610612752,NYK,C-F,30.0,75,75,0.612,,,,,,2 Pointers,Regular Season,280.0,557.0,0.503,0.559,-0.056,,,,,,,,,,,,,,,,
1642843,Cooper Flagg,1610612742,DAL,F,19.0,70,70,0.574,,,,,,2 Pointers,Regular Season,290.0,541.0,0.536,0.554,-0.017,,,,,,,,,,,,,,,,
1642345,Oso Ighodaro,1610612756,PHX,F,23.0,82,82,0.701,,,,,,2 Pointers,Regular Season,266.0,538.0,0.494,0.55,-0.056,,,,,,,,,,,,,,,,
1630173,Precious Achiuwa,1610612758,SAC,F,26.0,73,73,0.624,,,,,,2 Pointers,Regular Season,288.0,520.0,0.554,0.559,-0.005,,,,,,,,,,,,,,,,
1642271,Kyle Filipowski,1610612762,UTA,C,22.0,77,76,0.584,,,,,,2 Pointers,Regular Season,327.0,518.0,0.631,0.558,0.074,,,,,,,,,,,,,,,,
1628969,Mikal Bridges,1610612752,NYK,G-F,29.0,81,81,0.602,,,,,,2 Pointers,Regular Season,277.0,516.0,0.537,0.544,-0.007,,,,,,,,,,,,,,,,
1630572,Sandro Mamukelashvili,1610612761,TOR,F-C,27.0,80,80,0.659,,,,,,2 Pointers,Regular Season,291.0,515.0,0.565,0.543,0.022,,,,,,,,,,,,,,,,
203952,Andrew Wiggins,1610612748,MIA,F,31.0,68,68,0.565,,,,,,2 Pointers,Regular Season,269.0,514.0,0.523,0.547,-0.024,,,,,,,,,,,,,,,,
1631109,Mark Williams,1610612756,PHX,C,24.0,60,60,0.684,,,,,,2 Pointers,Regular Season,296.0,513.0,0.577,0.559,0.018,,,,,,,,,,,,,,,,
203944,Julius Randle,1610612750,MIN,F-C,31.0,79,79,0.612,,,,,,2 Pointers,Regular Season,291.0,512.0,0.568,0.554,0.015,,,,,,,,,,,,,,,,
1631230,Dominick Barlow,1610612755,PHI,F,23.0,71,71,0.64,,,,,,2 Pointers,Regular Season,271.0,511.0,0.53,0.549,-0.019,,,,,,,,,,,,,,,,
1629638,Nickeil Alexander-Walker,1610612737,ATL,G,27.0,78,76,0.579,,,,,,2 Pointers,Regular Season,298.0,507.0,0.588,0.535,0.052,,,,,,,,,,,,,,,,
1630700,Dyson Daniels,1610612737,ATL,G,23.0,76,76,0.549,,,,,,2 Pointers,Regular Season,293.0,505.0,0.58,0.544,0.037,,,,,,,,,,,,,,,,
203110,Draymond Green,1610612744,GSW,F,36.0,68,67,0.624,,,,,,2 Pointers,Regular Season,267.0,504.0,0.53,0.565,-0.035,,,,,,,,,,,,,,,,
1641730,Noah Clowney,1610612751,BKN,F-C,21.0,66,66,0.628,,,,,,2 Pointers,Regular Season,286.0,500.0,0.572,0.552,0.02,,,,,,,,,,,,,,,,
1631222,Jake LaRavia,1610612747,LAL,F,24.0,82,82,0.597,,,,,,2 Pointers,Regular Season,288.0,497.0,0.579,0.547,0.033,,,,,,,,,,,,,,,,
1629029,Luka Dončić,1610612747,LAL,F-G,27.0,64,64,0.537,,,,,,2 Pointers,Regular Season,299.0,484.0,0.618,0.55,0.068,,,,,,,,,,,,,,,,
1630166,Deni Avdija,1610612757,POR,F,25.0,66,65,0.653,,,,,,2 Pointers,Regular Season,258.0,481.0,0.536,0.544,-0.008,,,,,,,,,,,,,,,,
1629655,Daniel Gafford,1610612742,DAL,F-C,27.0,55,55,0.69,,,,,,2 Pointers,Regular Season,254.0,478.0,0.531,0.558,-0.027,,,,,,,,,,,,,,,,
1627826,Ivica Zubac,1610612754,IND,C,29.0,48,48,0.718,,,,,,2 Pointers,Regular Season,220.0,477.0,0.461,0.565,-0.103,,,,,,,,,,,,,,,,
1630552,Jalen Johnson,1610612737,ATL,F,24.0,72,72,0.599,,,,,,2 Pointers,Regular Season,282.0,473.0,0.596,0.556,0.04,,,,,,,,,,,,,,,,
1642263,Reed Sheppard,1610612745,HOU,G,22.0,82,80,0.566,,,,,,2 Pointers,Regular Season,275.0,472.0,0.583,0.537,0.046,,,,,,,,,,,,,,,,
1628386,Jarrett Allen,1610612739,CLE,C,28.0,56,56,0.698,,,,,,2 Pointers,Regular Season,242.0,471.0,0.514,0.561,-0.047,,,,,,,,,,,,,,,,
1642845,VJ Edgecombe,1610612755,PHI,G,20.0,75,74,0.537,,,,,,2 Pointers,Regular Season,257.0,469.0,0.548,0.54,0.008,,,,,,,,,,,,,,,,
1642274,Yves Missi,1610612740,NOP,C,22.0,66,65,0.643,,,,,,2 Pointers,Regular Season,219.0,468.0,0.468,0.554,-0.086,,,,,,,,,,,,,,,,
1629675,Naz Reid,1610612750,MIN,C-F,26.0,77,76,0.625,,,,,,2 Pointers,Regular Season,233.0,464.0,0.502,0.553,-0.051,,,,,,,,,,,,,,,,
1631170,Jaime Jaquez Jr.,1610612748,MIA,G,25.0,75,74,0.553,,,,,,2 Pointers,Regular Season,264.0,463.0,0.57,0.543,0.028,,,,,,,,,,,,,,,,
1631108,Max Christie,1610612742,DAL,G,23.0,77,76,0.592,,,,,,2 Pointers,Regular Season,261.0,461.0,0.566,0.541,0.025,,,,,,,,,,,,,,,,
201142,Kevin Durant,1610612745,HOU,F,37.0,78,78,0.531,,,,,,2 Pointers,Regular Season,221.0,458.0,0.483,0.546,-0.063,,,,,,,,,,,,,,,,
1629023,P.J. Washington,1610612742,DAL,F,27.0,56,56,0.615,,,,,,2 Pointers,Regular Season,248.0,457.0,0.543,0.549,-0.007,,,,,,,,,,,,,,,,
1627750,Jamal Murray,1610612743,DEN,G,29.0,75,75,0.491,,,,,,2 Pointers,Regular Season,264.0,457.0,0.578,0.539,0.039,,,,,,,,,,,,,,,,
1630577,Julian Champagnie,1610612759,SAS,F,25.0,82,80,0.589,,,,,,2 Pointers,Regular Season,259.0,456.0,0.568,0.544,0.024,,,,,,,,,,,,,,,,
1642366,Quinten Post,1610612744,GSW,C,26.0,67,66,0.689,,,,,,2 Pointers,Regular Season,226.0,445.0,0.508,0.551,-0.043,,,,,,,,,,,,,,,,
1627783,Pascal Siakam,1610612754,IND,F,32.0,62,62,0.581,,,,,,2 Pointers,Regular Season,257.0,444.0,0.579,0.555,0.024,,,,,,,,,,,,,,,,
1628978,Donte DiVincenzo,1610612750,MIN,G,29.0,82,80,0.568,,,,,,2 Pointers,Regular Season,236.0,439.0,0.538,0.538,0.0,,,,,,,,,,,,,,,,
1628970,Miles Bridges,1610612766,CHA,F,28.0,77,77,0.549,,,,,,2 Pointers,Regular Season,246.0,439.0,0.56,0.549,0.011,,,,,,,,,,,,,,,,
1631260,AJ Green,1610612749,MIL,G,26.0,78,77,0.512,,,,,,2 Pointers,Regular Season,258.0,438.0,0.589,0.538,0.051,,,,,,,,,,,,,,,,
1631221,Collin Gillespie,1610612756,PHX,G,27.0,80,80,0.577,,,,,,2 Pointers,Regular Season,266.0,436.0,0.61,0.543,0.067,,,,,,,,,,,,,,,,
1631157,Ryan Rollins,1610612749,MIL,G,23.0,74,74,0.509,,,,,,2 Pointers,Regular Season,239.0,433.0,0.552,0.537,0.015,,,,,,,,,,,,,,,,
1630530,Trey Murphy III,1610612740,NOP,F,26.0,66,66,0.527,,,,,,2 Pointers,Regular Season,273.0,431.0,0.633,0.55,0.083,,,,,,,,,,,,,,,,
1629111,Jock Landale,1610612737,ATL,C,30.0,68,68,0.695,,,,,,2 Pointers,Regular Season,238.0,427.0,0.557,0.556,0.002,,,,,,,,,,,,,,,,
1630191,Isaiah Stewart,1610612765,DET,F-C,25.0,58,57,0.646,,,,,,2 Pointers,Regular Season,174.0,426.0,0.408,0.543,-0.134,,,,,,,,,,,,,,,,
1630595,Cade Cunningham,1610612765,DET,G,24.0,64,62,0.535,,,,,,2 Pointers,Regular Season,226.0,423.0,0.534,0.542,-0.008,,,,,,,,,,,,,,,,
1628404,Josh Hart,1610612752,NYK,G,31.0,66,66,0.522,,,,,,2 Pointers,Regular Season,247.0,422.0,0.585,0.549,0.037,,,,,,,,,,,,,,,,
1628991,Jaren Jackson Jr.,1610612762,UTA,F-C,26.0,48,48,0.598,,,,,,2 Pointers,Regular Season,204.0,421.0,0.485,0.552,-0.067,,,,,,,,,,,,,,,,
1631119,Jaylin Williams,1610612760,OKC,F,24.0,64,64,0.648,,,,,,2 Pointers,Regular Season,197.0,417.0,0.472,0.554,-0.082,,,,,,,,,,,,,,,,
1641708,Amen Thompson,1610612745,HOU,G-F,23.0,79,78,0.573,,,,,,2 Pointers,Regular Season,204.0,413.0,0.494,0.545,-0.051,,,,,,,,,,,,,,,,
1628384,OG Anunoby,1610612752,NYK,F-G,28.0,66,66,0.526,,,,,,2 Pointers,Regular Season,210.0,413.0,0.508,0.544,-0.036,,,,,,,,,,,,,,,,
1641737,Adem Bona,1610612755,PHI,F,23.0,71,69,0.664,,,,,,2 Pointers,Regular Season,197.0,411.0,0.479,0.559,-0.08,,,,,,,,,,,,,,,,
1630217,Desmond Bane,1610612753,ORL,G,28.0,82,82,0.514,,,,,,2 Pointers,Regular Season,232.0,410.0,0.566,0.541,0.025,,,,,,,,,,,,,,,,
1641710,Anthony Black,1610612753,ORL,G,22.0,63,63,0.576,,,,,,2 Pointers,Regular Season,236.0,402.0,0.587,0.539,0.049,,,,,,,,,,,,,,,,
203954,Joel Embiid,1610612755,PHI,C-F,32.0,38,38,0.714,,,,,,2 Pointers,Regular Season,201.0,399.0,0.504,0.554,-0.05,,,,,,,,,,,,,,,,
1642264,Stephon Castle,1610612759,SAS,G,21.0,68,68,0.575,,,,,,2 Pointers,Regular Season,203.0,398.0,0.51,0.54,-0.03,,,,,,,,,,,,,,,,
1642846,Ace Bailey,1610612762,UTA,F,19.0,72,72,0.543,,,,,,2 Pointers,Regular Season,213.0,394.0,0.541,0.548,-0.007,,,,,,,,,,,,,,,,
1626171,Bobby Portis Jr.,1610612749,MIL,F,31.0,67,66,0.59,,,,,,2 Pointers,Regular Season,245.0,392.0,0.625,0.555,0.07,,,,,,,,,,,,,,,,
1628963,Marvin Bagley III,1610612742,DAL,F,27.0,60,60,0.668,,,,,,2 Pointers,Regular Season,202.0,392.0,0.515,0.563,-0.048,,,,,,,,,,,,,,,,
203468,CJ McCollum,1610612737,ATL,G,34.0,76,76,0.497,,,,,,2 Pointers,Regular Season,215.0,392.0,0.548,0.536,0.013,,,,,,,,,,,,,,,,
1641783,Tristan da Silva,1610612753,ORL,F,25.0,76,75,0.58,,,,,,2 Pointers,Regular Season,232.0,391.0,0.593,0.543,0.05,,,,,,,,,,,,,,,,
1626220,Royce O'Neale,1610612756,PHX,F,33.0,78,77,0.549,,,,,,2 Pointers,Regular Season,239.0,390.0,0.613,0.555,0.058,,,,,,,,,,,,,,,,
1631212,Peyton Watson,1610612743,DEN,G,23.0,54,53,0.606,,,,,,2 Pointers,Regular Season,216.0,390.0,0.554,0.54,0.014,,,,,,,,,,,,,,,,
1627751,Jakob Poeltl,1610612761,TOR,C,30.0,46,46,0.711,,,,,,2 Pointers,Regular Season,202.0,389.0,0.519,0.555,-0.035,,,,,,,,,,,,,,,,
1627742,Brandon Ingram,1610612761,TOR,F,28.0,77,75,0.531,,,,,,2 Pointers,Regular Season,209.0,384.0,0.544,0.549,-0.004,,,,,,,,,,,,,,,,
203083,Andre Drummond,1610612755,PHI,C,32.0,63,63,0.692,,,,,,2 Pointers,Regular Season,209.0,384.0,0.544,0.562,-0.018,,,,,,,,,,,,,,,,
201942,DeMar DeRozan,1610612758,SAC,G-F,36.0,77,76,0.584,,,,,,2 Pointers,Regular Season,239.0,381.0,0.627,0.552,0.075,,,,,,,,,,,,,,,,
1642883,Sion James,1610612766,CHA,G,23.0,82,79,0.593,,,,,,2 Pointers,Regular Season,201.0,379.0,0.53,0.541,-0.011,,,,,,,,,,,,,,,,
1641706,Brandon Miller,1610612766,CHA,F,23.0,65,64,0.553,,,,,,2 Pointers,Regular Season,201.0,379.0,0.53,0.543,-0.013,,,,,,,,,,,,,,,,
1642363,Nique Clifford,1610612758,SAC,G,24.0,75,73,0.551,,,,,,2 Pointers,Regular Season,212.0,375.0,0.565,0.542,0.024,,,,,,,,,,,,,,,,
1642847,Jeremiah Fears,1610612740,NOP,G,19.0,82,78,0.474,,,,,,2 Pointers,Regular Season,215.0,374.0,0.575,0.538,0.037,,,,,,,,,,,,,,,,
1628381,John Collins,1610612746,LAC,F-C,28.0,69,69,0.514,,,,,,2 Pointers,Regular Season,206.0,373.0,0.552,0.552,0.0,,,,,,,,,,,,,,,,
1642267,Bub Carrington,1610612764,WAS,G,20.0,82,81,0.564,,,,,,2 Pointers,Regular Season,236.0,368.0,0.641,0.538,0.104,,,,,,,,,,,,,,,,
1627739,Kris Dunn,1610612746,LAC,G,32.0,82,82,0.477,,,,,,2 Pointers,Regular Season,199.0,367.0,0.542,0.541,0.002,,,,,,,,,,,,,,,,
1629060,Rui Hachimura,1610612747,LAL,F,28.0,68,68,0.595,,,,,,2 Pointers,Regular Season,235.0,367.0,0.64,0.549,0.092,,,,,,,,,,,,,,,,
1642273,Kyshawn George,1610612764,WAS,F,22.0,48,48,0.527,,,,,,2 Pointers,Regular Season,196.0,367.0,0.534,0.547,-0.013,,,,,,,,,,,,,,,,
1628368,De'Aaron Fox,1610612759,SAS,G,28.0,72,70,0.485,,,,,,2 Pointers,Regular Season,197.0,365.0,0.54,0.536,0.004,,,,,,,,,,,,,,,,
1630558,Davion Mitchell,1610612748,MIA,G,27.0,70,70,0.508,,,,,,2 Pointers,Regular Season,218.0,365.0,0.597,0.532,0.065,,,,,,,,,,,,,,,,
1641717,Cason Wallace,1610612760,OKC,G,22.0,77,77,0.477,,,,,,2 Pointers,Regular Season,189.0,365.0,0.518,0.537,-0.019,,,,,,,,,,,,,,,,
1630171,Isaac Okoro,1610612741,CHI,F-G,25.0,62,61,0.566,,,,,,2 Pointers,Regular Season,190.0,365.0,0.521,0.548,-0.027,,,,,,,,,,,,,,,,
1641764,Brandin Podziemski,1610612744,GSW,G,23.0,82,81,0.569,,,,,,2 Pointers,Regular Season,212.0,365.0,0.581,0.549,0.032,,,,,,,,,,,,,,,,
1630230,Naji Marshall,1610612742,DAL,F,28.0,74,73,0.537,,,,,,2 Pointers,Regular Season,226.0,364.0,0.621,0.549,0.072,,,,,,,,,,,,,,,,
1630573,Sam Hauser,1610612738,BOS,F,28.0,78,76,0.525,,,,,,2 Pointers,Regular Season,186.0,362.0,0.514,0.538,-0.024,,,,,,,,,,,,,,,,
1641716,Jarace Walker,1610612754,IND,F,22.0,76,74,0.602,,,,,,2 Pointers,Regular Season,214.0,362.0,0.591,0.545,0.046,,,,,,,,,,,,,,,,
1628971,Bruce Brown,1610612743,DEN,G-F,29.0,81,80,0.511,,,,,,2 Pointers,Regular Season,210.0,361.0,0.582,0.536,0.046,,,,,,,,,,,,,,,,
1629130,Duncan Robinson,1610612765,DET,F,32.0,77,77,0.554,,,,,,2 Pointers,Regular Season,189.0,359.0,0.526,0.536,-0.01,,,,,,,,,,,,,,,,
1629057,Robert Williams III,1610612757,POR,C-F,28.0,59,58,0.687,,,,,,2 Pointers,Regular Season,162.0,355.0,0.456,0.557,-0.101,,,,,,,,,,,,,,,,
201935,James Harden,1610612739,CLE,G,36.0,70,69,0.514,,,,,,2 Pointers,Regular Season,204.0,354.0,0.576,0.541,0.035,,,,,,,,,,,,,,,,
1629656,Quentin Grimes,1610612755,PHI,G,26.0,75,71,0.522,,,,,,2 Pointers,Regular Season,201.0,353.0,0.569,0.54,0.029,,,,,,,,,,,,,,,,
1626164,Devin Booker,1610612756,PHX,G,29.0,64,64,0.558,,,,,,2 Pointers,Regular Season,193.0,352.0,0.548,0.543,0.005,,,,,,,,,,,,,,,,
1628983,Shai Gilgeous-Alexander,1610612760,OKC,G,27.0,68,67,0.521,,,,,,2 Pointers,Regular Season,172.0,352.0,0.489,0.545,-0.057,,,,,,,,,,,,,,,,
1630611,Gui Santos,1610612744,GSW,F,24.0,66,66,0.616,,,,,,2 Pointers,Regular Season,195.0,349.0,0.559,0.541,0.018,,,,,,,,,,,,,,,,
1630162,Anthony Edwards,1610612750,MIN,G,24.0,61,60,0.53,,,,,,2 Pointers,Regular Season,179.0,349.0,0.513,0.546,-0.033,,,,,,,,,,,,,,,,
1630581,Josh Giddey,1610612741,CHI,G,23.0,54,54,0.544,,,,,,2 Pointers,Regular Season,204.0,349.0,0.585,0.545,0.039,,,,,,,,,,,,,,,,
1628973,Jalen Brunson,1610612752,NYK,G,29.0,73,72,0.434,,,,,,2 Pointers,Regular Season,224.0,348.0,0.644,0.539,0.104,,,,,,,,,,,,,,,,
1629731,Dean Wade,1610612739,CLE,F-C,29.0,58,57,0.64,,,,,,2 Pointers,Regular Season,179.0,348.0,0.514,0.539,-0.025,,,,,,,,,,,,,,,,
1630178,Tyrese Maxey,1610612755,PHI,G,25.0,70,70,0.457,,,,,,2 Pointers,Regular Season,191.0,347.0,0.55,0.539,0.011,,,,,,,,,,,,,,,,
203994,Jusuf Nurkić,1610612762,UTA,C,31.0,41,41,0.646,,,,,,2 Pointers,Regular Season,199.0,347.0,0.573,0.57,0.004,,,,,,,,,,,,,,,,
1641709,Ausar Thompson,1610612765,DET,G-F,23.0,73,71,0.501,,,,,,2 Pointers,Regular Season,170.0,346.0,0.491,0.546,-0.054,,,,,,,,,,,,,,,,
1641796,Pelle Larsson,1610612748,MIA,G,25.0,70,69,0.558,,,,,,2 Pointers,Regular Season,184.0,346.0,0.532,0.537,-0.006,,,,,,,,,,,,,,,,
1642907,Cedric Coward,1610612763,MEM,G,22.0,62,62,0.527,,,,,,2 Pointers,Regular Season,198.0,345.0,0.574,0.548,0.026,,,,,,,,,,,,,,,,
1629640,Keldon Johnson,1610612759,SAS,F-G,26.0,82,80,0.61,,,,,,2 Pointers,Regular Season,177.0,343.0,0.516,0.548,-0.032,,,,,,,,,,,,,,,,
1630568,Luka Garza,1610612738,BOS,C,27.0,68,67,0.629,,,,,,2 Pointers,Regular Season,185.0,343.0,0.539,0.555,-0.016,,,,,,,,,,,,,,,,
1630695,Micah Potter,1610612754,IND,C,28.0,45,44,0.695,,,,,,2 Pointers,Regular Season,212.0,342.0,0.62,0.559,0.061,,,,,,,,,,,,,,,,
1630559,Austin Reaves,1610612747,LAL,G,28.0,51,50,0.588,,,,,,2 Pointers,Regular Season,203.0,341.0,0.595,0.541,0.054,,,,,,,,,,,,,,,,
1642377,Jaylen Wells,1610612763,MEM,F,22.0,69,68,0.525,,,,,,2 Pointers,Regular Season,205.0,337.0,0.608,0.541,0.067,,,,,,,,,,,,,,,,
203501,Tim Hardaway Jr.,1610612743,DEN,G-F,34.0,79,73,0.488,,,,,,2 Pointers,Regular Season,203.0,336.0,0.604,0.543,0.061,,,,,,,,,,,,,,,,
1630170,Devin Vassell,1610612759,SAS,G-F,25.0,67,66,0.612,,,,,,2 Pointers,Regular Season,164.0,335.0,0.49,0.538,-0.048,,,,,,,,,,,,,,,,
1642867,Collin Murray-Boyles,1610612761,TOR,F,21.0,57,56,0.61,,,,,,2 Pointers,Regular Season,165.0,335.0,0.493,0.556,-0.064,,,,,,,,,,,,,,,,
1630541,Moses Moody,1610612744,GSW,G,24.0,60,59,0.581,,,,,,2 Pointers,Regular Season,180.0,333.0,0.541,0.541,-0.001,,,,,,,,,,,,,,,,
1642928,Dylan Cardwell,1610612758,SAC,C,24.0,44,44,0.767,,,,,,2 Pointers,Regular Season,157.0,333.0,0.471,0.562,-0.091,,,,,,,,,,,,,,,,
1630193,Immanuel Quickley,1610612761,TOR,G,27.0,70,70,0.527,,,,,,2 Pointers,Regular Season,182.0,332.0,0.548,0.538,0.01,,,,,,,,,,,,,,,,
1630543,Isaiah Jackson,1610612746,LAC,F,24.0,54,54,0.691,,,,,,2 Pointers,Regular Season,182.0,331.0,0.55,0.562,-0.012,,,,,,,,,,,,,,,,
1628398,Kyle Kuzma,1610612749,MIL,F,30.0,69,68,0.56,,,,,,2 Pointers,Regular Season,165.0,329.0,0.502,0.548,-0.046,,,,,,,,,,,,,,,,
1628392,Isaiah Hartenstein,1610612760,OKC,C-F,28.0,47,47,0.662,,,,,,2 Pointers,Regular Season,155.0,329.0,0.471,0.56,-0.089,,,,,,,,,,,,,,,,
1630188,Jalen Smith,1610612741,CHI,F-C,26.0,53,53,0.678,,,,,,2 Pointers,Regular Season,171.0,327.0,0.523,0.55,-0.027,,,,,,,,,,,,,,,,
203939,Dwight Powell,1610612742,DAL,F-C,34.0,57,54,0.733,,,,,,2 Pointers,Regular Season,185.0,327.0,0.566,0.564,0.001,,,,,,,,,,,,,,,,
1629637,Jaxson Hayes,1610612747,LAL,C-F,26.0,66,64,0.61,,,,,,2 Pointers,Regular Season,158.0,327.0,0.483,0.548,-0.065,,,,,,,,,,,,,,,,
203084,Harrison Barnes,1610612759,SAS,F,34.0,77,75,0.523,,,,,,2 Pointers,Regular Season,195.0,325.0,0.6,0.546,0.054,,,,,,,,,,,,,,,,
1628989,Kevin Huerter,1610612765,DET,G-F,27.0,68,66,0.585,,,,,,2 Pointers,Regular Season,173.0,324.0,0.534,0.538,-0.004,,,,,,,,,,,,,,,,
1629048,Goga Bitadze,1610612753,ORL,C-F,26.0,63,61,0.704,,,,,,2 Pointers,Regular Season,162.0,324.0,0.5,0.551,-0.051,,,,,,,,,,,,,,,,
1630174,Aaron Nesmith,1610612754,IND,G-F,26.0,45,45,0.606,,,,,,2 Pointers,Regular Season,178.0,324.0,0.549,0.554,-0.005,,,,,,,,,,,,,,,,
1630583,Santi Aldama,1610612763,MEM,F-C,25.0,43,43,0.585,,,,,,2 Pointers,Regular Season,178.0,324.0,0.549,0.562,-0.013,,,,,,,,,,,,,,,,
1629628,RJ Barrett,1610612761,TOR,F-G,26.0,57,56,0.527,,,,,,2 Pointers,Regular Season,189.0,323.0,0.585,0.547,0.038,,,,,,,,,,,,,,,,
1642874,Danny Wolf,1610612751,BKN,F,22.0,57,56,0.664,,,,,,2 Pointers,Regular Season,171.0,322.0,0.531,0.549,-0.018,,,,,,,,,,,,,,,,
202695,Kawhi Leonard,1610612746,LAC,F,35.0,65,63,0.51,,,,,,2 Pointers,Regular Season,215.0,322.0,0.668,0.558,0.109,,,,,,,,,,,,,,,,
203991,Clint Capela,1610612745,HOU,C,32.0,73,70,0.706,,,,,,2 Pointers,Regular Season,142.0,320.0,0.444,0.556,-0.112,,,,,,,,,,,,,,,,
1642258,Zaccharie Risacher,1610612737,ATL,F,21.0,67,65,0.581,,,,,,2 Pointers,Regular Season,179.0,320.0,0.559,0.54,0.019,,,,,,,,,,,,,,,,
1642281,Jaylon Tyson,1610612739,CLE,G-F,23.0,66,66,0.511,,,,,,2 Pointers,Regular Season,169.0,320.0,0.528,0.532,-0.004,,,,,,,,,,,,,,,,
1630245,Ayo Dosunmu,1610612750,MIN,G,26.0,69,68,0.574,,,,,,2 Pointers,Regular Season,173.0,318.0,0.544,0.536,0.008,,,,,,,,,,,,,,,,
1630551,Justin Champagnie,1610612764,WAS,G-F,25.0,67,63,0.58,,,,,,2 Pointers,Regular Season,180.0,316.0,0.57,0.551,0.019,,,,,,,,,,,,,,,,
1630202,Payton Pritchard,1610612738,BOS,G,28.0,79,78,0.488,,,,,,2 Pointers,Regular Season,173.0,316.0,0.547,0.534,0.013,,,,,,,,,,,,,,,,
1627759,Jaylen Brown,1610612738,BOS,G-F,29.0,71,66,0.429,,,,,,2 Pointers,Regular Season,165.0,313.0,0.527,0.543,-0.015,,,,,,,,,,,,,,,,
1642860,Will Riley,1610612764,WAS,F,20.0,71,69,0.633,,,,,,2 Pointers,Regular Season,181.0,312.0,0.58,0.554,0.026,,,,,,,,,,,,,,,,
1642461,Spencer Jones,1610612743,DEN,F,25.0,62,57,0.614,,,,,,2 Pointers,Regular Season,169.0,309.0,0.547,0.539,0.008,,,,,,,,,,,,,,,,
1630194,Paul Reed,1610612765,DET,F,27.0,62,61,0.677,,,,,,2 Pointers,Regular Season,142.0,306.0,0.464,0.561,-0.097,,,,,,,,,,,,,,,,
1631255,Karlo Matković,1610612740,NOP,F-C,25.0,61,61,0.657,,,,,,2 Pointers,Regular Season,161.0,305.0,0.528,0.556,-0.028,,,,,,,,,,,,,,,,
1630172,Patrick Williams,1610612741,CHI,F,24.0,71,71,0.569,,,,,,2 Pointers,Regular Season,172.0,304.0,0.566,0.549,0.017,,,,,,,,,,,,,,,,
1626162,Kelly Oubre Jr.,1610612755,PHI,F-G,30.0,50,49,0.549,,,,,,2 Pointers,Regular Season,184.0,304.0,0.605,0.546,0.06,,,,,,,,,,,,,,,,
1629614,Andrew Nembhard,1610612754,IND,G-F,26.0,57,56,0.58,,,,,,2 Pointers,Regular Season,186.0,303.0,0.614,0.536,0.078,,,,,,,,,,,,,,,,
1629011,Mitchell Robinson,1610612752,NYK,C-F,28.0,60,59,0.613,,,,,,2 Pointers,Regular Season,144.0,303.0,0.475,0.555,-0.08,,,,,,,,,,,,,,,,
1642266,Ja'Kobe Walter,1610612761,TOR,G,21.0,72,69,0.57,,,,,,2 Pointers,Regular Season,190.0,301.0,0.631,0.536,0.095,,,,,,,,,,,,,,,,
202699,Tobias Harris,1610612765,DET,F,33.0,63,63,0.566,,,,,,2 Pointers,Regular Season,156.0,301.0,0.518,0.544,-0.025,,,,,,,,,,,,,,,,
1631243,Mouhamed Gueye,1610612737,ATL,F,23.0,74,70,0.627,,,,,,2 Pointers,Regular Season,150.0,301.0,0.498,0.553,-0.055,,,,,,,,,,,,,,,,
1642262,Cody Williams,1610612762,UTA,F,21.0,65,63,0.58,,,,,,2 Pointers,Regular Season,170.0,301.0,0.565,0.542,0.023,,,,,,,,,,,,,,,,
1630591,Jalen Suggs,1610612753,ORL,G,25.0,57,57,0.545,,,,,,2 Pointers,Regular Season,169.0,299.0,0.565,0.541,0.024,,,,,,,,,,,,,,,,
1630598,Aaron Wiggins,1610612760,OKC,G,27.0,64,63,0.559,,,,,,2 Pointers,Regular Season,149.0,299.0,0.498,0.543,-0.044,,,,,,,,,,,,,,,,
1631106,Tari Eason,1610612745,HOU,F,25.0,60,60,0.587,,,,,,2 Pointers,Regular Season,150.0,298.0,0.503,0.548,-0.044,,,,,,,,,,,,,,,,
1628379,Luke Kennard,1610612747,LAL,G,30.0,77,70,0.578,,,,,,2 Pointers,Regular Season,161.0,297.0,0.542,0.543,-0.001,,,,,,,,,,,,,,,,
1631165,Keon Ellis,1610612739,CLE,G,26.0,72,70,0.53,,,,,,2 Pointers,Regular Season,163.0,297.0,0.549,0.542,0.006,,,,,,,,,,,,,,,,
1641713,GG Jackson,1610612763,MEM,F,21.0,51,51,0.608,,,,,,2 Pointers,Regular Season,164.0,296.0,0.554,0.551,0.003,,,,,,,,,,,,,,,,
1629008,Michael Porter Jr.,1610612751,BKN,F,28.0,52,52,0.615,,,,,,2 Pointers,Regular Season,179.0,295.0,0.607,0.555,0.051,,,,,,,,,,,,,,,,
1629652,Luguentz Dort,1610612760,OKC,G,27.0,69,68,0.462,,,,,,2 Pointers,Regular Season,155.0,295.0,0.525,0.542,-0.016,,,,,,,,,,,,,,,,
202685,Jonas Valanciunas,1610612743,DEN,C,34.0,63,60,0.723,,,,,,2 Pointers,Regular Season,151.0,295.0,0.512,0.552,-0.04,,,,,,,,,,,,,,,,
1642383,Walter Clayton Jr.,1610612763,MEM,G,23.0,69,68,0.502,,,,,,2 Pointers,Regular Season,168.0,294.0,0.571,0.539,0.033,,,,,,,,,,,,,,,,
201143,Al Horford,1610612744,GSW,C-F,40.0,45,45,0.634,,,,,,2 Pointers,Regular Season,151.0,291.0,0.519,0.554,-0.035,,,,,,,,,,,,,,,,
1629723,John Konchar,1610612762,UTA,G,30.0,56,56,0.624,,,,,,2 Pointers,Regular Season,164.0,290.0,0.566,0.541,0.024,,,,,,,,,,,,,,,,
1629627,Zion Williamson,1610612740,NOP,F,25.0,62,62,0.49,,,,,,2 Pointers,Regular Season,160.0,288.0,0.556,0.555,0.0,,,,,,,,,,,,,,,,
1630314,Brandon Williams,1610612742,DAL,G,26.0,66,65,0.553,,,,,,2 Pointers,Regular Season,177.0,288.0,0.615,0.531,0.084,,,,,,,,,,,,,,,,
1628378,Donovan Mitchell,1610612739,CLE,G,29.0,70,70,0.469,,,,,,2 Pointers,Regular Season,171.0,288.0,0.594,0.547,0.047,,,,,,,,,,,,,,,,
1641729,Brice Sensabaugh,1610612762,UTA,F,22.0,74,71,0.475,,,,,,2 Pointers,Regular Season,183.0,286.0,0.64,0.551,0.089,,,,,,,,,,,,,,,,
1628415,Dillon Brooks,1610612756,PHX,G-F,30.0,55,55,0.503,,,,,,2 Pointers,Regular Season,162.0,285.0,0.568,0.548,0.02,,,,,,,,,,,,,,,,
1628374,Lauri Markkanen,1610612762,UTA,F-C,29.0,42,42,0.597,,,,,,2 Pointers,Regular Season,159.0,284.0,0.56,0.548,0.012,,,,,,,,,,,,,,,,
1630200,Tre Jones,1610612741,CHI,G,26.0,65,63,0.565,,,,,,2 Pointers,Regular Season,158.0,282.0,0.56,0.53,0.03,,,,,,,,,,,,,,,,
1629611,Terance Mann,1610612751,BKN,G-F,29.0,63,62,0.572,,,,,,2 Pointers,Regular Season,172.0,281.0,0.612,0.538,0.074,,,,,,,,,,,,,,,,
1641757,Jordan Miller,1610612746,LAC,G,26.0,60,59,0.559,,,,,,2 Pointers,Regular Season,163.0,281.0,0.58,0.547,0.033,,,,,,,,,,,,,,,,
1627884,Derrick Jones Jr.,1610612746,LAC,F,29.0,50,50,0.599,,,,,,2 Pointers,Regular Season,134.0,281.0,0.477,0.543,-0.066,,,,,,,,,,,,,,,,
1630180,Saddiq Bey,1610612740,NOP,G-F,27.0,72,71,0.496,,,,,,2 Pointers,Regular Season,168.0,280.0,0.6,0.558,0.042,,,,,,,,,,,,,,,,
1630549,Day'Ron Sharpe,1610612751,BKN,C,24.0,62,62,0.651,,,,,,2 Pointers,Regular Season,157.0,280.0,0.561,0.545,0.016,,,,,,,,,,,,,,,,
1629661,Cameron Johnson,1610612743,DEN,F,30.0,54,54,0.518,,,,,,2 Pointers,Regular Season,144.0,279.0,0.516,0.546,-0.03,,,,,,,,,,,,,,,,
1642364,Jamir Watkins,1610612764,WAS,F,24.0,48,47,0.63,,,,,,2 Pointers,Regular Season,161.0,278.0,0.579,0.556,0.023,,,,,,,,,,,,,,,,
1631248,Baylor Scheierman,1610612738,BOS,G,25.0,74,66,0.57,,,,,,2 Pointers,Regular Season,147.0,278.0,0.529,0.541,-0.012,,,,,,,,,,,,,,,,
1630249,Vít Krejčí,1610612757,POR,G,26.0,65,64,0.579,,,,,,2 Pointers,Regular Season,151.0,276.0,0.547,0.529,0.018,,,,,,,,,,,,,,,,
1642856,Egor Dëmin,1610612751,BKN,G,20.0,52,51,0.626,,,,,,2 Pointers,Regular Season,164.0,275.0,0.596,0.545,0.051,,,,,,,,,,,,,,,,
1642844,Dylan Harper,1610612759,SAS,G,20.0,69,67,0.622,,,,,,2 Pointers,Regular Season,135.0,275.0,0.491,0.53,-0.039,,,,,,,,,,,,,,,,
1641765,Olivier-Maxence Prosper,1610612763,MEM,F,23.0,49,46,0.648,,,,,,2 Pointers,Regular Season,159.0,273.0,0.582,0.558,0.024,,,,,,,,,,,,,,,,
1641854,Craig Porter Jr.,1610612739,CLE,G,26.0,63,60,0.571,,,,,,2 Pointers,Regular Season,144.0,273.0,0.527,0.535,-0.008,,,,,,,,,,,,,,,,
1631097,Bennedict Mathurin,1610612746,LAC,G-F,24.0,54,54,0.577,,,,,,2 Pointers,Regular Season,164.0,272.0,0.603,0.545,0.058,,,,,,,,,,,,,,,,
1631200,Kris Murray,1610612757,POR,F,25.0,57,56,0.699,,,,,,2 Pointers,Regular Season,138.0,272.0,0.507,0.534,-0.027,,,,,,,,,,,,,,,,
204001,Kristaps Porziņģis,1610612744,GSW,F-C,30.0,32,32,0.656,,,,,,2 Pointers,Regular Season,127.0,271.0,0.469,0.557,-0.089,,,,,,,,,,,,,,,,
203471,Dennis Schröder,1610612739,CLE,G,32.0,70,68,0.529,,,,,,2 Pointers,Regular Season,165.0,270.0,0.611,0.544,0.067,,,,,,,,,,,,,,,,
1641718,Keyonte George,1610612762,UTA,G,22.0,54,53,0.484,,,,,,2 Pointers,Regular Season,159.0,270.0,0.589,0.539,0.05,,,,,,,,,,,,,,,,
1642346,Ryan Dunn,1610612756,PHX,F,23.0,69,67,0.554,,,,,,2 Pointers,Regular Season,146.0,270.0,0.541,0.544,-0.003,,,,,,,,,,,,,,,,
1642849,Nolan Traore,1610612751,BKN,G,20.0,56,54,0.654,,,,,,2 Pointers,Regular Season,145.0,268.0,0.541,0.545,-0.004,,,,,,,,,,,,,,,,
1630529,Herbert Jones,1610612740,NOP,F,27.0,56,56,0.575,,,,,,2 Pointers,Regular Season,171.0,266.0,0.643,0.55,0.093,,,,,,,,,,,,,,,,
1630208,Nick Richards,1610612741,CHI,C,28.0,47,43,0.722,,,,,,2 Pointers,Regular Season,155.0,265.0,0.585,0.563,0.022,,,,,,,,,,,,,,,,
2544,LeBron James,1610612747,LAL,F,41.0,60,60,0.513,,,,,,2 Pointers,Regular Season,151.0,265.0,0.57,0.554,0.016,,,,,,,,,,,,,,,,
1631128,Christian Braun,1610612743,DEN,G,25.0,44,44,0.531,,,,,,2 Pointers,Regular Season,159.0,264.0,0.602,0.545,0.057,,,,,,,,,,,,,,,,
1631107,Nikola Jović,1610612748,MIA,F,23.0,44,42,0.656,,,,,,2 Pointers,Regular Season,135.0,259.0,0.521,0.544,-0.022,,,,,,,,,,,,,,,,
1641731,Bilal Coulibaly,1610612764,WAS,G,21.0,55,53,0.629,,,,,,2 Pointers,Regular Season,135.0,258.0,0.523,0.548,-0.025,,,,,,,,,,,,,,,,
1628960,Grayson Allen,1610612756,PHX,G,30.0,51,49,0.534,,,,,,2 Pointers,Regular Season,144.0,257.0,0.56,0.54,0.02,,,,,,,,,,,,,,,,
1641774,Tristan Vukcevic,1610612764,WAS,F,23.0,47,45,0.662,,,,,,2 Pointers,Regular Season,148.0,255.0,0.58,0.561,0.02,,,,,,,,,,,,,,,,
203924,Jerami Grant,1610612757,POR,F,32.0,57,54,0.539,,,,,,2 Pointers,Regular Season,154.0,254.0,0.606,0.555,0.051,,,,,,,,,,,,,,,,
1641707,Taylor Hendricks,1610612763,MEM,F,22.0,58,56,0.579,,,,,,2 Pointers,Regular Season,147.0,253.0,0.581,0.561,0.02,,,,,,,,,,,,,,,,
1629012,Collin Sexton,1610612741,CHI,G,27.0,68,64,0.482,,,,,,2 Pointers,Regular Season,121.0,251.0,0.482,0.538,-0.056,,,,,,,,,,,,,,,,
1627824,Guerschon Yabusele,1610612741,CHI,F,30.0,65,60,0.655,,,,,,2 Pointers,Regular Season,150.0,251.0,0.598,0.563,0.035,,,,,,,,,,,,,,,,
1630579,Jericho Sims,1610612749,MIL,C,27.0,63,61,0.572,,,,,,2 Pointers,Regular Season,141.0,251.0,0.562,0.551,0.011,,,,,,,,,,,,,,,,
1641775,Jordan Walsh,1610612738,BOS,G,22.0,65,61,0.57,,,,,,2 Pointers,Regular Season,122.0,251.0,0.486,0.537,-0.05,,,,,,,,,,,,,,,,
1628418,Thomas Bryant,1610612739,CLE,C-F,28.0,58,55,0.689,,,,,,2 Pointers,Regular Season,130.0,250.0,0.52,0.559,-0.039,,,,,,,,,,,,,,,,
1641767,Ben Sheppard,1610612754,IND,G,24.0,65,65,0.615,,,,,,2 Pointers,Regular Season,139.0,249.0,0.558,0.54,0.018,,,,,,,,,,,,,,,,
1630692,Jordan Goodwin,1610612756,PHX,G,27.0,70,65,0.524,,,,,,2 Pointers,Regular Season,137.0,249.0,0.55,0.547,0.003,,,,,,,,,,,,,,,,
1642848,Tre Johnson,1610612764,WAS,G,20.0,59,58,0.547,,,,,,2 Pointers,Regular Season,152.0,248.0,0.613,0.539,0.074,,,,,,,,,,,,,,,,
1642920,Kobe Sanders,1610612746,LAC,G,24.0,67,62,0.586,,,,,,2 Pointers,Regular Season,134.0,246.0,0.545,0.544,0.001,,,,,,,,,,,,,,,,
1631101,Shaedon Sharpe,1610612757,POR,G,23.0,50,49,0.563,,,,,,2 Pointers,Regular Season,150.0,245.0,0.612,0.537,0.075,,,,,,,,,,,,,,,,
202691,Klay Thompson,1610612742,DAL,G,36.0,69,68,0.614,,,,,,2 Pointers,Regular Season,123.0,245.0,0.502,0.544,-0.042,,,,,,,,,,,,,,,,
1630696,Dru Smith,1610612748,MIA,G,28.0,69,65,0.538,,,,,,2 Pointers,Regular Season,125.0,243.0,0.514,0.534,-0.02,,,,,,,,,,,,,,,,
202331,Paul George,1610612755,PHI,F,36.0,37,37,0.596,,,,,,2 Pointers,Regular Season,131.0,242.0,0.541,0.55,-0.009,,,,,,,,,,,,,,,,
1630163,LaMelo Ball,1610612766,CHA,G,24.0,70,69,0.518,,,,,,2 Pointers,Regular Season,143.0,242.0,0.591,0.536,0.055,,,,,,,,,,,,,,,,
203114,Khris Middleton,1610612742,DAL,F,34.0,62,61,0.505,,,,,,2 Pointers,Regular Season,148.0,240.0,0.617,0.557,0.06,,,,,,,,,,,,,,,,
203500,Steven Adams,1610612745,HOU,C,32.0,32,32,0.672,,,,,,2 Pointers,Regular Season,123.0,238.0,0.517,0.564,-0.047,,,,,,,,,,,,,,,,
1642347,Jamal Shead,1610612761,TOR,G,23.0,82,74,0.462,,,,,,2 Pointers,Regular Season,148.0,236.0,0.627,0.533,0.094,,,,,,,,,,,,,,,,
201566,Russell Westbrook,1610612758,SAC,G,37.0,64,62,0.503,,,,,,2 Pointers,Regular Season,143.0,236.0,0.606,0.548,0.058,,,,,,,,,,,,,,,,
1631321,Sidy Cissoko,1610612757,POR,G,22.0,70,65,0.586,,,,,,2 Pointers,Regular Season,134.0,236.0,0.568,0.556,0.011,,,,,,,,,,,,,,,,
1630311,Pat Spencer,1610612744,GSW,G,29.0,61,59,0.628,,,,,,2 Pointers,Regular Season,152.0,235.0,0.647,0.542,0.105,,,,,,,,,,,,,,,,
1630241,Sam Merrill,1610612739,CLE,G,30.0,52,51,0.571,,,,,,2 Pointers,Regular Season,127.0,234.0,0.543,0.54,0.003,,,,,,,,,,,,,,,,
1642285,Cam Spencer,1610612763,MEM,G,26.0,72,69,0.5,,,,,,2 Pointers,Regular Season,136.0,234.0,0.581,0.539,0.042,,,,,,,,,,,,,,,,
1642954,Will Richard,1610612744,GSW,G,23.0,67,64,0.521,,,,,,2 Pointers,Regular Season,148.0,233.0,0.635,0.528,0.107,,,,,,,,,,,,,,,,
1630557,Corey Kispert,1610612737,ATL,F,27.0,58,56,0.595,,,,,,2 Pointers,Regular Season,136.0,232.0,0.586,0.543,0.044,,,,,,,,,,,,,,,,
1642349,Ajay Mitchell,1610612760,OKC,G,24.0,57,57,0.564,,,,,,2 Pointers,Regular Season,112.0,232.0,0.483,0.533,-0.05,,,,,,,,,,,,,,,,
1630264,Anthony Gill,1610612764,WAS,F,33.0,49,46,0.572,,,,,,2 Pointers,Regular Season,136.0,230.0,0.591,0.558,0.033,,,,,,,,,,,,,,,,
1641842,Ronald Holland II,1610612765,DET,F,20.0,78,72,0.497,,,,,,2 Pointers,Regular Season,123.0,229.0,0.537,0.539,-0.002,,,,,,,,,,,,,,,,
201587,Nicolas Batum,1610612746,LAC,G-F,37.0,72,66,0.592,,,,,,2 Pointers,Regular Season,137.0,229.0,0.598,0.544,0.054,,,,,,,,,,,,,,,,
1629636,Darius Garland,1610612746,LAC,G,26.0,45,44,0.523,,,,,,2 Pointers,Regular Season,136.0,228.0,0.596,0.537,0.06,,,,,,,,,,,,,,,,
1629001,De'Anthony Melton,1610612744,GSW,G,28.0,49,48,0.606,,,,,,2 Pointers,Regular Season,128.0,225.0,0.569,0.543,0.026,,,,,,,,,,,,,,,,
1629006,Josh Okogie,1610612745,HOU,G,27.0,75,66,0.559,,,,,,2 Pointers,Regular Season,124.0,224.0,0.554,0.54,0.013,,,,,,,,,,,,,,,,
1626181,Norman Powell,1610612748,MIA,G,33.0,57,56,0.54,,,,,,2 Pointers,Regular Season,127.0,223.0,0.57,0.545,0.024,,,,,,,,,,,,,,,,
1642450,Daniss Jenkins,1610612765,DET,G,24.0,71,60,0.522,,,,,,2 Pointers,Regular Season,144.0,223.0,0.646,0.539,0.107,,,,,,,,,,,,,,,,
1630538,Bones Hyland,1610612750,MIN,G,25.0,70,63,0.555,,,,,,2 Pointers,Regular Season,130.0,223.0,0.583,0.535,0.048,,,,,,,,,,,,,,,,
1631172,Ousmane Dieng,1610612749,MIL,F,23.0,57,55,0.545,,,,,,2 Pointers,Regular Season,114.0,222.0,0.514,0.542,-0.029,,,,,,,,,,,,,,,,
1629645,Kevin Porter Jr.,1610612749,MIL,G-F,26.0,38,38,0.468,,,,,,2 Pointers,Regular Season,115.0,222.0,0.518,0.543,-0.025,,,,,,,,,,,,,,,,
201950,Jrue Holiday,1610612757,POR,G,36.0,53,50,0.466,,,,,,2 Pointers,Regular Season,134.0,221.0,0.606,0.545,0.061,,,,,,,,,,,,,,,,
1630533,Ziaire Williams,1610612751,BKN,F,24.0,56,52,0.497,,,,,,2 Pointers,Regular Season,127.0,221.0,0.575,0.537,0.038,,,,,,,,,,,,,,,,
203935,Marcus Smart,1610612747,LAL,G,32.0,62,60,0.44,,,,,,2 Pointers,Regular Season,115.0,220.0,0.523,0.539,-0.017,,,,,,,,,,,,,,,,
1629014,Anfernee Simons,1610612741,CHI,G,27.0,55,55,0.55,,,,,,2 Pointers,Regular Season,131.0,220.0,0.595,0.534,0.062,,,,,,,,,,,,,,,,
1631323,Simone Fontecchio,1610612748,MIA,F,30.0,67,63,0.508,,,,,,2 Pointers,Regular Season,122.0,219.0,0.557,0.544,0.013,,,,,,,,,,,,,,,,
1629750,Javonte Green,1610612765,DET,G,32.0,78,72,0.53,,,,,,2 Pointers,Regular Season,124.0,219.0,0.566,0.546,0.021,,,,,,,,,,,,,,,,
1629013,Landry Shamet,1610612752,NYK,G,29.0,50,50,0.548,,,,,,2 Pointers,Regular Season,121.0,217.0,0.558,0.538,0.02,,,,,,,,,,,,,,,,
1631099,Keegan Murray,1610612758,SAC,F,25.0,23,23,0.706,,,,,,2 Pointers,Regular Season,128.0,216.0,0.593,0.555,0.038,,,,,,,,,,,,,,,,
1641712,Rayan Rupert,1610612763,MEM,G-F,22.0,58,54,0.573,,,,,,2 Pointers,Regular Season,136.0,215.0,0.633,0.548,0.085,,,,,,,,,,,,,,,,
1628997,Caleb Martin,1610612742,DAL,F,30.0,56,53,0.65,,,,,,2 Pointers,Regular Season,111.0,214.0,0.519,0.541,-0.022,,,,,,,,,,,,,,,,
1628370,Malik Monk,1610612758,SAC,G,28.0,62,57,0.527,,,,,,2 Pointers,Regular Season,121.0,213.0,0.568,0.534,0.034,,,,,,,,,,,,,,,,
1630534,Ochai Agbaji,1610612751,BKN,G,26.0,59,55,0.592,,,,,,2 Pointers,Regular Season,109.0,212.0,0.514,0.533,-0.019,,,,,,,,,,,,,,,,
203932,Aaron Gordon,1610612743,DEN,F,30.0,36,36,0.57,,,,,,2 Pointers,Regular Season,120.0,212.0,0.566,0.554,0.012,,,,,,,,,,,,,,,,
1630619,Moussa Cisse,1610612742,DAL,C,23.0,36,36,0.739,,,,,,2 Pointers,Regular Season,105.0,212.0,0.495,0.558,-0.063,,,,,,,,,,,,,,,,
203076,Anthony Davis,1610612764,WAS,F-C,33.0,20,20,0.676,,,,,,2 Pointers,Regular Season,104.0,211.0,0.493,0.556,-0.063,,,,,,,,,,,,,,,,
1627747,Caris LeVert,1610612765,DET,G,31.0,60,59,0.518,,,,,,2 Pointers,Regular Season,116.0,211.0,0.55,0.548,0.002,,,,,,,,,,,,,,,,
203903,Jordan Clarkson,1610612752,NYK,G,34.0,69,64,0.54,,,,,,2 Pointers,Regular Season,118.0,210.0,0.562,0.539,0.023,,,,,,,,,,,,,,,,
1627734,Domantas Sabonis,1610612758,SAC,F-C,30.0,19,19,0.75,,,,,,2 Pointers,Regular Season,137.0,210.0,0.652,0.568,0.084,,,,,,,,,,,,,,,,
1642272,Jared McCain,1610612760,OKC,G,22.0,66,58,0.521,,,,,,2 Pointers,Regular Season,121.0,207.0,0.585,0.536,0.049,,,,,,,,,,,,,,,,
1642857,Kasparas Jakučionis,1610612748,MIA,G,20.0,51,49,0.535,,,,,,2 Pointers,Regular Season,110.0,207.0,0.531,0.538,-0.007,,,,,,,,,,,,,,,,
1642879,Ben Saraf,1610612751,BKN,G,20.0,44,43,0.623,,,,,,2 Pointers,Regular Season,120.0,202.0,0.594,0.542,0.052,,,,,,,,,,,,,,,,
1642868,Carter Bryant,1610612759,SAS,F,20.0,67,60,0.563,,,,,,2 Pointers,Regular Season,100.0,201.0,0.498,0.537,-0.039,,,,,,,,,,,,,,,,
1629004,Svi Mykhailiuk,1610612762,UTA,G-F,29.0,50,48,0.521,,,,,,2 Pointers,Regular Season,116.0,200.0,0.58,0.545,0.035,,,,,,,,,,,,,,,,
201144,Mike Conley,1610612750,MIN,G,38.0,52,51,0.597,,,,,,2 Pointers,Regular Season,108.0,200.0,0.54,0.53,0.01,,,,,,,,,,,,,,,,
1629639,Tyler Herro,1610612748,MIA,G,26.0,33,33,0.615,,,,,,2 Pointers,Regular Season,119.0,200.0,0.595,0.535,0.06,,,,,,,,,,,,,,,,
1642869,Noah Penda,1610612753,ORL,G-F,21.0,55,52,0.636,,,,,,2 Pointers,Regular Season,112.0,199.0,0.563,0.553,0.009,,,,,,,,,,,,,,,,
1630540,Miles McBride,1610612752,NYK,G,25.0,41,41,0.518,,,,,,2 Pointers,Regular Season,107.0,199.0,0.538,0.533,0.005,,,,,,,,,,,,,,,,
1630532,Franz Wagner,1610612753,ORL,F,24.0,34,33,0.542,,,,,,2 Pointers,Regular Season,106.0,199.0,0.533,0.549,-0.016,,,,,,,,,,,,,,,,
1642268,Isaiah Collier,1610612762,UTA,G,21.0,59,56,0.454,,,,,,2 Pointers,Regular Season,121.0,199.0,0.608,0.559,0.049,,,,,,,,,,,,,,,,
203937,Kyle Anderson,1610612750,MIN,F-G,32.0,43,43,0.593,,,,,,2 Pointers,Regular Season,114.0,198.0,0.576,0.547,0.029,,,,,,,,,,,,,,,,
1642864,Hugo González,1610612738,BOS,G,20.0,69,63,0.521,,,,,,2 Pointers,Regular Season,98.0,197.0,0.497,0.54,-0.042,,,,,,,,,,,,,,,,
1631169,Josh Minott,1610612751,BKN,F,23.0,48,45,0.571,,,,,,2 Pointers,Regular Season,103.0,196.0,0.526,0.547,-0.022,,,,,,,,,,,,,,,,
1631218,Trayce Jackson-Davis,1610612761,TOR,F,26.0,48,47,0.726,,,,,,2 Pointers,Regular Season,94.0,196.0,0.48,0.55,-0.071,,,,,,,,,,,,,,,,
1627780,Gary Payton II,1610612744,GSW,G,33.0,71,67,0.526,,,,,,2 Pointers,Regular Season,109.0,194.0,0.562,0.545,0.017,,,,,,,,,,,,,,,,
1641740,Jaylen Clark,1610612750,MIN,G,24.0,63,58,0.612,,,,,,2 Pointers,Regular Season,105.0,194.0,0.541,0.532,0.009,,,,,,,,,,,,,,,,
1629631,De'Andre Hunter,1610612758,SAC,F-G,28.0,45,43,0.512,,,,,,2 Pointers,Regular Season,113.0,191.0,0.592,0.558,0.034,,,,,,,,,,,,,,,,
203897,Zach LaVine,1610612758,SAC,G,31.0,39,39,0.475,,,,,,2 Pointers,Regular Season,116.0,189.0,0.614,0.56,0.054,,,,,,,,,,,,,,,,
1629234,Drew Eubanks,1610612758,SAC,F-C,29.0,40,37,0.657,,,,,,2 Pointers,Regular Season,95.0,188.0,0.505,0.563,-0.057,,,,,,,,,,,,,,,,
1642948,Ryan Nembhard,1610612742,DAL,G,23.0,58,55,0.533,,,,,,2 Pointers,Regular Season,111.0,188.0,0.59,0.533,0.058,,,,,,,,,,,,,,,,
1630570,Trendon Watford,1610612755,PHI,G-F,25.0,50,49,0.514,,,,,,2 Pointers,Regular Season,108.0,188.0,0.574,0.554,0.021,,,,,,,,,,,,,,,,
1641772,Nae'Qwan Tomlin,1610612739,CLE,F,25.0,61,57,0.507,,,,,,2 Pointers,Regular Season,98.0,187.0,0.524,0.546,-0.022,,,,,,,,,,,,,,,,
1642962,Drake Powell,1610612751,BKN,G-F,20.0,60,56,0.567,,,,,,2 Pointers,Regular Season,105.0,186.0,0.565,0.537,0.028,,,,,,,,,,,,,,,,
1629632,Coby White,1610612766,CHA,G,26.0,50,47,0.481,,,,,,2 Pointers,Regular Season,106.0,185.0,0.573,0.534,0.039,,,,,,,,,,,,,,,,
1629020,Jarred Vanderbilt,1610612747,LAL,F,27.0,61,58,0.577,,,,,,2 Pointers,Regular Season,103.0,184.0,0.56,0.559,0.001,,,,,,,,,,,,,,,,
1642382,Branden Carlson,1610612760,OKC,C,27.0,39,35,0.696,,,,,,2 Pointers,Regular Season,91.0,183.0,0.497,0.559,-0.061,,,,,,,,,,,,,,,,
201939,Stephen Curry,1610612744,GSW,G,38.0,43,42,0.54,,,,,,2 Pointers,Regular Season,104.0,182.0,0.571,0.539,0.032,,,,,,,,,,,,,,,,
203507,Giannis Antetokounmpo,1610612749,MIL,F,31.0,36,36,0.559,,,,,,2 Pointers,Regular Season,82.0,181.0,0.453,0.56,-0.107,,,,,,,,,,,,,,,,
1631250,Pete Nance,1610612749,MIL,F,26.0,40,35,0.594,,,,,,2 Pointers,Regular Season,85.0,180.0,0.472,0.54,-0.068,,,,,,,,,,,,,,,,
1642942,Jahmai Mashack,1610612763,MEM,G,23.0,29,27,0.652,,,,,,2 Pointers,Regular Season,118.0,180.0,0.656,0.561,0.094,,,,,,,,,,,,,,,,
1631159,Leonard Miller,1610612741,CHI,F,22.0,36,35,0.557,,,,,,2 Pointers,Regular Season,105.0,180.0,0.583,0.546,0.037,,,,,,,,,,,,,,,,
1631121,Bryce McGowens,1610612740,NOP,G,23.0,41,39,0.546,,,,,,2 Pointers,Regular Season,116.0,179.0,0.648,0.552,0.096,,,,,,,,,,,,,,,,
1627741,Buddy Hield,1610612737,ATL,G,33.0,50,45,0.561,,,,,,2 Pointers,Regular Season,106.0,179.0,0.592,0.535,0.057,,,,,,,,,,,,,,,,
1641738,Kobe Brown,1610612754,IND,F,26.0,56,48,0.552,,,,,,2 Pointers,Regular Season,94.0,179.0,0.525,0.549,-0.024,,,,,,,,,,,,,,,,
1630574,Ariel Hukporti,1610612752,NYK,C,24.0,47,42,0.691,,,,,,2 Pointers,Regular Season,71.0,179.0,0.397,0.541,-0.144,,,,,,,,,,,,,,,,
1642277,Johnny Furphy,1610612754,IND,G,21.0,34,33,0.65,,,,,,2 Pointers,Regular Season,106.0,178.0,0.596,0.543,0.052,,,,,,,,,,,,,,,,
1630631,Jose Alvarado,1610612752,NYK,G,28.0,68,61,0.437,,,,,,2 Pointers,Regular Season,105.0,177.0,0.593,0.544,0.049,,,,,,,,,,,,,,,,
1630192,Zeke Nnaji,1610612743,DEN,F-C,25.0,46,42,0.616,,,,,,2 Pointers,Regular Season,80.0,175.0,0.457,0.554,-0.097,,,,,,,,,,,,,,,,
1630198,Isaiah Joe,1610612760,OKC,G,26.0,71,59,0.389,,,,,,2 Pointers,Regular Season,100.0,173.0,0.578,0.539,0.039,,,,,,,,,,,,,,,,
201567,Kevin Love,1610612762,UTA,F-C,37.0,36,35,0.665,,,,,,2 Pointers,Regular Season,119.0,173.0,0.688,0.566,0.122,,,,,,,,,,,,,,,,
1631245,Quenton Jackson,1610612754,IND,G,27.0,46,45,0.504,,,,,,2 Pointers,Regular Season,111.0,170.0,0.653,0.538,0.115,,,,,,,,,,,,,,,,
1642949,Yanic Konan Niederhäuser,1610612746,LAC,C,23.0,35,34,0.78,,,,,,2 Pointers,Regular Season,84.0,167.0,0.503,0.552,-0.049,,,,,,,,,,,,,,,,
1628467,Maxi Kleber,1610612747,LAL,F,34.0,41,38,0.65,,,,,,2 Pointers,Regular Season,91.0,167.0,0.545,0.554,-0.009,,,,,,,,,,,,,,,,
1642265,Rob Dillingham,1610612741,CHI,G,21.0,61,57,0.524,,,,,,2 Pointers,Regular Season,107.0,165.0,0.648,0.535,0.113,,,,,,,,,,,,,,,,
1627936,Alex Caruso,1610612760,OKC,G,32.0,56,52,0.481,,,,,,2 Pointers,Regular Season,84.0,164.0,0.512,0.543,-0.03,,,,,,,,,,,,,,,,
202710,Jimmy Butler III,1610612744,GSW,F,36.0,38,37,0.502,,,,,,2 Pointers,Regular Season,104.0,161.0,0.646,0.542,0.104,,,,,,,,,,,,,,,,
1631133,Jabari Walker,1610612755,PHI,F,23.0,60,56,0.625,,,,,,2 Pointers,Regular Season,87.0,160.0,0.544,0.558,-0.014,,,,,,,,,,,,,,,,
1642863,Khaman Maluach,1610612756,PHX,C,19.0,45,40,0.664,,,,,,2 Pointers,Regular Season,70.0,158.0,0.443,0.574,-0.131,,,,,,,,,,,,,,,,
1631132,Christian Koloko,1610612737,ATL,C,26.0,26,25,0.75,,,,,,2 Pointers,Regular Season,75.0,156.0,0.481,0.551,-0.07,,,,,,,,,,,,,,,,
1642348,Justin Edwards,1610612755,PHI,F,22.0,55,50,0.503,,,,,,2 Pointers,Regular Season,105.0,155.0,0.677,0.539,0.139,,,,,,,,,,,,,,,,
1642866,Joan Beringer,1610612750,MIN,F,19.0,38,36,0.77,,,,,,2 Pointers,Regular Season,78.0,154.0,0.506,0.537,-0.03,,,,,,,,,,,,,,,,
1630702,Jaden Hardy,1610612764,WAS,G,23.0,50,47,0.603,,,,,,2 Pointers,Regular Season,86.0,152.0,0.566,0.54,0.026,,,,,,,,,,,,,,,,
204456,T.J. McConnell,1610612754,IND,G,34.0,55,50,0.559,,,,,,2 Pointers,Regular Season,88.0,152.0,0.579,0.546,0.033,,,,,,,,,,,,,,,,
1630592,Jalen Wilson,1610612751,BKN,F,25.0,51,44,0.537,,,,,,2 Pointers,Regular Season,93.0,152.0,0.612,0.549,0.063,,,,,,,,,,,,,,,,
1631342,Daeqwon Plowden,1610612758,SAC,G-F,27.0,32,30,0.545,,,,,,2 Pointers,Regular Season,92.0,151.0,0.609,0.551,0.059,,,,,,,,,,,,,,,,
1631246,Vince Williams Jr.,1610612762,UTA,G,25.0,40,40,0.492,,,,,,2 Pointers,Regular Season,75.0,148.0,0.507,0.549,-0.042,,,,,,,,,,,,,,,,
1629684,Grant Williams,1610612766,CHA,F,27.0,36,33,0.516,,,,,,2 Pointers,Regular Season,76.0,147.0,0.517,0.541,-0.024,,,,,,,,,,,,,,,,
1641722,Jordan Hawkins,1610612740,NOP,G,24.0,46,42,0.563,,,,,,2 Pointers,Regular Season,90.0,147.0,0.612,0.542,0.07,,,,,,,,,,,,,,,,
1630228,Jonathan Kuminga,1610612737,ATL,F,23.0,36,36,0.52,,,,,,2 Pointers,Regular Season,90.0,146.0,0.616,0.55,0.067,,,,,,,,,,,,,,,,
1641711,Gradey Dick,1610612761,TOR,G-F,22.0,71,64,0.437,,,,,,2 Pointers,Regular Season,79.0,145.0,0.545,0.538,0.007,,,,,,,,,,,,,,,,
1629216,Gabe Vincent,1610612737,ATL,G,30.0,53,48,0.485,,,,,,2 Pointers,Regular Season,77.0,143.0,0.538,0.527,0.011,,,,,,,,,,,,,,,,
1626145,Tyus Jones,1610612743,DEN,G,30.0,60,57,0.553,,,,,,2 Pointers,Regular Season,96.0,141.0,0.681,0.525,0.156,,,,,,,,,,,,,,,,
1628988,Aaron Holiday,1610612745,HOU,G,29.0,51,39,0.525,,,,,,2 Pointers,Regular Season,79.0,138.0,0.572,0.536,0.037,,,,,,,,,,,,,,,,
1631124,Julian Strawther,1610612743,DEN,G,24.0,52,46,0.513,,,,,,2 Pointers,Regular Season,74.0,138.0,0.536,0.547,-0.011,,,,,,,,,,,,,,,,
1630679,Ethan Thompson,1610612754,IND,G,27.0,29,28,0.585,,,,,,2 Pointers,Regular Season,77.0,137.0,0.562,0.522,0.04,,,,,,,,,,,,,,,,
1629673,Jordan Poole,1610612740,NOP,G,27.0,39,37,0.474,,,,,,2 Pointers,Regular Season,77.0,136.0,0.566,0.54,0.026,,,,,,,,,,,,,,,,
1628975,Jevon Carter,1610612753,ORL,G,30.0,49,44,0.508,,,,,,2 Pointers,Regular Season,80.0,135.0,0.593,0.533,0.06,,,,,,,,,,,,,,,,
1641724,Jett Howard,1610612753,ORL,G,22.0,49,43,0.638,,,,,,2 Pointers,Regular Season,75.0,132.0,0.568,0.549,0.02,,,,,,,,,,,,,,,,
1631131,Oscar Tshiebwe,1610612762,UTA,F-C,26.0,26,25,0.575,,,,,,2 Pointers,Regular Season,89.0,131.0,0.679,0.562,0.118,,,,,,,,,,,,,,,,
1629018,Gary Trent Jr.,1610612749,MIL,G,27.0,58,53,0.429,,,,,,2 Pointers,Regular Season,80.0,130.0,0.615,0.534,0.081,,,,,,,,,,,,,,,,
1642877,Micah Peavy,1610612740,NOP,G-F,24.0,54,45,0.518,,,,,,2 Pointers,Regular Season,74.0,129.0,0.574,0.549,0.025,,,,,,,,,,,,,,,,
1642275,Tidjane Salaün,1610612766,CHA,F,20.0,33,32,0.589,,,,,,2 Pointers,Regular Season,74.0,129.0,0.574,0.538,0.035,,,,,,,,,,,,,,,,
1628371,Jonathan Isaac,1610612753,ORL,F,28.0,47,42,0.69,,,,,,2 Pointers,Regular Season,52.0,129.0,0.403,0.552,-0.149,,,,,,,,,,,,,,,,
1642854,Asa Newell,1610612737,ATL,F,20.0,40,38,0.621,,,,,,2 Pointers,Regular Season,67.0,128.0,0.523,0.551,-0.028,,,,,,,,,,,,,,,,
1630703,Scoot Henderson,1610612757,POR,G,22.0,30,30,0.577,,,,,,2 Pointers,Regular Season,71.0,128.0,0.555,0.545,0.01,,,,,,,,,,,,,,,,
1630224,Jalen Green,1610612756,PHX,G,24.0,32,30,0.529,,,,,,2 Pointers,Regular Season,79.0,128.0,0.617,0.54,0.077,,,,,,,,,,,,,,,,
1631114,Jalen Williams,1610612760,OKC,G-F,25.0,33,32,0.552,,,,,,2 Pointers,Regular Season,69.0,127.0,0.543,0.548,-0.005,,,,,,,,,,,,,,,,
1643007,Taelon Peter,1610612754,IND,G,24.0,33,31,0.655,,,,,,2 Pointers,Regular Season,85.0,127.0,0.669,0.539,0.131,,,,,,,,,,,,,,,,
1631110,Jeremy Sochan,1610612752,NYK,F,23.0,37,32,0.654,,,,,,2 Pointers,Regular Season,71.0,125.0,0.568,0.546,0.022,,,,,,,,,,,,,,,,
1630560,Cam Thomas,1610612749,MIL,G,24.0,41,38,0.519,,,,,,2 Pointers,Regular Season,87.0,125.0,0.696,0.55,0.146,,,,,,,,,,,,,,,,
1631213,Tyrese Martin,1610612755,PHI,F,27.0,43,40,0.524,,,,,,2 Pointers,Regular Season,71.0,122.0,0.582,0.542,0.04,,,,,,,,,,,,,,,,
1631207,Dalen Terry,1610612755,PHI,F,23.0,40,35,0.616,,,,,,2 Pointers,Regular Season,63.0,122.0,0.516,0.539,-0.022,,,,,,,,,,,,,,,,
1627827,Dorian Finney-Smith,1610612745,HOU,F,33.0,37,36,0.567,,,,,,2 Pointers,Regular Season,76.0,122.0,0.623,0.548,0.075,,,,,,,,,,,,,,,,
1642905,Yang Hansen,1610612757,POR,C,21.0,39,36,0.635,,,,,,2 Pointers,Regular Season,69.0,122.0,0.566,0.566,0.0,,,,,,,,,,,,,,,,
1631123,Jamaree Bouyea,1610612756,PHX,G,27.0,40,39,0.602,,,,,,2 Pointers,Regular Season,60.0,121.0,0.496,0.54,-0.044,,,,,,,,,,,,,,,,
1630536,Sharife Cooper,1610612764,WAS,G,25.0,37,32,0.543,,,,,,2 Pointers,Regular Season,67.0,120.0,0.558,0.534,0.024,,,,,,,,,,,,,,,,
1642882,Julian Reese,1610612764,WAS,F,23.0,13,13,0.638,,,,,,2 Pointers,Regular Season,72.0,120.0,0.6,0.544,0.056,,,,,,,,,,,,,,,,
1642278,Tyler Kolek,1610612752,NYK,G,25.0,53,42,0.529,,,,,,2 Pointers,Regular Season,69.0,120.0,0.575,0.529,0.046,,,,,,,,,,,,,,,,
1630544,Tre Mann,1610612766,CHA,G,25.0,48,43,0.574,,,,,,2 Pointers,Regular Season,77.0,120.0,0.642,0.542,0.099,,,,,,,,,,,,,,,,
1642853,Rasheer Fleming,1610612756,PHX,F,21.0,48,42,0.551,,,,,,2 Pointers,Regular Season,55.0,119.0,0.462,0.533,-0.071,,,,,,,,,,,,,,,,
1631126,Caleb Love,1610612757,POR,G,24.0,47,42,0.48,,,,,,2 Pointers,Regular Season,73.0,119.0,0.613,0.538,0.075,,,,,,,,,,,,,,,,
1642261,Dalton Knecht,1610612747,LAL,F,25.0,44,42,0.624,,,,,,2 Pointers,Regular Season,69.0,118.0,0.585,0.545,0.04,,,,,,,,,,,,,,,,
1631288,Jamal Cain,1610612753,ORL,F,27.0,36,32,0.582,,,,,,2 Pointers,Regular Season,63.0,117.0,0.538,0.534,0.004,,,,,,,,,,,,,,,,
1630182,Josh Green,1610612766,CHA,G,25.0,54,48,0.496,,,,,,2 Pointers,Regular Season,57.0,117.0,0.487,0.529,-0.042,,,,,,,,,,,,,,,,
1642914,Javon Small,1610612763,MEM,G,23.0,37,36,0.455,,,,,,2 Pointers,Regular Season,64.0,116.0,0.552,0.531,0.021,,,,,,,,,,,,,,,,
1629026,Kenrich Williams,1610612760,OKC,G-F,31.0,54,45,0.492,,,,,,2 Pointers,Regular Season,64.0,116.0,0.552,0.551,0.001,,,,,,,,,,,,,,,,
1629618,Jalen Pickett,1610612743,DEN,G,26.0,42,40,0.509,,,,,,2 Pointers,Regular Season,53.0,115.0,0.461,0.525,-0.064,,,,,,,,,,,,,,,,
1631093,Jaden Ivey,1610612741,CHI,G,24.0,37,34,0.54,,,,,,2 Pointers,Regular Season,66.0,114.0,0.579,0.529,0.05,,,,,,,,,,,,,,,,
203484,Kentavious Caldwell-Pope,1610612763,MEM,G,33.0,49,44,0.473,,,,,,2 Pointers,Regular Season,74.0,114.0,0.649,0.548,0.102,,,,,,,,,,,,,,,,
1642880,Kam Jones,1610612754,IND,G,24.0,33,30,0.655,,,,,,2 Pointers,Regular Season,71.0,112.0,0.634,0.536,0.098,,,,,,,,,,,,,,,,
1628396,Tony Bradley,1610612737,ATL,C-F,28.0,35,33,0.629,,,,,,2 Pointers,Regular Season,58.0,112.0,0.518,0.565,-0.047,,,,,,,,,,,,,,,,
1642269,Devin Carter,1610612758,SAC,G,24.0,36,30,0.439,,,,,,2 Pointers,Regular Season,68.0,111.0,0.613,0.543,0.07,,,,,,,,,,,,,,,,
1641989,Elijah Harkless,1610612762,UTA,G,26.0,25,23,0.544,,,,,,2 Pointers,Regular Season,73.0,111.0,0.658,0.554,0.104,,,,,,,,,,,,,,,,
1628366,Lonzo Ball,1610612739,CLE,G,28.0,34,29,0.474,,,,,,2 Pointers,Regular Season,56.0,110.0,0.509,0.533,-0.024,,,,,,,,,,,,,,,,
1642885,Mohamed Diawara,1610612752,NYK,F,21.0,57,43,0.54,,,,,,2 Pointers,Regular Season,65.0,108.0,0.602,0.544,0.058,,,,,,,,,,,,,,,,
1629021,Moritz Wagner,1610612753,ORL,F-C,29.0,35,31,0.613,,,,,,2 Pointers,Regular Season,56.0,103.0,0.544,0.553,-0.009,,,,,,,,,,,,,,,,
203914,Gary Harris,1610612749,MIL,G,31.0,45,34,0.414,,,,,,2 Pointers,Regular Season,66.0,101.0,0.653,0.544,0.11,,,,,,,,,,,,,,,,
1626156,D'Angelo Russell,1610612764,WAS,G,30.0,26,25,0.526,,,,,,2 Pointers,Regular Season,59.0,101.0,0.584,0.527,0.058,,,,,,,,,,,,,,,,
1626172,Kevon Looney,1610612740,NOP,F,30.0,21,20,0.566,,,,,,2 Pointers,Regular Season,62.0,98.0,0.633,0.566,0.066,,,,,,,,,,,,,,,,
1643016,Bez Mbeng,1610612762,UTA,G,23.0,15,15,0.53,,,,,,2 Pointers,Regular Season,54.0,98.0,0.551,0.538,0.013,,,,,,,,,,,,,,,,
1642419,Jamison Battle,1610612761,TOR,F,25.0,49,44,0.63,,,,,,2 Pointers,Regular Season,50.0,97.0,0.515,0.533,-0.017,,,,,,,,,,,,,,,,
1630175,Cole Anthony,1610612749,MIL,G,26.0,33,30,0.47,,,,,,2 Pointers,Regular Season,53.0,93.0,0.57,0.544,0.026,,,,,,,,,,,,,,,,
1642859,Jase Richardson,1610612753,ORL,G,20.0,43,39,0.637,,,,,,2 Pointers,Regular Season,53.0,93.0,0.57,0.529,0.04,,,,,,,,,,,,,,,,
203992,Bogdan Bogdanović,1610612746,LAC,G,33.0,22,22,0.558,,,,,,2 Pointers,Regular Season,54.0,92.0,0.587,0.542,0.045,,,,,,,,,,,,,,,,
1630545,Terrence Shannon Jr,1610612750,MIN,G-F,25.0,39,33,0.615,,,,,,2 Pointers,Regular Season,58.0,91.0,0.637,0.535,0.102,,,,,,,,,,,,,,,,
1641771,Jalen Slawson,1610612754,IND,F,26.0,13,13,0.629,,,,,,2 Pointers,Regular Season,45.0,90.0,0.5,0.558,-0.058,,,,,,,,,,,,,,,,
203482,Kelly Olynyk,1610612759,SAS,F-C,35.0,38,30,0.468,,,,,,2 Pointers,Regular Season,56.0,88.0,0.636,0.553,0.083,,,,,,,,,,,,,,,,
1641778,Leaky Black,1610612764,WAS,F,27.0,15,15,0.617,,,,,,2 Pointers,Regular Season,53.0,87.0,0.609,0.547,0.062,,,,,,,,,,,,,,,,
1641744,Zach Edey,1610612763,MEM,C,24.0,11,11,0.744,,,,,,2 Pointers,Regular Season,40.0,87.0,0.46,0.551,-0.091,,,,,,,,,,,,,,,,
1642066,Myron Gardner,1610612748,MIA,F,25.0,39,33,0.588,,,,,,2 Pointers,Regular Season,44.0,87.0,0.506,0.544,-0.038,,,,,,,,,,,,,,,,
1627752,Taurean Prince,1610612749,MIL,F,32.0,26,24,0.518,,,,,,2 Pointers,Regular Season,59.0,87.0,0.678,0.558,0.12,,,,,,,,,,,,,,,,
1630587,Isaiah Livers,1610612756,PHX,F,27.0,33,30,0.641,,,,,,2 Pointers,Regular Season,48.0,84.0,0.571,0.546,0.026,,,,,,,,,,,,,,,,
1630604,E.J. Liddell,1610612751,BKN,F,25.0,24,23,0.636,,,,,,2 Pointers,Regular Season,46.0,84.0,0.548,0.561,-0.013,,,,,,,,,,,,,,,,
1642950,Lachlan Olbrich,1610612741,CHI,C,22.0,29,25,0.627,,,,,,2 Pointers,Regular Season,46.0,84.0,0.548,0.547,0.001,,,,,,,,,,,,,,,,
1630256,Jae'Sean Tate,1610612745,HOU,F,30.0,39,31,0.606,,,,,,2 Pointers,Regular Season,48.0,83.0,0.578,0.525,0.053,,,,,,,,,,,,,,,,
1630811,Keaton Wallace,1610612737,ATL,G,27.0,43,34,0.461,,,,,,2 Pointers,Regular Season,49.0,82.0,0.598,0.528,0.069,,,,,,,,,,,,,,,,
1642964,Brooks Barnhizer,1610612760,OKC,G,24.0,37,31,0.603,,,,,,2 Pointers,Regular Season,45.0,82.0,0.549,0.539,0.009,,,,,,,,,,,,,,,,
1626204,Larry Nance Jr.,1610612739,CLE,F-C,33.0,32,29,0.516,,,,,,2 Pointers,Regular Season,44.0,82.0,0.537,0.555,-0.018,,,,,,,,,,,,,,,,
1642353,Cam Christie,1610612746,LAC,G,20.0,48,36,0.46,,,,,,2 Pointers,Regular Season,41.0,81.0,0.506,0.526,-0.02,,,,,,,,,,,,,,,,
1630526,Jeremiah Robinson-Earl,1610612742,DAL,F,25.0,21,20,0.574,,,,,,2 Pointers,Regular Season,60.0,81.0,0.741,0.558,0.183,,,,,,,,,,,,,,,,
203926,Doug McDermott,1610612758,SAC,F,34.0,27,25,0.534,,,,,,2 Pointers,Regular Season,38.0,78.0,0.487,0.528,-0.041,,,,,,,,,,,,,,,,
1627749,Dejounte Murray,1610612740,NOP,G,29.0,14,14,0.655,,,,,,2 Pointers,Regular Season,54.0,78.0,0.692,0.55,0.142,,,,,,,,,,,,,,,,
1642358,AJ Johnson,1610612742,DAL,G,21.0,39,35,0.534,,,,,,2 Pointers,Regular Season,43.0,78.0,0.551,0.528,0.023,,,,,,,,,,,,,,,,
1641790,PJ Hall,1610612766,CHA,C,24.0,17,16,0.618,,,,,,2 Pointers,Regular Season,41.0,76.0,0.539,0.551,-0.012,,,,,,,,,,,,,,,,
1642878,Tyrese Proctor,1610612739,CLE,G,22.0,42,35,0.531,,,,,,2 Pointers,Regular Season,46.0,76.0,0.605,0.539,0.067,,,,,,,,,,,,,,,,
1641871,Duop Reath,1610612757,POR,C,30.0,26,23,0.623,,,,,,2 Pointers,Regular Season,39.0,76.0,0.513,0.559,-0.046,,,,,,,,,,,,,,,,
1629630,Ja Morant,1610612763,MEM,G,26.0,20,17,0.455,,,,,,2 Pointers,Regular Season,45.0,75.0,0.6,0.539,0.061,,,,,,,,,,,,,,,,
1641747,DaRon Holmes II,1610612743,DEN,F,23.0,21,18,0.67,,,,,,2 Pointers,Regular Season,41.0,75.0,0.547,0.57,-0.023,,,,,,,,,,,,,,,,
1629622,Max Strus,1610612739,CLE,G-F,30.0,12,12,0.549,,,,,,2 Pointers,Regular Season,43.0,73.0,0.589,0.543,0.046,,,,,,,,,,,,,,,,
1642862,Liam McNeeley,1610612766,CHA,F,20.0,29,25,0.603,,,,,,2 Pointers,Regular Season,40.0,73.0,0.548,0.543,0.005,,,,,,,,,,,,,,,,
1628369,Jayson Tatum,1610612738,BOS,F-G,28.0,16,15,0.48,,,,,,2 Pointers,Regular Season,40.0,71.0,0.563,0.551,0.013,,,,,,,,,,,,,,,,
1641748,Andre Jackson Jr.,1610612749,MIL,G,24.0,37,31,0.565,,,,,,2 Pointers,Regular Season,39.0,70.0,0.557,0.536,0.021,,,,,,,,,,,,,,,,
1631166,Drew Timme,1610612747,LAL,F,25.0,21,19,0.613,,,,,,2 Pointers,Regular Season,44.0,68.0,0.647,0.557,0.09,,,,,,,,,,,,,,,,
1641869,Malachi Smith,1610612751,BKN,G,26.0,15,15,0.567,,,,,,2 Pointers,Regular Season,43.0,68.0,0.632,0.535,0.098,,,,,,,,,,,,,,,,
1641763,Julian Phillips,1610612750,MIN,F,22.0,41,34,0.504,,,,,,2 Pointers,Regular Season,37.0,68.0,0.544,0.529,0.015,,,,,,,,,,,,,,,,
1642367,Jonathan Mogbo,1610612761,TOR,F,24.0,29,28,0.708,,,,,,2 Pointers,Regular Season,39.0,68.0,0.574,0.528,0.046,,,,,,,,,,,,,,,,
1641715,Cam Whitmore,1610612764,WAS,F,21.0,20,17,0.62,,,,,,2 Pointers,Regular Season,39.0,67.0,0.582,0.538,0.044,,,,,,,,,,,,,,,,
1628380,Zach Collins,1610612741,CHI,F-C,28.0,10,10,0.728,,,,,,2 Pointers,Regular Season,33.0,67.0,0.493,0.557,-0.065,,,,,,,,,,,,,,,,
1631174,Tyler Burton,1610612763,MEM,F,26.0,12,12,0.635,,,,,,2 Pointers,Regular Season,42.0,66.0,0.636,0.549,0.087,,,,,,,,,,,,,,,,
1643052,Chaney Johnson,1610612751,BKN,G-F,24.0,17,16,0.606,,,,,,2 Pointers,Regular Season,35.0,63.0,0.556,0.568,-0.013,,,,,,,,,,,,,,,,
201599,DeAndre Jordan,1610612740,NOP,C,37.0,12,12,0.62,,,,,,2 Pointers,Regular Season,29.0,62.0,0.468,0.578,-0.11,,,,,,,,,,,,,,,,
1629599,Amir Coffey,1610612756,PHX,G-F,29.0,38,29,0.508,,,,,,2 Pointers,Regular Season,31.0,62.0,0.5,0.539,-0.039,,,,,,,,,,,,,,,,
1642352,Keshad Johnson,1610612748,MIA,F,25.0,25,18,0.639,,,,,,2 Pointers,Regular Season,29.0,62.0,0.468,0.555,-0.087,,,,,,,,,,,,,,,,
1630167,Obi Toppin,1610612754,IND,F,28.0,24,22,0.5,,,,,,2 Pointers,Regular Season,31.0,61.0,0.508,0.561,-0.053,,,,,,,,,,,,,,,,
1630623,Tyson Etienne,1610612751,BKN,G,26.0,20,16,0.577,,,,,,2 Pointers,Regular Season,37.0,60.0,0.617,0.53,0.087,,,,,,,,,,,,,,,,
1629680,Matisse Thybulle,1610612757,POR,G-F,29.0,29,26,0.48,,,,,,2 Pointers,Regular Season,30.0,59.0,0.508,0.537,-0.028,,,,,,,,,,,,,,,,
203486,Mason Plumlee,1610612759,SAS,F-C,36.0,18,17,0.596,,,,,,2 Pointers,Regular Season,39.0,59.0,0.661,0.582,0.079,,,,,,,,,,,,,,,,
1630286,Trevon Scott,1610612751,BKN,F,29.0,6,6,0.667,,,,,,2 Pointers,Regular Season,40.0,58.0,0.69,0.592,0.097,,,,,,,,,,,,,,,,
1641726,Dereck Lively II,1610612742,DAL,C,22.0,7,7,0.731,,,,,,2 Pointers,Regular Season,29.0,57.0,0.509,0.544,-0.035,,,,,,,,,,,,,,,,
1630165,Killian Hayes,1610612758,SAC,G,24.0,21,18,0.425,,,,,,2 Pointers,Regular Season,25.0,57.0,0.439,0.534,-0.095,,,,,,,,,,,,,,,,
1642502,Malevy Leons,1610612744,GSW,F,26.0,23,21,0.594,,,,,,2 Pointers,Regular Season,32.0,57.0,0.561,0.549,0.012,,,,,,,,,,,,,,,,
1629027,Trae Young,1610612764,WAS,G,27.0,15,15,0.5,,,,,,2 Pointers,Regular Season,38.0,57.0,0.667,0.551,0.116,,,,,,,,,,,,,,,,
1642355,Bronny James,1610612747,LAL,G,21.0,34,25,0.514,,,,,,2 Pointers,Regular Season,39.0,56.0,0.696,0.563,0.134,,,,,,,,,,,,,,,,
1642380,Adama Bal,1610612763,MEM,G,22.0,8,8,0.643,,,,,,2 Pointers,Regular Season,40.0,54.0,0.741,0.586,0.155,,,,,,,,,,,,,,,,
1631204,Marcus Sasser,1610612765,DET,G,25.0,32,26,0.52,,,,,,2 Pointers,Regular Season,26.0,53.0,0.491,0.54,-0.049,,,,,,,,,,,,,,,,
1641733,Nick Smith Jr.,1610612747,LAL,G,22.0,27,22,0.461,,,,,,2 Pointers,Regular Season,35.0,53.0,0.66,0.558,0.103,,,,,,,,,,,,,,,,
1642967,John Poulakidas,1610612742,DAL,G,23.0,13,12,0.546,,,,,,2 Pointers,Regular Season,35.0,53.0,0.66,0.538,0.122,,,,,,,,,,,,,,,,
1631199,Ron Harper Jr.,1610612738,BOS,G-F,26.0,24,17,0.591,,,,,,2 Pointers,Regular Season,31.0,52.0,0.596,0.539,0.057,,,,,,,,,,,,,,,,
1643253,Toby Okani,1610612763,MEM,F,24.0,6,6,0.693,,,,,,2 Pointers,Regular Season,32.0,52.0,0.615,0.537,0.078,,,,,,,,,,,,,,,,
1629646,Charles Bassey,1610612744,GSW,C-F,25.0,11,11,0.671,,,,,,2 Pointers,Regular Season,26.0,51.0,0.51,0.544,-0.034,,,,,,,,,,,,,,,,
1629660,Ty Jerome,1610612763,MEM,G-F,28.0,15,15,0.44,,,,,,2 Pointers,Regular Season,33.0,51.0,0.647,0.576,0.071,,,,,,,,,,,,,,,,
1629162,Jordan McLaughlin,1610612759,SAS,G,30.0,31,27,0.568,,,,,,2 Pointers,Regular Season,36.0,50.0,0.72,0.515,0.205,,,,,,,,,,,,,,,,
1626166,Cameron Payne,1610612755,PHI,G,31.0,21,18,0.521,,,,,,2 Pointers,Regular Season,27.0,50.0,0.54,0.545,-0.005,,,,,,,,,,,,,,,,
1626192,Pat Connaughton,1610612766,CHA,G,33.0,30,26,0.521,,,,,,2 Pointers,Regular Season,27.0,50.0,0.54,0.54,0.0,,,,,,,,,,,,,,,,
1631103,Malaki Branham,1610612764,WAS,F,23.0,22,21,0.581,,,,,,2 Pointers,Regular Season,28.0,50.0,0.56,0.534,0.026,,,,,,,,,,,,,,,,
1631104,Blake Wesley,1610612757,POR,G,23.0,26,21,0.552,,,,,,2 Pointers,Regular Season,31.0,48.0,0.646,0.535,0.111,,,,,,,,,,,,,,,,
1642354,KJ Simpson,1610612743,DEN,G,23.0,16,14,0.6,,,,,,2 Pointers,Regular Season,28.0,48.0,0.583,0.533,0.05,,,,,,,,,,,,,,,,
202687,Bismack Biyombo,1610612759,SAS,C,33.0,22,21,0.649,,,,,,2 Pointers,Regular Season,33.0,48.0,0.688,0.556,0.132,,,,,,,,,,,,,,,,
1631117,Walker Kessler,1610612762,UTA,C,24.0,5,5,0.644,,,,,,2 Pointers,Regular Season,24.0,47.0,0.511,0.566,-0.056,,,,,,,,,,,,,,,,
1630214,Xavier Tillman,1610612766,CHA,F,27.0,23,19,0.523,,,,,,2 Pointers,Regular Season,29.0,46.0,0.63,0.544,0.086,,,,,,,,,,,,,,,,
1631113,Kennedy Chandler,1610612762,UTA,G,23.0,11,11,0.484,,,,,,2 Pointers,Regular Season,24.0,44.0,0.545,0.51,0.036,,,,,,,,,,,,,,,,
1642396,Blake Hinson,1610612762,UTA,F,26.0,14,12,0.484,,,,,,2 Pointers,Regular Season,25.0,44.0,0.568,0.536,0.032,,,,,,,,,,,,,,,,
1630610,DeJon Jarreau,1610612763,MEM,G,28.0,11,11,0.532,,,,,,2 Pointers,Regular Season,24.0,42.0,0.571,0.563,0.008,,,,,,,,,,,,,,,,
1631351,Lucas Williamson,1610612763,MEM,G,27.0,7,6,0.592,,,,,,2 Pointers,Regular Season,28.0,42.0,0.667,0.547,0.119,,,,,,,,,,,,,,,,
1631120,JD Davison,1610612745,HOU,G,23.0,23,22,0.592,,,,,,2 Pointers,Regular Season,20.0,42.0,0.476,0.537,-0.061,,,,,,,,,,,,,,,,
1643158,Andersson Garcia,1610612762,UTA,F,25.0,5,5,0.737,,,,,,2 Pointers,Regular Season,23.0,42.0,0.548,0.556,-0.008,,,,,,,,,,,,,,,,
1630322,Lindy Waters III,1610612759,SAS,F,28.0,34,26,0.477,,,,,,2 Pointers,Regular Season,27.0,42.0,0.643,0.542,0.101,,,,,,,,,,,,,,,,
1630590,Scotty Pippen Jr.,1610612763,MEM,G,25.0,10,10,0.488,,,,,,2 Pointers,Regular Season,24.0,41.0,0.585,0.534,0.051,,,,,,,,,,,,,,,,
1630209,Omer Yurtseven,1610612744,GSW,C,28.0,8,8,0.833,,,,,,2 Pointers,Regular Season,25.0,40.0,0.625,0.569,0.056,,,,,,,,,,,,,,,,
1641727,Dariq Whitehead,1610612763,MEM,G-F,21.0,6,6,0.6,,,,,,2 Pointers,Regular Season,25.0,39.0,0.641,0.554,0.087,,,,,,,,,,,,,,,,
101108,Chris Paul,1610612746,LAC,G,41.0,16,14,0.619,,,,,,2 Pointers,Regular Season,26.0,39.0,0.667,0.53,0.137,,,,,,,,,,,,,,,,
1641816,Hunter Tyson,1610612743,DEN,F,26.0,19,16,0.655,,,,,,2 Pointers,Regular Season,21.0,38.0,0.553,0.548,0.005,,,,,,,,,,,,,,,,
201145,Jeff Green,1610612745,HOU,F,39.0,24,19,0.463,,,,,,2 Pointers,Regular Season,20.0,38.0,0.526,0.521,0.005,,,,,,,,,,,,,,,,
1642876,Adou Thiero,1610612747,LAL,G,22.0,19,18,0.698,,,,,,2 Pointers,Regular Season,22.0,37.0,0.595,0.534,0.06,,,,,,,,,,,,,,,,
1629726,Garrison Mathews,1610612754,IND,G,29.0,13,12,0.607,,,,,,2 Pointers,Regular Season,21.0,37.0,0.568,0.53,0.037,,,,,,,,,,,,,,,,
1642404,Chaz Lanier,1610612765,DET,G,24.0,20,18,0.739,,,,,,2 Pointers,Regular Season,16.0,34.0,0.471,0.513,-0.043,,,,,,,,,,,,,,,,
1642504,Cormac Ryan,1610612749,MIL,G,27.0,11,10,0.459,,,,,,2 Pointers,Regular Season,20.0,34.0,0.588,0.51,0.078,,,,,,,,,,,,,,,,
1628502,Nigel Hayes-Davis,1610612756,PHX,F,31.0,17,14,0.717,,,,,,2 Pointers,Regular Season,19.0,33.0,0.576,0.543,0.033,,,,,,,,,,,,,,,,
1642918,Alijah Martin,1610612761,TOR,G,24.0,15,12,0.6,,,,,,2 Pointers,Regular Season,18.0,33.0,0.545,0.528,0.018,,,,,,,,,,,,,,,,
1642484,RayJ Dennis,1610612737,ATL,G,25.0,13,9,0.552,,,,,,2 Pointers,Regular Season,20.0,32.0,0.625,0.536,0.089,,,,,,,,,,,,,,,,
1642449,Tolu Smith,1610612765,DET,F,25.0,12,10,0.627,,,,,,2 Pointers,Regular Season,17.0,32.0,0.531,0.55,-0.019,,,,,,,,,,,,,,,,
1642959,Chris Youngblood,1610612757,POR,G,24.0,26,15,0.517,,,,,,2 Pointers,Regular Season,14.0,31.0,0.452,0.536,-0.085,,,,,,,,,,,,,,,,
1631466,Nate Williams,1610612744,GSW,G,27.0,14,13,0.392,,,,,,2 Pointers,Regular Season,17.0,31.0,0.548,0.563,-0.014,,,,,,,,,,,,,,,,
1641723,Kobe Bufkin,1610612747,LAL,G,22.0,11,11,0.638,,,,,,2 Pointers,Regular Season,16.0,30.0,0.533,0.524,0.009,,,,,,,,,,,,,,,,
1642530,Yuki Kawamura,1610612741,CHI,G,25.0,15,12,0.5,,,,,,2 Pointers,Regular Season,17.0,29.0,0.586,0.526,0.06,,,,,,,,,,,,,,,,
1630699,MarJon Beauchamp,1610612755,PHI,F,25.0,13,11,0.439,,,,,,2 Pointers,Regular Season,15.0,29.0,0.517,0.544,-0.027,,,,,,,,,,,,,,,,
1642873,Amari Williams,1610612738,BOS,F-C,24.0,13,10,0.528,,,,,,2 Pointers,Regular Season,9.0,28.0,0.321,0.549,-0.228,,,,,,,,,,,,,,,,
1641755,Kevin McCullar Jr.,1610612752,NYK,G,25.0,13,11,0.5,,,,,,2 Pointers,Regular Season,15.0,28.0,0.536,0.55,-0.015,,,,,,,,,,,,,,,,
1641890,Tyler Smith,1610612742,DAL,F,21.0,11,9,0.56,,,,,,2 Pointers,Regular Season,18.0,28.0,0.643,0.553,0.09,,,,,,,,,,,,,,,,
201959,Taj Gibson,1610612763,MEM,F,41.0,10,8,0.622,,,,,,2 Pointers,Regular Season,14.0,28.0,0.5,0.56,-0.06,,,,,,,,,,,,,,,,
1642359,Pacôme Dadiet,1610612752,NYK,F,20.0,22,17,0.6,,,,,,2 Pointers,Regular Season,17.0,27.0,0.63,0.553,0.077,,,,,,,,,,,,,,,,
1628449,Chris Boucher,1610612738,BOS,F,33.0,7,7,0.619,,,,,,2 Pointers,Regular Season,11.0,26.0,0.423,0.564,-0.141,,,,,,,,,,,,,,,,
1641725,Trey Alexander,1610612740,NOP,G,23.0,9,6,0.619,,,,,,2 Pointers,Regular Season,10.0,26.0,0.385,0.575,-0.191,,,,,,,,,,,,,,,,
1643018,LJ Cryer,1610612744,GSW,G,24.0,16,14,0.388,,,,,,2 Pointers,Regular Season,18.0,26.0,0.692,0.539,0.154,,,,,,,,,,,,,,,,
1630644,Mac McClung,1610612741,CHI,G,27.0,11,9,0.571,,,,,,2 Pointers,Regular Season,14.0,24.0,0.583,0.517,0.066,,,,,,,,,,,,,,,,
203648,Thanasis Antetokounmpo,1610612749,MIL,F,33.0,20,16,0.49,,,,,,2 Pointers,Regular Season,13.0,24.0,0.542,0.559,-0.017,,,,,,,,,,,,,,,,
1630639,A.J. Lawson,1610612761,TOR,G,25.0,19,14,0.511,,,,,,2 Pointers,Regular Season,10.0,24.0,0.417,0.513,-0.096,,,,,,,,,,,,,,,,
1642911,Rocco Zikarsky,1610612750,MIN,C,19.0,5,5,0.885,,,,,,2 Pointers,Regular Season,12.0,23.0,0.522,0.551,-0.029,,,,,,,,,,,,,,,,
204060,Joe Ingles,1610612750,MIN,F-G,38.0,14,10,0.575,,,,,,2 Pointers,Regular Season,15.0,23.0,0.652,0.542,0.11,,,,,,,,,,,,,,,,
1631116,Patrick Baldwin Jr.,1610612758,SAC,F,23.0,8,7,0.719,,,,,,2 Pointers,Regular Season,11.0,23.0,0.478,0.529,-0.051,,,,,,,,,,,,,,,,
1642933,Keshon Gilbert,1610612737,ATL,G,23.0,4,4,0.688,,,,,,2 Pointers,Regular Season,12.0,22.0,0.545,0.539,0.006,,,,,,,,,,,,,,,,
1642939,Miles Kelly,1610612742,DAL,G,23.0,9,8,0.667,,,,,,2 Pointers,Regular Season,16.0,22.0,0.727,0.533,0.194,,,,,,,,,,,,,,,,
1643133,Lawson Lovering,1610612763,MEM,C,23.0,2,2,0.913,,,,,,2 Pointers,Regular Season,11.0,21.0,0.524,0.579,-0.056,,,,,,,,,,,,,,,,
1642260,Nikola Topić,1610612760,OKC,G,20.0,8,7,0.538,,,,,,2 Pointers,Regular Season,12.0,21.0,0.571,0.536,0.035,,,,,,,,,,,,,,,,
1631451,Javonte Cooke,1610612757,POR,G,26.0,14,14,0.636,,,,,,2 Pointers,Regular Season,15.0,21.0,0.714,0.544,0.171,,,,,,,,,,,,,,,,
1641780,Johni Broome,1610612755,PHI,F,23.0,7,6,0.704,,,,,,2 Pointers,Regular Season,14.0,19.0,0.737,0.551,0.186,,,,,,,,,,,,,,,,
1630548,Johnny Juzang,1610612750,MIN,G,25.0,16,12,0.543,,,,,,2 Pointers,Regular Season,10.0,19.0,0.526,0.521,0.005,,,,,,,,,,,,,,,,
1642490,Josh Oduro,1610612740,NOP,C,25.0,3,3,0.667,,,,,,2 Pointers,Regular Season,10.0,18.0,0.556,0.605,-0.049,,,,,,,,,,,,,,,,
1629312,Haywood Highsmith,1610612756,PHX,F,29.0,6,5,0.529,,,,,,2 Pointers,Regular Season,9.0,18.0,0.5,0.53,-0.03,,,,,,,,,,,,,,,,
203552,Seth Curry,1610612744,GSW,G,35.0,9,8,0.474,,,,,,2 Pointers,Regular Season,13.0,18.0,0.722,0.529,0.193,,,,,,,,,,,,,,,,
1631247,Luke Travers,1610612739,CLE,F,24.0,12,11,0.643,,,,,,2 Pointers,Regular Season,8.0,18.0,0.444,0.53,-0.085,,,,,,,,,,,,,,,,
200768,Kyle Lowry,1610612755,PHI,G,40.0,12,10,0.529,,,,,,2 Pointers,Regular Season,9.0,18.0,0.5,0.544,-0.044,,,,,,,,,,,,,,,,
1627746,Skal Labissiere,1610612764,WAS,F-C,30.0,3,3,0.857,,,,,,2 Pointers,Regular Season,13.0,18.0,0.722,0.528,0.194,,,,,,,,,,,,,,,,
1642389,Zyon Pullin,1610612750,MIN,G,25.0,3,2,0.85,,,,,,2 Pointers,Regular Season,8.0,17.0,0.471,0.503,-0.032,,,,,,,,,,,,,,,,
1630164,James Wiseman,1610612754,IND,C,25.0,4,4,0.727,,,,,,2 Pointers,Regular Season,11.0,16.0,0.688,0.556,0.132,,,,,,,,,,,,,,,,
1631214,Alondes Williams,1610612764,WAS,G,27.0,4,3,0.457,,,,,,2 Pointers,Regular Season,8.0,16.0,0.5,0.525,-0.025,,,,,,,,,,,,,,,,
1643024,Chris Mañon,1610612747,LAL,G,24.0,7,6,0.696,,,,,,2 Pointers,Regular Season,11.0,16.0,0.688,0.553,0.135,,,,,,,,,,,,,,,,
1630621,Hunter Dickinson,1610612740,NOP,C,25.0,5,5,0.593,,,,,,2 Pointers,Regular Season,12.0,16.0,0.75,0.585,0.165,,,,,,,,,,,,,,,,
1641761,Grant Nelson,1610612751,BKN,F,24.0,4,4,0.762,,,,,,2 Pointers,Regular Season,6.0,16.0,0.375,0.547,-0.172,,,,,,,,,,,,,,,,
1631223,David Roddy,1610612743,DEN,F,25.0,4,4,0.6,,,,,,2 Pointers,Regular Season,7.0,15.0,0.467,0.55,-0.083,,,,,,,,,,,,,,,,
1642886,Koby Brea,1610612756,PHX,G,23.0,7,7,0.536,,,,,,2 Pointers,Regular Season,11.0,15.0,0.733,0.552,0.181,,,,,,,,,,,,,,,,
1642884,Vladislav Goldin,1610612748,MIA,C,25.0,6,6,0.875,,,,,,2 Pointers,Regular Season,5.0,14.0,0.357,0.497,-0.14,,,,,,,,,,,,,,,,
1641998,Trey Jemison III,1610612752,NYK,C,26.0,9,8,0.667,,,,,,2 Pointers,Regular Season,9.0,14.0,0.643,0.557,0.086,,,,,,,,,,,,,,,,
203967,Dario Saric,1610612758,SAC,F-C,32.0,5,4,0.636,,,,,,2 Pointers,Regular Season,10.0,14.0,0.714,0.549,0.165,,,,,,,,,,,,,,,,
1642400,Tristan Enaruna,1610612739,CLE,F,25.0,8,5,0.609,,,,,,2 Pointers,Regular Season,10.0,14.0,0.714,0.546,0.169,,,,,,,,,,,,,,,,
1628420,Monte Morris,1610612754,IND,G,31.0,5,5,0.56,,,,,,2 Pointers,Regular Season,7.0,14.0,0.5,0.532,-0.032,,,,,,,,,,,,,,,,
1628964,Mo Bamba,1610612762,UTA,C,28.0,4,4,0.5,,,,,,2 Pointers,Regular Season,6.0,13.0,0.462,0.538,-0.076,,,,,,,,,,,,,,,,
1631102,TyTy Washington Jr.,1610612746,LAC,G,24.0,11,10,0.65,,,,,,2 Pointers,Regular Season,7.0,13.0,0.538,0.566,-0.027,,,,,,,,,,,,,,,,
1631115,Orlando Robinson,1610612753,ORL,C,25.0,4,3,0.765,,,,,,2 Pointers,Regular Season,11.0,13.0,0.846,0.513,0.333,,,,,,,,,,,,,,,,
1641809,Drew Peterson,1610612766,CHA,F,26.0,6,5,0.684,,,,,,2 Pointers,Regular Season,6.0,13.0,0.462,0.572,-0.11,,,,,,,,,,,,,,,,
203078,Bradley Beal,1610612746,LAC,G,33.0,6,5,0.371,,,,,,2 Pointers,Regular Season,9.0,13.0,0.692,0.532,0.16,,,,,,,,,,,,,,,,
1628998,Cody Martin,1610612754,IND,F,30.0,4,3,0.522,,,,,,2 Pointers,Regular Season,6.0,12.0,0.5,0.542,-0.042,,,,,,,,,,,,,,,,
1642402,Enrique Freeman,1610612750,MIN,F,25.0,4,3,0.706,,,,,,2 Pointers,Regular Season,6.0,12.0,0.5,0.483,0.017,,,,,,,,,,,,,,,,
1642357,David Jones Garcia,1610612759,SAS,G,24.0,7,5,0.545,,,,,,2 Pointers,Regular Season,6.0,12.0,0.5,0.505,-0.005,,,,,,,,,,,,,,,,
202066,Garrett Temple,1610612761,TOR,G-F,40.0,14,10,0.545,,,,,,2 Pointers,Regular Season,4.0,12.0,0.333,0.503,-0.17,,,,,,,,,,,,,,,,
1630846,Olivier Sarr,1610612739,CLE,C,27.0,4,3,0.667,,,,,,2 Pointers,Regular Season,7.0,12.0,0.583,0.528,0.055,,,,,,,,,,,,,,,,
1642362,Payton Sandfort,1610612760,OKC,F,23.0,3,2,0.423,,,,,,2 Pointers,Regular Season,8.0,11.0,0.727,0.561,0.166,,,,,,,,,,,,,,,,
1642434,Riley Minix,1610612739,CLE,F,25.0,8,4,0.355,,,,,,2 Pointers,Regular Season,5.0,11.0,0.455,0.506,-0.051,,,,,,,,,,,,,,,,
1642384,Isaiah Crawford,1610612745,HOU,F,24.0,7,6,0.5,,,,,,2 Pointers,Regular Season,6.0,11.0,0.545,0.511,0.034,,,,,,,,,,,,,,,,
1631338,Mouhamadou Gueye,1610612741,CHI,F,27.0,2,2,0.579,,,,,,2 Pointers,Regular Season,6.0,11.0,0.545,0.561,-0.016,,,,,,,,,,,,,,,,
1641752,Bobi Klintman,1610612765,DET,F,23.0,10,8,0.379,,,,,,2 Pointers,Regular Season,6.0,11.0,0.545,0.525,0.021,,,,,,,,,,,,,,,,
1631111,Wendell Moore Jr.,1610612765,DET,G,24.0,4,4,0.588,,,,,,2 Pointers,Regular Season,3.0,10.0,0.3,0.533,-0.233,,,,,,,,,,,,,,,,
1642403,Isaac Jones,1610612765,DET,F,25.0,6,5,0.643,,,,,,2 Pointers,Regular Season,5.0,9.0,0.556,0.563,-0.008,,,,,,,,,,,,,,,,
1641801,Emanuel Miller,1610612759,SAS,F,26.0,5,5,0.667,,,,,,2 Pointers,Regular Season,6.0,8.0,0.75,0.548,0.202,,,,,,,,,,,,,,,,
1641810,Antonio Reeves,1610612766,CHA,G,25.0,6,5,0.5,,,,,,2 Pointers,Regular Season,4.0,8.0,0.5,0.525,-0.025,,,,,,,,,,,,,,,,
201569,Eric Gordon,1610612755,PHI,G,37.0,5,4,0.381,,,,,,2 Pointers,Regular Season,4.0,8.0,0.5,0.549,-0.049,,,,,,,,,,,,,,,,
1642938,Curtis Jones,1610612743,DEN,G,24.0,7,5,0.296,,,,,,2 Pointers,Regular Season,4.0,8.0,0.5,0.524,-0.024,,,,,,,,,,,,,,,,
1642368,N'Faly Dante,1610612737,ATL,C,24.0,3,3,0.875,,,,,,2 Pointers,Regular Season,1.0,7.0,0.143,0.529,-0.386,,,,,,,,,,,,,,,,
1642917,Max Shulga,1610612738,BOS,G,24.0,6,3,0.538,,,,,,2 Pointers,Regular Season,4.0,7.0,0.571,0.503,0.068,,,,,,,,,,,,,,,,
1630625,Dalano Banton,1610612738,BOS,F,26.0,5,4,0.5,,,,,,2 Pointers,Regular Season,2.0,7.0,0.286,0.511,-0.225,,,,,,,,,,,,,,,,
1629634,Brandon Clarke,1610612763,MEM,F,29.0,2,2,1.0,,,,,,2 Pointers,Regular Season,3.0,7.0,0.429,0.527,-0.098,,,,,,,,,,,,,,,,
1642443,Jahmir Young,1610612748,MIA,G,25.0,10,5,0.412,,,,,,2 Pointers,Regular Season,4.0,7.0,0.571,0.522,0.05,,,,,,,,,,,,,,,,
1641794,Dillon Jones,1610612752,NYK,F,24.0,4,4,0.583,,,,,,2 Pointers,Regular Season,1.0,7.0,0.143,0.396,-0.253,,,,,,,,,,,,,,,,
1631205,Buddy Boeheim,1610612760,OKC,F,26.0,2,2,0.667,,,,,,2 Pointers,Regular Season,2.0,6.0,0.333,0.504,-0.17,,,,,,,,,,,,,,,,
1629610,DaQuan Jeffries,1610612758,SAC,G-F,28.0,3,3,0.375,,,,,,2 Pointers,Regular Season,3.0,6.0,0.5,0.543,-0.043,,,,,,,,,,,,,,,,
1643257,Jayson Kent,1610612757,POR,F,24.0,5,5,1.0,,,,,,2 Pointers,Regular Season,1.0,6.0,0.167,0.534,-0.367,,,,,,,,,,,,,,,,
1631216,Caleb Houstan,1610612737,ATL,G,23.0,7,4,0.6,,,,,,2 Pointers,Regular Season,3.0,6.0,0.5,0.554,-0.054,,,,,,,,,,,,,,,,
1642955,Kadary Richmond,1610612764,WAS,G,24.0,3,3,0.227,,,,,,2 Pointers,Regular Season,3.0,5.0,0.6,0.547,0.053,,,,,,,,,,,,,,,,
1642910,John Tonje,1610612738,BOS,G,25.0,3,3,0.313,,,,,,2 Pointers,Regular Season,2.0,5.0,0.4,0.517,-0.117,,,,,,,,,,,,,,,,
1641813,Mark Sears,1610612749,MIL,G,24.0,4,3,0.625,,,,,,2 Pointers,Regular Season,3.0,5.0,0.6,0.514,0.086,,,,,,,,,,,,,,,,
1628365,Markelle Fultz,1610612761,TOR,G,28.0,4,3,0.417,,,,,,2 Pointers,Regular Season,4.0,5.0,0.8,0.512,0.288,,,,,,,,,,,,,,,,
1641807,Norchad Omier,1610612746,LAC,F,24.0,4,3,0.714,,,,,,2 Pointers,Regular Season,2.0,5.0,0.4,0.591,-0.191,,,,,,,,,,,,,,,,
1642282,Hunter Sallis,1610612755,PHI,G,23.0,4,1,0.444,,,,,,2 Pointers,Regular Season,2.0,4.0,0.5,0.574,-0.074,,,,,,,,,,,,,,,,
1641803,Tristen Newton,1610612745,HOU,G,25.0,1,1,0.8,,,,,,2 Pointers,Regular Season,3.0,4.0,0.75,0.523,0.228,,,,,,,,,,,,,,,,
1631127,Harrison Ingram,1610612759,SAS,F,23.0,4,4,1.0,,,,,,2 Pointers,Regular Season,2.0,4.0,0.5,0.458,0.042,,,,,,,,,,,,,,,,
1643060,Hayden Gray,1610612762,UTA,G,23.0,1,1,0.444,,,,,,2 Pointers,Regular Season,0.0,4.0,0.0,0.574,-0.574,,,,,,,,,,,,,,,,
1643141,Jahmyl Telfort,1610612746,LAC,G,25.0,3,3,0.667,,,,,,2 Pointers,Regular Season,2.0,4.0,0.5,0.516,-0.016,,,,,,,,,,,,,,,,
1643047,CJ Huntley,1610612756,PHX,F,24.0,1,1,0.364,,,,,,2 Pointers,Regular Season,3.0,4.0,0.75,0.581,0.169,,,,,,,,,,,,,,,,
1642951,Sean Pedulla,1610612746,LAC,G,23.0,3,2,0.5,,,,,,2 Pointers,Regular Season,0.0,3.0,0.0,0.587,-0.587,,,,,,,,,,,,,,,,
1641787,Tosan Evbuomwan,1610612766,CHA,F,25.0,3,2,0.6,,,,,,2 Pointers,Regular Season,2.0,3.0,0.667,0.606,0.061,,,,,,,,,,,,,,,,
1642935,Chucky Hepburn,1610612761,TOR,G,23.0,2,2,0.6,,,,,,2 Pointers,Regular Season,2.0,3.0,0.667,0.45,0.216,,,,,,,,,,,,,,,,
1630658,Colin Castleton,1610612753,ORL,C,26.0,4,2,0.5,,,,,,2 Pointers,Regular Season,1.0,3.0,0.333,0.604,-0.27,,,,,,,,,,,,,,,,
1642280,Trentyn Flowers,1610612741,CHI,F,21.0,2,2,1.0,,,,,,2 Pointers,Regular Season,1.0,2.0,0.5,0.55,-0.05,,,,,,,,,,,,,,,,
1641753,Chris Livingston,1610612739,CLE,F,22.0,1,1,0.5,,,,,,2 Pointers,Regular Season,2.0,2.0,1.0,0.512,0.489,,,,,,,,,,,,,,,,
1630649,Stanley Umude,1610612759,SAS,G,27.0,2,1,0.5,,,,,,2 Pointers,Regular Season,2.0,2.0,1.0,0.625,0.376,,,,,,,,,,,,,,,,
1641815,Isaiah Stevens,1610612758,SAC,G,25.0,3,2,0.25,,,,,,2 Pointers,Regular Season,2.0,2.0,1.0,0.469,0.532,,,,,,,,,,,,,,,,
1630828,Alex Antetokounmpo,1610612749,MIL,F,24.0,3,2,0.333,,,,,,2 Pointers,Regular Season,0.0,2.0,0.0,0.551,-0.551,,,,,,,,,,,,,,,,
1631210,Jacob Toppin,1610612737,ATL,F,26.0,2,1,0.5,,,,,,2 Pointers,Regular Season,0.0,1.0,0.0,0.481,-0.481,,,,,,,,,,,,,,,,
1631211,Trevor Keels,1610612748,MIA,G,22.0,2,1,0.5,,,,,,2 Pointers,Regular Season,1.0,1.0,1.0,0.556,0.444,,,,,,,,,,,,,,,,
1642855,Noa Essengue,1610612741,CHI,F,19.0,1,1,1.0,,,,,,2 Pointers,Regular Season,0.0,1.0,0.0,0.443,-0.443,,,,,,,,,,,,,,,,
1642270,Donovan Clingan,1610612757,POR,C,22.0,77,77,0.343,,,,,,3 Pointers,Regular Season,,,,,0.037,196.0,499.0,0.393,0.356,,,,,,,,,,,,
1627750,Jamal Murray,1610612743,DEN,G,29.0,75,75,0.509,,,,,,3 Pointers,Regular Season,,,,,-0.018,163.0,474.0,0.344,0.362,,,,,,,,,,,,
1628401,Derrick White,1610612738,BOS,G,31.0,77,75,0.451,,,,,,3 Pointers,Regular Season,,,,,-0.019,160.0,471.0,0.34,0.359,,,,,,,,,,,,
1628973,Jalen Brunson,1610612752,NYK,G,29.0,73,73,0.566,,,,,,3 Pointers,Regular Season,,,,,0.012,170.0,454.0,0.374,0.363,,,,,,,,,,,,
1631157,Ryan Rollins,1610612749,MIL,G,23.0,74,74,0.491,,,,,,3 Pointers,Regular Season,,,,,-0.011,146.0,418.0,0.349,0.36,,,,,,,,,,,,
1629029,Luka Dončić,1610612747,LAL,F-G,27.0,64,64,0.463,,,,,,3 Pointers,Regular Season,,,,,-0.048,132.0,418.0,0.316,0.363,,,,,,,,,,,,
1631260,AJ Green,1610612749,MIL,G,26.0,78,78,0.488,,,,,,3 Pointers,Regular Season,,,,,0.034,164.0,418.0,0.392,0.359,,,,,,,,,,,,
1627759,Jaylen Brown,1610612738,BOS,G-F,29.0,71,71,0.571,,,,,,3 Pointers,Regular Season,,,,,-0.005,147.0,417.0,0.353,0.357,,,,,,,,,,,,
1642852,Derik Queen,1610612740,NOP,C,21.0,81,78,0.36,,,,,,3 Pointers,Regular Season,,,,,-0.009,144.0,416.0,0.346,0.355,,,,,,,,,,,,
1642847,Jeremiah Fears,1610612740,NOP,G,19.0,82,80,0.526,,,,,,3 Pointers,Regular Season,,,,,0.018,157.0,415.0,0.378,0.361,,,,,,,,,,,,
1630700,Dyson Daniels,1610612737,ATL,G,23.0,76,76,0.451,,,,,,3 Pointers,Regular Season,,,,,0.009,154.0,415.0,0.371,0.362,,,,,,,,,,,,
1630178,Tyrese Maxey,1610612755,PHI,G,25.0,70,70,0.543,,,,,,3 Pointers,Regular Season,,,,,-0.011,146.0,413.0,0.354,0.365,,,,,,,,,,,,
1641739,Toumani Camara,1610612757,POR,F,26.0,82,82,0.39,,,,,,3 Pointers,Regular Season,,,,,-0.031,136.0,406.0,0.335,0.366,,,,,,,,,,,,
1630578,Alperen Sengun,1610612745,HOU,C,23.0,71,70,0.332,,,,,,3 Pointers,Regular Season,,,,,0.037,159.0,405.0,0.393,0.355,,,,,,,,,,,,
201142,Kevin Durant,1610612745,HOU,F,37.0,78,78,0.469,,,,,,3 Pointers,Regular Season,,,,,-0.005,143.0,405.0,0.353,0.358,,,,,,,,,,,,
1642845,VJ Edgecombe,1610612755,PHI,G,20.0,75,75,0.463,,,,,,3 Pointers,Regular Season,,,,,-0.043,129.0,404.0,0.319,0.362,,,,,,,,,,,,
1641705,Victor Wembanyama,1610612759,SAS,F-C,22.0,64,64,0.368,,,,,,3 Pointers,Regular Season,,,,,-0.045,122.0,402.0,0.303,0.349,,,,,,,,,,,,
1627739,Kris Dunn,1610612746,LAC,G,32.0,82,82,0.523,,,,,,3 Pointers,Regular Season,,,,,0.021,153.0,402.0,0.381,0.36,,,,,,,,,,,,
1642843,Cooper Flagg,1610612742,DAL,F,19.0,70,70,0.426,,,,,,3 Pointers,Regular Season,,,,,-0.015,139.0,401.0,0.347,0.361,,,,,,,,,,,,
1641717,Cason Wallace,1610612760,OKC,G,22.0,77,77,0.523,,,,,,3 Pointers,Regular Season,,,,,-0.009,141.0,401.0,0.352,0.36,,,,,,,,,,,,
203468,CJ McCollum,1610612737,ATL,G,34.0,76,76,0.503,,,,,,3 Pointers,Regular Season,,,,,-0.029,133.0,396.0,0.336,0.365,,,,,,,,,,,,
203952,Andrew Wiggins,1610612748,MIA,F,31.0,68,68,0.435,,,,,,3 Pointers,Regular Season,,,,,-0.003,142.0,395.0,0.359,0.362,,,,,,,,,,,,
1641824,Matas Buzelis,1610612741,CHI,F,21.0,77,77,0.367,,,,,,3 Pointers,Regular Season,,,,,0.001,144.0,395.0,0.365,0.364,,,,,,,,,,,,
1630567,Scottie Barnes,1610612761,TOR,F-G,24.0,80,80,0.373,,,,,,3 Pointers,Regular Season,,,,,0.003,140.0,389.0,0.36,0.356,,,,,,,,,,,,
1628368,De'Aaron Fox,1610612759,SAS,G,28.0,72,72,0.515,,,,,,3 Pointers,Regular Season,,,,,0.008,145.0,388.0,0.374,0.366,,,,,,,,,,,,
1630217,Desmond Bane,1610612753,ORL,G,28.0,82,82,0.486,,,,,,3 Pointers,Regular Season,,,,,-0.062,116.0,388.0,0.299,0.361,,,,,,,,,,,,
1630530,Trey Murphy III,1610612740,NOP,F,26.0,66,66,0.473,,,,,,3 Pointers,Regular Season,,,,,0.003,143.0,387.0,0.37,0.366,,,,,,,,,,,,
1630183,Jaden McDaniels,1610612750,MIN,F,25.0,73,73,0.394,,,,,,3 Pointers,Regular Season,,,,,-0.012,137.0,387.0,0.354,0.366,,,,,,,,,,,,
1628404,Josh Hart,1610612752,NYK,G,31.0,66,66,0.478,,,,,,3 Pointers,Regular Season,,,,,-0.015,130.0,386.0,0.337,0.351,,,,,,,,,,,,
1631094,Paolo Banchero,1610612753,ORL,F,23.0,72,71,0.402,,,,,,3 Pointers,Regular Season,,,,,0.02,144.0,381.0,0.378,0.358,,,,,,,,,,,,
1631095,Jabari Smith Jr.,1610612745,HOU,F,23.0,77,75,0.399,,,,,,3 Pointers,Regular Season,,,,,0.01,140.0,381.0,0.367,0.358,,,,,,,,,,,,
1628389,Bam Adebayo,1610612748,MIA,C-F,28.0,73,73,0.374,,,,,,3 Pointers,Regular Season,,,,,0.002,136.0,378.0,0.36,0.357,,,,,,,,,,,,
1631170,Jaime Jaquez Jr.,1610612748,MIA,G,25.0,75,72,0.447,,,,,,3 Pointers,Regular Season,,,,,0.014,140.0,374.0,0.374,0.36,,,,,,,,,,,,
1628384,OG Anunoby,1610612752,NYK,F-G,28.0,66,66,0.474,,,,,,3 Pointers,Regular Season,,,,,-0.025,123.0,372.0,0.331,0.356,,,,,,,,,,,,
1630596,Evan Mobley,1610612739,CLE,C,25.0,65,63,0.355,,,,,,3 Pointers,Regular Season,,,,,-0.015,125.0,370.0,0.338,0.353,,,,,,,,,,,,
1642271,Kyle Filipowski,1610612762,UTA,C,22.0,77,74,0.416,,,,,,3 Pointers,Regular Season,,,,,0.023,141.0,369.0,0.382,0.359,,,,,,,,,,,,
1629638,Nickeil Alexander-Walker,1610612737,ATL,G,27.0,78,77,0.421,,,,,,3 Pointers,Regular Season,,,,,0.051,154.0,369.0,0.417,0.366,,,,,,,,,,,,
1630595,Cade Cunningham,1610612765,DET,G,24.0,64,63,0.465,,,,,,3 Pointers,Regular Season,,,,,-0.055,114.0,367.0,0.311,0.366,,,,,,,,,,,,
1642263,Reed Sheppard,1610612745,HOU,G,22.0,82,80,0.434,,,,,,3 Pointers,Regular Season,,,,,-0.015,125.0,362.0,0.345,0.36,,,,,,,,,,,,
1642851,Kon Knueppel,1610612766,CHA,G-F,20.0,81,81,0.374,,,,,,3 Pointers,Regular Season,,,,,-0.026,122.0,361.0,0.338,0.364,,,,,,,,,,,,
1628970,Miles Bridges,1610612766,CHA,F,28.0,77,76,0.451,,,,,,3 Pointers,Regular Season,,,,,-0.012,124.0,360.0,0.344,0.357,,,,,,,,,,,,
1630558,Davion Mitchell,1610612748,MIA,G,27.0,70,70,0.492,,,,,,3 Pointers,Regular Season,,,,,-0.011,125.0,354.0,0.353,0.364,,,,,,,,,,,,
203501,Tim Hardaway Jr.,1610612743,DEN,G-F,34.0,79,79,0.512,,,,,,3 Pointers,Regular Season,,,,,0.0,126.0,353.0,0.357,0.357,,,,,,,,,,,,
1626157,Karl-Anthony Towns,1610612752,NYK,C-F,30.0,75,75,0.388,,,,,,3 Pointers,Regular Season,,,,,0.024,134.0,353.0,0.38,0.356,,,,,,,,,,,,
1628381,John Collins,1610612746,LAC,F-C,28.0,69,68,0.486,,,,,,3 Pointers,Regular Season,,,,,-0.008,123.0,353.0,0.348,0.357,,,,,,,,,,,,
1628971,Bruce Brown,1610612743,DEN,G-F,29.0,81,79,0.489,,,,,,3 Pointers,Regular Season,,,,,-0.044,108.0,346.0,0.312,0.356,,,,,,,,,,,,
1630168,Onyeka Okongwu,1610612737,ATL,F-C,25.0,74,73,0.341,,,,,,3 Pointers,Regular Season,,,,,-0.014,118.0,345.0,0.342,0.356,,,,,,,,,,,,
1641709,Ausar Thompson,1610612765,DET,G-F,23.0,73,71,0.499,,,,,,3 Pointers,Regular Season,,,,,0.002,126.0,344.0,0.366,0.365,,,,,,,,,,,,
1629652,Luguentz Dort,1610612760,OKC,G,27.0,69,68,0.538,,,,,,3 Pointers,Regular Season,,,,,-0.012,121.0,344.0,0.352,0.364,,,,,,,,,,,,
1642875,Maxime Raynaud,1610612758,SAC,C,23.0,74,71,0.345,,,,,,3 Pointers,Regular Season,,,,,0.007,122.0,342.0,0.357,0.35,,,,,,,,,,,,
1628969,Mikal Bridges,1610612752,NYK,G-F,29.0,81,81,0.398,,,,,,3 Pointers,Regular Season,,,,,-0.005,122.0,341.0,0.358,0.363,,,,,,,,,,,,
1627742,Brandon Ingram,1610612761,TOR,F,28.0,77,76,0.469,,,,,,3 Pointers,Regular Season,,,,,-0.014,118.0,339.0,0.348,0.362,,,,,,,,,,,,
1631222,Jake LaRavia,1610612747,LAL,F,24.0,82,80,0.403,,,,,,3 Pointers,Regular Season,,,,,-0.003,120.0,335.0,0.358,0.362,,,,,,,,,,,,
201935,James Harden,1610612739,CLE,G,36.0,70,68,0.486,,,,,,3 Pointers,Regular Season,,,,,-0.012,115.0,335.0,0.343,0.355,,,,,,,,,,,,
1628978,Donte DiVincenzo,1610612750,MIN,G,29.0,82,82,0.432,,,,,,3 Pointers,Regular Season,,,,,-0.014,118.0,334.0,0.353,0.368,,,,,,,,,,,,
1630202,Payton Pritchard,1610612738,BOS,G,28.0,79,77,0.512,,,,,,3 Pointers,Regular Season,,,,,0.016,126.0,332.0,0.38,0.363,,,,,,,,,,,,
203999,Nikola Jokić,1610612743,DEN,C,31.0,65,63,0.313,,,,,,3 Pointers,Regular Season,,,,,0.051,131.0,332.0,0.395,0.344,,,,,,,,,,,,
1642846,Ace Bailey,1610612762,UTA,F,19.0,72,72,0.457,,,,,,3 Pointers,Regular Season,,,,,0.02,125.0,331.0,0.378,0.358,,,,,,,,,,,,
203497,Rudy Gobert,1610612750,MIN,C,34.0,76,75,0.269,,,,,,3 Pointers,Regular Season,,,,,0.002,119.0,329.0,0.362,0.36,,,,,,,,,,,,
1642273,Kyshawn George,1610612764,WAS,F,22.0,48,48,0.473,,,,,,3 Pointers,Regular Season,,,,,0.017,125.0,329.0,0.38,0.363,,,,,,,,,,,,
1630573,Sam Hauser,1610612738,BOS,F,28.0,78,76,0.475,,,,,,3 Pointers,Regular Season,,,,,-0.01,116.0,328.0,0.354,0.363,,,,,,,,,,,,
1628378,Donovan Mitchell,1610612739,CLE,G,29.0,70,69,0.531,,,,,,3 Pointers,Regular Season,,,,,0.029,127.0,326.0,0.39,0.36,,,,,,,,,,,,
203944,Julius Randle,1610612750,MIN,F-C,31.0,79,76,0.388,,,,,,3 Pointers,Regular Season,,,,,0.012,122.0,324.0,0.377,0.364,,,,,,,,,,,,
1628983,Shai Gilgeous-Alexander,1610612760,OKC,G,27.0,68,68,0.479,,,,,,3 Pointers,Regular Season,,,,,-0.025,106.0,323.0,0.328,0.354,,,,,,,,,,,,
1629656,Quentin Grimes,1610612755,PHI,G,26.0,75,74,0.478,,,,,,3 Pointers,Regular Season,,,,,-0.043,102.0,323.0,0.316,0.359,,,,,,,,,,,,
1631221,Collin Gillespie,1610612756,PHX,G,27.0,80,80,0.423,,,,,,3 Pointers,Regular Season,,,,,-0.034,105.0,320.0,0.328,0.362,,,,,,,,,,,,
1626220,Royce O'Neale,1610612756,PHX,F,33.0,78,78,0.451,,,,,,3 Pointers,Regular Season,,,,,0.006,117.0,320.0,0.366,0.36,,,,,,,,,,,,
1629674,Neemias Queta,1610612738,BOS,C,26.0,75,72,0.354,,,,,,3 Pointers,Regular Season,,,,,-0.016,106.0,320.0,0.331,0.347,,,,,,,,,,,,
1631217,Moussa Diabaté,1610612766,CHA,F,24.0,73,71,0.335,,,,,,3 Pointers,Regular Season,,,,,0.021,120.0,320.0,0.375,0.354,,,,,,,,,,,,
1627783,Pascal Siakam,1610612754,IND,F,32.0,62,61,0.419,,,,,,3 Pointers,Regular Season,,,,,-0.01,112.0,320.0,0.35,0.36,,,,,,,,,,,,
1631108,Max Christie,1610612742,DAL,G,23.0,77,77,0.408,,,,,,3 Pointers,Regular Season,,,,,-0.001,116.0,318.0,0.365,0.366,,,,,,,,,,,,
1630577,Julian Champagnie,1610612759,SAS,F,25.0,82,81,0.411,,,,,,3 Pointers,Regular Season,,,,,-0.016,111.0,318.0,0.349,0.365,,,,,,,,,,,,
1630552,Jalen Johnson,1610612737,ATL,F,24.0,72,71,0.401,,,,,,3 Pointers,Regular Season,,,,,-0.023,107.0,317.0,0.338,0.361,,,,,,,,,,,,
1641729,Brice Sensabaugh,1610612762,UTA,F,22.0,74,73,0.525,,,,,,3 Pointers,Regular Season,,,,,0.012,118.0,316.0,0.373,0.361,,,,,,,,,,,,
1630230,Naji Marshall,1610612742,DAL,F,28.0,74,73,0.463,,,,,,3 Pointers,Regular Season,,,,,-0.029,103.0,314.0,0.328,0.357,,,,,,,,,,,,
1630173,Precious Achiuwa,1610612758,SAC,F,26.0,73,71,0.376,,,,,,3 Pointers,Regular Season,,,,,-0.006,109.0,313.0,0.348,0.354,,,,,,,,,,,,
1642907,Cedric Coward,1610612763,MEM,G,22.0,62,61,0.473,,,,,,3 Pointers,Regular Season,,,,,-0.008,108.0,310.0,0.348,0.356,,,,,,,,,,,,
1630162,Anthony Edwards,1610612750,MIN,G,24.0,61,61,0.47,,,,,,3 Pointers,Regular Season,,,,,0.014,116.0,310.0,0.374,0.36,,,,,,,,,,,,
202695,Kawhi Leonard,1610612746,LAC,F,35.0,65,64,0.49,,,,,,3 Pointers,Regular Season,,,,,0.025,118.0,309.0,0.382,0.357,,,,,,,,,,,,
1641708,Amen Thompson,1610612745,HOU,G-F,23.0,79,77,0.427,,,,,,3 Pointers,Regular Season,,,,,-0.026,102.0,308.0,0.331,0.357,,,,,,,,,,,,
1642363,Nique Clifford,1610612758,SAC,G,24.0,75,71,0.449,,,,,,3 Pointers,Regular Season,,,,,0.009,113.0,306.0,0.369,0.361,,,,,,,,,,,,
1641706,Brandon Miller,1610612766,CHA,F,23.0,65,64,0.447,,,,,,3 Pointers,Regular Season,,,,,-0.001,111.0,306.0,0.363,0.363,,,,,,,,,,,,
1642281,Jaylon Tyson,1610612739,CLE,G-F,23.0,66,64,0.489,,,,,,3 Pointers,Regular Season,,,,,-0.009,108.0,306.0,0.353,0.362,,,,,,,,,,,,
1642377,Jaylen Wells,1610612763,MEM,F,22.0,69,68,0.475,,,,,,3 Pointers,Regular Season,,,,,-0.018,104.0,305.0,0.341,0.359,,,,,,,,,,,,
203110,Draymond Green,1610612744,GSW,F,36.0,68,68,0.376,,,,,,3 Pointers,Regular Season,,,,,-0.025,99.0,304.0,0.326,0.351,,,,,,,,,,,,
1629627,Zion Williamson,1610612740,NOP,F,25.0,62,60,0.51,,,,,,3 Pointers,Regular Season,,,,,-0.02,100.0,300.0,0.333,0.354,,,,,,,,,,,,
1630193,Immanuel Quickley,1610612761,TOR,G,27.0,70,69,0.473,,,,,,3 Pointers,Regular Season,,,,,-0.014,104.0,298.0,0.349,0.362,,,,,,,,,,,,
1641730,Noah Clowney,1610612751,BKN,F-C,21.0,66,65,0.372,,,,,,3 Pointers,Regular Season,,,,,0.042,119.0,296.0,0.402,0.36,,,,,,,,,,,,
1641710,Anthony Black,1610612753,ORL,G,22.0,63,60,0.424,,,,,,3 Pointers,Regular Season,,,,,0.009,110.0,296.0,0.372,0.363,,,,,,,,,,,,
203084,Harrison Barnes,1610612759,SAS,F,34.0,77,72,0.477,,,,,,3 Pointers,Regular Season,,,,,-0.007,103.0,296.0,0.348,0.355,,,,,,,,,,,,
1642264,Stephon Castle,1610612759,SAS,G,21.0,68,66,0.425,,,,,,3 Pointers,Regular Season,,,,,0.007,108.0,294.0,0.367,0.36,,,,,,,,,,,,
1630581,Josh Giddey,1610612741,CHI,G,23.0,54,54,0.456,,,,,,3 Pointers,Regular Season,,,,,0.021,112.0,293.0,0.382,0.362,,,,,,,,,,,,
1642383,Walter Clayton Jr.,1610612763,MEM,G,23.0,69,64,0.498,,,,,,3 Pointers,Regular Season,,,,,0.002,105.0,292.0,0.36,0.358,,,,,,,,,,,,
1629628,RJ Barrett,1610612761,TOR,F-G,26.0,57,57,0.473,,,,,,3 Pointers,Regular Season,,,,,-0.001,102.0,290.0,0.352,0.353,,,,,,,,,,,,
1629130,Duncan Robinson,1610612765,DET,F,32.0,77,74,0.446,,,,,,3 Pointers,Regular Season,,,,,0.005,106.0,289.0,0.367,0.362,,,,,,,,,,,,
1641718,Keyonte George,1610612762,UTA,G,22.0,54,54,0.516,,,,,,3 Pointers,Regular Season,,,,,0.005,106.0,288.0,0.368,0.363,,,,,,,,,,,,
1631230,Dominick Barlow,1610612755,PHI,F,23.0,71,70,0.36,,,,,,3 Pointers,Regular Season,,,,,0.014,107.0,287.0,0.373,0.359,,,,,,,,,,,,
1631105,Jalen Duren,1610612765,DET,C,22.0,70,67,0.334,,,,,,3 Pointers,Regular Season,,,,,0.003,104.0,287.0,0.362,0.359,,,,,,,,,,,,
202696,Nikola Vučević,1610612738,BOS,C,35.0,64,59,0.325,,,,,,3 Pointers,Regular Season,,,,,0.048,115.0,286.0,0.402,0.354,,,,,,,,,,,,
1629023,P.J. Washington,1610612742,DAL,F,27.0,56,56,0.385,,,,,,3 Pointers,Regular Season,,,,,0.016,106.0,286.0,0.371,0.355,,,,,,,,,,,,
1626167,Myles Turner,1610612749,MIL,C-F,30.0,71,66,0.292,,,,,,3 Pointers,Regular Season,,,,,0.022,107.0,285.0,0.375,0.353,,,,,,,,,,,,
1642267,Bub Carrington,1610612764,WAS,G,20.0,82,80,0.436,,,,,,3 Pointers,Regular Season,,,,,0.025,111.0,285.0,0.389,0.364,,,,,,,,,,,,
1630180,Saddiq Bey,1610612740,NOP,G-F,27.0,72,71,0.504,,,,,,3 Pointers,Regular Season,,,,,-0.021,96.0,284.0,0.338,0.359,,,,,,,,,,,,
1641783,Tristan da Silva,1610612753,ORL,F,25.0,76,74,0.42,,,,,,3 Pointers,Regular Season,,,,,-0.034,92.0,283.0,0.325,0.359,,,,,,,,,,,,
1628991,Jaren Jackson Jr.,1610612762,UTA,F-C,26.0,48,47,0.402,,,,,,3 Pointers,Regular Season,,,,,0.0,100.0,283.0,0.353,0.353,,,,,,,,,,,,
1628415,Dillon Brooks,1610612756,PHX,G-F,30.0,55,54,0.497,,,,,,3 Pointers,Regular Season,,,,,-0.004,100.0,282.0,0.355,0.358,,,,,,,,,,,,
1628436,Luke Kornet,1610612759,SAS,C-F,30.0,68,63,0.305,,,,,,3 Pointers,Regular Season,,,,,0.013,101.0,281.0,0.359,0.347,,,,,,,,,,,,
203935,Marcus Smart,1610612747,LAL,G,32.0,62,62,0.56,,,,,,3 Pointers,Regular Season,,,,,-0.014,96.0,280.0,0.343,0.357,,,,,,,,,,,,
1630171,Isaac Okoro,1610612741,CHI,F-G,25.0,62,59,0.434,,,,,,3 Pointers,Regular Season,,,,,0.038,112.0,280.0,0.4,0.362,,,,,,,,,,,,
1626164,Devin Booker,1610612756,PHX,G,29.0,64,61,0.442,,,,,,3 Pointers,Regular Season,,,,,-0.014,94.0,279.0,0.337,0.351,,,,,,,,,,,,
1629675,Naz Reid,1610612750,MIN,C-F,26.0,77,74,0.375,,,,,,3 Pointers,Regular Season,,,,,0.02,106.0,278.0,0.381,0.361,,,,,,,,,,,,
1629651,Nic Claxton,1610612751,BKN,C,27.0,69,69,0.329,,,,,,3 Pointers,Regular Season,,,,,0.018,105.0,276.0,0.38,0.362,,,,,,,,,,,,
1641764,Brandin Podziemski,1610612744,GSW,G,23.0,82,77,0.431,,,,,,3 Pointers,Regular Season,,,,,-0.012,96.0,276.0,0.348,0.359,,,,,,,,,,,,
1642347,Jamal Shead,1610612761,TOR,G,23.0,82,79,0.538,,,,,,3 Pointers,Regular Season,,,,,-0.009,97.0,275.0,0.353,0.362,,,,,,,,,,,,
1641796,Pelle Larsson,1610612748,MIA,G,25.0,70,66,0.442,,,,,,3 Pointers,Regular Season,,,,,0.005,101.0,274.0,0.369,0.364,,,,,,,,,,,,
1630198,Isaiah Joe,1610612760,OKC,G,26.0,71,70,0.611,,,,,,3 Pointers,Regular Season,,,,,-0.016,93.0,272.0,0.342,0.357,,,,,,,,,,,,
1626171,Bobby Portis Jr.,1610612749,MIL,F,31.0,67,63,0.41,,,,,,3 Pointers,Regular Season,,,,,-0.027,90.0,272.0,0.331,0.358,,,,,,,,,,,,
1631096,Chet Holmgren,1610612760,OKC,C-F,24.0,69,67,0.297,,,,,,3 Pointers,Regular Season,,,,,-0.023,92.0,272.0,0.338,0.362,,,,,,,,,,,,
1629028,Deandre Ayton,1610612747,LAL,C,27.0,72,70,0.281,,,,,,3 Pointers,Regular Season,,,,,-0.018,91.0,272.0,0.335,0.353,,,,,,,,,,,,
201942,DeMar DeRozan,1610612758,SAC,G-F,36.0,77,75,0.416,,,,,,3 Pointers,Regular Season,,,,,0.054,113.0,271.0,0.417,0.363,,,,,,,,,,,,
1629012,Collin Sexton,1610612741,CHI,G,27.0,68,66,0.518,,,,,,3 Pointers,Regular Season,,,,,-0.004,96.0,270.0,0.356,0.36,,,,,,,,,,,,
1630643,Jay Huff,1610612754,IND,C,28.0,81,77,0.275,,,,,,3 Pointers,Regular Season,,,,,-0.025,88.0,268.0,0.328,0.353,,,,,,,,,,,,
1630572,Sandro Mamukelashvili,1610612761,TOR,F-C,27.0,80,74,0.341,,,,,,3 Pointers,Regular Season,,,,,-0.02,90.0,267.0,0.337,0.357,,,,,,,,,,,,
1628976,Wendell Carter Jr.,1610612753,ORL,C-F,27.0,78,74,0.264,,,,,,3 Pointers,Regular Season,,,,,-0.024,89.0,266.0,0.335,0.359,,,,,,,,,,,,
1631165,Keon Ellis,1610612739,CLE,G,26.0,72,68,0.47,,,,,,3 Pointers,Regular Season,,,,,-0.008,93.0,263.0,0.354,0.362,,,,,,,,,,,,
1642883,Sion James,1610612766,CHA,G,23.0,82,77,0.407,,,,,,3 Pointers,Regular Season,,,,,-0.001,93.0,260.0,0.358,0.359,,,,,,,,,,,,
1629661,Cameron Johnson,1610612743,DEN,F,30.0,54,53,0.482,,,,,,3 Pointers,Regular Season,,,,,0.035,101.0,260.0,0.388,0.353,,,,,,,,,,,,
1642274,Yves Missi,1610612740,NOP,C,22.0,66,60,0.357,,,,,,3 Pointers,Regular Season,,,,,-0.008,92.0,260.0,0.354,0.362,,,,,,,,,,,,
1628398,Kyle Kuzma,1610612749,MIL,F,30.0,69,67,0.44,,,,,,3 Pointers,Regular Season,,,,,0.016,97.0,258.0,0.376,0.36,,,,,,,,,,,,
1630166,Deni Avdija,1610612757,POR,F,25.0,66,64,0.347,,,,,,3 Pointers,Regular Season,,,,,0.04,103.0,256.0,0.402,0.362,,,,,,,,,,,,
1631212,Peyton Watson,1610612743,DEN,G,23.0,54,53,0.394,,,,,,3 Pointers,Regular Season,,,,,-0.031,84.0,254.0,0.331,0.361,,,,,,,,,,,,
201950,Jrue Holiday,1610612757,POR,G,36.0,53,53,0.534,,,,,,3 Pointers,Regular Season,,,,,-0.012,89.0,253.0,0.352,0.363,,,,,,,,,,,,
2544,LeBron James,1610612747,LAL,F,41.0,60,59,0.487,,,,,,3 Pointers,Regular Season,,,,,0.001,91.0,252.0,0.361,0.36,,,,,,,,,,,,
1629645,Kevin Porter Jr.,1610612749,MIL,G-F,26.0,38,38,0.532,,,,,,3 Pointers,Regular Season,,,,,0.044,102.0,252.0,0.405,0.36,,,,,,,,,,,,
1626162,Kelly Oubre Jr.,1610612755,PHI,F-G,30.0,50,49,0.451,,,,,,3 Pointers,Regular Season,,,,,-0.013,86.0,250.0,0.344,0.357,,,,,,,,,,,,
1629060,Rui Hachimura,1610612747,LAL,F,28.0,68,68,0.405,,,,,,3 Pointers,Regular Season,,,,,0.019,94.0,250.0,0.376,0.357,,,,,,,,,,,,
1630591,Jalen Suggs,1610612753,ORL,G,25.0,57,54,0.455,,,,,,3 Pointers,Regular Season,,,,,-0.014,87.0,250.0,0.348,0.362,,,,,,,,,,,,
1630541,Moses Moody,1610612744,GSW,G,24.0,60,60,0.419,,,,,,3 Pointers,Regular Season,,,,,0.0,87.0,240.0,0.363,0.363,,,,,,,,,,,,
203471,Dennis Schröder,1610612739,CLE,G,32.0,70,66,0.471,,,,,,3 Pointers,Regular Season,,,,,0.006,89.0,240.0,0.371,0.364,,,,,,,,,,,,
1641716,Jarace Walker,1610612754,IND,F,22.0,76,70,0.398,,,,,,3 Pointers,Regular Season,,,,,-0.023,81.0,239.0,0.339,0.362,,,,,,,,,,,,
1630559,Austin Reaves,1610612747,LAL,G,28.0,51,51,0.412,,,,,,3 Pointers,Regular Season,,,,,-0.016,83.0,239.0,0.347,0.363,,,,,,,,,,,,
1642268,Isaiah Collier,1610612762,UTA,G,21.0,59,56,0.546,,,,,,3 Pointers,Regular Season,,,,,0.11,113.0,239.0,0.473,0.363,,,,,,,,,,,,
1641750,Ryan Kalkbrenner,1610612766,CHA,C,24.0,69,63,0.299,,,,,,3 Pointers,Regular Season,,,,,-0.007,79.0,238.0,0.332,0.338,,,,,,,,,,,,
1631109,Mark Williams,1610612756,PHX,C,24.0,60,55,0.316,,,,,,3 Pointers,Regular Season,,,,,-0.02,79.0,237.0,0.333,0.353,,,,,,,,,,,,
1630598,Aaron Wiggins,1610612760,OKC,G,27.0,64,61,0.441,,,,,,3 Pointers,Regular Season,,,,,0.078,103.0,236.0,0.436,0.358,,,,,,,,,,,,
1630245,Ayo Dosunmu,1610612750,MIN,G,26.0,69,66,0.426,,,,,,3 Pointers,Regular Season,,,,,-0.072,67.0,236.0,0.284,0.356,,,,,,,,,,,,
1642276,Kel'el Ware,1610612748,MIA,C,22.0,77,68,0.279,,,,,,3 Pointers,Regular Season,,,,,-0.069,68.0,236.0,0.288,0.357,,,,,,,,,,,,
203114,Khris Middleton,1610612742,DAL,F,34.0,62,59,0.495,,,,,,3 Pointers,Regular Season,,,,,0.033,92.0,235.0,0.391,0.358,,,,,,,,,,,,
1642285,Cam Spencer,1610612763,MEM,G,26.0,72,66,0.5,,,,,,3 Pointers,Regular Season,,,,,-0.002,84.0,234.0,0.359,0.361,,,,,,,,,,,,
1630191,Isaiah Stewart,1610612765,DET,F-C,25.0,58,57,0.354,,,,,,3 Pointers,Regular Season,,,,,0.038,92.0,233.0,0.395,0.357,,,,,,,,,,,,
201566,Russell Westbrook,1610612758,SAC,G,37.0,64,58,0.497,,,,,,3 Pointers,Regular Season,,,,,0.011,86.0,233.0,0.369,0.358,,,,,,,,,,,,
1630314,Brandon Williams,1610612742,DAL,G,26.0,66,64,0.447,,,,,,3 Pointers,Regular Season,,,,,-0.019,78.0,233.0,0.335,0.354,,,,,,,,,,,,
1631128,Christian Braun,1610612743,DEN,G,25.0,44,43,0.469,,,,,,3 Pointers,Regular Season,,,,,-0.051,72.0,233.0,0.309,0.36,,,,,,,,,,,,
1641842,Ronald Holland II,1610612765,DET,F,20.0,78,77,0.503,,,,,,3 Pointers,Regular Season,,,,,-0.012,80.0,232.0,0.345,0.357,,,,,,,,,,,,
202699,Tobias Harris,1610612765,DET,F,33.0,63,61,0.434,,,,,,3 Pointers,Regular Season,,,,,-0.048,71.0,231.0,0.307,0.355,,,,,,,,,,,,
1642258,Zaccharie Risacher,1610612737,ATL,F,21.0,67,62,0.419,,,,,,3 Pointers,Regular Season,,,,,-0.047,72.0,231.0,0.312,0.358,,,,,,,,,,,,
1630172,Patrick Williams,1610612741,CHI,F,24.0,71,65,0.431,,,,,,3 Pointers,Regular Season,,,,,0.02,86.0,230.0,0.374,0.354,,,,,,,,,,,,
1628989,Kevin Huerter,1610612765,DET,G-F,27.0,68,67,0.415,,,,,,3 Pointers,Regular Season,,,,,-0.03,75.0,230.0,0.326,0.356,,,,,,,,,,,,
1630583,Santi Aldama,1610612763,MEM,F-C,25.0,43,43,0.415,,,,,,3 Pointers,Regular Season,,,,,0.011,84.0,230.0,0.365,0.354,,,,,,,,,,,,
1630551,Justin Champagnie,1610612764,WAS,G-F,25.0,67,66,0.42,,,,,,3 Pointers,Regular Season,,,,,-0.038,74.0,229.0,0.323,0.361,,,,,,,,,,,,
1642345,Oso Ighodaro,1610612756,PHX,F,23.0,82,74,0.299,,,,,,3 Pointers,Regular Season,,,,,-0.018,78.0,229.0,0.341,0.358,,,,,,,,,,,,
1630631,Jose Alvarado,1610612752,NYK,G,28.0,68,64,0.563,,,,,,3 Pointers,Regular Season,,,,,-0.006,80.0,228.0,0.351,0.356,,,,,,,,,,,,
1642266,Ja'Kobe Walter,1610612761,TOR,G,21.0,72,69,0.43,,,,,,3 Pointers,Regular Season,,,,,-0.008,80.0,227.0,0.352,0.361,,,,,,,,,,,,
1631119,Jaylin Williams,1610612760,OKC,F,24.0,64,58,0.352,,,,,,3 Pointers,Regular Season,,,,,-0.039,71.0,227.0,0.313,0.352,,,,,,,,,,,,
1630692,Jordan Goodwin,1610612756,PHX,G,27.0,70,66,0.476,,,,,,3 Pointers,Regular Season,,,,,0.033,89.0,226.0,0.394,0.361,,,,,,,,,,,,
1630163,LaMelo Ball,1610612766,CHA,G,24.0,70,67,0.482,,,,,,3 Pointers,Regular Season,,,,,0.026,87.0,225.0,0.387,0.361,,,,,,,,,,,,
1628960,Grayson Allen,1610612756,PHX,G,30.0,51,51,0.466,,,,,,3 Pointers,Regular Season,,,,,0.008,84.0,224.0,0.375,0.367,,,,,,,,,,,,
1630533,Ziaire Williams,1610612751,BKN,F,24.0,56,56,0.503,,,,,,3 Pointers,Regular Season,,,,,-0.009,79.0,224.0,0.353,0.361,,,,,,,,,,,,
1641757,Jordan Miller,1610612746,LAC,G,26.0,60,57,0.441,,,,,,3 Pointers,Regular Season,,,,,0.005,81.0,222.0,0.365,0.359,,,,,,,,,,,,
201572,Brook Lopez,1610612746,LAC,C,38.0,75,65,0.278,,,,,,3 Pointers,Regular Season,,,,,-0.011,76.0,220.0,0.345,0.356,,,,,,,,,,,,
1642259,Alex Sarr,1610612764,WAS,C,21.0,48,45,0.271,,,,,,3 Pointers,Regular Season,,,,,0.037,87.0,220.0,0.395,0.359,,,,,,,,,,,,
1629614,Andrew Nembhard,1610612754,IND,G-F,26.0,57,57,0.42,,,,,,3 Pointers,Regular Season,,,,,-0.001,79.0,219.0,0.361,0.362,,,,,,,,,,,,
1629640,Keldon Johnson,1610612759,SAS,F-G,26.0,82,74,0.39,,,,,,3 Pointers,Regular Season,,,,,0.007,79.0,219.0,0.361,0.354,,,,,,,,,,,,
1630611,Gui Santos,1610612744,GSW,F,24.0,66,58,0.384,,,,,,3 Pointers,Regular Season,,,,,0.006,80.0,218.0,0.367,0.361,,,,,,,,,,,,
1642262,Cody Williams,1610612762,UTA,F,21.0,65,59,0.42,,,,,,3 Pointers,Regular Season,,,,,0.059,92.0,218.0,0.422,0.363,,,,,,,,,,,,
1630200,Tre Jones,1610612741,CHI,G,26.0,65,63,0.435,,,,,,3 Pointers,Regular Season,,,,,-0.009,76.0,217.0,0.35,0.359,,,,,,,,,,,,
1628379,Luke Kennard,1610612747,LAL,G,30.0,77,74,0.422,,,,,,3 Pointers,Regular Season,,,,,0.046,87.0,217.0,0.401,0.355,,,,,,,,,,,,
203924,Jerami Grant,1610612757,POR,F,32.0,57,56,0.461,,,,,,3 Pointers,Regular Season,,,,,-0.025,73.0,217.0,0.336,0.362,,,,,,,,,,,,
1642346,Ryan Dunn,1610612756,PHX,F,23.0,69,64,0.446,,,,,,3 Pointers,Regular Season,,,,,0.001,79.0,217.0,0.364,0.363,,,,,,,,,,,,
1629655,Daniel Gafford,1610612742,DAL,F-C,27.0,55,52,0.31,,,,,,3 Pointers,Regular Season,,,,,-0.046,67.0,215.0,0.312,0.358,,,,,,,,,,,,
1642954,Will Richard,1610612744,GSW,G,23.0,67,64,0.479,,,,,,3 Pointers,Regular Season,,,,,-0.02,74.0,214.0,0.346,0.366,,,,,,,,,,,,
1642867,Collin Murray-Boyles,1610612761,TOR,F,21.0,57,56,0.39,,,,,,3 Pointers,Regular Season,,,,,-0.024,72.0,214.0,0.336,0.361,,,,,,,,,,,,
1631323,Simone Fontecchio,1610612748,MIA,F,30.0,67,59,0.492,,,,,,3 Pointers,Regular Season,,,,,-0.007,75.0,212.0,0.354,0.361,,,,,,,,,,,,
1630170,Devin Vassell,1610612759,SAS,G-F,25.0,67,65,0.388,,,,,,3 Pointers,Regular Season,,,,,0.003,77.0,212.0,0.363,0.36,,,,,,,,,,,,
1630174,Aaron Nesmith,1610612754,IND,G-F,26.0,45,45,0.394,,,,,,3 Pointers,Regular Season,,,,,-0.019,73.0,211.0,0.346,0.365,,,,,,,,,,,,
1631106,Tari Eason,1610612745,HOU,F,25.0,60,60,0.413,,,,,,3 Pointers,Regular Season,,,,,0.03,81.0,210.0,0.386,0.356,,,,,,,,,,,,
1631248,Baylor Scheierman,1610612738,BOS,G,25.0,74,68,0.43,,,,,,3 Pointers,Regular Season,,,,,0.025,80.0,210.0,0.381,0.356,,,,,,,,,,,,
1629611,Terance Mann,1610612751,BKN,G-F,29.0,63,58,0.428,,,,,,3 Pointers,Regular Season,,,,,-0.009,75.0,210.0,0.357,0.366,,,,,,,,,,,,
1629637,Jaxson Hayes,1610612747,LAL,C-F,26.0,66,60,0.39,,,,,,3 Pointers,Regular Season,,,,,-0.013,72.0,209.0,0.344,0.358,,,,,,,,,,,,
1630696,Dru Smith,1610612748,MIA,G,28.0,69,67,0.462,,,,,,3 Pointers,Regular Season,,,,,-0.032,69.0,209.0,0.33,0.363,,,,,,,,,,,,
203897,Zach LaVine,1610612758,SAC,G,31.0,39,38,0.525,,,,,,3 Pointers,Regular Season,,,,,0.044,85.0,209.0,0.407,0.362,,,,,,,,,,,,
1629636,Darius Garland,1610612746,LAC,G,26.0,45,43,0.477,,,,,,3 Pointers,Regular Season,,,,,0.001,77.0,208.0,0.37,0.369,,,,,,,,,,,,
1641737,Adem Bona,1610612755,PHI,F,23.0,71,63,0.336,,,,,,3 Pointers,Regular Season,,,,,0.011,77.0,208.0,0.37,0.359,,,,,,,,,,,,
1642848,Tre Johnson,1610612764,WAS,G,20.0,59,55,0.453,,,,,,3 Pointers,Regular Season,,,,,-0.041,67.0,205.0,0.327,0.368,,,,,,,,,,,,
1641854,Craig Porter Jr.,1610612739,CLE,G,26.0,63,62,0.429,,,,,,3 Pointers,Regular Season,,,,,0.024,76.0,205.0,0.371,0.347,,,,,,,,,,,,
1628386,Jarrett Allen,1610612739,CLE,C,28.0,56,50,0.302,,,,,,3 Pointers,Regular Season,,,,,0.004,73.0,204.0,0.358,0.354,,,,,,,,,,,,
1642450,Daniss Jenkins,1610612765,DET,G,24.0,71,64,0.478,,,,,,3 Pointers,Regular Season,,,,,-0.031,67.0,204.0,0.328,0.36,,,,,,,,,,,,
1630568,Luka Garza,1610612738,BOS,C,27.0,68,59,0.371,,,,,,3 Pointers,Regular Season,,,,,0.032,77.0,202.0,0.381,0.349,,,,,,,,,,,,
1630249,Vít Krejčí,1610612757,POR,G,26.0,65,61,0.421,,,,,,3 Pointers,Regular Season,,,,,0.032,79.0,201.0,0.393,0.361,,,,,,,,,,,,
1642366,Quinten Post,1610612744,GSW,C,26.0,67,63,0.311,,,,,,3 Pointers,Regular Season,,,,,-0.057,60.0,201.0,0.299,0.356,,,,,,,,,,,,
1629632,Coby White,1610612766,CHA,G,26.0,50,48,0.519,,,,,,3 Pointers,Regular Season,,,,,-0.006,70.0,200.0,0.35,0.356,,,,,,,,,,,,
1631097,Bennedict Mathurin,1610612746,LAC,G-F,24.0,54,54,0.423,,,,,,3 Pointers,Regular Season,,,,,0.035,80.0,199.0,0.402,0.367,,,,,,,,,,,,
1630529,Herbert Jones,1610612740,NOP,F,27.0,56,53,0.425,,,,,,3 Pointers,Regular Season,,,,,-0.016,67.0,197.0,0.34,0.357,,,,,,,,,,,,
1629731,Dean Wade,1610612739,CLE,F-C,29.0,58,56,0.36,,,,,,3 Pointers,Regular Season,,,,,-0.052,61.0,196.0,0.311,0.364,,,,,,,,,,,,
1627747,Caris LeVert,1610612765,DET,G,31.0,60,56,0.482,,,,,,3 Pointers,Regular Season,,,,,-0.032,66.0,196.0,0.337,0.369,,,,,,,,,,,,
1628963,Marvin Bagley III,1610612742,DAL,F,27.0,60,55,0.332,,,,,,3 Pointers,Regular Season,,,,,-0.006,68.0,195.0,0.349,0.355,,,,,,,,,,,,
1629750,Javonte Green,1610612765,DET,G,32.0,78,70,0.47,,,,,,3 Pointers,Regular Season,,,,,0.027,75.0,194.0,0.387,0.36,,,,,,,,,,,,
1642461,Spencer Jones,1610612743,DEN,F,25.0,62,55,0.386,,,,,,3 Pointers,Regular Season,,,,,-0.018,65.0,194.0,0.335,0.353,,,,,,,,,,,,
1628374,Lauri Markkanen,1610612762,UTA,F-C,29.0,42,42,0.403,,,,,,3 Pointers,Regular Season,,,,,-0.069,55.0,192.0,0.286,0.355,,,,,,,,,,,,
1629011,Mitchell Robinson,1610612752,NYK,C-F,28.0,60,54,0.387,,,,,,3 Pointers,Regular Season,,,,,-0.011,65.0,191.0,0.34,0.351,,,,,,,,,,,,
1628370,Malik Monk,1610612758,SAC,G,28.0,62,56,0.473,,,,,,3 Pointers,Regular Season,,,,,0.011,71.0,191.0,0.372,0.36,,,,,,,,,,,,
1641713,GG Jackson,1610612763,MEM,F,21.0,51,49,0.392,,,,,,3 Pointers,Regular Season,,,,,0.021,72.0,191.0,0.377,0.356,,,,,,,,,,,,
1642272,Jared McCain,1610612760,OKC,G,22.0,66,60,0.479,,,,,,3 Pointers,Regular Season,,,,,0.042,76.0,190.0,0.4,0.358,,,,,,,,,,,,
1626181,Norman Powell,1610612748,MIA,G,33.0,57,56,0.46,,,,,,3 Pointers,Regular Season,,,,,0.055,79.0,190.0,0.416,0.361,,,,,,,,,,,,
1631101,Shaedon Sharpe,1610612757,POR,G,23.0,50,49,0.437,,,,,,3 Pointers,Regular Season,,,,,-0.003,68.0,190.0,0.358,0.361,,,,,,,,,,,,
203994,Jusuf Nurkić,1610612762,UTA,C,31.0,41,39,0.354,,,,,,3 Pointers,Regular Season,,,,,-0.016,64.0,190.0,0.337,0.353,,,,,,,,,,,,
1641775,Jordan Walsh,1610612738,BOS,G,22.0,65,62,0.43,,,,,,3 Pointers,Regular Season,,,,,0.042,76.0,189.0,0.402,0.36,,,,,,,,,,,,
1630579,Jericho Sims,1610612749,MIL,C,27.0,63,54,0.428,,,,,,3 Pointers,Regular Season,,,,,-0.012,65.0,188.0,0.346,0.358,,,,,,,,,,,,
1627884,Derrick Jones Jr.,1610612746,LAC,F,29.0,50,49,0.401,,,,,,3 Pointers,Regular Season,,,,,-0.012,66.0,188.0,0.351,0.363,,,,,,,,,,,,
1629111,Jock Landale,1610612737,ATL,C,30.0,68,61,0.305,,,,,,3 Pointers,Regular Season,,,,,0.047,75.0,187.0,0.401,0.354,,,,,,,,,,,,
1627826,Ivica Zubac,1610612754,IND,C,29.0,48,47,0.282,,,,,,3 Pointers,Regular Season,,,,,0.025,71.0,187.0,0.38,0.354,,,,,,,,,,,,
1641711,Gradey Dick,1610612761,TOR,G-F,22.0,71,62,0.563,,,,,,3 Pointers,Regular Season,,,,,-0.064,55.0,187.0,0.294,0.358,,,,,,,,,,,,
1629008,Michael Porter Jr.,1610612751,BKN,F,28.0,52,52,0.385,,,,,,3 Pointers,Regular Season,,,,,0.036,75.0,185.0,0.405,0.37,,,,,,,,,,,,
1631172,Ousmane Dieng,1610612749,MIL,F,23.0,57,50,0.455,,,,,,3 Pointers,Regular Season,,,,,-0.022,61.0,185.0,0.33,0.351,,,,,,,,,,,,
1630540,Miles McBride,1610612752,NYK,G,25.0,41,40,0.482,,,,,,3 Pointers,Regular Season,,,,,-0.013,64.0,185.0,0.346,0.359,,,,,,,,,,,,
1629004,Svi Mykhailiuk,1610612762,UTA,G-F,29.0,50,50,0.479,,,,,,3 Pointers,Regular Season,,,,,0.032,73.0,184.0,0.397,0.365,,,,,,,,,,,,
1641707,Taylor Hendricks,1610612763,MEM,F,22.0,58,55,0.421,,,,,,3 Pointers,Regular Season,,,,,0.107,85.0,184.0,0.462,0.355,,,,,,,,,,,,
1641772,Nae'Qwan Tomlin,1610612739,CLE,F,25.0,61,55,0.493,,,,,,3 Pointers,Regular Season,,,,,0.028,70.0,182.0,0.385,0.356,,,,,,,,,,,,
1629631,De'Andre Hunter,1610612758,SAC,F-G,28.0,45,44,0.488,,,,,,3 Pointers,Regular Season,,,,,0.041,74.0,182.0,0.407,0.366,,,,,,,,,,,,
1642860,Will Riley,1610612764,WAS,F,20.0,71,59,0.367,,,,,,3 Pointers,Regular Season,,,,,-0.007,64.0,181.0,0.354,0.361,,,,,,,,,,,,
1642864,Hugo González,1610612738,BOS,G,20.0,69,64,0.479,,,,,,3 Pointers,Regular Season,,,,,0.007,66.0,181.0,0.365,0.357,,,,,,,,,,,,
1642857,Kasparas Jakučionis,1610612748,MIA,G,20.0,51,48,0.465,,,,,,3 Pointers,Regular Season,,,,,0.043,72.0,180.0,0.4,0.357,,,,,,,,,,,,
1629014,Anfernee Simons,1610612741,CHI,G,27.0,55,51,0.45,,,,,,3 Pointers,Regular Season,,,,,0.02,68.0,180.0,0.378,0.357,,,,,,,,,,,,
203903,Jordan Clarkson,1610612752,NYK,G,34.0,69,65,0.46,,,,,,3 Pointers,Regular Season,,,,,0.092,80.0,179.0,0.447,0.355,,,,,,,,,,,,
1642349,Ajay Mitchell,1610612760,OKC,G,24.0,57,54,0.436,,,,,,3 Pointers,Regular Season,,,,,0.025,69.0,179.0,0.385,0.36,,,,,,,,,,,,
1631243,Mouhamed Gueye,1610612737,ATL,F,23.0,74,63,0.373,,,,,,3 Pointers,Regular Season,,,,,-0.049,54.0,179.0,0.302,0.351,,,,,,,,,,,,
1629013,Landry Shamet,1610612752,NYK,G,29.0,50,49,0.452,,,,,,3 Pointers,Regular Season,,,,,0.073,78.0,179.0,0.436,0.363,,,,,,,,,,,,
1630538,Bones Hyland,1610612750,MIN,G,25.0,70,58,0.445,,,,,,3 Pointers,Regular Season,,,,,0.007,66.0,179.0,0.369,0.361,,,,,,,,,,,,
1630570,Trendon Watford,1610612755,PHI,G-F,25.0,50,44,0.486,,,,,,3 Pointers,Regular Season,,,,,0.054,73.0,178.0,0.41,0.356,,,,,,,,,,,,
1627936,Alex Caruso,1610612760,OKC,G,32.0,56,52,0.519,,,,,,3 Pointers,Regular Season,,,,,0.014,66.0,177.0,0.373,0.358,,,,,,,,,,,,
1629006,Josh Okogie,1610612745,HOU,G,27.0,75,63,0.441,,,,,,3 Pointers,Regular Season,,,,,0.067,74.0,177.0,0.418,0.351,,,,,,,,,,,,
1630241,Sam Merrill,1610612739,CLE,G,30.0,52,48,0.429,,,,,,3 Pointers,Regular Season,,,,,-0.017,61.0,176.0,0.347,0.364,,,,,,,,,,,,
1627780,Gary Payton II,1610612744,GSW,G,33.0,71,60,0.474,,,,,,3 Pointers,Regular Season,,,,,0.02,66.0,175.0,0.377,0.357,,,,,,,,,,,,
1629723,John Konchar,1610612762,UTA,G,30.0,56,52,0.376,,,,,,3 Pointers,Regular Season,,,,,-0.052,53.0,175.0,0.303,0.355,,,,,,,,,,,,
1642920,Kobe Sanders,1610612746,LAC,G,24.0,67,60,0.414,,,,,,3 Pointers,Regular Season,,,,,0.0,63.0,174.0,0.362,0.362,,,,,,,,,,,,
1629018,Gary Trent Jr.,1610612749,MIL,G,27.0,58,56,0.571,,,,,,3 Pointers,Regular Season,,,,,0.041,69.0,173.0,0.399,0.357,,,,,,,,,,,,
1630264,Anthony Gill,1610612764,WAS,F,33.0,49,43,0.428,,,,,,3 Pointers,Regular Season,,,,,0.054,70.0,172.0,0.407,0.353,,,,,,,,,,,,
203083,Andre Drummond,1610612755,PHI,C,32.0,63,55,0.308,,,,,,3 Pointers,Regular Season,,,,,-0.02,57.0,171.0,0.333,0.353,,,,,,,,,,,,
1628392,Isaiah Hartenstein,1610612760,OKC,C-F,28.0,47,44,0.338,,,,,,3 Pointers,Regular Season,,,,,0.025,64.0,168.0,0.381,0.356,,,,,,,,,,,,
201143,Al Horford,1610612744,GSW,C-F,40.0,45,45,0.366,,,,,,3 Pointers,Regular Season,,,,,-0.055,50.0,168.0,0.298,0.353,,,,,,,,,,,,
1630532,Franz Wagner,1610612753,ORL,F,24.0,34,34,0.458,,,,,,3 Pointers,Regular Season,,,,,0.053,69.0,168.0,0.411,0.358,,,,,,,,,,,,
1642844,Dylan Harper,1610612759,SAS,G,20.0,69,63,0.378,,,,,,3 Pointers,Regular Season,,,,,-0.025,56.0,167.0,0.335,0.36,,,,,,,,,,,,
1631321,Sidy Cissoko,1610612757,POR,G,22.0,70,61,0.414,,,,,,3 Pointers,Regular Season,,,,,0.015,62.0,167.0,0.371,0.357,,,,,,,,,,,,
1631245,Quenton Jackson,1610612754,IND,G,27.0,46,45,0.496,,,,,,3 Pointers,Regular Season,,,,,-0.023,57.0,167.0,0.341,0.364,,,,,,,,,,,,
1642948,Ryan Nembhard,1610612742,DAL,G,23.0,58,52,0.467,,,,,,3 Pointers,Regular Season,,,,,-0.01,58.0,165.0,0.352,0.361,,,,,,,,,,,,
1642856,Egor Dëmin,1610612751,BKN,G,20.0,52,50,0.374,,,,,,3 Pointers,Regular Season,,,,,-0.022,56.0,164.0,0.341,0.363,,,,,,,,,,,,
202331,Paul George,1610612755,PHI,F,36.0,37,37,0.404,,,,,,3 Pointers,Regular Season,,,,,0.001,61.0,164.0,0.372,0.371,,,,,,,,,,,,
1642874,Danny Wolf,1610612751,BKN,F,22.0,57,51,0.336,,,,,,3 Pointers,Regular Season,,,,,-0.044,53.0,163.0,0.325,0.369,,,,,,,,,,,,
1642364,Jamir Watkins,1610612764,WAS,F,24.0,48,44,0.37,,,,,,3 Pointers,Regular Season,,,,,0.028,62.0,163.0,0.38,0.353,,,,,,,,,,,,
1629057,Robert Williams III,1610612757,POR,C-F,28.0,59,51,0.313,,,,,,3 Pointers,Regular Season,,,,,-0.02,54.0,162.0,0.333,0.354,,,,,,,,,,,,
203954,Joel Embiid,1610612755,PHI,C-F,32.0,38,37,0.286,,,,,,3 Pointers,Regular Season,,,,,-0.004,55.0,160.0,0.344,0.348,,,,,,,,,,,,
202710,Jimmy Butler III,1610612744,GSW,F,36.0,38,38,0.498,,,,,,3 Pointers,Regular Season,,,,,0.011,60.0,160.0,0.375,0.364,,,,,,,,,,,,
1641712,Rayan Rupert,1610612763,MEM,G-F,22.0,58,49,0.427,,,,,,3 Pointers,Regular Season,,,,,0.007,58.0,160.0,0.363,0.355,,,,,,,,,,,,
203932,Aaron Gordon,1610612743,DEN,F,30.0,36,35,0.43,,,,,,3 Pointers,Regular Season,,,,,-0.13,36.0,160.0,0.225,0.355,,,,,,,,,,,,
1631255,Karlo Matković,1610612740,NOP,F-C,25.0,61,54,0.343,,,,,,3 Pointers,Regular Season,,,,,-0.019,53.0,159.0,0.333,0.352,,,,,,,,,,,,
201587,Nicolas Batum,1610612746,LAC,G-F,37.0,72,63,0.408,,,,,,3 Pointers,Regular Season,,,,,0.034,62.0,158.0,0.392,0.358,,,,,,,,,,,,
1630557,Corey Kispert,1610612737,ATL,F,27.0,58,51,0.405,,,,,,3 Pointers,Regular Season,,,,,-0.027,52.0,158.0,0.329,0.356,,,,,,,,,,,,
1627751,Jakob Poeltl,1610612761,TOR,C,30.0,46,44,0.289,,,,,,3 Pointers,Regular Season,,,,,0.031,62.0,158.0,0.392,0.361,,,,,,,,,,,,
1641767,Ben Sheppard,1610612754,IND,G,24.0,65,57,0.385,,,,,,3 Pointers,Regular Season,,,,,-0.016,55.0,156.0,0.353,0.369,,,,,,,,,,,,
1642868,Carter Bryant,1610612759,SAS,F,20.0,67,55,0.437,,,,,,3 Pointers,Regular Season,,,,,0.025,57.0,156.0,0.365,0.34,,,,,,,,,,,,
1630188,Jalen Smith,1610612741,CHI,F-C,26.0,53,48,0.322,,,,,,3 Pointers,Regular Season,,,,,0.04,62.0,155.0,0.4,0.36,,,,,,,,,,,,
201939,Stephen Curry,1610612744,GSW,G,38.0,43,43,0.46,,,,,,3 Pointers,Regular Season,,,,,-0.001,57.0,155.0,0.368,0.369,,,,,,,,,,,,
202691,Klay Thompson,1610612742,DAL,G,36.0,69,65,0.386,,,,,,3 Pointers,Regular Season,,,,,-0.008,54.0,154.0,0.351,0.359,,,,,,,,,,,,
1631246,Vince Williams Jr.,1610612762,UTA,G,25.0,40,40,0.508,,,,,,3 Pointers,Regular Season,,,,,-0.013,53.0,153.0,0.346,0.36,,,,,,,,,,,,
1642348,Justin Edwards,1610612755,PHI,F,22.0,55,51,0.497,,,,,,3 Pointers,Regular Season,,,,,0.061,64.0,153.0,0.418,0.357,,,,,,,,,,,,
1629216,Gabe Vincent,1610612737,ATL,G,30.0,53,52,0.515,,,,,,3 Pointers,Regular Season,,,,,0.088,68.0,152.0,0.447,0.359,,,,,,,,,,,,
1641731,Bilal Coulibaly,1610612764,WAS,G,21.0,55,50,0.371,,,,,,3 Pointers,Regular Season,,,,,-0.013,53.0,152.0,0.349,0.362,,,,,,,,,,,,
1629673,Jordan Poole,1610612740,NOP,G,27.0,39,35,0.526,,,,,,3 Pointers,Regular Season,,,,,-0.025,51.0,151.0,0.338,0.363,,,,,,,,,,,,
1630695,Micah Potter,1610612754,IND,C,28.0,45,40,0.305,,,,,,3 Pointers,Regular Season,,,,,0.019,55.0,150.0,0.367,0.347,,,,,,,,,,,,
1642265,Rob Dillingham,1610612741,CHI,G,21.0,61,48,0.476,,,,,,3 Pointers,Regular Season,,,,,-0.016,51.0,150.0,0.34,0.356,,,,,,,,,,,,
1630549,Day'Ron Sharpe,1610612751,BKN,C,24.0,62,51,0.349,,,,,,3 Pointers,Regular Season,,,,,0.029,58.0,150.0,0.387,0.357,,,,,,,,,,,,
1631121,Bryce McGowens,1610612740,NOP,G,23.0,41,38,0.454,,,,,,3 Pointers,Regular Season,,,,,-0.052,46.0,149.0,0.309,0.361,,,,,,,,,,,,
1641765,Olivier-Maxence Prosper,1610612763,MEM,F,23.0,49,45,0.352,,,,,,3 Pointers,Regular Season,,,,,0.072,63.0,148.0,0.426,0.354,,,,,,,,,,,,
1630543,Isaiah Jackson,1610612746,LAC,F,24.0,54,50,0.309,,,,,,3 Pointers,Regular Season,,,,,-0.097,39.0,148.0,0.264,0.36,,,,,,,,,,,,
1631169,Josh Minott,1610612751,BKN,F,23.0,48,45,0.429,,,,,,3 Pointers,Regular Season,,,,,0.058,61.0,147.0,0.415,0.357,,,,,,,,,,,,
1629001,De'Anthony Melton,1610612744,GSW,G,28.0,49,46,0.394,,,,,,3 Pointers,Regular Season,,,,,0.025,57.0,146.0,0.39,0.365,,,,,,,,,,,,
1630534,Ochai Agbaji,1610612751,BKN,G,26.0,59,51,0.408,,,,,,3 Pointers,Regular Season,,,,,-0.011,52.0,146.0,0.356,0.367,,,,,,,,,,,,
1630194,Paul Reed,1610612765,DET,F,27.0,62,55,0.323,,,,,,3 Pointers,Regular Season,,,,,-0.057,45.0,146.0,0.308,0.365,,,,,,,,,,,,
1641738,Kobe Brown,1610612754,IND,F,26.0,56,46,0.448,,,,,,3 Pointers,Regular Season,,,,,0.097,66.0,145.0,0.455,0.358,,,,,,,,,,,,
203507,Giannis Antetokounmpo,1610612749,MIL,F,31.0,36,35,0.441,,,,,,3 Pointers,Regular Season,,,,,-0.009,49.0,143.0,0.343,0.352,,,,,,,,,,,,
203914,Gary Harris,1610612749,MIL,G,31.0,45,45,0.586,,,,,,3 Pointers,Regular Season,,,,,0.025,55.0,143.0,0.385,0.36,,,,,,,,,,,,
1631159,Leonard Miller,1610612741,CHI,F,22.0,36,34,0.443,,,,,,3 Pointers,Regular Season,,,,,0.007,53.0,143.0,0.371,0.363,,,,,,,,,,,,
1642962,Drake Powell,1610612751,BKN,G-F,20.0,60,51,0.433,,,,,,3 Pointers,Regular Season,,,,,-0.001,52.0,142.0,0.366,0.368,,,,,,,,,,,,
1642849,Nolan Traore,1610612751,BKN,G,20.0,56,52,0.346,,,,,,3 Pointers,Regular Season,,,,,0.023,55.0,142.0,0.387,0.365,,,,,,,,,,,,
1642269,Devin Carter,1610612758,SAC,G,24.0,36,32,0.561,,,,,,3 Pointers,Regular Season,,,,,0.099,64.0,142.0,0.451,0.351,,,,,,,,,,,,
204001,Kristaps Porziņģis,1610612744,GSW,F-C,30.0,32,30,0.344,,,,,,3 Pointers,Regular Season,,,,,-0.024,46.0,142.0,0.324,0.348,,,,,,,,,,,,
1627741,Buddy Hield,1610612737,ATL,G,33.0,50,48,0.439,,,,,,3 Pointers,Regular Season,,,,,0.071,60.0,140.0,0.429,0.357,,,,,,,,,,,,
1630311,Pat Spencer,1610612744,GSW,G,29.0,61,49,0.372,,,,,,3 Pointers,Regular Season,,,,,0.0,50.0,139.0,0.36,0.359,,,,,,,,,,,,
1642914,Javon Small,1610612763,MEM,G,23.0,37,36,0.545,,,,,,3 Pointers,Regular Season,,,,,-0.008,47.0,139.0,0.338,0.346,,,,,,,,,,,,
1629684,Grant Williams,1610612766,CHA,F,27.0,36,36,0.484,,,,,,3 Pointers,Regular Season,,,,,-0.061,40.0,138.0,0.29,0.351,,,,,,,,,,,,
1631107,Nikola Jović,1610612748,MIA,F,23.0,44,41,0.344,,,,,,3 Pointers,Regular Season,,,,,-0.059,41.0,136.0,0.301,0.361,,,,,,,,,,,,
1629048,Goga Bitadze,1610612753,ORL,C-F,26.0,63,51,0.296,,,,,,3 Pointers,Regular Season,,,,,0.001,49.0,136.0,0.36,0.359,,,,,,,,,,,,
203937,Kyle Anderson,1610612750,MIN,F-G,32.0,43,41,0.407,,,,,,3 Pointers,Regular Season,,,,,-0.064,39.0,136.0,0.287,0.351,,,,,,,,,,,,
1629020,Jarred Vanderbilt,1610612747,LAL,F,27.0,61,54,0.423,,,,,,3 Pointers,Regular Season,,,,,-0.062,41.0,135.0,0.304,0.366,,,,,,,,,,,,
1630228,Jonathan Kuminga,1610612737,ATL,F,23.0,36,35,0.48,,,,,,3 Pointers,Regular Season,,,,,-0.032,44.0,135.0,0.326,0.358,,,,,,,,,,,,
201144,Mike Conley,1610612750,MIN,G,38.0,52,48,0.403,,,,,,3 Pointers,Regular Season,,,,,0.018,52.0,135.0,0.385,0.367,,,,,,,,,,,,
203991,Clint Capela,1610612745,HOU,C,32.0,73,61,0.294,,,,,,3 Pointers,Regular Season,,,,,-0.106,32.0,133.0,0.241,0.346,,,,,,,,,,,,
1627824,Guerschon Yabusele,1610612741,CHI,F,30.0,65,54,0.345,,,,,,3 Pointers,Regular Season,,,,,-0.005,46.0,132.0,0.348,0.354,,,,,,,,,,,,
1628975,Jevon Carter,1610612753,ORL,G,30.0,49,42,0.492,,,,,,3 Pointers,Regular Season,,,,,-0.053,40.0,131.0,0.305,0.358,,,,,,,,,,,,
1630592,Jalen Wilson,1610612751,BKN,F,25.0,51,46,0.463,,,,,,3 Pointers,Regular Season,,,,,0.055,54.0,131.0,0.412,0.357,,,,,,,,,,,,
1631124,Julian Strawther,1610612743,DEN,G,24.0,52,48,0.487,,,,,,3 Pointers,Regular Season,,,,,0.091,59.0,131.0,0.45,0.359,,,,,,,,,,,,
1641774,Tristan Vukcevic,1610612764,WAS,F,23.0,47,41,0.338,,,,,,3 Pointers,Regular Season,,,,,0.045,52.0,130.0,0.4,0.355,,,,,,,,,,,,
1631126,Caleb Love,1610612757,POR,G,24.0,47,42,0.52,,,,,,3 Pointers,Regular Season,,,,,-0.04,41.0,129.0,0.318,0.357,,,,,,,,,,,,
203484,Kentavious Caldwell-Pope,1610612763,MEM,G,33.0,49,47,0.527,,,,,,3 Pointers,Regular Season,,,,,0.041,51.0,127.0,0.402,0.361,,,,,,,,,,,,
1631342,Daeqwon Plowden,1610612758,SAC,G-F,27.0,32,30,0.455,,,,,,3 Pointers,Regular Season,,,,,0.061,51.0,126.0,0.405,0.344,,,,,,,,,,,,
1628988,Aaron Holiday,1610612745,HOU,G,29.0,51,46,0.475,,,,,,3 Pointers,Regular Season,,,,,-0.063,36.0,125.0,0.288,0.351,,,,,,,,,,,,
1629639,Tyler Herro,1610612748,MIA,G,26.0,33,33,0.385,,,,,,3 Pointers,Regular Season,,,,,-0.012,44.0,125.0,0.352,0.364,,,,,,,,,,,,
1631250,Pete Nance,1610612749,MIL,F,26.0,40,37,0.406,,,,,,3 Pointers,Regular Season,,,,,0.025,47.0,123.0,0.382,0.357,,,,,,,,,,,,
1641740,Jaylen Clark,1610612750,MIN,G,24.0,63,56,0.388,,,,,,3 Pointers,Regular Season,,,,,-0.085,34.0,123.0,0.276,0.362,,,,,,,,,,,,
1642879,Ben Saraf,1610612751,BKN,G,20.0,44,40,0.377,,,,,,3 Pointers,Regular Season,,,,,0.033,50.0,122.0,0.41,0.377,,,,,,,,,,,,
1628366,Lonzo Ball,1610612739,CLE,G,28.0,34,32,0.526,,,,,,3 Pointers,Regular Season,,,,,-0.015,43.0,122.0,0.352,0.368,,,,,,,,,,,,
204456,T.J. McConnell,1610612754,IND,G,34.0,55,45,0.441,,,,,,3 Pointers,Regular Season,,,,,0.038,49.0,120.0,0.408,0.37,,,,,,,,,,,,
1642877,Micah Peavy,1610612740,NOP,G-F,24.0,54,47,0.482,,,,,,3 Pointers,Regular Season,,,,,-0.011,42.0,120.0,0.35,0.361,,,,,,,,,,,,
1629026,Kenrich Williams,1610612760,OKC,G-F,31.0,54,51,0.508,,,,,,3 Pointers,Regular Season,,,,,0.053,48.0,120.0,0.4,0.347,,,,,,,,,,,,
1630182,Josh Green,1610612766,CHA,G,25.0,54,51,0.504,,,,,,3 Pointers,Regular Season,,,,,-0.081,33.0,119.0,0.277,0.358,,,,,,,,,,,,
203939,Dwight Powell,1610612742,DAL,F-C,34.0,57,45,0.267,,,,,,3 Pointers,Regular Season,,,,,0.001,43.0,119.0,0.361,0.361,,,,,,,,,,,,
1631200,Kris Murray,1610612757,POR,F,25.0,57,50,0.301,,,,,,3 Pointers,Regular Season,,,,,-0.012,40.0,117.0,0.342,0.354,,,,,,,,,,,,
203500,Steven Adams,1610612745,HOU,C,32.0,32,32,0.328,,,,,,3 Pointers,Regular Season,,,,,-0.015,37.0,116.0,0.319,0.334,,,,,,,,,,,,
1630560,Cam Thomas,1610612749,MIL,G,24.0,41,39,0.481,,,,,,3 Pointers,Regular Season,,,,,0.06,48.0,116.0,0.414,0.354,,,,,,,,,,,,
1628997,Caleb Martin,1610612742,DAL,F,30.0,56,46,0.35,,,,,,3 Pointers,Regular Season,,,,,-0.036,38.0,115.0,0.33,0.366,,,,,,,,,,,,
1642869,Noah Penda,1610612753,ORL,G-F,21.0,55,46,0.364,,,,,,3 Pointers,Regular Season,,,,,0.017,42.0,114.0,0.368,0.351,,,,,,,,,,,,
1630224,Jalen Green,1610612756,PHX,G,24.0,32,29,0.471,,,,,,3 Pointers,Regular Season,,,,,-0.033,38.0,114.0,0.333,0.366,,,,,,,,,,,,
1641722,Jordan Hawkins,1610612740,NOP,G,24.0,46,41,0.437,,,,,,3 Pointers,Regular Season,,,,,-0.029,37.0,114.0,0.325,0.354,,,,,,,,,,,,
1626145,Tyus Jones,1610612743,DEN,G,30.0,60,49,0.447,,,,,,3 Pointers,Regular Season,,,,,0.026,44.0,114.0,0.386,0.36,,,,,,,,,,,,
1628418,Thomas Bryant,1610612739,CLE,C-F,28.0,58,47,0.311,,,,,,3 Pointers,Regular Season,,,,,0.155,58.0,113.0,0.513,0.358,,,,,,,,,,,,
202685,Jonas Valanciunas,1610612743,DEN,C,34.0,63,49,0.277,,,,,,3 Pointers,Regular Season,,,,,0.117,52.0,113.0,0.46,0.344,,,,,,,,,,,,
1631213,Tyrese Martin,1610612755,PHI,F,27.0,43,36,0.476,,,,,,3 Pointers,Regular Season,,,,,-0.017,39.0,111.0,0.351,0.369,,,,,,,,,,,,
1629618,Jalen Pickett,1610612743,DEN,G,26.0,42,35,0.491,,,,,,3 Pointers,Regular Season,,,,,0.002,40.0,111.0,0.36,0.358,,,,,,,,,,,,
1630192,Zeke Nnaji,1610612743,DEN,F-C,25.0,46,39,0.384,,,,,,3 Pointers,Regular Season,,,,,0.005,39.0,109.0,0.358,0.353,,,,,,,,,,,,
1642278,Tyler Kolek,1610612752,NYK,G,25.0,53,49,0.471,,,,,,3 Pointers,Regular Season,,,,,0.018,40.0,107.0,0.374,0.356,,,,,,,,,,,,
1630175,Cole Anthony,1610612749,MIL,G,26.0,33,33,0.53,,,,,,3 Pointers,Regular Season,,,,,0.024,40.0,105.0,0.381,0.357,,,,,,,,,,,,
1631114,Jalen Williams,1610612760,OKC,G-F,25.0,33,31,0.448,,,,,,3 Pointers,Regular Season,,,,,0.004,38.0,103.0,0.369,0.365,,,,,,,,,,,,
1630208,Nick Richards,1610612741,CHI,C,28.0,47,38,0.278,,,,,,3 Pointers,Regular Season,,,,,0.037,41.0,102.0,0.402,0.365,,,,,,,,,,,,
203076,Anthony Davis,1610612764,WAS,F-C,33.0,20,19,0.324,,,,,,3 Pointers,Regular Season,,,,,0.051,41.0,101.0,0.406,0.355,,,,,,,,,,,,
1630536,Sharife Cooper,1610612764,WAS,G,25.0,37,33,0.457,,,,,,3 Pointers,Regular Season,,,,,0.049,41.0,101.0,0.406,0.357,,,,,,,,,,,,
1642928,Dylan Cardwell,1610612758,SAC,C,24.0,44,37,0.233,,,,,,3 Pointers,Regular Season,,,,,0.006,37.0,101.0,0.366,0.36,,,,,,,,,,,,
1630702,Jaden Hardy,1610612764,WAS,G,23.0,50,41,0.397,,,,,,3 Pointers,Regular Season,,,,,-0.021,34.0,100.0,0.34,0.361,,,,,,,,,,,,
203482,Kelly Olynyk,1610612759,SAS,F-C,35.0,38,35,0.532,,,,,,3 Pointers,Regular Season,,,,,-0.025,32.0,100.0,0.32,0.345,,,,,,,,,,,,
1629234,Drew Eubanks,1610612758,SAC,F-C,29.0,40,33,0.343,,,,,,3 Pointers,Regular Season,,,,,-0.004,35.0,98.0,0.357,0.361,,,,,,,,,,,,
1631093,Jaden Ivey,1610612741,CHI,G,24.0,37,34,0.46,,,,,,3 Pointers,Regular Season,,,,,-0.002,35.0,97.0,0.361,0.363,,,,,,,,,,,,
1631131,Oscar Tshiebwe,1610612762,UTA,F-C,26.0,26,24,0.425,,,,,,3 Pointers,Regular Season,,,,,0.01,36.0,97.0,0.371,0.361,,,,,,,,,,,,
1642853,Rasheer Fleming,1610612756,PHX,F,21.0,48,40,0.449,,,,,,3 Pointers,Regular Season,,,,,-0.042,30.0,97.0,0.309,0.351,,,,,,,,,,,,
1630679,Ethan Thompson,1610612754,IND,G,27.0,29,26,0.415,,,,,,3 Pointers,Regular Season,,,,,-0.032,32.0,97.0,0.33,0.362,,,,,,,,,,,,
1642942,Jahmai Mashack,1610612763,MEM,G,23.0,29,27,0.348,,,,,,3 Pointers,Regular Season,,,,,-0.075,26.0,96.0,0.271,0.346,,,,,,,,,,,,
1630811,Keaton Wallace,1610612737,ATL,G,27.0,43,34,0.539,,,,,,3 Pointers,Regular Season,,,,,0.01,34.0,96.0,0.354,0.344,,,,,,,,,,,,
1631133,Jabari Walker,1610612755,PHI,F,23.0,60,49,0.375,,,,,,3 Pointers,Regular Season,,,,,-0.014,32.0,96.0,0.333,0.347,,,,,,,,,,,,
1642277,Johnny Furphy,1610612754,IND,G,21.0,34,30,0.35,,,,,,3 Pointers,Regular Season,,,,,0.014,37.0,96.0,0.385,0.372,,,,,,,,,,,,
1642353,Cam Christie,1610612746,LAC,G,20.0,48,37,0.54,,,,,,3 Pointers,Regular Season,,,,,-0.005,34.0,95.0,0.358,0.363,,,,,,,,,,,,
1630703,Scoot Henderson,1610612757,POR,G,22.0,30,28,0.423,,,,,,3 Pointers,Regular Season,,,,,0.071,41.0,94.0,0.436,0.365,,,,,,,,,,,,
1641989,Elijah Harkless,1610612762,UTA,G,26.0,25,24,0.456,,,,,,3 Pointers,Regular Season,,,,,-0.029,31.0,93.0,0.333,0.362,,,,,,,,,,,,
1627827,Dorian Finney-Smith,1610612745,HOU,F,33.0,37,35,0.433,,,,,,3 Pointers,Regular Season,,,,,-0.029,30.0,93.0,0.323,0.351,,,,,,,,,,,,
1642885,Mohamed Diawara,1610612752,NYK,F,21.0,57,43,0.46,,,,,,3 Pointers,Regular Season,,,,,-0.006,32.0,92.0,0.348,0.354,,,,,,,,,,,,
1626156,D'Angelo Russell,1610612764,WAS,G,30.0,26,25,0.474,,,,,,3 Pointers,Regular Season,,,,,-0.068,27.0,91.0,0.297,0.364,,,,,,,,,,,,
1628467,Maxi Kleber,1610612747,LAL,F,34.0,41,33,0.35,,,,,,3 Pointers,Regular Season,,,,,-0.013,31.0,90.0,0.344,0.357,,,,,,,,,,,,
1629630,Ja Morant,1610612763,MEM,G,26.0,20,20,0.545,,,,,,3 Pointers,Regular Season,,,,,0.036,36.0,90.0,0.4,0.364,,,,,,,,,,,,
1642275,Tidjane Salaün,1610612766,CHA,F,20.0,33,31,0.411,,,,,,3 Pointers,Regular Season,,,,,0.111,42.0,90.0,0.467,0.355,,,,,,,,,,,,
1631099,Keegan Murray,1610612758,SAC,F,25.0,23,23,0.294,,,,,,3 Pointers,Regular Season,,,,,-0.019,31.0,90.0,0.344,0.363,,,,,,,,,,,,
1630544,Tre Mann,1610612766,CHA,G,25.0,48,35,0.426,,,,,,3 Pointers,Regular Season,,,,,0.136,44.0,89.0,0.494,0.358,,,,,,,,,,,,
1643016,Bez Mbeng,1610612762,UTA,G,23.0,15,14,0.47,,,,,,3 Pointers,Regular Season,,,,,-0.005,30.0,87.0,0.345,0.349,,,,,,,,,,,,
201567,Kevin Love,1610612762,UTA,F-C,37.0,36,30,0.335,,,,,,3 Pointers,Regular Season,,,,,-0.04,28.0,87.0,0.322,0.362,,,,,,,,,,,,
1631288,Jamal Cain,1610612753,ORL,F,27.0,36,33,0.418,,,,,,3 Pointers,Regular Season,,,,,-0.018,29.0,84.0,0.345,0.363,,,,,,,,,,,,
1627752,Taurean Prince,1610612749,MIL,F,32.0,26,26,0.482,,,,,,3 Pointers,Regular Season,,,,,0.075,35.0,81.0,0.432,0.357,,,,,,,,,,,,
1642382,Branden Carlson,1610612760,OKC,C,27.0,39,31,0.304,,,,,,3 Pointers,Regular Season,,,,,0.148,38.0,80.0,0.475,0.327,,,,,,,,,,,,
1631123,Jamaree Bouyea,1610612756,PHX,G,27.0,40,26,0.398,,,,,,3 Pointers,Regular Season,,,,,-0.062,24.0,80.0,0.3,0.362,,,,,,,,,,,,
1642863,Khaman Maluach,1610612756,PHX,C,19.0,45,31,0.336,,,,,,3 Pointers,Regular Season,,,,,0.015,30.0,80.0,0.375,0.36,,,,,,,,,,,,
1630574,Ariel Hukporti,1610612752,NYK,C,24.0,47,37,0.309,,,,,,3 Pointers,Regular Season,,,,,-0.062,23.0,80.0,0.288,0.35,,,,,,,,,,,,
1642854,Asa Newell,1610612737,ATL,F,20.0,40,30,0.379,,,,,,3 Pointers,Regular Season,,,,,-0.033,25.0,78.0,0.321,0.353,,,,,,,,,,,,
1630165,Killian Hayes,1610612758,SAC,G,24.0,21,20,0.575,,,,,,3 Pointers,Regular Season,,,,,0.092,34.0,77.0,0.442,0.35,,,,,,,,,,,,
1628369,Jayson Tatum,1610612738,BOS,F-G,28.0,16,15,0.52,,,,,,3 Pointers,Regular Season,,,,,-0.014,27.0,77.0,0.351,0.365,,,,,,,,,,,,
1626204,Larry Nance Jr.,1610612739,CLE,F-C,33.0,32,28,0.484,,,,,,3 Pointers,Regular Season,,,,,0.048,31.0,77.0,0.403,0.355,,,,,,,,,,,,
1631207,Dalen Terry,1610612755,PHI,F,23.0,40,34,0.384,,,,,,3 Pointers,Regular Season,,,,,-0.025,25.0,76.0,0.329,0.354,,,,,,,,,,,,
1626172,Kevon Looney,1610612740,NOP,F,30.0,21,17,0.434,,,,,,3 Pointers,Regular Season,,,,,0.024,28.0,75.0,0.373,0.349,,,,,,,,,,,,
1630619,Moussa Cisse,1610612742,DAL,C,23.0,36,28,0.261,,,,,,3 Pointers,Regular Season,,,,,-0.112,18.0,75.0,0.24,0.352,,,,,,,,,,,,
1641724,Jett Howard,1610612753,ORL,G,22.0,49,38,0.362,,,,,,3 Pointers,Regular Season,,,,,0.002,27.0,75.0,0.36,0.358,,,,,,,,,,,,
1631218,Trayce Jackson-Davis,1610612761,TOR,F,26.0,48,32,0.274,,,,,,3 Pointers,Regular Season,,,,,-0.021,24.0,74.0,0.324,0.346,,,,,,,,,,,,
203992,Bogdan Bogdanović,1610612746,LAC,G,33.0,22,21,0.442,,,,,,3 Pointers,Regular Season,,,,,0.06,31.0,73.0,0.425,0.364,,,,,,,,,,,,
1642261,Dalton Knecht,1610612747,LAL,F,25.0,44,30,0.376,,,,,,3 Pointers,Regular Season,,,,,0.034,28.0,71.0,0.394,0.361,,,,,,,,,,,,
1627734,Domantas Sabonis,1610612758,SAC,F-C,30.0,19,19,0.25,,,,,,3 Pointers,Regular Season,,,,,0.054,29.0,70.0,0.414,0.361,,,,,,,,,,,,
1642905,Yang Hansen,1610612757,POR,C,21.0,39,29,0.365,,,,,,3 Pointers,Regular Season,,,,,-0.024,23.0,70.0,0.329,0.353,,,,,,,,,,,,
1642882,Julian Reese,1610612764,WAS,F,23.0,13,12,0.362,,,,,,3 Pointers,Regular Season,,,,,0.014,24.0,68.0,0.353,0.339,,,,,,,,,,,,
203926,Doug McDermott,1610612758,SAC,F,34.0,27,22,0.466,,,,,,3 Pointers,Regular Season,,,,,-0.057,20.0,68.0,0.294,0.351,,,,,,,,,,,,
1642358,AJ Johnson,1610612742,DAL,G,21.0,39,33,0.466,,,,,,3 Pointers,Regular Season,,,,,0.074,30.0,68.0,0.441,0.367,,,,,,,,,,,,
1642878,Tyrese Proctor,1610612739,CLE,G,22.0,42,34,0.469,,,,,,3 Pointers,Regular Season,,,,,0.026,25.0,67.0,0.373,0.348,,,,,,,,,,,,
1641763,Julian Phillips,1610612750,MIN,F,22.0,41,31,0.496,,,,,,3 Pointers,Regular Season,,,,,-0.022,22.0,67.0,0.328,0.35,,,,,,,,,,,,
1643007,Taelon Peter,1610612754,IND,G,24.0,33,24,0.345,,,,,,3 Pointers,Regular Season,,,,,-0.013,23.0,67.0,0.343,0.357,,,,,,,,,,,,
1631110,Jeremy Sochan,1610612752,NYK,F,23.0,37,30,0.346,,,,,,3 Pointers,Regular Season,,,,,0.084,28.0,66.0,0.424,0.341,,,,,,,,,,,,
1628396,Tony Bradley,1610612737,ATL,C-F,28.0,35,29,0.371,,,,,,3 Pointers,Regular Season,,,,,0.102,31.0,66.0,0.47,0.368,,,,,,,,,,,,
1629021,Moritz Wagner,1610612753,ORL,F-C,29.0,35,25,0.387,,,,,,3 Pointers,Regular Season,,,,,0.108,30.0,65.0,0.462,0.354,,,,,,,,,,,,
1629660,Ty Jerome,1610612763,MEM,G-F,28.0,15,15,0.56,,,,,,3 Pointers,Regular Season,,,,,0.016,24.0,65.0,0.369,0.354,,,,,,,,,,,,
1629680,Matisse Thybulle,1610612757,POR,G-F,29.0,29,23,0.52,,,,,,3 Pointers,Regular Season,,,,,-0.116,16.0,64.0,0.25,0.366,,,,,,,,,,,,
1641733,Nick Smith Jr.,1610612747,LAL,G,22.0,27,24,0.539,,,,,,3 Pointers,Regular Season,,,,,-0.044,20.0,62.0,0.323,0.366,,,,,,,,,,,,
1642066,Myron Gardner,1610612748,MIA,F,25.0,39,28,0.412,,,,,,3 Pointers,Regular Season,,,,,-0.052,19.0,61.0,0.311,0.363,,,,,,,,,,,,
1630167,Obi Toppin,1610612754,IND,F,28.0,24,20,0.5,,,,,,3 Pointers,Regular Season,,,,,-0.052,19.0,61.0,0.311,0.364,,,,,,,,,,,,
1629599,Amir Coffey,1610612756,PHX,G-F,29.0,38,26,0.492,,,,,,3 Pointers,Regular Season,,,,,0.025,23.0,60.0,0.383,0.358,,,,,,,,,,,,
1630526,Jeremiah Robinson-Earl,1610612742,DAL,F,25.0,21,19,0.426,,,,,,3 Pointers,Regular Season,,,,,0.084,26.0,60.0,0.433,0.35,,,,,,,,,,,,
1629622,Max Strus,1610612739,CLE,G-F,30.0,12,12,0.451,,,,,,3 Pointers,Regular Season,,,,,0.027,23.0,60.0,0.383,0.357,,,,,,,,,,,,
1642880,Kam Jones,1610612754,IND,G,24.0,33,29,0.345,,,,,,3 Pointers,Regular Season,,,,,0.007,22.0,59.0,0.373,0.366,,,,,,,,,,,,
1628371,Jonathan Isaac,1610612753,ORL,F,28.0,47,33,0.31,,,,,,3 Pointers,Regular Season,,,,,-0.001,21.0,58.0,0.362,0.363,,,,,,,,,,,,
1630545,Terrence Shannon Jr,1610612750,MIN,G-F,25.0,39,30,0.385,,,,,,3 Pointers,Regular Season,,,,,-0.045,18.0,57.0,0.316,0.361,,,,,,,,,,,,
1629027,Trae Young,1610612764,WAS,G,27.0,15,14,0.5,,,,,,3 Pointers,Regular Season,,,,,0.016,21.0,57.0,0.368,0.353,,,,,,,,,,,,
1642419,Jamison Battle,1610612761,TOR,F,25.0,49,33,0.37,,,,,,3 Pointers,Regular Season,,,,,0.125,26.0,57.0,0.456,0.331,,,,,,,,,,,,
1641748,Andre Jackson Jr.,1610612749,MIL,G,24.0,37,23,0.435,,,,,,3 Pointers,Regular Season,,,,,-0.049,16.0,54.0,0.296,0.345,,,,,,,,,,,,
1630256,Jae'Sean Tate,1610612745,HOU,F,30.0,39,29,0.394,,,,,,3 Pointers,Regular Season,,,,,-0.086,15.0,54.0,0.278,0.364,,,,,,,,,,,,
1641778,Leaky Black,1610612764,WAS,F,27.0,15,13,0.383,,,,,,3 Pointers,Regular Season,,,,,0.05,22.0,54.0,0.407,0.358,,,,,,,,,,,,
1642964,Brooks Barnhizer,1610612760,OKC,G,24.0,37,24,0.397,,,,,,3 Pointers,Regular Season,,,,,0.139,26.0,54.0,0.481,0.343,,,,,,,,,,,,
1641771,Jalen Slawson,1610612754,IND,F,26.0,13,12,0.371,,,,,,3 Pointers,Regular Season,,,,,-0.062,15.0,53.0,0.283,0.345,,,,,,,,,,,,
1642355,Bronny James,1610612747,LAL,G,21.0,34,27,0.486,,,,,,3 Pointers,Regular Season,,,,,-0.037,17.0,53.0,0.321,0.357,,,,,,,,,,,,
1642859,Jase Richardson,1610612753,ORL,G,20.0,43,27,0.363,,,,,,3 Pointers,Regular Season,,,,,-0.034,17.0,53.0,0.321,0.355,,,,,,,,,,,,
1631132,Christian Koloko,1610612737,ATL,C,26.0,26,20,0.25,,,,,,3 Pointers,Regular Season,,,,,-0.037,16.0,52.0,0.308,0.345,,,,,,,,,,,,
1641869,Malachi Smith,1610612751,BKN,G,26.0,15,12,0.433,,,,,,3 Pointers,Regular Season,,,,,0.072,23.0,52.0,0.442,0.37,,,,,,,,,,,,
1642950,Lachlan Olbrich,1610612741,CHI,C,22.0,29,22,0.373,,,,,,3 Pointers,Regular Season,,,,,0.021,19.0,50.0,0.38,0.359,,,,,,,,,,,,
1631204,Marcus Sasser,1610612765,DET,G,25.0,32,28,0.48,,,,,,3 Pointers,Regular Season,,,,,-0.04,15.0,49.0,0.306,0.346,,,,,,,,,,,,
1642862,Liam McNeeley,1610612766,CHA,F,20.0,29,22,0.397,,,,,,3 Pointers,Regular Season,,,,,0.063,20.0,48.0,0.417,0.354,,,,,,,,,,,,
1631466,Nate Williams,1610612744,GSW,G,27.0,14,14,0.608,,,,,,3 Pointers,Regular Season,,,,,-0.024,16.0,48.0,0.333,0.358,,,,,,,,,,,,
1630604,E.J. Liddell,1610612751,BKN,F,25.0,24,15,0.364,,,,,,3 Pointers,Regular Season,,,,,0.044,20.0,48.0,0.417,0.373,,,,,,,,,,,,
1642949,Yanic Konan Niederhäuser,1610612746,LAC,C,23.0,35,22,0.22,,,,,,3 Pointers,Regular Season,,,,,0.071,20.0,47.0,0.426,0.354,,,,,,,,,,,,
1630587,Isaiah Livers,1610612756,PHX,F,27.0,33,25,0.359,,,,,,3 Pointers,Regular Season,,,,,-0.14,10.0,47.0,0.213,0.353,,,,,,,,,,,,
1641790,PJ Hall,1610612766,CHA,C,24.0,17,13,0.382,,,,,,3 Pointers,Regular Season,,,,,-0.026,16.0,47.0,0.34,0.366,,,,,,,,,,,,
1631113,Kennedy Chandler,1610612762,UTA,G,23.0,11,11,0.516,,,,,,3 Pointers,Regular Season,,,,,0.003,18.0,47.0,0.383,0.38,,,,,,,,,,,,
1642396,Blake Hinson,1610612762,UTA,F,26.0,14,14,0.516,,,,,,3 Pointers,Regular Season,,,,,-0.038,15.0,47.0,0.319,0.358,,,,,,,,,,,,
1626166,Cameron Payne,1610612755,PHI,G,31.0,21,16,0.479,,,,,,3 Pointers,Regular Season,,,,,-0.04,15.0,46.0,0.326,0.366,,,,,,,,,,,,
1626192,Pat Connaughton,1610612766,CHA,G,33.0,30,21,0.479,,,,,,3 Pointers,Regular Season,,,,,-0.034,15.0,46.0,0.326,0.36,,,,,,,,,,,,
1641871,Duop Reath,1610612757,POR,C,30.0,26,22,0.377,,,,,,3 Pointers,Regular Season,,,,,-0.05,14.0,46.0,0.304,0.355,,,,,,,,,,,,
1630322,Lindy Waters III,1610612759,SAS,F,28.0,34,26,0.523,,,,,,3 Pointers,Regular Season,,,,,-0.022,15.0,46.0,0.326,0.348,,,,,,,,,,,,
1642866,Joan Beringer,1610612750,MIN,F,19.0,38,27,0.23,,,,,,3 Pointers,Regular Season,,,,,0.044,18.0,46.0,0.391,0.347,,,,,,,,,,,,
1630623,Tyson Etienne,1610612751,BKN,G,26.0,20,17,0.423,,,,,,3 Pointers,Regular Season,,,,,-0.023,15.0,44.0,0.341,0.364,,,,,,,,,,,,
201145,Jeff Green,1610612745,HOU,F,39.0,24,19,0.537,,,,,,3 Pointers,Regular Season,,,,,-0.134,9.0,44.0,0.205,0.339,,,,,,,,,,,,
1642967,John Poulakidas,1610612742,DAL,G,23.0,13,11,0.454,,,,,,3 Pointers,Regular Season,,,,,-0.029,15.0,44.0,0.341,0.37,,,,,,,,,,,,
1631166,Drew Timme,1610612747,LAL,F,25.0,21,17,0.387,,,,,,3 Pointers,Regular Season,,,,,-0.036,14.0,43.0,0.326,0.362,,,,,,,,,,,,
1630590,Scotty Pippen Jr.,1610612763,MEM,G,25.0,10,10,0.512,,,,,,3 Pointers,Regular Season,,,,,0.115,20.0,43.0,0.465,0.35,,,,,,,,,,,,
1630214,Xavier Tillman,1610612766,CHA,F,27.0,23,14,0.477,,,,,,3 Pointers,Regular Season,,,,,0.052,17.0,42.0,0.405,0.353,,,,,,,,,,,,
1643052,Chaney Johnson,1610612751,BKN,G-F,24.0,17,16,0.394,,,,,,3 Pointers,Regular Season,,,,,-0.088,11.0,41.0,0.268,0.356,,,,,,,,,,,,
1641715,Cam Whitmore,1610612764,WAS,F,21.0,20,20,0.38,,,,,,3 Pointers,Regular Season,,,,,0.052,17.0,41.0,0.415,0.362,,,,,,,,,,,,
1627749,Dejounte Murray,1610612740,NOP,G,29.0,14,12,0.345,,,,,,3 Pointers,Regular Season,,,,,0.03,16.0,41.0,0.39,0.36,,,,,,,,,,,,
1643018,LJ Cryer,1610612744,GSW,G,24.0,16,14,0.612,,,,,,3 Pointers,Regular Season,,,,,0.085,19.0,41.0,0.463,0.379,,,,,,,,,,,,
1642504,Cormac Ryan,1610612749,MIL,G,27.0,11,9,0.541,,,,,,3 Pointers,Regular Season,,,,,0.074,17.0,40.0,0.425,0.351,,,,,,,,,,,,
203486,Mason Plumlee,1610612759,SAS,F-C,36.0,18,16,0.404,,,,,,3 Pointers,Regular Season,,,,,0.086,17.0,40.0,0.425,0.339,,,,,,,,,,,,
1631104,Blake Wesley,1610612757,POR,G,23.0,26,20,0.448,,,,,,3 Pointers,Regular Season,,,,,-0.088,11.0,39.0,0.282,0.37,,,,,,,,,,,,
1642502,Malevy Leons,1610612744,GSW,F,26.0,23,15,0.406,,,,,,3 Pointers,Regular Season,,,,,0.101,18.0,39.0,0.462,0.36,,,,,,,,,,,,
1629162,Jordan McLaughlin,1610612759,SAS,G,30.0,31,22,0.432,,,,,,3 Pointers,Regular Season,,,,,0.042,15.0,38.0,0.395,0.352,,,,,,,,,,,,
1631174,Tyler Burton,1610612763,MEM,F,26.0,12,12,0.365,,,,,,3 Pointers,Regular Season,,,,,0.078,17.0,38.0,0.447,0.369,,,,,,,,,,,,
201599,DeAndre Jordan,1610612740,NOP,C,37.0,12,11,0.38,,,,,,3 Pointers,Regular Season,,,,,-0.119,9.0,38.0,0.237,0.356,,,,,,,,,,,,
1630699,MarJon Beauchamp,1610612755,PHI,F,25.0,13,11,0.561,,,,,,3 Pointers,Regular Season,,,,,-0.089,9.0,37.0,0.243,0.332,,,,,,,,,,,,
1630610,DeJon Jarreau,1610612763,MEM,G,28.0,11,11,0.468,,,,,,3 Pointers,Regular Season,,,,,-0.149,8.0,37.0,0.216,0.365,,,,,,,,,,,,
1641747,DaRon Holmes II,1610612743,DEN,F,23.0,21,15,0.33,,,,,,3 Pointers,Regular Season,,,,,0.016,13.0,37.0,0.351,0.335,,,,,,,,,,,,
1631199,Ron Harper Jr.,1610612738,BOS,G-F,26.0,24,18,0.409,,,,,,3 Pointers,Regular Season,,,,,-0.158,7.0,36.0,0.194,0.352,,,,,,,,,,,,
1631103,Malaki Branham,1610612764,WAS,F,23.0,22,15,0.419,,,,,,3 Pointers,Regular Season,,,,,0.031,14.0,36.0,0.389,0.358,,,,,,,,,,,,
1642352,Keshad Johnson,1610612748,MIA,F,25.0,25,21,0.361,,,,,,3 Pointers,Regular Season,,,,,0.087,15.0,35.0,0.429,0.341,,,,,,,,,,,,
1642354,KJ Simpson,1610612743,DEN,G,23.0,16,15,0.4,,,,,,3 Pointers,Regular Season,,,,,-0.091,8.0,32.0,0.25,0.341,,,,,,,,,,,,
1641744,Zach Edey,1610612763,MEM,C,24.0,11,9,0.256,,,,,,3 Pointers,Regular Season,,,,,0.024,11.0,30.0,0.367,0.342,,,,,,,,,,,,
1642380,Adama Bal,1610612763,MEM,G,22.0,8,8,0.357,,,,,,3 Pointers,Regular Season,,,,,0.085,14.0,30.0,0.467,0.381,,,,,,,,,,,,
1642959,Chris Youngblood,1610612757,POR,G,24.0,26,20,0.483,,,,,,3 Pointers,Regular Season,,,,,0.175,15.0,29.0,0.517,0.343,,,,,,,,,,,,
1631120,JD Davison,1610612745,HOU,G,23.0,23,15,0.408,,,,,,3 Pointers,Regular Season,,,,,0.03,11.0,29.0,0.379,0.349,,,,,,,,,,,,
1631351,Lucas Williamson,1610612763,MEM,G,27.0,7,6,0.408,,,,,,3 Pointers,Regular Season,,,,,0.054,12.0,29.0,0.414,0.36,,,,,,,,,,,,
1642530,Yuki Kawamura,1610612741,CHI,G,25.0,15,14,0.5,,,,,,3 Pointers,Regular Season,,,,,0.104,13.0,29.0,0.448,0.344,,,,,,,,,,,,
1630286,Trevon Scott,1610612751,BKN,F,29.0,6,5,0.333,,,,,,3 Pointers,Regular Season,,,,,-0.175,6.0,29.0,0.207,0.382,,,,,,,,,,,,
1641755,Kevin McCullar Jr.,1610612752,NYK,G,25.0,13,11,0.5,,,,,,3 Pointers,Regular Season,,,,,-0.043,9.0,28.0,0.321,0.364,,,,,,,,,,,,
1642367,Jonathan Mogbo,1610612761,TOR,F,24.0,29,12,0.292,,,,,,3 Pointers,Regular Season,,,,,0.023,11.0,28.0,0.393,0.37,,,,,,,,,,,,
1641727,Dariq Whitehead,1610612763,MEM,G-F,21.0,6,6,0.4,,,,,,3 Pointers,Regular Season,,,,,-0.089,7.0,26.0,0.269,0.358,,,,,,,,,,,,
1631117,Walker Kessler,1610612762,UTA,C,24.0,5,5,0.356,,,,,,3 Pointers,Regular Season,,,,,-0.135,6.0,26.0,0.231,0.366,,,,,,,,,,,,
1642484,RayJ Dennis,1610612737,ATL,G,25.0,13,12,0.448,,,,,,3 Pointers,Regular Season,,,,,0.079,12.0,26.0,0.462,0.383,,,,,,,,,,,,
202687,Bismack Biyombo,1610612759,SAS,C,33.0,22,12,0.351,,,,,,3 Pointers,Regular Season,,,,,0.1,11.0,26.0,0.423,0.323,,,,,,,,,,,,
1642873,Amari Williams,1610612738,BOS,F-C,24.0,13,13,0.472,,,,,,3 Pointers,Regular Season,,,,,-0.01,8.0,25.0,0.32,0.33,,,,,,,,,,,,
203648,Thanasis Antetokounmpo,1610612749,MIL,F,33.0,20,13,0.51,,,,,,3 Pointers,Regular Season,,,,,-0.018,8.0,25.0,0.32,0.338,,,,,,,,,,,,
1628380,Zach Collins,1610612741,CHI,F-C,28.0,10,9,0.272,,,,,,3 Pointers,Regular Season,,,,,-0.024,8.0,25.0,0.32,0.344,,,,,,,,,,,,
1629646,Charles Bassey,1610612744,GSW,C-F,25.0,11,9,0.329,,,,,,3 Pointers,Regular Season,,,,,0.212,14.0,25.0,0.56,0.348,,,,,,,,,,,,
1629726,Garrison Mathews,1610612754,IND,G,29.0,13,11,0.393,,,,,,3 Pointers,Regular Season,,,,,-0.07,7.0,24.0,0.292,0.361,,,,,,,,,,,,
101108,Chris Paul,1610612746,LAC,G,41.0,16,13,0.381,,,,,,3 Pointers,Regular Season,,,,,-0.055,7.0,24.0,0.292,0.346,,,,,,,,,,,,
1643253,Toby Okani,1610612763,MEM,F,24.0,6,6,0.307,,,,,,3 Pointers,Regular Season,,,,,-0.019,8.0,23.0,0.348,0.367,,,,,,,,,,,,
1630639,A.J. Lawson,1610612761,TOR,G,25.0,19,16,0.489,,,,,,3 Pointers,Regular Season,,,,,0.085,10.0,23.0,0.435,0.35,,,,,,,,,,,,
1641890,Tyler Smith,1610612742,DAL,F,21.0,11,10,0.44,,,,,,3 Pointers,Regular Season,,,,,0.187,12.0,22.0,0.545,0.359,,,,,,,,,,,,
203078,Bradley Beal,1610612746,LAC,G,33.0,6,6,0.629,,,,,,3 Pointers,Regular Season,,,,,-0.002,8.0,22.0,0.364,0.366,,,,,,,,,,,,
1642918,Alijah Martin,1610612761,TOR,G,24.0,15,11,0.4,,,,,,3 Pointers,Regular Season,,,,,0.032,8.0,22.0,0.364,0.332,,,,,,,,,,,,
1641726,Dereck Lively II,1610612742,DAL,C,22.0,7,7,0.269,,,,,,3 Pointers,Regular Season,,,,,0.059,9.0,21.0,0.429,0.37,,,,,,,,,,,,
1642434,Riley Minix,1610612739,CLE,F,25.0,8,8,0.645,,,,,,3 Pointers,Regular Season,,,,,-0.097,5.0,20.0,0.25,0.347,,,,,,,,,,,,
1641816,Hunter Tyson,1610612743,DEN,F,26.0,19,12,0.345,,,,,,3 Pointers,Regular Season,,,,,-0.103,5.0,20.0,0.25,0.353,,,,,,,,,,,,
203552,Seth Curry,1610612744,GSW,G,35.0,9,8,0.526,,,,,,3 Pointers,Regular Season,,,,,0.118,10.0,20.0,0.5,0.382,,,,,,,,,,,,
1631214,Alondes Williams,1610612764,WAS,G,27.0,4,4,0.543,,,,,,3 Pointers,Regular Season,,,,,0.006,7.0,19.0,0.368,0.362,,,,,,,,,,,,
1642449,Tolu Smith,1610612765,DET,F,25.0,12,11,0.373,,,,,,3 Pointers,Regular Season,,,,,-0.097,5.0,19.0,0.263,0.36,,,,,,,,,,,,
1642938,Curtis Jones,1610612743,DEN,G,24.0,7,7,0.704,,,,,,3 Pointers,Regular Season,,,,,-0.075,5.0,19.0,0.263,0.338,,,,,,,,,,,,
1642359,Pacôme Dadiet,1610612752,NYK,F,20.0,22,9,0.4,,,,,,3 Pointers,Regular Season,,,,,0.079,8.0,18.0,0.444,0.366,,,,,,,,,,,,
1630644,Mac McClung,1610612741,CHI,G,27.0,11,8,0.429,,,,,,3 Pointers,Regular Season,,,,,0.075,8.0,18.0,0.444,0.37,,,,,,,,,,,,
1642260,Nikola Topić,1610612760,OKC,G,20.0,8,8,0.462,,,,,,3 Pointers,Regular Season,,,,,0.026,7.0,18.0,0.389,0.363,,,,,,,,,,,,
1641752,Bobi Klintman,1610612765,DET,F,23.0,10,7,0.621,,,,,,3 Pointers,Regular Season,,,,,0.009,6.0,18.0,0.333,0.325,,,,,,,,,,,,
1642955,Kadary Richmond,1610612764,WAS,G,24.0,3,3,0.773,,,,,,3 Pointers,Regular Season,,,,,-0.117,4.0,17.0,0.235,0.352,,,,,,,,,,,,
1641723,Kobe Bufkin,1610612747,LAL,G,22.0,11,10,0.362,,,,,,3 Pointers,Regular Season,,,,,0.214,10.0,17.0,0.588,0.374,,,,,,,,,,,,
204060,Joe Ingles,1610612750,MIN,F-G,38.0,14,11,0.425,,,,,,3 Pointers,Regular Season,,,,,0.083,7.0,17.0,0.412,0.329,,,,,,,,,,,,
201959,Taj Gibson,1610612763,MEM,F,41.0,10,7,0.378,,,,,,3 Pointers,Regular Season,,,,,0.048,7.0,17.0,0.412,0.364,,,,,,,,,,,,
1628449,Chris Boucher,1610612738,BOS,F,33.0,7,7,0.381,,,,,,3 Pointers,Regular Season,,,,,-0.024,5.0,16.0,0.313,0.336,,,,,,,,,,,,
1642876,Adou Thiero,1610612747,LAL,G,22.0,19,10,0.302,,,,,,3 Pointers,Regular Season,,,,,0.202,9.0,16.0,0.563,0.361,,,,,,,,,,,,
1629312,Haywood Highsmith,1610612756,PHX,F,29.0,6,6,0.471,,,,,,3 Pointers,Regular Season,,,,,-0.054,5.0,16.0,0.313,0.366,,,,,,,,,,,,
1641725,Trey Alexander,1610612740,NOP,G,23.0,9,7,0.381,,,,,,3 Pointers,Regular Season,,,,,-0.064,5.0,16.0,0.313,0.377,,,,,,,,,,,,
1630548,Johnny Juzang,1610612750,MIN,G,25.0,16,11,0.457,,,,,,3 Pointers,Regular Season,,,,,-0.049,5.0,16.0,0.313,0.362,,,,,,,,,,,,
200768,Kyle Lowry,1610612755,PHI,G,40.0,12,10,0.471,,,,,,3 Pointers,Regular Season,,,,,-0.037,5.0,16.0,0.313,0.35,,,,,,,,,,,,
1643158,Andersson Garcia,1610612762,UTA,F,25.0,5,5,0.263,,,,,,3 Pointers,Regular Season,,,,,-0.036,5.0,15.0,0.333,0.37,,,,,,,,,,,,
1642362,Payton Sandfort,1610612760,OKC,F,23.0,3,3,0.577,,,,,,3 Pointers,Regular Season,,,,,0.296,9.0,15.0,0.6,0.304,,,,,,,,,,,,
1642886,Koby Brea,1610612756,PHX,G,23.0,7,6,0.464,,,,,,3 Pointers,Regular Season,,,,,0.093,6.0,13.0,0.462,0.368,,,,,,,,,,,,
1628502,Nigel Hayes-Davis,1610612756,PHX,F,31.0,17,9,0.283,,,,,,3 Pointers,Regular Season,,,,,-0.049,4.0,13.0,0.308,0.357,,,,,,,,,,,,
1628964,Mo Bamba,1610612762,UTA,C,28.0,4,4,0.5,,,,,,3 Pointers,Regular Season,,,,,0.199,7.0,13.0,0.538,0.34,,,,,,,,,,,,
201569,Eric Gordon,1610612755,PHI,G,37.0,5,5,0.619,,,,,,3 Pointers,Regular Season,,,,,0.117,6.0,13.0,0.462,0.344,,,,,,,,,,,,
1642404,Chaz Lanier,1610612765,DET,G,24.0,20,8,0.261,,,,,,3 Pointers,Regular Season,,,,,-0.105,3.0,12.0,0.25,0.355,,,,,,,,,,,,
1631451,Javonte Cooke,1610612757,POR,G,26.0,14,6,0.364,,,,,,3 Pointers,Regular Season,,,,,-0.025,4.0,12.0,0.333,0.358,,,,,,,,,,,,
1642384,Isaiah Crawford,1610612745,HOU,F,24.0,7,6,0.5,,,,,,3 Pointers,Regular Season,,,,,-0.17,2.0,11.0,0.182,0.352,,,,,,,,,,,,
1642939,Miles Kelly,1610612742,DAL,G,23.0,9,7,0.333,,,,,,3 Pointers,Regular Season,,,,,0.113,5.0,11.0,0.455,0.342,,,,,,,,,,,,
1642910,John Tonje,1610612738,BOS,G,25.0,3,3,0.688,,,,,,3 Pointers,Regular Season,,,,,0.027,4.0,11.0,0.364,0.337,,,,,,,,,,,,
1628998,Cody Martin,1610612754,IND,F,30.0,4,4,0.478,,,,,,3 Pointers,Regular Season,,,,,-0.179,2.0,11.0,0.182,0.36,,,,,,,,,,,,
1630621,Hunter Dickinson,1610612740,NOP,C,25.0,5,4,0.407,,,,,,3 Pointers,Regular Season,,,,,-0.1,3.0,11.0,0.273,0.373,,,,,,,,,,,,
1628420,Monte Morris,1610612754,IND,G,31.0,5,4,0.44,,,,,,3 Pointers,Regular Season,,,,,-0.278,1.0,11.0,0.091,0.369,,,,,,,,,,,,
1629610,DaQuan Jeffries,1610612758,SAC,G-F,28.0,3,3,0.625,,,,,,3 Pointers,Regular Season,,,,,0.149,5.0,10.0,0.5,0.351,,,,,,,,,,,,
1631223,David Roddy,1610612743,DEN,F,25.0,4,4,0.4,,,,,,3 Pointers,Regular Season,,,,,-0.258,1.0,10.0,0.1,0.358,,,,,,,,,,,,
1642933,Keshon Gilbert,1610612737,ATL,G,23.0,4,3,0.313,,,,,,3 Pointers,Regular Season,,,,,0.256,6.0,10.0,0.6,0.344,,,,,,,,,,,,
1631247,Luke Travers,1610612739,CLE,F,24.0,12,8,0.357,,,,,,3 Pointers,Regular Season,,,,,0.085,4.0,10.0,0.4,0.315,,,,,,,,,,,,
1642357,David Jones Garcia,1610612759,SAS,G,24.0,7,5,0.455,,,,,,3 Pointers,Regular Season,,,,,0.044,4.0,10.0,0.4,0.356,,,,,,,,,,,,
1642443,Jahmir Young,1610612748,MIA,G,25.0,10,7,0.588,,,,,,3 Pointers,Regular Season,,,,,-0.047,3.0,10.0,0.3,0.347,,,,,,,,,,,,
202066,Garrett Temple,1610612761,TOR,G-F,40.0,14,7,0.455,,,,,,3 Pointers,Regular Season,,,,,-0.217,1.0,10.0,0.1,0.317,,,,,,,,,,,,
1642490,Josh Oduro,1610612740,NOP,C,25.0,3,3,0.333,,,,,,3 Pointers,Regular Season,,,,,0.169,5.0,9.0,0.556,0.386,,,,,,,,,,,,
1631116,Patrick Baldwin Jr.,1610612758,SAC,F,23.0,8,6,0.281,,,,,,3 Pointers,Regular Season,,,,,0.094,4.0,9.0,0.444,0.351,,,,,,,,,,,,
1642400,Tristan Enaruna,1610612739,CLE,F,25.0,8,6,0.391,,,,,,3 Pointers,Regular Season,,,,,0.001,3.0,9.0,0.333,0.332,,,,,,,,,,,,
1641810,Antonio Reeves,1610612766,CHA,G,25.0,6,4,0.5,,,,,,3 Pointers,Regular Season,,,,,0.01,3.0,8.0,0.375,0.365,,,,,,,,,,,,
203967,Dario Saric,1610612758,SAC,F-C,32.0,5,5,0.364,,,,,,3 Pointers,Regular Season,,,,,-0.076,2.0,8.0,0.25,0.326,,,,,,,,,,,,
1641780,Johni Broome,1610612755,PHI,F,23.0,7,4,0.296,,,,,,3 Pointers,Regular Season,,,,,-0.039,2.0,8.0,0.25,0.289,,,,,,,,,,,,
1631338,Mouhamadou Gueye,1610612741,CHI,F,27.0,2,2,0.421,,,,,,3 Pointers,Regular Season,,,,,0.041,3.0,8.0,0.375,0.334,,,,,,,,,,,,
1630209,Omer Yurtseven,1610612744,GSW,C,28.0,8,5,0.167,,,,,,3 Pointers,Regular Season,,,,,0.018,3.0,8.0,0.375,0.357,,,,,,,,,,,,
1641998,Trey Jemison III,1610612752,NYK,C,26.0,9,5,0.333,,,,,,3 Pointers,Regular Season,,,,,-0.314,0.0,7.0,0.0,0.314,,,,,,,,,,,,
1643024,Chris Mañon,1610612747,LAL,G,24.0,7,5,0.304,,,,,,3 Pointers,Regular Season,,,,,-0.076,2.0,7.0,0.286,0.362,,,,,,,,,,,,
1631102,TyTy Washington Jr.,1610612746,LAC,G,24.0,11,6,0.35,,,,,,3 Pointers,Regular Season,,,,,-0.055,2.0,7.0,0.286,0.341,,,,,,,,,,,,
1628365,Markelle Fultz,1610612761,TOR,G,28.0,4,4,0.583,,,,,,3 Pointers,Regular Season,,,,,0.08,3.0,7.0,0.429,0.349,,,,,,,,,,,,
1630625,Dalano Banton,1610612738,BOS,F,26.0,5,2,0.5,,,,,,3 Pointers,Regular Season,,,,,-0.197,1.0,7.0,0.143,0.34,,,,,,,,,,,,
1631111,Wendell Moore Jr.,1610612765,DET,G,24.0,4,3,0.412,,,,,,3 Pointers,Regular Season,,,,,-0.336,0.0,7.0,0.0,0.336,,,,,,,,,,,,
1643047,CJ Huntley,1610612756,PHX,F,24.0,1,1,0.636,,,,,,3 Pointers,Regular Season,,,,,0.044,3.0,7.0,0.429,0.384,,,,,,,,,,,,
1630164,James Wiseman,1610612754,IND,C,25.0,4,3,0.273,,,,,,3 Pointers,Regular Season,,,,,-0.209,1.0,6.0,0.167,0.376,,,,,,,,,,,,
1631457,Alex Morales,1610612753,ORL,G,28.0,2,2,1.0,,,,,,3 Pointers,Regular Season,,,,,0.3,4.0,6.0,0.667,0.367,,,,,,,,,,,,
1642917,Max Shulga,1610612738,BOS,G,24.0,6,4,0.462,,,,,,3 Pointers,Regular Season,,,,,-0.351,0.0,6.0,0.0,0.351,,,,,,,,,,,,
1641809,Drew Peterson,1610612766,CHA,F,26.0,6,4,0.316,,,,,,3 Pointers,Regular Season,,,,,-0.172,1.0,6.0,0.167,0.338,,,,,,,,,,,,
1641815,Isaiah Stevens,1610612758,SAC,G,25.0,3,3,0.75,,,,,,3 Pointers,Regular Season,,,,,0.479,5.0,6.0,0.833,0.355,,,,,,,,,,,,
1630846,Olivier Sarr,1610612739,CLE,C,27.0,4,3,0.333,,,,,,3 Pointers,Regular Season,,,,,-0.036,2.0,6.0,0.333,0.37,,,,,,,,,,,,
1642282,Hunter Sallis,1610612755,PHI,G,23.0,4,4,0.556,,,,,,3 Pointers,Regular Season,,,,,-0.156,1.0,5.0,0.2,0.356,,,,,,,,,,,,
1642402,Enrique Freeman,1610612750,MIN,F,25.0,4,3,0.294,,,,,,3 Pointers,Regular Season,,,,,-0.213,0.0,5.0,0.0,0.213,,,,,,,,,,,,
1643060,Hayden Gray,1610612762,UTA,G,23.0,1,1,0.556,,,,,,3 Pointers,Regular Season,,,,,0.211,3.0,5.0,0.6,0.389,,,,,,,,,,,,
1642403,Isaac Jones,1610612765,DET,F,25.0,6,3,0.357,,,,,,3 Pointers,Regular Season,,,,,0.046,2.0,5.0,0.4,0.354,,,,,,,,,,,,
1641794,Dillon Jones,1610612752,NYK,F,24.0,4,2,0.417,,,,,,3 Pointers,Regular Season,,,,,0.257,3.0,5.0,0.6,0.343,,,,,,,,,,,,
1641761,Grant Nelson,1610612751,BKN,F,24.0,4,1,0.238,,,,,,3 Pointers,Regular Season,,,,,-0.143,1.0,5.0,0.2,0.343,,,,,,,,,,,,
1641801,Emanuel Miller,1610612759,SAS,F,26.0,5,2,0.333,,,,,,3 Pointers,Regular Season,,,,,0.404,3.0,4.0,0.75,0.346,,,,,,,,,,,,
1631216,Caleb Houstan,1610612737,ATL,G,23.0,7,3,0.4,,,,,,3 Pointers,Regular Season,,,,,0.147,2.0,4.0,0.5,0.353,,,,,,,,,,,,
1631115,Orlando Robinson,1610612753,ORL,C,25.0,4,3,0.235,,,,,,3 Pointers,Regular Season,,,,,0.082,2.0,4.0,0.5,0.418,,,,,,,,,,,,
1630828,Alex Antetokounmpo,1610612749,MIL,F,24.0,3,3,0.667,,,,,,3 Pointers,Regular Season,,,,,-0.301,0.0,4.0,0.0,0.301,,,,,,,,,,,,
1642389,Zyon Pullin,1610612750,MIN,G,25.0,3,2,0.15,,,,,,3 Pointers,Regular Season,,,,,-0.416,0.0,3.0,0.0,0.416,,,,,,,,,,,,
1642951,Sean Pedulla,1610612746,LAC,G,23.0,3,2,0.5,,,,,,3 Pointers,Regular Season,,,,,0.654,3.0,3.0,1.0,0.346,,,,,,,,,,,,
1641813,Mark Sears,1610612749,MIL,G,24.0,4,2,0.375,,,,,,3 Pointers,Regular Season,,,,,0.311,2.0,3.0,0.667,0.356,,,,,,,,,,,,
1642911,Rocco Zikarsky,1610612750,MIN,C,19.0,5,2,0.115,,,,,,3 Pointers,Regular Season,,,,,-0.011,1.0,3.0,0.333,0.344,,,,,,,,,,,,
1631205,Buddy Boeheim,1610612760,OKC,F,26.0,2,2,0.333,,,,,,3 Pointers,Regular Season,,,,,-0.05,1.0,3.0,0.333,0.383,,,,,,,,,,,,
1630658,Colin Castleton,1610612753,ORL,C,26.0,4,2,0.5,,,,,,3 Pointers,Regular Season,,,,,0.093,1.0,3.0,0.333,0.24,,,,,,,,,,,,
1627746,Skal Labissiere,1610612764,WAS,F-C,30.0,3,2,0.143,,,,,,3 Pointers,Regular Season,,,,,-0.274,0.0,3.0,0.0,0.274,,,,,,,,,,,,
1641787,Tosan Evbuomwan,1610612766,CHA,F,25.0,3,1,0.4,,,,,,3 Pointers,Regular Season,,,,,-0.355,0.0,2.0,0.0,0.355,,,,,,,,,,,,
1630649,Stanley Umude,1610612759,SAS,G,27.0,2,1,0.5,,,,,,3 Pointers,Regular Season,,,,,0.61,2.0,2.0,1.0,0.39,,,,,,,,,,,,
1641753,Chris Livingston,1610612739,CLE,F,22.0,1,1,0.5,,,,,,3 Pointers,Regular Season,,,,,-0.385,0.0,2.0,0.0,0.385,,,,,,,,,,,,
1642884,Vladislav Goldin,1610612748,MIA,C,25.0,6,1,0.125,,,,,,3 Pointers,Regular Season,,,,,0.288,1.0,2.0,0.5,0.212,,,,,,,,,,,,
1643133,Lawson Lovering,1610612763,MEM,C,23.0,2,1,0.087,,,,,,3 Pointers,Regular Season,,,,,-0.304,0.0,2.0,0.0,0.304,,,,,,,,,,,,
1642935,Chucky Hepburn,1610612761,TOR,G,23.0,2,1,0.4,,,,,,3 Pointers,Regular Season,,,,,0.632,2.0,2.0,1.0,0.368,,,,,,,,,,,,
1641807,Norchad Omier,1610612746,LAC,F,24.0,4,2,0.286,,,,,,3 Pointers,Regular Season,,,,,0.166,1.0,2.0,0.5,0.335,,,,,,,,,,,,
1643141,Jahmyl Telfort,1610612746,LAC,G,25.0,3,2,0.333,,,,,,3 Pointers,Regular Season,,,,,-0.448,0.0,2.0,0.0,0.448,,,,,,,,,,,,
1631210,Jacob Toppin,1610612737,ATL,F,26.0,2,1,0.5,,,,,,3 Pointers,Regular Season,,,,,-0.316,0.0,1.0,0.0,0.316,,,,,,,,,,,,
1642368,N'Faly Dante,1610612737,ATL,C,24.0,3,1,0.125,,,,,,3 Pointers,Regular Season,,,,,-0.374,0.0,1.0,0.0,0.374,,,,,,,,,,,,
1631211,Trevor Keels,1610612748,MIA,G,22.0,2,1,0.5,,,,,,3 Pointers,Regular Season,,,,,-0.253,0.0,1.0,0.0,0.253,,,,,,,,,,,,
1641803,Tristen Newton,1610612745,HOU,G,25.0,1,1,0.2,,,,,,3 Pointers,Regular Season,,,,,0.747,1.0,1.0,1.0,0.253,,,,,,,,,,,,
1642270,Donovan Clingan,1610612757,POR,C,22.0,77,77,0.383,,,,,,Less Than 6Ft,Regular Season,,,,,-0.12,,,,,291.0,556.0,0.523,0.643,,,,,,,,
1630578,Alperen Sengun,1610612745,HOU,C,23.0,71,71,0.427,,,,,,Less Than 6Ft,Regular Season,,,,,-0.015,,,,,326.0,521.0,0.626,0.64,,,,,,,,
1642852,Derik Queen,1610612740,NOP,C,21.0,81,80,0.432,,,,,,Less Than 6Ft,Regular Season,,,,,-0.036,,,,,305.0,499.0,0.611,0.647,,,,,,,,
203497,Rudy Gobert,1610612750,MIN,C,34.0,76,76,0.407,,,,,,Less Than 6Ft,Regular Season,,,,,-0.111,,,,,261.0,498.0,0.524,0.635,,,,,,,,
1630643,Jay Huff,1610612754,IND,C,28.0,81,80,0.51,,,,,,Less Than 6Ft,Regular Season,,,,,-0.13,,,,,250.0,496.0,0.504,0.634,,,,,,,,
203999,Nikola Jokić,1610612743,DEN,C,31.0,65,65,0.438,,,,,,Less Than 6Ft,Regular Season,,,,,0.012,,,,,303.0,465.0,0.652,0.64,,,,,,,,
1642259,Alex Sarr,1610612764,WAS,C,21.0,48,48,0.571,,,,,,Less Than 6Ft,Regular Season,,,,,-0.1,,,,,249.0,463.0,0.538,0.638,,,,,,,,
1641824,Matas Buzelis,1610612741,CHI,F,21.0,77,77,0.422,,,,,,Less Than 6Ft,Regular Season,,,,,-0.052,,,,,264.0,455.0,0.58,0.632,,,,,,,,
1631217,Moussa Diabaté,1610612766,CHA,F,24.0,73,73,0.465,,,,,,Less Than 6Ft,Regular Season,,,,,-0.041,,,,,267.0,445.0,0.6,0.641,,,,,,,,
1630596,Evan Mobley,1610612739,CLE,C,25.0,65,65,0.416,,,,,,Less Than 6Ft,Regular Season,,,,,-0.137,,,,,217.0,433.0,0.501,0.638,,,,,,,,
1631096,Chet Holmgren,1610612760,OKC,C-F,24.0,69,69,0.472,,,,,,Less Than 6Ft,Regular Season,,,,,-0.183,,,,,196.0,433.0,0.453,0.636,,,,,,,,
1626167,Myles Turner,1610612749,MIL,C-F,30.0,71,70,0.44,,,,,,Less Than 6Ft,Regular Season,,,,,-0.06,,,,,246.0,429.0,0.573,0.634,,,,,,,,
1630567,Scottie Barnes,1610612761,TOR,F-G,24.0,80,78,0.404,,,,,,Less Than 6Ft,Regular Season,,,,,-0.053,,,,,246.0,421.0,0.584,0.637,,,,,,,,
1642875,Maxime Raynaud,1610612758,SAC,C,23.0,74,72,0.415,,,,,,Less Than 6Ft,Regular Season,,,,,0.005,,,,,267.0,411.0,0.65,0.645,,,,,,,,
1641705,Victor Wembanyama,1610612759,SAS,F-C,22.0,64,64,0.376,,,,,,Less Than 6Ft,Regular Season,,,,,-0.172,,,,,192.0,411.0,0.467,0.639,,,,,,,,
1630168,Onyeka Okongwu,1610612737,ATL,F-C,25.0,74,72,0.402,,,,,,Less Than 6Ft,Regular Season,,,,,-0.016,,,,,252.0,407.0,0.619,0.635,,,,,,,,
1642276,Kel'el Ware,1610612748,MIA,C,22.0,77,75,0.479,,,,,,Less Than 6Ft,Regular Season,,,,,-0.066,,,,,237.0,405.0,0.585,0.651,,,,,,,,
1629674,Neemias Queta,1610612738,BOS,C,26.0,75,74,0.42,,,,,,Less Than 6Ft,Regular Season,,,,,-0.132,,,,,190.0,379.0,0.501,0.634,,,,,,,,
1629028,Deandre Ayton,1610612747,LAL,C,27.0,72,71,0.389,,,,,,Less Than 6Ft,Regular Season,,,,,-0.059,,,,,217.0,377.0,0.576,0.634,,,,,,,,
1628976,Wendell Carter Jr.,1610612753,ORL,C-F,27.0,78,77,0.37,,,,,,Less Than 6Ft,Regular Season,,,,,-0.067,,,,,215.0,372.0,0.578,0.645,,,,,,,,
1641750,Ryan Kalkbrenner,1610612766,CHA,C,24.0,69,65,0.467,,,,,,Less Than 6Ft,Regular Season,,,,,-0.147,,,,,183.0,372.0,0.492,0.639,,,,,,,,
1642271,Kyle Filipowski,1610612762,UTA,C,22.0,77,74,0.413,,,,,,Less Than 6Ft,Regular Season,,,,,0.075,,,,,260.0,366.0,0.71,0.635,,,,,,,,
1631105,Jalen Duren,1610612765,DET,C,22.0,70,70,0.425,,,,,,Less Than 6Ft,Regular Season,,,,,-0.057,,,,,213.0,365.0,0.584,0.641,,,,,,,,
1642843,Cooper Flagg,1610612742,DAL,F,19.0,70,70,0.382,,,,,,Less Than 6Ft,Regular Season,,,,,-0.045,,,,,214.0,360.0,0.594,0.639,,,,,,,,
1629651,Nic Claxton,1610612751,BKN,C,27.0,69,68,0.429,,,,,,Less Than 6Ft,Regular Season,,,,,-0.077,,,,,202.0,360.0,0.561,0.639,,,,,,,,
1628436,Luke Kornet,1610612759,SAS,C-F,30.0,68,68,0.388,,,,,,Less Than 6Ft,Regular Season,,,,,-0.11,,,,,188.0,357.0,0.527,0.637,,,,,,,,
1631094,Paolo Banchero,1610612753,ORL,F,23.0,72,71,0.373,,,,,,Less Than 6Ft,Regular Season,,,,,0.001,,,,,226.0,354.0,0.638,0.638,,,,,,,,
1628389,Bam Adebayo,1610612748,MIA,C-F,28.0,73,73,0.35,,,,,,Less Than 6Ft,Regular Season,,,,,-0.035,,,,,216.0,354.0,0.61,0.645,,,,,,,,
202696,Nikola Vučević,1610612738,BOS,C,35.0,64,63,0.395,,,,,,Less Than 6Ft,Regular Season,,,,,-0.016,,,,,218.0,348.0,0.626,0.642,,,,,,,,
201572,Brook Lopez,1610612746,LAC,C,38.0,75,74,0.441,,,,,,Less Than 6Ft,Regular Season,,,,,-0.146,,,,,172.0,348.0,0.494,0.641,,,,,,,,
1642345,Oso Ighodaro,1610612756,PHX,F,23.0,82,81,0.441,,,,,,Less Than 6Ft,Regular Season,,,,,-0.092,,,,,182.0,338.0,0.538,0.63,,,,,,,,
1630183,Jaden McDaniels,1610612750,MIN,F,25.0,73,71,0.343,,,,,,Less Than 6Ft,Regular Season,,,,,-0.072,,,,,190.0,337.0,0.564,0.636,,,,,,,,
1631095,Jabari Smith Jr.,1610612745,HOU,F,23.0,77,76,0.35,,,,,,Less Than 6Ft,Regular Season,,,,,-0.076,,,,,185.0,334.0,0.554,0.63,,,,,,,,
1641730,Noah Clowney,1610612751,BKN,F-C,21.0,66,64,0.42,,,,,,Less Than 6Ft,Regular Season,,,,,0.01,,,,,216.0,334.0,0.647,0.636,,,,,,,,
1630173,Precious Achiuwa,1610612758,SAC,F,26.0,73,69,0.396,,,,,,Less Than 6Ft,Regular Season,,,,,-0.035,,,,,201.0,330.0,0.609,0.644,,,,,,,,
1631109,Mark Williams,1610612756,PHX,C,24.0,60,60,0.437,,,,,,Less Than 6Ft,Regular Season,,,,,-0.008,,,,,208.0,328.0,0.634,0.642,,,,,,,,
1628401,Derrick White,1610612738,BOS,G,31.0,77,75,0.312,,,,,,Less Than 6Ft,Regular Season,,,,,-0.082,,,,,177.0,326.0,0.543,0.625,,,,,,,,
1630572,Sandro Mamukelashvili,1610612761,TOR,F-C,27.0,80,75,0.4,,,,,,Less Than 6Ft,Regular Season,,,,,0.016,,,,,202.0,313.0,0.645,0.629,,,,,,,,
1629675,Naz Reid,1610612750,MIN,C-F,26.0,77,76,0.419,,,,,,Less Than 6Ft,Regular Season,,,,,-0.051,,,,,182.0,311.0,0.585,0.636,,,,,,,,
1630552,Jalen Johnson,1610612737,ATL,F,24.0,72,71,0.394,,,,,,Less Than 6Ft,Regular Season,,,,,0.025,,,,,206.0,311.0,0.662,0.638,,,,,,,,
1641739,Toumani Camara,1610612757,POR,F,26.0,82,81,0.296,,,,,,Less Than 6Ft,Regular Season,,,,,0.092,,,,,224.0,308.0,0.727,0.636,,,,,,,,
1626157,Karl-Anthony Towns,1610612752,NYK,C-F,30.0,75,73,0.335,,,,,,Less Than 6Ft,Regular Season,,,,,-0.078,,,,,173.0,305.0,0.567,0.646,,,,,,,,
1642274,Yves Missi,1610612740,NOP,C,22.0,66,62,0.413,,,,,,Less Than 6Ft,Regular Season,,,,,-0.132,,,,,152.0,301.0,0.505,0.637,,,,,,,,
1631230,Dominick Barlow,1610612755,PHI,F,23.0,71,69,0.373,,,,,,Less Than 6Ft,Regular Season,,,,,-0.04,,,,,176.0,298.0,0.591,0.63,,,,,,,,
1629638,Nickeil Alexander-Walker,1610612737,ATL,G,27.0,78,72,0.332,,,,,,Less Than 6Ft,Regular Season,,,,,0.09,,,,,208.0,291.0,0.715,0.624,,,,,,,,
1629655,Daniel Gafford,1610612742,DAL,F-C,27.0,55,54,0.416,,,,,,Less Than 6Ft,Regular Season,,,,,-0.111,,,,,153.0,288.0,0.531,0.642,,,,,,,,
1628386,Jarrett Allen,1610612739,CLE,C,28.0,56,56,0.427,,,,,,Less Than 6Ft,Regular Season,,,,,-0.08,,,,,161.0,288.0,0.559,0.639,,,,,,,,
203110,Draymond Green,1610612744,GSW,F,36.0,68,66,0.355,,,,,,Less Than 6Ft,Regular Season,,,,,-0.057,,,,,169.0,287.0,0.589,0.646,,,,,,,,
1629029,Luka Dončić,1610612747,LAL,F-G,27.0,64,62,0.318,,,,,,Less Than 6Ft,Regular Season,,,,,0.083,,,,,206.0,287.0,0.718,0.635,,,,,,,,
203944,Julius Randle,1610612750,MIN,F-C,31.0,79,78,0.343,,,,,,Less Than 6Ft,Regular Season,,,,,0.025,,,,,191.0,287.0,0.666,0.641,,,,,,,,
1630530,Trey Murphy III,1610612740,NOP,F,26.0,66,64,0.35,,,,,,Less Than 6Ft,Regular Season,,,,,0.078,,,,,206.0,286.0,0.72,0.642,,,,,,,,
203952,Andrew Wiggins,1610612748,MIA,F,31.0,68,67,0.31,,,,,,Less Than 6Ft,Regular Season,,,,,0.015,,,,,184.0,282.0,0.652,0.637,,,,,,,,
1642851,Kon Knueppel,1610612766,CHA,G-F,20.0,81,77,0.29,,,,,,Less Than 6Ft,Regular Season,,,,,0.019,,,,,184.0,280.0,0.657,0.638,,,,,,,,
1629023,P.J. Washington,1610612742,DAL,F,27.0,56,55,0.374,,,,,,Less Than 6Ft,Regular Season,,,,,-0.052,,,,,163.0,278.0,0.586,0.638,,,,,,,,
1631222,Jake LaRavia,1610612747,LAL,F,24.0,82,77,0.334,,,,,,Less Than 6Ft,Regular Season,,,,,0.051,,,,,192.0,278.0,0.691,0.639,,,,,,,,
201142,Kevin Durant,1610612745,HOU,F,37.0,78,73,0.317,,,,,,Less Than 6Ft,Regular Season,,,,,-0.057,,,,,158.0,274.0,0.577,0.634,,,,,,,,
1642366,Quinten Post,1610612744,GSW,C,26.0,67,64,0.423,,,,,,Less Than 6Ft,Regular Season,,,,,-0.071,,,,,152.0,273.0,0.557,0.628,,,,,,,,
1628969,Mikal Bridges,1610612752,NYK,G-F,29.0,81,79,0.317,,,,,,Less Than 6Ft,Regular Season,,,,,0.006,,,,,175.0,272.0,0.643,0.637,,,,,,,,
1628991,Jaren Jackson Jr.,1610612762,UTA,F-C,26.0,48,48,0.384,,,,,,Less Than 6Ft,Regular Season,,,,,-0.096,,,,,145.0,270.0,0.537,0.633,,,,,,,,
1641737,Adem Bona,1610612755,PHI,F,23.0,71,66,0.436,,,,,,Less Than 6Ft,Regular Season,,,,,-0.133,,,,,137.0,270.0,0.507,0.64,,,,,,,,
1630700,Dyson Daniels,1610612737,ATL,G,23.0,76,76,0.293,,,,,,Less Than 6Ft,Regular Season,,,,,0.062,,,,,188.0,270.0,0.696,0.634,,,,,,,,
1629111,Jock Landale,1610612737,ATL,C,30.0,68,66,0.435,,,,,,Less Than 6Ft,Regular Season,,,,,-0.019,,,,,165.0,267.0,0.618,0.637,,,,,,,,
1628978,Donte DiVincenzo,1610612750,MIN,G,29.0,82,76,0.342,,,,,,Less Than 6Ft,Regular Season,,,,,-0.001,,,,,166.0,264.0,0.629,0.629,,,,,,,,
203954,Joel Embiid,1610612755,PHI,C-F,32.0,38,38,0.469,,,,,,Less Than 6Ft,Regular Season,,,,,-0.068,,,,,149.0,262.0,0.569,0.637,,,,,,,,
1627826,Ivica Zubac,1610612754,IND,C,29.0,48,48,0.392,,,,,,Less Than 6Ft,Regular Season,,,,,-0.155,,,,,127.0,260.0,0.488,0.643,,,,,,,,
1627783,Pascal Siakam,1610612754,IND,F,32.0,62,61,0.34,,,,,,Less Than 6Ft,Regular Season,,,,,0.045,,,,,179.0,260.0,0.688,0.643,,,,,,,,
1642846,Ace Bailey,1610612762,UTA,F,19.0,72,70,0.359,,,,,,Less Than 6Ft,Regular Season,,,,,-0.018,,,,,161.0,260.0,0.619,0.637,,,,,,,,
1630191,Isaiah Stewart,1610612765,DET,F-C,25.0,58,57,0.387,,,,,,Less Than 6Ft,Regular Season,,,,,-0.228,,,,,101.0,255.0,0.396,0.624,,,,,,,,
1627750,Jamal Murray,1610612743,DEN,G,29.0,75,73,0.271,,,,,,Less Than 6Ft,Regular Season,,,,,0.052,,,,,173.0,252.0,0.687,0.634,,,,,,,,
1631170,Jaime Jaquez Jr.,1610612748,MIA,G,25.0,75,71,0.297,,,,,,Less Than 6Ft,Regular Season,,,,,0.025,,,,,164.0,249.0,0.659,0.633,,,,,,,,
1628963,Marvin Bagley III,1610612742,DAL,F,27.0,60,59,0.422,,,,,,Less Than 6Ft,Regular Season,,,,,-0.08,,,,,140.0,248.0,0.565,0.644,,,,,,,,
1630166,Deni Avdija,1610612757,POR,F,25.0,66,62,0.336,,,,,,Less Than 6Ft,Regular Season,,,,,0.004,,,,,157.0,248.0,0.633,0.629,,,,,,,,
1627751,Jakob Poeltl,1610612761,TOR,C,30.0,46,44,0.452,,,,,,Less Than 6Ft,Regular Season,,,,,-0.047,,,,,145.0,247.0,0.587,0.634,,,,,,,,
1642845,VJ Edgecombe,1610612755,PHI,G,20.0,75,69,0.282,,,,,,Less Than 6Ft,Regular Season,,,,,0.012,,,,,159.0,246.0,0.646,0.634,,,,,,,,
1631157,Ryan Rollins,1610612749,MIL,G,23.0,74,73,0.284,,,,,,Less Than 6Ft,Regular Season,,,,,0.027,,,,,157.0,242.0,0.649,0.622,,,,,,,,
1642263,Reed Sheppard,1610612745,HOU,G,22.0,82,71,0.288,,,,,,Less Than 6Ft,Regular Season,,,,,0.119,,,,,180.0,240.0,0.75,0.631,,,,,,,,
1627742,Brandon Ingram,1610612761,TOR,F,28.0,77,74,0.331,,,,,,Less Than 6Ft,Regular Season,,,,,-0.067,,,,,136.0,239.0,0.569,0.636,,,,,,,,
1628970,Miles Bridges,1610612766,CHA,F,28.0,77,73,0.297,,,,,,Less Than 6Ft,Regular Season,,,,,-0.02,,,,,146.0,237.0,0.616,0.636,,,,,,,,
1630695,Micah Potter,1610612754,IND,C,28.0,45,44,0.48,,,,,,Less Than 6Ft,Regular Season,,,,,0.031,,,,,158.0,236.0,0.669,0.639,,,,,,,,
1630581,Josh Giddey,1610612741,CHI,G,23.0,54,53,0.366,,,,,,Less Than 6Ft,Regular Season,,,,,0.041,,,,,158.0,235.0,0.672,0.631,,,,,,,,
1630595,Cade Cunningham,1610612765,DET,G,24.0,64,60,0.296,,,,,,Less Than 6Ft,Regular Season,,,,,-0.029,,,,,140.0,234.0,0.598,0.627,,,,,,,,
1631108,Max Christie,1610612742,DAL,G,23.0,77,70,0.3,,,,,,Less Than 6Ft,Regular Season,,,,,0.049,,,,,160.0,234.0,0.684,0.634,,,,,,,,
1626171,Bobby Portis Jr.,1610612749,MIL,F,31.0,67,65,0.351,,,,,,Less Than 6Ft,Regular Season,,,,,0.075,,,,,166.0,233.0,0.712,0.637,,,,,,,,
201942,DeMar DeRozan,1610612758,SAC,G-F,36.0,77,69,0.357,,,,,,Less Than 6Ft,Regular Season,,,,,0.125,,,,,180.0,233.0,0.773,0.647,,,,,,,,
1631212,Peyton Watson,1610612743,DEN,G,23.0,54,49,0.362,,,,,,Less Than 6Ft,Regular Season,,,,,0.025,,,,,153.0,233.0,0.657,0.632,,,,,,,,
203083,Andre Drummond,1610612755,PHI,C,32.0,63,58,0.416,,,,,,Less Than 6Ft,Regular Season,,,,,0.019,,,,,154.0,231.0,0.667,0.647,,,,,,,,
203994,Jusuf Nurkić,1610612762,UTA,C,31.0,41,41,0.428,,,,,,Less Than 6Ft,Regular Season,,,,,-0.056,,,,,137.0,230.0,0.596,0.652,,,,,,,,
1630543,Isaiah Jackson,1610612746,LAC,F,24.0,54,52,0.474,,,,,,Less Than 6Ft,Regular Season,,,,,-0.053,,,,,133.0,227.0,0.586,0.639,,,,,,,,
1626220,Royce O'Neale,1610612756,PHX,F,33.0,78,74,0.318,,,,,,Less Than 6Ft,Regular Season,,,,,0.108,,,,,169.0,226.0,0.748,0.64,,,,,,,,
1629048,Goga Bitadze,1610612753,ORL,C-F,26.0,63,59,0.487,,,,,,Less Than 6Ft,Regular Season,,,,,-0.127,,,,,112.0,224.0,0.5,0.627,,,,,,,,
1642928,Dylan Cardwell,1610612758,SAC,C,24.0,44,42,0.514,,,,,,Less Than 6Ft,Regular Season,,,,,-0.13,,,,,114.0,223.0,0.511,0.641,,,,,,,,
1631221,Collin Gillespie,1610612756,PHX,G,27.0,80,76,0.295,,,,,,Less Than 6Ft,Regular Season,,,,,0.092,,,,,163.0,223.0,0.731,0.639,,,,,,,,
1641716,Jarace Walker,1610612754,IND,F,22.0,76,72,0.369,,,,,,Less Than 6Ft,Regular Season,,,,,0.07,,,,,156.0,222.0,0.703,0.633,,,,,,,,
1631119,Jaylin Williams,1610612760,OKC,F,24.0,64,60,0.343,,,,,,Less Than 6Ft,Regular Season,,,,,-0.062,,,,,125.0,221.0,0.566,0.628,,,,,,,,
1629057,Robert Williams III,1610612757,POR,C-F,28.0,59,56,0.424,,,,,,Less Than 6Ft,Regular Season,,,,,-0.161,,,,,104.0,219.0,0.475,0.636,,,,,,,,
1642273,Kyshawn George,1610612764,WAS,F,22.0,48,48,0.313,,,,,,Less Than 6Ft,Regular Season,,,,,-0.029,,,,,133.0,218.0,0.61,0.639,,,,,,,,
1628384,OG Anunoby,1610612752,NYK,F-G,28.0,66,62,0.276,,,,,,Less Than 6Ft,Regular Season,,,,,-0.005,,,,,136.0,217.0,0.627,0.632,,,,,,,,
1631255,Karlo Matković,1610612740,NOP,F-C,25.0,61,58,0.463,,,,,,Less Than 6Ft,Regular Season,,,,,-0.083,,,,,119.0,215.0,0.553,0.636,,,,,,,,
1630568,Luka Garza,1610612738,BOS,C,27.0,68,63,0.393,,,,,,Less Than 6Ft,Regular Season,,,,,0.002,,,,,136.0,214.0,0.636,0.634,,,,,,,,
1630583,Santi Aldama,1610612763,MEM,F-C,25.0,43,41,0.384,,,,,,Less Than 6Ft,Regular Season,,,,,-0.031,,,,,130.0,213.0,0.61,0.642,,,,,,,,
1628404,Josh Hart,1610612752,NYK,G,31.0,66,65,0.262,,,,,,Less Than 6Ft,Regular Season,,,,,0.112,,,,,161.0,212.0,0.759,0.647,,,,,,,,
1641706,Brandon Miller,1610612766,CHA,F,23.0,65,61,0.309,,,,,,Less Than 6Ft,Regular Season,,,,,-0.004,,,,,133.0,212.0,0.627,0.631,,,,,,,,
1642847,Jeremiah Fears,1610612740,NOP,G,19.0,82,75,0.267,,,,,,Less Than 6Ft,Regular Season,,,,,0.071,,,,,148.0,211.0,0.701,0.63,,,,,,,,
1628381,John Collins,1610612746,LAC,F-C,28.0,69,63,0.291,,,,,,Less Than 6Ft,Regular Season,,,,,-0.012,,,,,132.0,211.0,0.626,0.637,,,,,,,,
1630551,Justin Champagnie,1610612764,WAS,G-F,25.0,67,58,0.387,,,,,,Less Than 6Ft,Regular Season,,,,,0.026,,,,,139.0,211.0,0.659,0.633,,,,,,,,
1629060,Rui Hachimura,1610612747,LAL,F,28.0,68,65,0.342,,,,,,Less Than 6Ft,Regular Season,,,,,0.094,,,,,156.0,211.0,0.739,0.645,,,,,,,,
1642867,Collin Murray-Boyles,1610612761,TOR,F,21.0,57,51,0.383,,,,,,Less Than 6Ft,Regular Season,,,,,-0.042,,,,,126.0,210.0,0.6,0.642,,,,,,,,
1642874,Danny Wolf,1610612751,BKN,F,22.0,57,54,0.431,,,,,,Less Than 6Ft,Regular Season,,,,,-0.037,,,,,125.0,209.0,0.598,0.635,,,,,,,,
202695,Kawhi Leonard,1610612746,LAC,F,35.0,65,62,0.33,,,,,,Less Than 6Ft,Regular Season,,,,,0.118,,,,,159.0,208.0,0.764,0.646,,,,,,,,
1626164,Devin Booker,1610612756,PHX,G,29.0,64,62,0.328,,,,,,Less Than 6Ft,Regular Season,,,,,-0.003,,,,,130.0,207.0,0.628,0.631,,,,,,,,
1630611,Gui Santos,1610612744,GSW,F,24.0,66,61,0.365,,,,,,Less Than 6Ft,Regular Season,,,,,0.047,,,,,139.0,207.0,0.671,0.625,,,,,,,,
1630577,Julian Champagnie,1610612759,SAS,F,25.0,82,71,0.266,,,,,,Less Than 6Ft,Regular Season,,,,,0.034,,,,,138.0,206.0,0.67,0.635,,,,,,,,
1629011,Mitchell Robinson,1610612752,NYK,C-F,28.0,60,56,0.417,,,,,,Less Than 6Ft,Regular Season,,,,,-0.106,,,,,108.0,206.0,0.524,0.63,,,,,,,,
1642267,Bub Carrington,1610612764,WAS,G,20.0,82,73,0.315,,,,,,Less Than 6Ft,Regular Season,,,,,0.116,,,,,154.0,206.0,0.748,0.632,,,,,,,,
1631260,AJ Green,1610612749,MIL,G,26.0,78,67,0.239,,,,,,Less Than 6Ft,Regular Season,,,,,0.124,,,,,154.0,205.0,0.751,0.627,,,,,,,,
1630194,Paul Reed,1610612765,DET,F,27.0,62,57,0.449,,,,,,Less Than 6Ft,Regular Season,,,,,-0.122,,,,,105.0,203.0,0.517,0.639,,,,,,,,
1630217,Desmond Bane,1610612753,ORL,G,28.0,82,74,0.254,,,,,,Less Than 6Ft,Regular Season,,,,,0.041,,,,,136.0,203.0,0.67,0.629,,,,,,,,
203991,Clint Capela,1610612745,HOU,C,32.0,73,64,0.444,,,,,,Less Than 6Ft,Regular Season,,,,,-0.182,,,,,91.0,201.0,0.453,0.634,,,,,,,,
1630230,Naji Marshall,1610612742,DAL,F,28.0,74,68,0.295,,,,,,Less Than 6Ft,Regular Season,,,,,0.099,,,,,148.0,200.0,0.74,0.641,,,,,,,,
1628983,Shai Gilgeous-Alexander,1610612760,OKC,G,27.0,68,65,0.296,,,,,,Less Than 6Ft,Regular Season,,,,,-0.072,,,,,113.0,200.0,0.565,0.637,,,,,,,,
1641708,Amen Thompson,1610612745,HOU,G-F,23.0,79,70,0.277,,,,,,Less Than 6Ft,Regular Season,,,,,-0.039,,,,,119.0,200.0,0.595,0.634,,,,,,,,
1641710,Anthony Black,1610612753,ORL,G,22.0,63,59,0.284,,,,,,Less Than 6Ft,Regular Season,,,,,0.1,,,,,144.0,198.0,0.727,0.628,,,,,,,,
1630188,Jalen Smith,1610612741,CHI,F-C,26.0,53,52,0.411,,,,,,Less Than 6Ft,Regular Season,,,,,-0.064,,,,,112.0,198.0,0.566,0.63,,,,,,,,
1642907,Cedric Coward,1610612763,MEM,G,22.0,62,58,0.302,,,,,,Less Than 6Ft,Regular Season,,,,,-0.003,,,,,126.0,198.0,0.636,0.639,,,,,,,,
1642860,Will Riley,1610612764,WAS,F,20.0,71,63,0.4,,,,,,Less Than 6Ft,Regular Season,,,,,0.069,,,,,140.0,197.0,0.711,0.642,,,,,,,,
1642363,Nique Clifford,1610612758,SAC,G,24.0,75,68,0.288,,,,,,Less Than 6Ft,Regular Season,,,,,0.006,,,,,125.0,196.0,0.638,0.631,,,,,,,,
1630162,Anthony Edwards,1610612750,MIN,G,24.0,61,57,0.297,,,,,,Less Than 6Ft,Regular Season,,,,,-0.022,,,,,121.0,196.0,0.617,0.639,,,,,,,,
203468,CJ McCollum,1610612737,ATL,G,34.0,76,69,0.247,,,,,,Less Than 6Ft,Regular Season,,,,,0.081,,,,,138.0,195.0,0.708,0.626,,,,,,,,
1641764,Brandin Podziemski,1610612744,GSW,G,23.0,82,70,0.301,,,,,,Less Than 6Ft,Regular Season,,,,,0.097,,,,,142.0,193.0,0.736,0.639,,,,,,,,
1641783,Tristan da Silva,1610612753,ORL,F,25.0,76,68,0.286,,,,,,Less Than 6Ft,Regular Season,,,,,0.071,,,,,135.0,193.0,0.699,0.629,,,,,,,,
1628973,Jalen Brunson,1610612752,NYK,G,29.0,73,66,0.239,,,,,,Less Than 6Ft,Regular Season,,,,,0.137,,,,,146.0,192.0,0.76,0.623,,,,,,,,
1630171,Isaac Okoro,1610612741,CHI,F-G,25.0,62,58,0.295,,,,,,Less Than 6Ft,Regular Season,,,,,-0.024,,,,,118.0,190.0,0.621,0.645,,,,,,,,
1630549,Day'Ron Sharpe,1610612751,BKN,C,24.0,62,61,0.442,,,,,,Less Than 6Ft,Regular Season,,,,,-0.016,,,,,116.0,190.0,0.611,0.627,,,,,,,,
1630541,Moses Moody,1610612744,GSW,G,24.0,60,56,0.332,,,,,,Less Than 6Ft,Regular Season,,,,,0.008,,,,,121.0,190.0,0.637,0.629,,,,,,,,
1630558,Davion Mitchell,1610612748,MIA,G,27.0,70,66,0.263,,,,,,Less Than 6Ft,Regular Season,,,,,0.073,,,,,133.0,189.0,0.704,0.63,,,,,,,,
1629628,RJ Barrett,1610612761,TOR,F-G,26.0,57,56,0.308,,,,,,Less Than 6Ft,Regular Season,,,,,0.059,,,,,130.0,189.0,0.688,0.629,,,,,,,,
1629008,Michael Porter Jr.,1610612751,BKN,F,28.0,52,51,0.394,,,,,,Less Than 6Ft,Regular Season,,,,,0.08,,,,,136.0,189.0,0.72,0.639,,,,,,,,
1631243,Mouhamed Gueye,1610612737,ATL,F,23.0,74,63,0.392,,,,,,Less Than 6Ft,Regular Season,,,,,-0.062,,,,,108.0,188.0,0.574,0.637,,,,,,,,
1628989,Kevin Huerter,1610612765,DET,G-F,27.0,68,64,0.338,,,,,,Less Than 6Ft,Regular Season,,,,,0.014,,,,,121.0,187.0,0.647,0.633,,,,,,,,
1642364,Jamir Watkins,1610612764,WAS,F,24.0,48,46,0.424,,,,,,Less Than 6Ft,Regular Season,,,,,-0.006,,,,,119.0,187.0,0.636,0.642,,,,,,,,
1629731,Dean Wade,1610612739,CLE,F-C,29.0,58,54,0.344,,,,,,Less Than 6Ft,Regular Season,,,,,0.015,,,,,120.0,187.0,0.642,0.627,,,,,,,,
1641713,GG Jackson,1610612763,MEM,F,21.0,51,48,0.382,,,,,,Less Than 6Ft,Regular Season,,,,,0.0,,,,,119.0,186.0,0.64,0.64,,,,,,,,
1641765,Olivier-Maxence Prosper,1610612763,MEM,F,23.0,49,45,0.442,,,,,,Less Than 6Ft,Regular Season,,,,,0.037,,,,,125.0,186.0,0.672,0.635,,,,,,,,
1641709,Ausar Thompson,1610612765,DET,G-F,23.0,73,64,0.267,,,,,,Less Than 6Ft,Regular Season,,,,,-0.088,,,,,101.0,184.0,0.549,0.636,,,,,,,,
1629656,Quentin Grimes,1610612755,PHI,G,26.0,75,64,0.271,,,,,,Less Than 6Ft,Regular Season,,,,,0.089,,,,,131.0,183.0,0.716,0.627,,,,,,,,
1630174,Aaron Nesmith,1610612754,IND,G-F,26.0,45,45,0.342,,,,,,Less Than 6Ft,Regular Season,,,,,-0.027,,,,,113.0,183.0,0.617,0.644,,,,,,,,
1628398,Kyle Kuzma,1610612749,MIL,F,30.0,69,65,0.312,,,,,,Less Than 6Ft,Regular Season,,,,,-0.038,,,,,108.0,183.0,0.59,0.628,,,,,,,,
201935,James Harden,1610612739,CLE,G,36.0,70,67,0.264,,,,,,Less Than 6Ft,Regular Season,,,,,0.148,,,,,142.0,182.0,0.78,0.632,,,,,,,,
1630559,Austin Reaves,1610612747,LAL,G,28.0,51,46,0.314,,,,,,Less Than 6Ft,Regular Season,,,,,0.095,,,,,133.0,182.0,0.731,0.635,,,,,,,,
1626162,Kelly Oubre Jr.,1610612755,PHI,F-G,30.0,50,47,0.329,,,,,,Less Than 6Ft,Regular Season,,,,,0.043,,,,,124.0,182.0,0.681,0.638,,,,,,,,
1641774,Tristan Vukcevic,1610612764,WAS,F,23.0,47,44,0.473,,,,,,Less Than 6Ft,Regular Season,,,,,-0.018,,,,,113.0,182.0,0.621,0.639,,,,,,,,
1642258,Zaccharie Risacher,1610612737,ATL,F,21.0,67,63,0.328,,,,,,Less Than 6Ft,Regular Season,,,,,0.036,,,,,121.0,181.0,0.669,0.632,,,,,,,,
1642262,Cody Williams,1610612762,UTA,F,21.0,65,58,0.347,,,,,,Less Than 6Ft,Regular Season,,,,,0.003,,,,,115.0,180.0,0.639,0.636,,,,,,,,
1630208,Nick Richards,1610612741,CHI,C,28.0,47,40,0.485,,,,,,Less Than 6Ft,Regular Season,,,,,-0.016,,,,,111.0,178.0,0.624,0.64,,,,,,,,
1629723,John Konchar,1610612762,UTA,G,30.0,56,51,0.383,,,,,,Less Than 6Ft,Regular Season,,,,,0.12,,,,,134.0,178.0,0.753,0.633,,,,,,,,
1642856,Egor Dëmin,1610612751,BKN,G,20.0,52,50,0.403,,,,,,Less Than 6Ft,Regular Season,,,,,0.002,,,,,113.0,177.0,0.638,0.637,,,,,,,,
1642266,Ja'Kobe Walter,1610612761,TOR,G,21.0,72,66,0.333,,,,,,Less Than 6Ft,Regular Season,,,,,0.101,,,,,128.0,176.0,0.727,0.626,,,,,,,,
203939,Dwight Powell,1610612742,DAL,F-C,34.0,57,50,0.395,,,,,,Less Than 6Ft,Regular Season,,,,,-0.026,,,,,110.0,176.0,0.625,0.651,,,,,,,,
1641729,Brice Sensabaugh,1610612762,UTA,F,22.0,74,60,0.291,,,,,,Less Than 6Ft,Regular Season,,,,,0.133,,,,,135.0,175.0,0.771,0.639,,,,,,,,
1641707,Taylor Hendricks,1610612763,MEM,F,22.0,58,55,0.398,,,,,,Less Than 6Ft,Regular Season,,,,,0.008,,,,,112.0,174.0,0.644,0.635,,,,,,,,
1630178,Tyrese Maxey,1610612755,PHI,G,25.0,70,66,0.229,,,,,,Less Than 6Ft,Regular Season,,,,,0.087,,,,,125.0,174.0,0.718,0.632,,,,,,,,
1630172,Patrick Williams,1610612741,CHI,F,24.0,71,63,0.324,,,,,,Less Than 6Ft,Regular Season,,,,,0.072,,,,,122.0,173.0,0.705,0.633,,,,,,,,
1627824,Guerschon Yabusele,1610612741,CHI,F,30.0,65,55,0.452,,,,,,Less Than 6Ft,Regular Season,,,,,-0.008,,,,,110.0,173.0,0.636,0.643,,,,,,,,
1629637,Jaxson Hayes,1610612747,LAL,C-F,26.0,66,56,0.323,,,,,,Less Than 6Ft,Regular Season,,,,,-0.068,,,,,97.0,173.0,0.561,0.628,,,,,,,,
203501,Tim Hardaway Jr.,1610612743,DEN,G-F,34.0,79,66,0.25,,,,,,Less Than 6Ft,Regular Season,,,,,0.094,,,,,125.0,172.0,0.727,0.633,,,,,,,,
1628418,Thomas Bryant,1610612739,CLE,C-F,28.0,58,45,0.474,,,,,,Less Than 6Ft,Regular Season,,,,,-0.105,,,,,90.0,172.0,0.523,0.629,,,,,,,,
1641731,Bilal Coulibaly,1610612764,WAS,G,21.0,55,46,0.42,,,,,,Less Than 6Ft,Regular Season,,,,,-0.048,,,,,101.0,172.0,0.587,0.635,,,,,,,,
1629640,Keldon Johnson,1610612759,SAS,F-G,26.0,82,75,0.306,,,,,,Less Than 6Ft,Regular Season,,,,,0.008,,,,,111.0,172.0,0.645,0.637,,,,,,,,
1628392,Isaiah Hartenstein,1610612760,OKC,C-F,28.0,47,47,0.346,,,,,,Less Than 6Ft,Regular Season,,,,,-0.11,,,,,91.0,172.0,0.529,0.639,,,,,,,,
201143,Al Horford,1610612744,GSW,C-F,40.0,45,43,0.373,,,,,,Less Than 6Ft,Regular Season,,,,,-0.074,,,,,95.0,171.0,0.556,0.629,,,,,,,,
1630193,Immanuel Quickley,1610612761,TOR,G,27.0,70,61,0.271,,,,,,Less Than 6Ft,Regular Season,,,,,0.072,,,,,121.0,171.0,0.708,0.635,,,,,,,,
1642377,Jaylen Wells,1610612763,MEM,F,22.0,69,59,0.263,,,,,,Less Than 6Ft,Regular Season,,,,,0.085,,,,,121.0,169.0,0.716,0.631,,,,,,,,
1630573,Sam Hauser,1610612738,BOS,F,28.0,78,64,0.245,,,,,,Less Than 6Ft,Regular Season,,,,,0.028,,,,,111.0,169.0,0.657,0.629,,,,,,,,
1631165,Keon Ellis,1610612739,CLE,G,26.0,72,61,0.298,,,,,,Less Than 6Ft,Regular Season,,,,,-0.001,,,,,105.0,167.0,0.629,0.63,,,,,,,,
1629130,Duncan Robinson,1610612765,DET,F,32.0,77,63,0.256,,,,,,Less Than 6Ft,Regular Season,,,,,0.058,,,,,114.0,166.0,0.687,0.628,,,,,,,,
2544,LeBron James,1610612747,LAL,F,41.0,60,58,0.319,,,,,,Less Than 6Ft,Regular Season,,,,,-0.008,,,,,105.0,165.0,0.636,0.645,,,,,,,,
1641757,Jordan Miller,1610612746,LAC,G,26.0,60,55,0.328,,,,,,Less Than 6Ft,Regular Season,,,,,0.051,,,,,113.0,165.0,0.685,0.634,,,,,,,,
204001,Kristaps Porziņģis,1610612744,GSW,F-C,30.0,32,32,0.397,,,,,,Less Than 6Ft,Regular Season,,,,,-0.144,,,,,81.0,164.0,0.494,0.637,,,,,,,,
1627739,Kris Dunn,1610612746,LAC,G,32.0,82,71,0.213,,,,,,Less Than 6Ft,Regular Season,,,,,0.072,,,,,116.0,164.0,0.707,0.635,,,,,,,,
1630245,Ayo Dosunmu,1610612750,MIN,G,26.0,69,63,0.294,,,,,,Less Than 6Ft,Regular Season,,,,,-0.005,,,,,102.0,163.0,0.626,0.631,,,,,,,,
1631107,Nikola Jović,1610612748,MIA,F,23.0,44,39,0.413,,,,,,Less Than 6Ft,Regular Season,,,,,-0.009,,,,,101.0,163.0,0.62,0.628,,,,,,,,
1642264,Stephon Castle,1610612759,SAS,G,21.0,68,57,0.234,,,,,,Less Than 6Ft,Regular Season,,,,,0.057,,,,,112.0,162.0,0.691,0.635,,,,,,,,
1641796,Pelle Larsson,1610612748,MIA,G,25.0,70,58,0.261,,,,,,Less Than 6Ft,Regular Season,,,,,0.032,,,,,107.0,162.0,0.66,0.629,,,,,,,,
1630591,Jalen Suggs,1610612753,ORL,G,25.0,57,55,0.293,,,,,,Less Than 6Ft,Regular Season,,,,,0.044,,,,,109.0,161.0,0.677,0.633,,,,,,,,
1641717,Cason Wallace,1610612760,OKC,G,22.0,77,68,0.209,,,,,,Less Than 6Ft,Regular Season,,,,,0.043,,,,,109.0,160.0,0.681,0.639,,,,,,,,
1629627,Zion Williamson,1610612740,NOP,F,25.0,62,58,0.27,,,,,,Less Than 6Ft,Regular Season,,,,,0.002,,,,,102.0,159.0,0.642,0.639,,,,,,,,
1641854,Craig Porter Jr.,1610612739,CLE,G,26.0,63,58,0.333,,,,,,Less Than 6Ft,Regular Season,,,,,0.003,,,,,99.0,159.0,0.623,0.619,,,,,,,,
1630529,Herbert Jones,1610612740,NOP,F,27.0,56,52,0.343,,,,,,Less Than 6Ft,Regular Season,,,,,0.079,,,,,115.0,159.0,0.723,0.645,,,,,,,,
1642883,Sion James,1610612766,CHA,G,23.0,82,67,0.249,,,,,,Less Than 6Ft,Regular Season,,,,,-0.01,,,,,100.0,159.0,0.629,0.639,,,,,,,,
202685,Jonas Valanciunas,1610612743,DEN,C,34.0,63,57,0.387,,,,,,Less Than 6Ft,Regular Season,,,,,-0.099,,,,,84.0,158.0,0.532,0.631,,,,,,,,
1630619,Moussa Cisse,1610612742,DAL,C,23.0,36,35,0.551,,,,,,Less Than 6Ft,Regular Season,,,,,-0.112,,,,,82.0,158.0,0.519,0.631,,,,,,,,
203084,Harrison Barnes,1610612759,SAS,F,34.0,77,66,0.254,,,,,,Less Than 6Ft,Regular Season,,,,,0.071,,,,,112.0,158.0,0.709,0.638,,,,,,,,
1642848,Tre Johnson,1610612764,WAS,G,20.0,59,54,0.349,,,,,,Less Than 6Ft,Regular Season,,,,,0.107,,,,,115.0,158.0,0.728,0.62,,,,,,,,
1628378,Donovan Mitchell,1610612739,CLE,G,29.0,70,61,0.252,,,,,,Less Than 6Ft,Regular Season,,,,,0.034,,,,,104.0,155.0,0.671,0.637,,,,,,,,
1630180,Saddiq Bey,1610612740,NOP,G-F,27.0,72,66,0.275,,,,,,Less Than 6Ft,Regular Season,,,,,0.05,,,,,108.0,155.0,0.697,0.647,,,,,,,,
1627759,Jaylen Brown,1610612738,BOS,G-F,29.0,71,58,0.211,,,,,,Less Than 6Ft,Regular Season,,,,,0.029,,,,,101.0,154.0,0.656,0.627,,,,,,,,
1631200,Kris Murray,1610612757,POR,F,25.0,57,52,0.396,,,,,,Less Than 6Ft,Regular Season,,,,,-0.041,,,,,89.0,154.0,0.578,0.619,,,,,,,,
1628971,Bruce Brown,1610612743,DEN,G-F,29.0,81,65,0.218,,,,,,Less Than 6Ft,Regular Season,,,,,0.121,,,,,116.0,154.0,0.753,0.632,,,,,,,,
1642849,Nolan Traore,1610612751,BKN,G,20.0,56,51,0.373,,,,,,Less Than 6Ft,Regular Season,,,,,0.072,,,,,107.0,153.0,0.699,0.627,,,,,,,,
1631106,Tari Eason,1610612745,HOU,F,25.0,60,56,0.301,,,,,,Less Than 6Ft,Regular Season,,,,,0.026,,,,,102.0,153.0,0.667,0.641,,,,,,,,
1630249,Vít Krejčí,1610612757,POR,G,26.0,65,56,0.321,,,,,,Less Than 6Ft,Regular Season,,,,,0.009,,,,,96.0,153.0,0.627,0.619,,,,,,,,
1628415,Dillon Brooks,1610612756,PHX,G-F,30.0,55,54,0.27,,,,,,Less Than 6Ft,Regular Season,,,,,0.068,,,,,107.0,153.0,0.699,0.631,,,,,,,,
1630264,Anthony Gill,1610612764,WAS,F,33.0,49,43,0.378,,,,,,Less Than 6Ft,Regular Season,,,,,0.022,,,,,100.0,152.0,0.658,0.636,,,,,,,,
1630170,Devin Vassell,1610612759,SAS,G-F,25.0,67,57,0.278,,,,,,Less Than 6Ft,Regular Season,,,,,-0.014,,,,,94.0,152.0,0.618,0.632,,,,,,,,
1628374,Lauri Markkanen,1610612762,UTA,F-C,29.0,42,40,0.317,,,,,,Less Than 6Ft,Regular Season,,,,,-0.001,,,,,96.0,151.0,0.636,0.637,,,,,,,,
202699,Tobias Harris,1610612765,DET,F,33.0,63,57,0.284,,,,,,Less Than 6Ft,Regular Season,,,,,0.023,,,,,99.0,151.0,0.656,0.632,,,,,,,,
1630598,Aaron Wiggins,1610612760,OKC,G,27.0,64,58,0.28,,,,,,Less Than 6Ft,Regular Season,,,,,0.017,,,,,97.0,150.0,0.647,0.63,,,,,,,,
1641775,Jordan Walsh,1610612738,BOS,G,22.0,65,52,0.341,,,,,,Less Than 6Ft,Regular Season,,,,,-0.077,,,,,82.0,150.0,0.547,0.623,,,,,,,,
1642383,Walter Clayton Jr.,1610612763,MEM,G,23.0,69,56,0.256,,,,,,Less Than 6Ft,Regular Season,,,,,0.064,,,,,102.0,150.0,0.68,0.616,,,,,,,,
201566,Russell Westbrook,1610612758,SAC,G,37.0,64,56,0.316,,,,,,Less Than 6Ft,Regular Season,,,,,0.086,,,,,108.0,148.0,0.73,0.644,,,,,,,,
1628379,Luke Kennard,1610612747,LAL,G,30.0,77,61,0.286,,,,,,Less Than 6Ft,Regular Season,,,,,0.087,,,,,106.0,147.0,0.721,0.634,,,,,,,,
1628368,De'Aaron Fox,1610612759,SAS,G,28.0,72,58,0.194,,,,,,Less Than 6Ft,Regular Season,,,,,0.051,,,,,99.0,146.0,0.678,0.627,,,,,,,,
1642346,Ryan Dunn,1610612756,PHX,F,23.0,69,59,0.3,,,,,,Less Than 6Ft,Regular Season,,,,,0.019,,,,,94.0,146.0,0.644,0.624,,,,,,,,
203924,Jerami Grant,1610612757,POR,F,32.0,57,49,0.308,,,,,,Less Than 6Ft,Regular Season,,,,,0.069,,,,,102.0,145.0,0.703,0.635,,,,,,,,
203500,Steven Adams,1610612745,HOU,C,32.0,32,31,0.41,,,,,,Less Than 6Ft,Regular Season,,,,,0.015,,,,,95.0,145.0,0.655,0.64,,,,,,,,
1631099,Keegan Murray,1610612758,SAC,F,25.0,23,23,0.471,,,,,,Less Than 6Ft,Regular Season,,,,,-0.025,,,,,88.0,144.0,0.611,0.636,,,,,,,,
1642281,Jaylon Tyson,1610612739,CLE,G-F,23.0,66,55,0.23,,,,,,Less Than 6Ft,Regular Season,,,,,0.058,,,,,97.0,144.0,0.674,0.615,,,,,,,,
1629611,Terance Mann,1610612751,BKN,G-F,29.0,63,58,0.293,,,,,,Less Than 6Ft,Regular Season,,,,,0.057,,,,,99.0,144.0,0.688,0.63,,,,,,,,
1630314,Brandon Williams,1610612742,DAL,G,26.0,66,55,0.273,,,,,,Less Than 6Ft,Regular Season,,,,,0.152,,,,,110.0,142.0,0.775,0.622,,,,,,,,
1631097,Bennedict Mathurin,1610612746,LAC,G-F,24.0,54,54,0.301,,,,,,Less Than 6Ft,Regular Season,,,,,0.027,,,,,93.0,142.0,0.655,0.628,,,,,,,,
1641712,Rayan Rupert,1610612763,MEM,G-F,22.0,58,45,0.373,,,,,,Less Than 6Ft,Regular Season,,,,,0.108,,,,,104.0,140.0,0.743,0.635,,,,,,,,
1627734,Domantas Sabonis,1610612758,SAC,F-C,30.0,19,19,0.5,,,,,,Less Than 6Ft,Regular Season,,,,,0.052,,,,,97.0,140.0,0.693,0.641,,,,,,,,
1630311,Pat Spencer,1610612744,GSW,G,29.0,61,53,0.374,,,,,,Less Than 6Ft,Regular Season,,,,,0.141,,,,,108.0,140.0,0.771,0.63,,,,,,,,
202691,Klay Thompson,1610612742,DAL,G,36.0,69,62,0.348,,,,,,Less Than 6Ft,Regular Season,,,,,-0.011,,,,,86.0,139.0,0.619,0.63,,,,,,,,
1642461,Spencer Jones,1610612743,DEN,F,25.0,62,51,0.276,,,,,,Less Than 6Ft,Regular Season,,,,,0.028,,,,,92.0,139.0,0.662,0.634,,,,,,,,
1629614,Andrew Nembhard,1610612754,IND,G-F,26.0,57,50,0.264,,,,,,Less Than 6Ft,Regular Season,,,,,0.066,,,,,96.0,138.0,0.696,0.63,,,,,,,,
202331,Paul George,1610612755,PHI,F,36.0,37,36,0.337,,,,,,Less Than 6Ft,Regular Season,,,,,-0.016,,,,,85.0,137.0,0.62,0.636,,,,,,,,
1631321,Sidy Cissoko,1610612757,POR,G,22.0,70,57,0.337,,,,,,Less Than 6Ft,Regular Season,,,,,-0.006,,,,,87.0,136.0,0.64,0.646,,,,,,,,
1631218,Trayce Jackson-Davis,1610612761,TOR,F,26.0,48,42,0.504,,,,,,Less Than 6Ft,Regular Season,,,,,-0.089,,,,,74.0,136.0,0.544,0.633,,,,,,,,
1629652,Luguentz Dort,1610612760,OKC,G,27.0,69,57,0.213,,,,,,Less Than 6Ft,Regular Season,,,,,-0.027,,,,,83.0,136.0,0.61,0.637,,,,,,,,
1631323,Simone Fontecchio,1610612748,MIA,F,30.0,67,58,0.313,,,,,,Less Than 6Ft,Regular Season,,,,,-0.034,,,,,81.0,135.0,0.6,0.634,,,,,,,,
201587,Nicolas Batum,1610612746,LAC,G-F,37.0,72,58,0.349,,,,,,Less Than 6Ft,Regular Season,,,,,0.076,,,,,95.0,135.0,0.704,0.628,,,,,,,,
1629001,De'Anthony Melton,1610612744,GSW,G,28.0,49,41,0.361,,,,,,Less Than 6Ft,Regular Season,,,,,0.033,,,,,89.0,134.0,0.664,0.631,,,,,,,,
1629014,Anfernee Simons,1610612741,CHI,G,27.0,55,51,0.333,,,,,,Less Than 6Ft,Regular Season,,,,,0.116,,,,,98.0,133.0,0.737,0.62,,,,,,,,
1630579,Jericho Sims,1610612749,MIL,C,27.0,63,53,0.303,,,,,,Less Than 6Ft,Regular Season,,,,,0.051,,,,,91.0,133.0,0.684,0.634,,,,,,,,
1629020,Jarred Vanderbilt,1610612747,LAL,F,27.0,61,54,0.414,,,,,,Less Than 6Ft,Regular Season,,,,,-0.054,,,,,78.0,132.0,0.591,0.645,,,,,,,,
203114,Khris Middleton,1610612742,DAL,F,34.0,62,56,0.276,,,,,,Less Than 6Ft,Regular Season,,,,,0.069,,,,,94.0,131.0,0.718,0.648,,,,,,,,
1642285,Cam Spencer,1610612763,MEM,G,26.0,72,55,0.28,,,,,,Less Than 6Ft,Regular Season,,,,,0.105,,,,,95.0,131.0,0.725,0.62,,,,,,,,
1629661,Cameron Johnson,1610612743,DEN,F,30.0,54,51,0.241,,,,,,Less Than 6Ft,Regular Season,,,,,0.052,,,,,89.0,130.0,0.685,0.632,,,,,,,,
201567,Kevin Love,1610612762,UTA,F-C,37.0,36,35,0.496,,,,,,Less Than 6Ft,Regular Season,,,,,0.063,,,,,92.0,129.0,0.713,0.651,,,,,,,,
1630200,Tre Jones,1610612741,CHI,G,26.0,65,49,0.259,,,,,,Less Than 6Ft,Regular Season,,,,,0.092,,,,,93.0,129.0,0.721,0.629,,,,,,,,
203932,Aaron Gordon,1610612743,DEN,F,30.0,36,33,0.344,,,,,,Less Than 6Ft,Regular Season,,,,,0.044,,,,,88.0,128.0,0.688,0.644,,,,,,,,
1641718,Keyonte George,1610612762,UTA,G,22.0,54,47,0.229,,,,,,Less Than 6Ft,Regular Season,,,,,0.145,,,,,99.0,128.0,0.773,0.628,,,,,,,,
1630692,Jordan Goodwin,1610612756,PHX,G,27.0,70,59,0.269,,,,,,Less Than 6Ft,Regular Season,,,,,0.051,,,,,87.0,128.0,0.68,0.628,,,,,,,,
1631172,Ousmane Dieng,1610612749,MIL,F,23.0,57,43,0.314,,,,,,Less Than 6Ft,Regular Season,,,,,0.025,,,,,83.0,128.0,0.648,0.623,,,,,,,,
1631248,Baylor Scheierman,1610612738,BOS,G,25.0,74,54,0.262,,,,,,Less Than 6Ft,Regular Season,,,,,0.005,,,,,81.0,128.0,0.633,0.628,,,,,,,,
1628960,Grayson Allen,1610612756,PHX,G,30.0,51,43,0.264,,,,,,Less Than 6Ft,Regular Season,,,,,0.03,,,,,84.0,127.0,0.661,0.631,,,,,,,,
1642450,Daniss Jenkins,1610612765,DET,G,24.0,71,53,0.297,,,,,,Less Than 6Ft,Regular Season,,,,,0.155,,,,,99.0,127.0,0.78,0.625,,,,,,,,
203471,Dennis Schröder,1610612739,CLE,G,32.0,70,61,0.247,,,,,,Less Than 6Ft,Regular Season,,,,,0.134,,,,,97.0,126.0,0.77,0.636,,,,,,,,
1642942,Jahmai Mashack,1610612763,MEM,G,23.0,29,25,0.457,,,,,,Less Than 6Ft,Regular Season,,,,,0.067,,,,,89.0,126.0,0.706,0.64,,,,,,,,
1642869,Noah Penda,1610612753,ORL,G-F,21.0,55,49,0.403,,,,,,Less Than 6Ft,Regular Season,,,,,-0.008,,,,,80.0,126.0,0.635,0.643,,,,,,,,
1631101,Shaedon Sharpe,1610612757,POR,G,23.0,50,42,0.287,,,,,,Less Than 6Ft,Regular Season,,,,,0.113,,,,,93.0,125.0,0.744,0.631,,,,,,,,
1629012,Collin Sexton,1610612741,CHI,G,27.0,68,57,0.238,,,,,,Less Than 6Ft,Regular Season,,,,,-0.029,,,,,74.0,124.0,0.597,0.626,,,,,,,,
1628370,Malik Monk,1610612758,SAC,G,28.0,62,48,0.304,,,,,,Less Than 6Ft,Regular Season,,,,,0.085,,,,,87.0,123.0,0.707,0.622,,,,,,,,
1627884,Derrick Jones Jr.,1610612746,LAC,F,29.0,50,46,0.262,,,,,,Less Than 6Ft,Regular Season,,,,,-0.025,,,,,75.0,123.0,0.61,0.634,,,,,,,,
1642844,Dylan Harper,1610612759,SAS,G,20.0,69,59,0.278,,,,,,Less Than 6Ft,Regular Season,,,,,-0.048,,,,,71.0,123.0,0.577,0.625,,,,,,,,
203937,Kyle Anderson,1610612750,MIN,F-G,32.0,43,38,0.365,,,,,,Less Than 6Ft,Regular Season,,,,,0.081,,,,,86.0,122.0,0.705,0.624,,,,,,,,
1626181,Norman Powell,1610612748,MIA,G,33.0,57,47,0.295,,,,,,Less Than 6Ft,Regular Season,,,,,0.041,,,,,83.0,122.0,0.68,0.639,,,,,,,,
203076,Anthony Davis,1610612764,WAS,F-C,33.0,20,20,0.391,,,,,,Less Than 6Ft,Regular Season,,,,,-0.096,,,,,67.0,122.0,0.549,0.646,,,,,,,,
1641767,Ben Sheppard,1610612754,IND,G,24.0,65,56,0.299,,,,,,Less Than 6Ft,Regular Season,,,,,0.009,,,,,78.0,121.0,0.645,0.635,,,,,,,,
1642949,Yanic Konan Niederhäuser,1610612746,LAC,C,23.0,35,30,0.565,,,,,,Less Than 6Ft,Regular Season,,,,,-0.094,,,,,65.0,121.0,0.537,0.631,,,,,,,,
1628997,Caleb Martin,1610612742,DAL,F,30.0,56,45,0.368,,,,,,Less Than 6Ft,Regular Season,,,,,-0.057,,,,,70.0,121.0,0.579,0.635,,,,,,,,
1629750,Javonte Green,1610612765,DET,G,32.0,78,62,0.293,,,,,,Less Than 6Ft,Regular Season,,,,,0.006,,,,,77.0,121.0,0.636,0.631,,,,,,,,
1642962,Drake Powell,1610612751,BKN,G-F,20.0,60,51,0.369,,,,,,Less Than 6Ft,Regular Season,,,,,0.1,,,,,87.0,121.0,0.719,0.619,,,,,,,,
1630533,Ziaire Williams,1610612751,BKN,F,24.0,56,48,0.27,,,,,,Less Than 6Ft,Regular Season,,,,,0.119,,,,,89.0,120.0,0.742,0.623,,,,,,,,
1631128,Christian Braun,1610612743,DEN,G,25.0,44,44,0.239,,,,,,Less Than 6Ft,Regular Season,,,,,0.147,,,,,93.0,119.0,0.782,0.635,,,,,,,,
1631159,Leonard Miller,1610612741,CHI,F,22.0,36,32,0.368,,,,,,Less Than 6Ft,Regular Season,,,,,0.022,,,,,78.0,119.0,0.655,0.633,,,,,,,,
1641842,Ronald Holland II,1610612765,DET,F,20.0,78,56,0.258,,,,,,Less Than 6Ft,Regular Season,,,,,0.042,,,,,80.0,119.0,0.672,0.63,,,,,,,,
1642920,Kobe Sanders,1610612746,LAC,G,24.0,67,55,0.283,,,,,,Less Than 6Ft,Regular Season,,,,,-0.059,,,,,69.0,119.0,0.58,0.638,,,,,,,,
1630192,Zeke Nnaji,1610612743,DEN,F-C,25.0,46,36,0.419,,,,,,Less Than 6Ft,Regular Season,,,,,-0.111,,,,,62.0,119.0,0.521,0.632,,,,,,,,
1642879,Ben Saraf,1610612751,BKN,G,20.0,44,42,0.367,,,,,,Less Than 6Ft,Regular Season,,,,,0.026,,,,,78.0,119.0,0.655,0.629,,,,,,,,
1630570,Trendon Watford,1610612755,PHI,G-F,25.0,50,44,0.322,,,,,,Less Than 6Ft,Regular Season,,,,,0.048,,,,,81.0,118.0,0.686,0.638,,,,,,,,
1642863,Khaman Maluach,1610612756,PHX,C,19.0,45,37,0.487,,,,,,Less Than 6Ft,Regular Season,,,,,-0.215,,,,,49.0,116.0,0.422,0.638,,,,,,,,
1629006,Josh Okogie,1610612745,HOU,G,27.0,75,57,0.289,,,,,,Less Than 6Ft,Regular Season,,,,,-0.027,,,,,71.0,116.0,0.612,0.639,,,,,,,,
1642954,Will Richard,1610612744,GSW,G,23.0,67,54,0.26,,,,,,Less Than 6Ft,Regular Season,,,,,0.083,,,,,81.0,116.0,0.698,0.615,,,,,,,,
1642866,Joan Beringer,1610612750,MIN,F,19.0,38,32,0.575,,,,,,Less Than 6Ft,Regular Season,,,,,-0.114,,,,,58.0,115.0,0.504,0.618,,,,,,,,
1630574,Ariel Hukporti,1610612752,NYK,C,24.0,47,39,0.444,,,,,,Less Than 6Ft,Regular Season,,,,,-0.147,,,,,55.0,115.0,0.478,0.625,,,,,,,,
1630696,Dru Smith,1610612748,MIA,G,28.0,69,51,0.254,,,,,,Less Than 6Ft,Regular Season,,,,,0.016,,,,,74.0,115.0,0.643,0.628,,,,,,,,
1630202,Payton Pritchard,1610612738,BOS,G,28.0,79,61,0.177,,,,,,Less Than 6Ft,Regular Season,,,,,0.118,,,,,87.0,115.0,0.757,0.638,,,,,,,,
1630538,Bones Hyland,1610612750,MIN,G,25.0,70,51,0.284,,,,,,Less Than 6Ft,Regular Season,,,,,0.131,,,,,87.0,114.0,0.763,0.632,,,,,,,,
203507,Giannis Antetokounmpo,1610612749,MIL,F,31.0,36,35,0.352,,,,,,Less Than 6Ft,Regular Season,,,,,-0.136,,,,,58.0,114.0,0.509,0.645,,,,,,,,
1631169,Josh Minott,1610612751,BKN,F,23.0,48,42,0.332,,,,,,Less Than 6Ft,Regular Season,,,,,-0.037,,,,,68.0,114.0,0.596,0.633,,,,,,,,
1642382,Branden Carlson,1610612760,OKC,C,27.0,39,33,0.433,,,,,,Less Than 6Ft,Regular Season,,,,,-0.071,,,,,64.0,114.0,0.561,0.632,,,,,,,,
1629234,Drew Eubanks,1610612758,SAC,F-C,29.0,40,32,0.395,,,,,,Less Than 6Ft,Regular Season,,,,,-0.144,,,,,57.0,113.0,0.504,0.648,,,,,,,,
1627780,Gary Payton II,1610612744,GSW,G,33.0,71,57,0.304,,,,,,Less Than 6Ft,Regular Season,,,,,0.002,,,,,71.0,112.0,0.634,0.632,,,,,,,,
1631250,Pete Nance,1610612749,MIL,F,26.0,40,30,0.366,,,,,,Less Than 6Ft,Regular Season,,,,,-0.046,,,,,64.0,111.0,0.577,0.623,,,,,,,,
1642272,Jared McCain,1610612760,OKC,G,22.0,66,44,0.28,,,,,,Less Than 6Ft,Regular Season,,,,,0.075,,,,,78.0,111.0,0.703,0.627,,,,,,,,
1630163,LaMelo Ball,1610612766,CHA,G,24.0,70,55,0.236,,,,,,Less Than 6Ft,Regular Season,,,,,0.14,,,,,85.0,110.0,0.773,0.633,,,,,,,,
1629636,Darius Garland,1610612746,LAC,G,26.0,45,40,0.252,,,,,,Less Than 6Ft,Regular Season,,,,,0.143,,,,,86.0,110.0,0.782,0.639,,,,,,,,
1642857,Kasparas Jakučionis,1610612748,MIA,G,20.0,51,41,0.279,,,,,,Less Than 6Ft,Regular Season,,,,,0.051,,,,,74.0,108.0,0.685,0.634,,,,,,,,
1642268,Isaiah Collier,1610612762,UTA,G,21.0,59,50,0.247,,,,,,Less Than 6Ft,Regular Season,,,,,0.058,,,,,76.0,108.0,0.704,0.646,,,,,,,,
1641772,Nae'Qwan Tomlin,1610612739,CLE,F,25.0,61,47,0.293,,,,,,Less Than 6Ft,Regular Season,,,,,-0.095,,,,,58.0,108.0,0.537,0.632,,,,,,,,
1630534,Ochai Agbaji,1610612751,BKN,G,26.0,59,45,0.302,,,,,,Less Than 6Ft,Regular Season,,,,,-0.028,,,,,64.0,108.0,0.593,0.621,,,,,,,,
1630557,Corey Kispert,1610612737,ATL,F,27.0,58,49,0.274,,,,,,Less Than 6Ft,Regular Season,,,,,0.046,,,,,72.0,107.0,0.673,0.627,,,,,,,,
1630241,Sam Merrill,1610612739,CLE,G,30.0,52,46,0.259,,,,,,Less Than 6Ft,Regular Season,,,,,0.04,,,,,72.0,106.0,0.679,0.639,,,,,,,,
203897,Zach LaVine,1610612758,SAC,G,31.0,39,36,0.266,,,,,,Less Than 6Ft,Regular Season,,,,,0.121,,,,,82.0,106.0,0.774,0.653,,,,,,,,
1629631,De'Andre Hunter,1610612758,SAC,F-G,28.0,45,39,0.279,,,,,,Less Than 6Ft,Regular Season,,,,,0.091,,,,,77.0,104.0,0.74,0.649,,,,,,,,
1627747,Caris LeVert,1610612765,DET,G,31.0,60,51,0.256,,,,,,Less Than 6Ft,Regular Season,,,,,0.014,,,,,68.0,104.0,0.654,0.64,,,,,,,,
1641738,Kobe Brown,1610612754,IND,F,26.0,56,39,0.318,,,,,,Less Than 6Ft,Regular Season,,,,,-0.028,,,,,62.0,103.0,0.602,0.63,,,,,,,,
1642347,Jamal Shead,1610612761,TOR,G,23.0,82,54,0.202,,,,,,Less Than 6Ft,Regular Season,,,,,0.162,,,,,81.0,103.0,0.786,0.624,,,,,,,,
1642277,Johnny Furphy,1610612754,IND,G,21.0,34,32,0.372,,,,,,Less Than 6Ft,Regular Season,,,,,0.062,,,,,71.0,102.0,0.696,0.634,,,,,,,,
1630532,Franz Wagner,1610612753,ORL,F,24.0,34,32,0.278,,,,,,Less Than 6Ft,Regular Season,,,,,-0.011,,,,,64.0,102.0,0.627,0.638,,,,,,,,
1629645,Kevin Porter Jr.,1610612749,MIL,G-F,26.0,38,35,0.215,,,,,,Less Than 6Ft,Regular Season,,,,,-0.007,,,,,64.0,102.0,0.627,0.634,,,,,,,,
203935,Marcus Smart,1610612747,LAL,G,32.0,62,45,0.202,,,,,,Less Than 6Ft,Regular Season,,,,,0.039,,,,,67.0,101.0,0.663,0.624,,,,,,,,
1631121,Bryce McGowens,1610612740,NOP,G,23.0,41,32,0.308,,,,,,Less Than 6Ft,Regular Season,,,,,0.15,,,,,80.0,101.0,0.792,0.642,,,,,,,,
203903,Jordan Clarkson,1610612752,NYK,G,34.0,69,52,0.26,,,,,,Less Than 6Ft,Regular Season,,,,,0.095,,,,,73.0,101.0,0.723,0.628,,,,,,,,
1642348,Justin Edwards,1610612755,PHI,F,22.0,55,44,0.325,,,,,,Less Than 6Ft,Regular Season,,,,,0.101,,,,,73.0,100.0,0.73,0.629,,,,,,,,
201144,Mike Conley,1610612750,MIN,G,38.0,52,46,0.296,,,,,,Less Than 6Ft,Regular Season,,,,,0.055,,,,,67.0,99.0,0.677,0.622,,,,,,,,
1631133,Jabari Walker,1610612755,PHI,F,23.0,60,46,0.387,,,,,,Less Than 6Ft,Regular Season,,,,,-0.028,,,,,61.0,99.0,0.616,0.644,,,,,,,,
1629632,Coby White,1610612766,CHA,G,26.0,50,39,0.255,,,,,,Less Than 6Ft,Regular Season,,,,,0.047,,,,,66.0,98.0,0.673,0.627,,,,,,,,
1631132,Christian Koloko,1610612737,ATL,C,26.0,26,24,0.471,,,,,,Less Than 6Ft,Regular Season,,,,,-0.13,,,,,49.0,98.0,0.5,0.63,,,,,,,,
1629004,Svi Mykhailiuk,1610612762,UTA,G-F,29.0,50,41,0.253,,,,,,Less Than 6Ft,Regular Season,,,,,0.054,,,,,67.0,97.0,0.691,0.637,,,,,,,,
1642265,Rob Dillingham,1610612741,CHI,G,21.0,61,44,0.308,,,,,,Less Than 6Ft,Regular Season,,,,,0.115,,,,,72.0,97.0,0.742,0.628,,,,,,,,
1627741,Buddy Hield,1610612737,ATL,G,33.0,50,41,0.304,,,,,,Less Than 6Ft,Regular Season,,,,,0.076,,,,,67.0,97.0,0.691,0.615,,,,,,,,
201950,Jrue Holiday,1610612757,POR,G,36.0,53,42,0.203,,,,,,Less Than 6Ft,Regular Season,,,,,0.144,,,,,75.0,96.0,0.781,0.637,,,,,,,,
1630631,Jose Alvarado,1610612752,NYK,G,28.0,68,44,0.237,,,,,,Less Than 6Ft,Regular Season,,,,,0.132,,,,,73.0,96.0,0.76,0.629,,,,,,,,
1629639,Tyler Herro,1610612748,MIA,G,26.0,33,31,0.295,,,,,,Less Than 6Ft,Regular Season,,,,,0.068,,,,,67.0,96.0,0.698,0.63,,,,,,,,
1641740,Jaylen Clark,1610612750,MIN,G,24.0,63,48,0.3,,,,,,Less Than 6Ft,Regular Season,,,,,0.017,,,,,61.0,95.0,0.642,0.625,,,,,,,,
1630702,Jaden Hardy,1610612764,WAS,G,23.0,50,40,0.377,,,,,,Less Than 6Ft,Regular Season,,,,,0.066,,,,,66.0,95.0,0.695,0.629,,,,,,,,
1642864,Hugo González,1610612738,BOS,G,20.0,69,53,0.246,,,,,,Less Than 6Ft,Regular Season,,,,,-0.043,,,,,55.0,93.0,0.591,0.634,,,,,,,,
1631245,Quenton Jackson,1610612754,IND,G,27.0,46,36,0.276,,,,,,Less Than 6Ft,Regular Season,,,,,0.093,,,,,68.0,93.0,0.731,0.638,,,,,,,,
1629013,Landry Shamet,1610612752,NYK,G,29.0,50,44,0.235,,,,,,Less Than 6Ft,Regular Season,,,,,0.064,,,,,64.0,93.0,0.688,0.624,,,,,,,,
1630540,Miles McBride,1610612752,NYK,G,25.0,41,36,0.24,,,,,,Less Than 6Ft,Regular Season,,,,,0.053,,,,,62.0,92.0,0.674,0.621,,,,,,,,
1641722,Jordan Hawkins,1610612740,NOP,G,24.0,46,38,0.352,,,,,,Less Than 6Ft,Regular Season,,,,,0.032,,,,,61.0,92.0,0.663,0.631,,,,,,,,
202710,Jimmy Butler III,1610612744,GSW,F,36.0,38,36,0.283,,,,,,Less Than 6Ft,Regular Season,,,,,0.081,,,,,65.0,91.0,0.714,0.633,,,,,,,,
1642868,Carter Bryant,1610612759,SAS,F,20.0,67,41,0.252,,,,,,Less Than 6Ft,Regular Season,,,,,-0.062,,,,,50.0,90.0,0.556,0.617,,,,,,,,
1631131,Oscar Tshiebwe,1610612762,UTA,F-C,26.0,26,25,0.395,,,,,,Less Than 6Ft,Regular Season,,,,,0.092,,,,,66.0,90.0,0.733,0.641,,,,,,,,
1630592,Jalen Wilson,1610612751,BKN,F,25.0,51,39,0.314,,,,,,Less Than 6Ft,Regular Season,,,,,0.111,,,,,67.0,89.0,0.753,0.642,,,,,,,,
1642349,Ajay Mitchell,1610612760,OKC,G,24.0,57,44,0.217,,,,,,Less Than 6Ft,Regular Season,,,,,0.006,,,,,57.0,89.0,0.64,0.634,,,,,,,,
1642854,Asa Newell,1610612737,ATL,F,20.0,40,35,0.432,,,,,,Less Than 6Ft,Regular Season,,,,,-0.046,,,,,53.0,89.0,0.596,0.641,,,,,,,,
1631342,Daeqwon Plowden,1610612758,SAC,G-F,27.0,32,28,0.318,,,,,,Less Than 6Ft,Regular Season,,,,,0.01,,,,,57.0,88.0,0.648,0.638,,,,,,,,
1630228,Jonathan Kuminga,1610612737,ATL,F,23.0,36,32,0.31,,,,,,Less Than 6Ft,Regular Season,,,,,0.068,,,,,61.0,87.0,0.701,0.633,,,,,,,,
1642882,Julian Reese,1610612764,WAS,F,23.0,13,13,0.463,,,,,,Less Than 6Ft,Regular Season,,,,,0.03,,,,,56.0,87.0,0.644,0.614,,,,,,,,
1642948,Ryan Nembhard,1610612742,DAL,G,23.0,58,42,0.246,,,,,,Less Than 6Ft,Regular Season,,,,,0.136,,,,,67.0,87.0,0.77,0.634,,,,,,,,
1628371,Jonathan Isaac,1610612753,ORL,F,28.0,47,37,0.46,,,,,,Less Than 6Ft,Regular Season,,,,,-0.166,,,,,40.0,86.0,0.465,0.631,,,,,,,,
1628467,Maxi Kleber,1610612747,LAL,F,34.0,41,34,0.331,,,,,,Less Than 6Ft,Regular Season,,,,,0.081,,,,,61.0,85.0,0.718,0.637,,,,,,,,
1629673,Jordan Poole,1610612740,NOP,G,27.0,39,36,0.293,,,,,,Less Than 6Ft,Regular Season,,,,,0.072,,,,,59.0,84.0,0.702,0.631,,,,,,,,
201939,Stephen Curry,1610612744,GSW,G,38.0,43,35,0.243,,,,,,Less Than 6Ft,Regular Season,,,,,0.04,,,,,55.0,82.0,0.671,0.631,,,,,,,,
1630198,Isaiah Joe,1610612760,OKC,G,26.0,71,45,0.184,,,,,,Less Than 6Ft,Regular Season,,,,,0.04,,,,,56.0,82.0,0.683,0.643,,,,,,,,
1629684,Grant Williams,1610612766,CHA,F,27.0,36,29,0.284,,,,,,Less Than 6Ft,Regular Season,,,,,0.042,,,,,54.0,81.0,0.667,0.625,,,,,,,,
1631207,Dalen Terry,1610612755,PHI,F,23.0,40,32,0.404,,,,,,Less Than 6Ft,Regular Season,,,,,0.019,,,,,51.0,80.0,0.638,0.619,,,,,,,,
1641711,Gradey Dick,1610612761,TOR,G-F,22.0,71,46,0.238,,,,,,Less Than 6Ft,Regular Season,,,,,0.124,,,,,59.0,79.0,0.747,0.622,,,,,,,,
1642914,Javon Small,1610612763,MEM,G,23.0,37,32,0.31,,,,,,Less Than 6Ft,Regular Season,,,,,-0.005,,,,,49.0,79.0,0.62,0.625,,,,,,,,
1628396,Tony Bradley,1610612737,ATL,C-F,28.0,35,30,0.438,,,,,,Less Than 6Ft,Regular Season,,,,,-0.081,,,,,44.0,78.0,0.564,0.645,,,,,,,,
1642275,Tidjane Salaün,1610612766,CHA,F,20.0,33,27,0.347,,,,,,Less Than 6Ft,Regular Season,,,,,0.067,,,,,52.0,76.0,0.684,0.618,,,,,,,,
1642261,Dalton Knecht,1610612747,LAL,F,25.0,44,36,0.397,,,,,,Less Than 6Ft,Regular Season,,,,,0.123,,,,,56.0,75.0,0.747,0.623,,,,,,,,
204456,T.J. McConnell,1610612754,IND,G,34.0,55,38,0.276,,,,,,Less Than 6Ft,Regular Season,,,,,0.09,,,,,54.0,75.0,0.72,0.63,,,,,,,,
1643007,Taelon Peter,1610612754,IND,G,24.0,33,24,0.381,,,,,,Less Than 6Ft,Regular Season,,,,,0.161,,,,,58.0,74.0,0.784,0.623,,,,,,,,
1630536,Sharife Cooper,1610612764,WAS,G,25.0,37,29,0.335,,,,,,Less Than 6Ft,Regular Season,,,,,0.059,,,,,51.0,74.0,0.689,0.63,,,,,,,,
1641989,Elijah Harkless,1610612762,UTA,G,26.0,25,21,0.358,,,,,,Less Than 6Ft,Regular Season,,,,,0.109,,,,,54.0,73.0,0.74,0.631,,,,,,,,
1627936,Alex Caruso,1610612760,OKC,G,32.0,56,42,0.214,,,,,,Less Than 6Ft,Regular Season,,,,,0.05,,,,,50.0,73.0,0.685,0.635,,,,,,,,
1630224,Jalen Green,1610612756,PHX,G,24.0,32,26,0.302,,,,,,Less Than 6Ft,Regular Season,,,,,0.063,,,,,51.0,73.0,0.699,0.636,,,,,,,,
1631124,Julian Strawther,1610612743,DEN,G,24.0,52,39,0.268,,,,,,Less Than 6Ft,Regular Season,,,,,0.029,,,,,48.0,72.0,0.667,0.638,,,,,,,,
1630703,Scoot Henderson,1610612757,POR,G,22.0,30,29,0.324,,,,,,Less Than 6Ft,Regular Season,,,,,0.009,,,,,46.0,72.0,0.639,0.63,,,,,,,,
1642880,Kam Jones,1610612754,IND,G,24.0,33,29,0.421,,,,,,Less Than 6Ft,Regular Season,,,,,0.102,,,,,52.0,72.0,0.722,0.62,,,,,,,,
1631110,Jeremy Sochan,1610612752,NYK,F,23.0,37,26,0.372,,,,,,Less Than 6Ft,Regular Season,,,,,-0.032,,,,,42.0,71.0,0.592,0.624,,,,,,,,
1630560,Cam Thomas,1610612749,MIL,G,24.0,41,32,0.286,,,,,,Less Than 6Ft,Regular Season,,,,,0.2,,,,,58.0,69.0,0.841,0.641,,,,,,,,
1642905,Yang Hansen,1610612757,POR,C,21.0,39,35,0.359,,,,,,Less Than 6Ft,Regular Season,,,,,-0.021,,,,,42.0,69.0,0.609,0.63,,,,,,,,
1641778,Leaky Black,1610612764,WAS,F,27.0,15,14,0.489,,,,,,Less Than 6Ft,Regular Season,,,,,0.027,,,,,45.0,69.0,0.652,0.626,,,,,,,,
1642877,Micah Peavy,1610612740,NOP,G-F,24.0,54,34,0.273,,,,,,Less Than 6Ft,Regular Season,,,,,-0.009,,,,,43.0,68.0,0.632,0.641,,,,,,,,
1642853,Rasheer Fleming,1610612756,PHX,F,21.0,48,32,0.315,,,,,,Less Than 6Ft,Regular Season,,,,,-0.084,,,,,36.0,68.0,0.529,0.613,,,,,,,,
1642885,Mohamed Diawara,1610612752,NYK,F,21.0,57,34,0.34,,,,,,Less Than 6Ft,Regular Season,,,,,0.038,,,,,45.0,68.0,0.662,0.623,,,,,,,,
1631288,Jamal Cain,1610612753,ORL,F,27.0,36,27,0.338,,,,,,Less Than 6Ft,Regular Season,,,,,0.073,,,,,47.0,68.0,0.691,0.618,,,,,,,,
1641724,Jett Howard,1610612753,ORL,G,22.0,49,34,0.324,,,,,,Less Than 6Ft,Regular Season,,,,,0.032,,,,,45.0,67.0,0.672,0.639,,,,,,,,
1631213,Tyrese Martin,1610612755,PHI,F,27.0,43,32,0.288,,,,,,Less Than 6Ft,Regular Season,,,,,0.066,,,,,47.0,67.0,0.701,0.635,,,,,,,,
1631246,Vince Williams Jr.,1610612762,UTA,G,25.0,40,34,0.223,,,,,,Less Than 6Ft,Regular Season,,,,,0.027,,,,,45.0,67.0,0.672,0.645,,,,,,,,
1627827,Dorian Finney-Smith,1610612745,HOU,F,33.0,37,31,0.307,,,,,,Less Than 6Ft,Regular Season,,,,,0.114,,,,,50.0,66.0,0.758,0.643,,,,,,,,
1631114,Jalen Williams,1610612760,OKC,G-F,25.0,33,27,0.287,,,,,,Less Than 6Ft,Regular Season,,,,,0.018,,,,,43.0,66.0,0.652,0.633,,,,,,,,
1641771,Jalen Slawson,1610612754,IND,F,26.0,13,12,0.455,,,,,,Less Than 6Ft,Regular Season,,,,,-0.066,,,,,37.0,65.0,0.569,0.635,,,,,,,,
1628988,Aaron Holiday,1610612745,HOU,G,29.0,51,31,0.247,,,,,,Less Than 6Ft,Regular Season,,,,,0.115,,,,,49.0,65.0,0.754,0.639,,,,,,,,
1631123,Jamaree Bouyea,1610612756,PHX,G,27.0,40,30,0.323,,,,,,Less Than 6Ft,Regular Season,,,,,-0.01,,,,,40.0,65.0,0.615,0.625,,,,,,,,
1626145,Tyus Jones,1610612743,DEN,G,30.0,60,40,0.251,,,,,,Less Than 6Ft,Regular Season,,,,,0.258,,,,,57.0,64.0,0.891,0.632,,,,,,,,
1630679,Ethan Thompson,1610612754,IND,G,27.0,29,22,0.274,,,,,,Less Than 6Ft,Regular Season,,,,,0.12,,,,,47.0,64.0,0.734,0.615,,,,,,,,
1628975,Jevon Carter,1610612753,ORL,G,30.0,49,34,0.241,,,,,,Less Than 6Ft,Regular Season,,,,,0.092,,,,,46.0,64.0,0.719,0.627,,,,,,,,
1630544,Tre Mann,1610612766,CHA,G,25.0,48,31,0.297,,,,,,Less Than 6Ft,Regular Season,,,,,0.145,,,,,48.0,62.0,0.774,0.629,,,,,,,,
1629018,Gary Trent Jr.,1610612749,MIL,G,27.0,58,40,0.205,,,,,,Less Than 6Ft,Regular Season,,,,,0.102,,,,,46.0,62.0,0.742,0.64,,,,,,,,
1626172,Kevon Looney,1610612740,NOP,F,30.0,21,19,0.358,,,,,,Less Than 6Ft,Regular Season,,,,,0.089,,,,,46.0,62.0,0.742,0.653,,,,,,,,
1642950,Lachlan Olbrich,1610612741,CHI,C,22.0,29,21,0.448,,,,,,Less Than 6Ft,Regular Season,,,,,-0.049,,,,,34.0,60.0,0.567,0.616,,,,,,,,
1643016,Bez Mbeng,1610612762,UTA,G,23.0,15,15,0.324,,,,,,Less Than 6Ft,Regular Season,,,,,-0.001,,,,,37.0,60.0,0.617,0.617,,,,,,,,
1630604,E.J. Liddell,1610612751,BKN,F,25.0,24,22,0.447,,,,,,Less Than 6Ft,Regular Season,,,,,-0.01,,,,,37.0,59.0,0.627,0.637,,,,,,,,
1629021,Moritz Wagner,1610612753,ORL,F-C,29.0,35,27,0.345,,,,,,Less Than 6Ft,Regular Season,,,,,-0.006,,,,,37.0,58.0,0.638,0.644,,,,,,,,
203482,Kelly Olynyk,1610612759,SAS,F-C,35.0,38,28,0.298,,,,,,Less Than 6Ft,Regular Season,,,,,0.044,,,,,38.0,56.0,0.679,0.634,,,,,,,,
1641871,Duop Reath,1610612757,POR,C,30.0,26,20,0.459,,,,,,Less Than 6Ft,Regular Season,,,,,-0.086,,,,,29.0,56.0,0.518,0.604,,,,,,,,
1642269,Devin Carter,1610612758,SAC,G,24.0,36,24,0.221,,,,,,Less Than 6Ft,Regular Season,,,,,0.134,,,,,43.0,56.0,0.768,0.634,,,,,,,,
203914,Gary Harris,1610612749,MIL,G,31.0,45,30,0.225,,,,,,Less Than 6Ft,Regular Season,,,,,0.138,,,,,42.0,55.0,0.764,0.626,,,,,,,,
1630526,Jeremiah Robinson-Earl,1610612742,DAL,F,25.0,21,18,0.39,,,,,,Less Than 6Ft,Regular Season,,,,,0.11,,,,,42.0,55.0,0.764,0.654,,,,,,,,
1630175,Cole Anthony,1610612749,MIL,G,26.0,33,27,0.273,,,,,,Less Than 6Ft,Regular Season,,,,,0.083,,,,,39.0,54.0,0.722,0.639,,,,,,,,
203484,Kentavious Caldwell-Pope,1610612763,MEM,G,33.0,49,35,0.224,,,,,,Less Than 6Ft,Regular Season,,,,,0.189,,,,,45.0,54.0,0.833,0.644,,,,,,,,
1629026,Kenrich Williams,1610612760,OKC,G-F,31.0,54,30,0.229,,,,,,Less Than 6Ft,Regular Season,,,,,0.007,,,,,35.0,54.0,0.648,0.641,,,,,,,,
1642278,Tyler Kolek,1610612752,NYK,G,25.0,53,33,0.238,,,,,,Less Than 6Ft,Regular Season,,,,,0.099,,,,,39.0,54.0,0.722,0.624,,,,,,,,
1642419,Jamison Battle,1610612761,TOR,F,25.0,49,28,0.344,,,,,,Less Than 6Ft,Regular Season,,,,,-0.041,,,,,31.0,53.0,0.585,0.626,,,,,,,,
1629216,Gabe Vincent,1610612737,ATL,G,30.0,53,32,0.176,,,,,,Less Than 6Ft,Regular Season,,,,,0.144,,,,,40.0,52.0,0.769,0.625,,,,,,,,
1631093,Jaden Ivey,1610612741,CHI,G,24.0,37,24,0.246,,,,,,Less Than 6Ft,Regular Season,,,,,0.108,,,,,38.0,52.0,0.731,0.623,,,,,,,,
1627752,Taurean Prince,1610612749,MIL,F,32.0,26,21,0.304,,,,,,Less Than 6Ft,Regular Season,,,,,0.128,,,,,39.0,51.0,0.765,0.637,,,,,,,,
1626204,Larry Nance Jr.,1610612739,CLE,F-C,33.0,32,26,0.314,,,,,,Less Than 6Ft,Regular Season,,,,,-0.042,,,,,30.0,50.0,0.6,0.642,,,,,,,,
203992,Bogdan Bogdanović,1610612746,LAC,G,33.0,22,21,0.297,,,,,,Less Than 6Ft,Regular Season,,,,,0.141,,,,,38.0,49.0,0.776,0.635,,,,,,,,
1626156,D'Angelo Russell,1610612764,WAS,G,30.0,26,20,0.255,,,,,,Less Than 6Ft,Regular Season,,,,,0.107,,,,,35.0,49.0,0.714,0.607,,,,,,,,
1641790,PJ Hall,1610612766,CHA,C,24.0,17,16,0.398,,,,,,Less Than 6Ft,Regular Season,,,,,-0.097,,,,,26.0,49.0,0.531,0.627,,,,,,,,
1629618,Jalen Pickett,1610612743,DEN,G,26.0,42,26,0.208,,,,,,Less Than 6Ft,Regular Season,,,,,-0.064,,,,,26.0,47.0,0.553,0.617,,,,,,,,
1642066,Myron Gardner,1610612748,MIA,F,25.0,39,23,0.318,,,,,,Less Than 6Ft,Regular Season,,,,,-0.063,,,,,27.0,47.0,0.574,0.638,,,,,,,,
1630545,Terrence Shannon Jr,1610612750,MIN,G-F,25.0,39,23,0.311,,,,,,Less Than 6Ft,Regular Season,,,,,0.085,,,,,33.0,46.0,0.717,0.632,,,,,,,,
1631126,Caleb Love,1610612757,POR,G,24.0,47,28,0.185,,,,,,Less Than 6Ft,Regular Season,,,,,0.266,,,,,42.0,46.0,0.913,0.647,,,,,,,,
203926,Doug McDermott,1610612758,SAC,F,34.0,27,21,0.315,,,,,,Less Than 6Ft,Regular Season,,,,,0.028,,,,,29.0,46.0,0.63,0.602,,,,,,,,
1628366,Lonzo Ball,1610612739,CLE,G,28.0,34,23,0.194,,,,,,Less Than 6Ft,Regular Season,,,,,0.046,,,,,30.0,45.0,0.667,0.621,,,,,,,,
1631174,Tyler Burton,1610612763,MEM,F,26.0,12,12,0.433,,,,,,Less Than 6Ft,Regular Season,,,,,0.113,,,,,34.0,45.0,0.756,0.643,,,,,,,,
1641744,Zach Edey,1610612763,MEM,C,24.0,11,11,0.385,,,,,,Less Than 6Ft,Regular Season,,,,,-0.178,,,,,21.0,45.0,0.467,0.645,,,,,,,,
1627749,Dejounte Murray,1610612740,NOP,G,29.0,14,14,0.378,,,,,,Less Than 6Ft,Regular Season,,,,,0.149,,,,,36.0,45.0,0.8,0.651,,,,,,,,
1642358,AJ Johnson,1610612742,DAL,G,21.0,39,28,0.301,,,,,,Less Than 6Ft,Regular Season,,,,,0.075,,,,,30.0,44.0,0.682,0.607,,,,,,,,
1630811,Keaton Wallace,1610612737,ATL,G,27.0,43,23,0.247,,,,,,Less Than 6Ft,Regular Season,,,,,0.122,,,,,33.0,44.0,0.75,0.628,,,,,,,,
1643052,Chaney Johnson,1610612751,BKN,G-F,24.0,17,15,0.423,,,,,,Less Than 6Ft,Regular Season,,,,,0.011,,,,,29.0,44.0,0.659,0.648,,,,,,,,
1630587,Isaiah Livers,1610612756,PHX,F,27.0,33,26,0.328,,,,,,Less Than 6Ft,Regular Season,,,,,0.057,,,,,29.0,43.0,0.674,0.617,,,,,,,,
1642862,Liam McNeeley,1610612766,CHA,F,20.0,29,20,0.347,,,,,,Less Than 6Ft,Regular Season,,,,,-0.01,,,,,27.0,42.0,0.643,0.653,,,,,,,,
1642380,Adama Bal,1610612763,MEM,G,22.0,8,8,0.5,,,,,,Less Than 6Ft,Regular Season,,,,,0.147,,,,,34.0,42.0,0.81,0.663,,,,,,,,
1628369,Jayson Tatum,1610612738,BOS,F-G,28.0,16,13,0.284,,,,,,Less Than 6Ft,Regular Season,,,,,0.075,,,,,30.0,42.0,0.714,0.639,,,,,,,,
1641747,DaRon Holmes II,1610612743,DEN,F,23.0,21,17,0.366,,,,,,Less Than 6Ft,Regular Season,,,,,0.053,,,,,29.0,41.0,0.707,0.654,,,,,,,,
1641763,Julian Phillips,1610612750,MIN,F,22.0,41,27,0.304,,,,,,Less Than 6Ft,Regular Season,,,,,0.017,,,,,26.0,41.0,0.634,0.617,,,,,,,,
1642367,Jonathan Mogbo,1610612761,TOR,F,24.0,29,23,0.427,,,,,,Less Than 6Ft,Regular Season,,,,,0.064,,,,,27.0,41.0,0.659,0.595,,,,,,,,
1631166,Drew Timme,1610612747,LAL,F,25.0,21,18,0.369,,,,,,Less Than 6Ft,Regular Season,,,,,0.103,,,,,31.0,41.0,0.756,0.653,,,,,,,,
1642878,Tyrese Proctor,1610612739,CLE,G,22.0,42,26,0.287,,,,,,Less Than 6Ft,Regular Season,,,,,0.145,,,,,32.0,41.0,0.78,0.636,,,,,,,,
1641715,Cam Whitmore,1610612764,WAS,F,21.0,20,16,0.38,,,,,,Less Than 6Ft,Regular Season,,,,,0.114,,,,,30.0,41.0,0.732,0.618,,,,,,,,
1641748,Andre Jackson Jr.,1610612749,MIL,G,24.0,37,20,0.331,,,,,,Less Than 6Ft,Regular Season,,,,,0.04,,,,,27.0,41.0,0.659,0.619,,,,,,,,
1642352,Keshad Johnson,1610612748,MIA,F,25.0,25,18,0.423,,,,,,Less Than 6Ft,Regular Season,,,,,-0.114,,,,,21.0,41.0,0.512,0.627,,,,,,,,
1630256,Jae'Sean Tate,1610612745,HOU,F,30.0,39,23,0.299,,,,,,Less Than 6Ft,Regular Season,,,,,0.037,,,,,27.0,41.0,0.659,0.621,,,,,,,,
1641869,Malachi Smith,1610612751,BKN,G,26.0,15,13,0.333,,,,,,Less Than 6Ft,Regular Season,,,,,0.117,,,,,30.0,40.0,0.75,0.633,,,,,,,,
1629630,Ja Morant,1610612763,MEM,G,26.0,20,16,0.242,,,,,,Less Than 6Ft,Regular Season,,,,,-0.011,,,,,25.0,40.0,0.625,0.636,,,,,,,,
1630182,Josh Green,1610612766,CHA,G,25.0,54,27,0.169,,,,,,Less Than 6Ft,Regular Season,,,,,0.015,,,,,25.0,40.0,0.625,0.61,,,,,,,,
1628380,Zach Collins,1610612741,CHI,F-C,28.0,10,10,0.424,,,,,,Less Than 6Ft,Regular Season,,,,,-0.027,,,,,24.0,39.0,0.615,0.642,,,,,,,,
1642355,Bronny James,1610612747,LAL,G,21.0,34,22,0.358,,,,,,Less Than 6Ft,Regular Season,,,,,0.167,,,,,32.0,39.0,0.821,0.653,,,,,,,,
1642353,Cam Christie,1610612746,LAC,G,20.0,48,26,0.222,,,,,,Less Than 6Ft,Regular Season,,,,,0.031,,,,,25.0,39.0,0.641,0.61,,,,,,,,
1629027,Trae Young,1610612764,WAS,G,27.0,15,15,0.333,,,,,,Less Than 6Ft,Regular Season,,,,,0.079,,,,,27.0,38.0,0.711,0.631,,,,,,,,
1630286,Trevon Scott,1610612751,BKN,F,29.0,6,5,0.437,,,,,,Less Than 6Ft,Regular Season,,,,,0.085,,,,,30.0,38.0,0.789,0.705,,,,,,,,
1643253,Toby Okani,1610612763,MEM,F,24.0,6,6,0.507,,,,,,Less Than 6Ft,Regular Season,,,,,0.085,,,,,26.0,38.0,0.684,0.6,,,,,,,,
1641726,Dereck Lively II,1610612742,DAL,C,22.0,7,7,0.487,,,,,,Less Than 6Ft,Regular Season,,,,,-0.108,,,,,20.0,38.0,0.526,0.635,,,,,,,,
1629599,Amir Coffey,1610612756,PHX,G-F,29.0,38,26,0.311,,,,,,Less Than 6Ft,Regular Season,,,,,-0.034,,,,,22.0,38.0,0.579,0.613,,,,,,,,
1642964,Brooks Barnhizer,1610612760,OKC,G,24.0,37,20,0.272,,,,,,Less Than 6Ft,Regular Season,,,,,0.0,,,,,24.0,37.0,0.649,0.649,,,,,,,,
1642502,Malevy Leons,1610612744,GSW,F,26.0,23,16,0.385,,,,,,Less Than 6Ft,Regular Season,,,,,-0.047,,,,,22.0,37.0,0.595,0.641,,,,,,,,
1631117,Walker Kessler,1610612762,UTA,C,24.0,5,5,0.507,,,,,,Less Than 6Ft,Regular Season,,,,,-0.093,,,,,20.0,37.0,0.541,0.634,,,,,,,,
1629660,Ty Jerome,1610612763,MEM,G-F,28.0,15,14,0.31,,,,,,Less Than 6Ft,Regular Season,,,,,0.043,,,,,25.0,36.0,0.694,0.652,,,,,,,,
1641733,Nick Smith Jr.,1610612747,LAL,G,22.0,27,20,0.296,,,,,,Less Than 6Ft,Regular Season,,,,,0.14,,,,,27.0,34.0,0.794,0.654,,,,,,,,
1629646,Charles Bassey,1610612744,GSW,C-F,25.0,11,10,0.447,,,,,,Less Than 6Ft,Regular Season,,,,,-0.187,,,,,15.0,34.0,0.441,0.629,,,,,,,,
1630167,Obi Toppin,1610612754,IND,F,28.0,24,16,0.27,,,,,,Less Than 6Ft,Regular Season,,,,,0.01,,,,,22.0,33.0,0.667,0.657,,,,,,,,
1642967,John Poulakidas,1610612742,DAL,G,23.0,13,11,0.33,,,,,,Less Than 6Ft,Regular Season,,,,,0.16,,,,,25.0,32.0,0.781,0.621,,,,,,,,
1642859,Jase Richardson,1610612753,ORL,G,20.0,43,24,0.219,,,,,,Less Than 6Ft,Regular Season,,,,,0.089,,,,,23.0,32.0,0.719,0.63,,,,,,,,
1629622,Max Strus,1610612739,CLE,G-F,30.0,12,11,0.241,,,,,,Less Than 6Ft,Regular Season,,,,,0.147,,,,,25.0,32.0,0.781,0.634,,,,,,,,
1631199,Ron Harper Jr.,1610612738,BOS,G-F,26.0,24,16,0.364,,,,,,Less Than 6Ft,Regular Season,,,,,0.044,,,,,21.0,32.0,0.656,0.613,,,,,,,,
203486,Mason Plumlee,1610612759,SAS,F-C,36.0,18,15,0.313,,,,,,Less Than 6Ft,Regular Season,,,,,0.061,,,,,22.0,31.0,0.71,0.649,,,,,,,,
1630610,DeJon Jarreau,1610612763,MEM,G,28.0,11,10,0.392,,,,,,Less Than 6Ft,Regular Season,,,,,0.003,,,,,20.0,31.0,0.645,0.642,,,,,,,,
1630623,Tyson Etienne,1610612751,BKN,G,26.0,20,12,0.298,,,,,,Less Than 6Ft,Regular Season,,,,,0.072,,,,,22.0,31.0,0.71,0.638,,,,,,,,
201599,DeAndre Jordan,1610612740,NOP,C,37.0,12,11,0.31,,,,,,Less Than 6Ft,Regular Season,,,,,-0.152,,,,,16.0,31.0,0.516,0.668,,,,,,,,
1631104,Blake Wesley,1610612757,POR,G,23.0,26,18,0.356,,,,,,Less Than 6Ft,Regular Season,,,,,0.025,,,,,20.0,31.0,0.645,0.62,,,,,,,,
1631351,Lucas Williamson,1610612763,MEM,G,27.0,7,6,0.423,,,,,,Less Than 6Ft,Regular Season,,,,,-0.013,,,,,19.0,30.0,0.633,0.647,,,,,,,,
1626166,Cameron Payne,1610612755,PHI,G,31.0,21,15,0.302,,,,,,Less Than 6Ft,Regular Season,,,,,-0.006,,,,,18.0,29.0,0.621,0.627,,,,,,,,
202687,Bismack Biyombo,1610612759,SAS,C,33.0,22,13,0.392,,,,,,Less Than 6Ft,Regular Season,,,,,0.196,,,,,24.0,29.0,0.828,0.631,,,,,,,,
1630214,Xavier Tillman,1610612766,CHA,F,27.0,23,17,0.33,,,,,,Less Than 6Ft,Regular Season,,,,,0.088,,,,,21.0,29.0,0.724,0.636,,,,,,,,
1641727,Dariq Whitehead,1610612763,MEM,G-F,21.0,6,6,0.446,,,,,,Less Than 6Ft,Regular Season,,,,,0.047,,,,,19.0,29.0,0.655,0.608,,,,,,,,
1642354,KJ Simpson,1610612743,DEN,G,23.0,16,13,0.35,,,,,,Less Than 6Ft,Regular Season,,,,,0.019,,,,,18.0,28.0,0.643,0.624,,,,,,,,
1631204,Marcus Sasser,1610612765,DET,G,25.0,32,20,0.275,,,,,,Less Than 6Ft,Regular Season,,,,,-0.061,,,,,16.0,28.0,0.571,0.632,,,,,,,,
1643158,Andersson Garcia,1610612762,UTA,F,25.0,5,5,0.491,,,,,,Less Than 6Ft,Regular Season,,,,,-0.063,,,,,16.0,28.0,0.571,0.635,,,,,,,,
1630209,Omer Yurtseven,1610612744,GSW,C,28.0,8,8,0.563,,,,,,Less Than 6Ft,Regular Season,,,,,0.135,,,,,21.0,27.0,0.778,0.643,,,,,,,,
1630165,Killian Hayes,1610612758,SAC,G,24.0,21,14,0.201,,,,,,Less Than 6Ft,Regular Season,,,,,-0.037,,,,,16.0,27.0,0.593,0.63,,,,,,,,
1631113,Kennedy Chandler,1610612762,UTA,G,23.0,11,9,0.275,,,,,,Less Than 6Ft,Regular Season,,,,,0.075,,,,,17.0,25.0,0.68,0.605,,,,,,,,
1642449,Tolu Smith,1610612765,DET,F,25.0,12,9,0.49,,,,,,Less Than 6Ft,Regular Season,,,,,-0.093,,,,,13.0,25.0,0.52,0.613,,,,,,,,
201959,Taj Gibson,1610612763,MEM,F,41.0,10,8,0.533,,,,,,Less Than 6Ft,Regular Season,,,,,-0.037,,,,,14.0,24.0,0.583,0.621,,,,,,,,
1642396,Blake Hinson,1610612762,UTA,F,26.0,14,9,0.253,,,,,,Less Than 6Ft,Regular Season,,,,,0.052,,,,,16.0,23.0,0.696,0.644,,,,,,,,
1629162,Jordan McLaughlin,1610612759,SAS,G,30.0,31,13,0.261,,,,,,Less Than 6Ft,Regular Season,,,,,0.17,,,,,18.0,23.0,0.783,0.612,,,,,,,,
1641816,Hunter Tyson,1610612743,DEN,F,26.0,19,10,0.379,,,,,,Less Than 6Ft,Regular Season,,,,,0.058,,,,,15.0,22.0,0.682,0.624,,,,,,,,
201145,Jeff Green,1610612745,HOU,F,39.0,24,14,0.268,,,,,,Less Than 6Ft,Regular Season,,,,,0.039,,,,,14.0,22.0,0.636,0.597,,,,,,,,
101108,Chris Paul,1610612746,LAC,G,41.0,16,12,0.349,,,,,,Less Than 6Ft,Regular Season,,,,,0.149,,,,,17.0,22.0,0.773,0.624,,,,,,,,
1626192,Pat Connaughton,1610612766,CHA,G,33.0,30,13,0.219,,,,,,Less Than 6Ft,Regular Season,,,,,0.063,,,,,15.0,21.0,0.714,0.651,,,,,,,,
1630322,Lindy Waters III,1610612759,SAS,F,28.0,34,17,0.239,,,,,,Less Than 6Ft,Regular Season,,,,,0.082,,,,,15.0,21.0,0.714,0.632,,,,,,,,
1631103,Malaki Branham,1610612764,WAS,F,23.0,22,13,0.233,,,,,,Less Than 6Ft,Regular Season,,,,,0.158,,,,,16.0,20.0,0.8,0.642,,,,,,,,
1629680,Matisse Thybulle,1610612757,POR,G-F,29.0,29,12,0.163,,,,,,Less Than 6Ft,Regular Season,,,,,0.271,,,,,18.0,20.0,0.9,0.629,,,,,,,,
1628449,Chris Boucher,1610612738,BOS,F,33.0,7,7,0.476,,,,,,Less Than 6Ft,Regular Season,,,,,-0.185,,,,,9.0,20.0,0.45,0.635,,,,,,,,
1642876,Adou Thiero,1610612747,LAL,G,22.0,19,16,0.377,,,,,,Less Than 6Ft,Regular Season,,,,,0.081,,,,,14.0,20.0,0.7,0.619,,,,,,,,
1631120,JD Davison,1610612745,HOU,G,23.0,23,12,0.282,,,,,,Less Than 6Ft,Regular Season,,,,,0.031,,,,,13.0,20.0,0.65,0.619,,,,,,,,
1630699,MarJon Beauchamp,1610612755,PHI,F,25.0,13,11,0.303,,,,,,Less Than 6Ft,Regular Season,,,,,0.011,,,,,13.0,20.0,0.65,0.639,,,,,,,,
1642873,Amari Williams,1610612738,BOS,F-C,24.0,13,7,0.358,,,,,,Less Than 6Ft,Regular Season,,,,,-0.245,,,,,7.0,19.0,0.368,0.614,,,,,,,,
1641723,Kobe Bufkin,1610612747,LAL,G,22.0,11,8,0.404,,,,,,Less Than 6Ft,Regular Season,,,,,-0.054,,,,,11.0,19.0,0.579,0.633,,,,,,,,
1641890,Tyler Smith,1610612742,DAL,F,21.0,11,8,0.38,,,,,,Less Than 6Ft,Regular Season,,,,,0.077,,,,,13.0,19.0,0.684,0.608,,,,,,,,
203648,Thanasis Antetokounmpo,1610612749,MIL,F,33.0,20,13,0.367,,,,,,Less Than 6Ft,Regular Season,,,,,-0.108,,,,,9.0,18.0,0.5,0.608,,,,,,,,
1641755,Kevin McCullar Jr.,1610612752,NYK,G,25.0,13,8,0.321,,,,,,Less Than 6Ft,Regular Season,,,,,0.047,,,,,12.0,18.0,0.667,0.62,,,,,,,,
1631116,Patrick Baldwin Jr.,1610612758,SAC,F,23.0,8,7,0.531,,,,,,Less Than 6Ft,Regular Season,,,,,-0.07,,,,,9.0,17.0,0.529,0.6,,,,,,,,
1631466,Nate Williams,1610612744,GSW,G,27.0,14,9,0.215,,,,,,Less Than 6Ft,Regular Season,,,,,-0.001,,,,,11.0,17.0,0.647,0.648,,,,,,,,
1642484,RayJ Dennis,1610612737,ATL,G,25.0,13,8,0.293,,,,,,Less Than 6Ft,Regular Season,,,,,0.191,,,,,14.0,17.0,0.824,0.632,,,,,,,,
1630590,Scotty Pippen Jr.,1610612763,MEM,G,25.0,10,10,0.19,,,,,,Less Than 6Ft,Regular Season,,,,,0.116,,,,,12.0,16.0,0.75,0.634,,,,,,,,
1642504,Cormac Ryan,1610612749,MIL,G,27.0,11,7,0.216,,,,,,Less Than 6Ft,Regular Season,,,,,0.187,,,,,13.0,16.0,0.813,0.626,,,,,,,,
1642933,Keshon Gilbert,1610612737,ATL,G,23.0,4,3,0.5,,,,,,Less Than 6Ft,Regular Season,,,,,0.06,,,,,11.0,16.0,0.688,0.628,,,,,,,,
1642530,Yuki Kawamura,1610612741,CHI,G,25.0,15,8,0.276,,,,,,Less Than 6Ft,Regular Season,,,,,-0.072,,,,,9.0,16.0,0.563,0.634,,,,,,,,
1628502,Nigel Hayes-Davis,1610612756,PHX,F,31.0,17,7,0.348,,,,,,Less Than 6Ft,Regular Season,,,,,-0.063,,,,,9.0,16.0,0.563,0.625,,,,,,,,
1629726,Garrison Mathews,1610612754,IND,G,29.0,13,11,0.262,,,,,,Less Than 6Ft,Regular Season,,,,,0.201,,,,,13.0,16.0,0.813,0.611,,,,,,,,
1642359,Pacôme Dadiet,1610612752,NYK,F,20.0,22,11,0.356,,,,,,Less Than 6Ft,Regular Season,,,,,0.242,,,,,14.0,16.0,0.875,0.633,,,,,,,,
1642404,Chaz Lanier,1610612765,DET,G,24.0,20,9,0.326,,,,,,Less Than 6Ft,Regular Season,,,,,0.068,,,,,10.0,15.0,0.667,0.599,,,,,,,,
1627746,Skal Labissiere,1610612764,WAS,F-C,30.0,3,3,0.714,,,,,,Less Than 6Ft,Regular Season,,,,,0.107,,,,,11.0,15.0,0.733,0.627,,,,,,,,
1630644,Mac McClung,1610612741,CHI,G,27.0,11,8,0.357,,,,,,Less Than 6Ft,Regular Season,,,,,0.069,,,,,10.0,15.0,0.667,0.597,,,,,,,,
1642918,Alijah Martin,1610612761,TOR,G,24.0,15,9,0.255,,,,,,Less Than 6Ft,Regular Season,,,,,0.176,,,,,11.0,14.0,0.786,0.61,,,,,,,,
1642911,Rocco Zikarsky,1610612750,MIN,C,19.0,5,5,0.538,,,,,,Less Than 6Ft,Regular Season,,,,,0.026,,,,,9.0,14.0,0.643,0.617,,,,,,,,
204060,Joe Ingles,1610612750,MIN,F-G,38.0,14,7,0.35,,,,,,Less Than 6Ft,Regular Season,,,,,0.106,,,,,10.0,14.0,0.714,0.608,,,,,,,,
1643024,Chris Mañon,1610612747,LAL,G,24.0,7,5,0.609,,,,,,Less Than 6Ft,Regular Season,,,,,0.093,,,,,10.0,14.0,0.714,0.621,,,,,,,,
1641780,Johni Broome,1610612755,PHI,F,23.0,7,5,0.481,,,,,,Less Than 6Ft,Regular Season,,,,,0.078,,,,,9.0,13.0,0.692,0.615,,,,,,,,
203552,Seth Curry,1610612744,GSW,G,35.0,9,6,0.342,,,,,,Less Than 6Ft,Regular Season,,,,,0.295,,,,,12.0,13.0,0.923,0.629,,,,,,,,
1631247,Luke Travers,1610612739,CLE,F,24.0,12,8,0.464,,,,,,Less Than 6Ft,Regular Season,,,,,-0.066,,,,,7.0,13.0,0.538,0.604,,,,,,,,
1642490,Josh Oduro,1610612740,NOP,C,25.0,3,3,0.481,,,,,,Less Than 6Ft,Regular Season,,,,,0.011,,,,,9.0,13.0,0.692,0.681,,,,,,,,
1642959,Chris Youngblood,1610612757,POR,G,24.0,26,7,0.217,,,,,,Less Than 6Ft,Regular Season,,,,,0.014,,,,,8.0,13.0,0.615,0.602,,,,,,,,
1642939,Miles Kelly,1610612742,DAL,G,23.0,9,6,0.394,,,,,,Less Than 6Ft,Regular Season,,,,,0.209,,,,,11.0,13.0,0.846,0.637,,,,,,,,
1631451,Javonte Cooke,1610612757,POR,G,26.0,14,10,0.364,,,,,,Less Than 6Ft,Regular Season,,,,,0.206,,,,,10.0,12.0,0.833,0.628,,,,,,,,
1630639,A.J. Lawson,1610612761,TOR,G,25.0,19,8,0.255,,,,,,Less Than 6Ft,Regular Season,,,,,-0.164,,,,,5.0,12.0,0.417,0.581,,,,,,,,
1643133,Lawson Lovering,1610612763,MEM,C,23.0,2,2,0.522,,,,,,Less Than 6Ft,Regular Season,,,,,-0.054,,,,,7.0,12.0,0.583,0.638,,,,,,,,
1631115,Orlando Robinson,1610612753,ORL,C,25.0,4,3,0.647,,,,,,Less Than 6Ft,Regular Season,,,,,0.276,,,,,10.0,11.0,0.909,0.633,,,,,,,,
1642260,Nikola Topić,1610612760,OKC,G,20.0,8,6,0.282,,,,,,Less Than 6Ft,Regular Season,,,,,-0.034,,,,,7.0,11.0,0.636,0.671,,,,,,,,
1630548,Johnny Juzang,1610612750,MIN,G,25.0,16,9,0.314,,,,,,Less Than 6Ft,Regular Season,,,,,0.092,,,,,8.0,11.0,0.727,0.635,,,,,,,,
200768,Kyle Lowry,1610612755,PHI,G,40.0,12,6,0.324,,,,,,Less Than 6Ft,Regular Season,,,,,0.021,,,,,7.0,11.0,0.636,0.615,,,,,,,,
1631223,David Roddy,1610612743,DEN,F,25.0,4,4,0.44,,,,,,Less Than 6Ft,Regular Season,,,,,-0.079,,,,,6.0,11.0,0.545,0.625,,,,,,,,
203967,Dario Saric,1610612758,SAC,F-C,32.0,5,4,0.5,,,,,,Less Than 6Ft,Regular Season,,,,,0.023,,,,,7.0,11.0,0.636,0.613,,,,,,,,
1641725,Trey Alexander,1610612740,NOP,G,23.0,9,5,0.238,,,,,,Less Than 6Ft,Regular Season,,,,,-0.153,,,,,5.0,10.0,0.5,0.653,,,,,,,,
1642884,Vladislav Goldin,1610612748,MIA,C,25.0,6,6,0.625,,,,,,Less Than 6Ft,Regular Season,,,,,-0.144,,,,,4.0,10.0,0.4,0.544,,,,,,,,
1628964,Mo Bamba,1610612762,UTA,C,28.0,4,4,0.385,,,,,,Less Than 6Ft,Regular Season,,,,,-0.317,,,,,3.0,10.0,0.3,0.617,,,,,,,,
1642389,Zyon Pullin,1610612750,MIN,G,25.0,3,2,0.5,,,,,,Less Than 6Ft,Regular Season,,,,,0.015,,,,,6.0,10.0,0.6,0.585,,,,,,,,
1642886,Koby Brea,1610612756,PHX,G,23.0,7,6,0.357,,,,,,Less Than 6Ft,Regular Season,,,,,0.061,,,,,7.0,10.0,0.7,0.639,,,,,,,,
1631102,TyTy Washington Jr.,1610612746,LAC,G,24.0,11,9,0.5,,,,,,Less Than 6Ft,Regular Season,,,,,-0.028,,,,,6.0,10.0,0.6,0.628,,,,,,,,
1630621,Hunter Dickinson,1610612740,NOP,C,25.0,5,4,0.333,,,,,,Less Than 6Ft,Regular Season,,,,,0.156,,,,,7.0,9.0,0.778,0.622,,,,,,,,
1642402,Enrique Freeman,1610612750,MIN,F,25.0,4,3,0.529,,,,,,Less Than 6Ft,Regular Season,,,,,-0.009,,,,,5.0,9.0,0.556,0.564,,,,,,,,
1631338,Mouhamadou Gueye,1610612741,CHI,F,27.0,2,2,0.474,,,,,,Less Than 6Ft,Regular Season,,,,,-0.067,,,,,5.0,9.0,0.556,0.623,,,,,,,,
1643018,LJ Cryer,1610612744,GSW,G,24.0,16,7,0.134,,,,,,Less Than 6Ft,Regular Season,,,,,0.13,,,,,7.0,9.0,0.778,0.648,,,,,,,,
1641761,Grant Nelson,1610612751,BKN,F,24.0,4,3,0.429,,,,,,Less Than 6Ft,Regular Season,,,,,-0.529,,,,,1.0,9.0,0.111,0.64,,,,,,,,
1630164,James Wiseman,1610612754,IND,C,25.0,4,4,0.409,,,,,,Less Than 6Ft,Regular Season,,,,,-0.086,,,,,5.0,9.0,0.556,0.642,,,,,,,,
1642400,Tristan Enaruna,1610612739,CLE,F,25.0,8,5,0.348,,,,,,Less Than 6Ft,Regular Season,,,,,0.367,,,,,8.0,8.0,1.0,0.634,,,,,,,,
1642384,Isaiah Crawford,1610612745,HOU,F,24.0,7,5,0.364,,,,,,Less Than 6Ft,Regular Season,,,,,0.147,,,,,6.0,8.0,0.75,0.603,,,,,,,,
1631214,Alondes Williams,1610612764,WAS,G,27.0,4,3,0.229,,,,,,Less Than 6Ft,Regular Season,,,,,-0.002,,,,,5.0,8.0,0.625,0.627,,,,,,,,
1641809,Drew Peterson,1610612766,CHA,F,26.0,6,4,0.368,,,,,,Less Than 6Ft,Regular Season,,,,,-0.198,,,,,3.0,7.0,0.429,0.627,,,,,,,,
1629312,Haywood Highsmith,1610612756,PHX,F,29.0,6,5,0.206,,,,,,Less Than 6Ft,Regular Season,,,,,0.21,,,,,6.0,7.0,0.857,0.647,,,,,,,,
1628420,Monte Morris,1610612754,IND,G,31.0,5,4,0.28,,,,,,Less Than 6Ft,Regular Season,,,,,-0.222,,,,,3.0,7.0,0.429,0.65,,,,,,,,
1641752,Bobi Klintman,1610612765,DET,F,23.0,10,4,0.241,,,,,,Less Than 6Ft,Regular Season,,,,,-0.003,,,,,4.0,7.0,0.571,0.574,,,,,,,,
1642403,Isaac Jones,1610612765,DET,F,25.0,6,5,0.5,,,,,,Less Than 6Ft,Regular Season,,,,,0.07,,,,,5.0,7.0,0.714,0.644,,,,,,,,
1630846,Olivier Sarr,1610612739,CLE,C,27.0,4,3,0.389,,,,,,Less Than 6Ft,Regular Season,,,,,-0.03,,,,,4.0,7.0,0.571,0.601,,,,,,,,
1628998,Cody Martin,1610612754,IND,F,30.0,4,3,0.304,,,,,,Less Than 6Ft,Regular Season,,,,,0.083,,,,,5.0,7.0,0.714,0.631,,,,,,,,
1642434,Riley Minix,1610612739,CLE,F,25.0,8,4,0.226,,,,,,Less Than 6Ft,Regular Season,,,,,-0.036,,,,,4.0,7.0,0.571,0.607,,,,,,,,
1630625,Dalano Banton,1610612738,BOS,F,26.0,5,3,0.429,,,,,,Less Than 6Ft,Regular Season,,,,,-0.303,,,,,2.0,6.0,0.333,0.637,,,,,,,,
1631111,Wendell Moore Jr.,1610612765,DET,G,24.0,4,2,0.353,,,,,,Less Than 6Ft,Regular Season,,,,,-0.415,,,,,1.0,6.0,0.167,0.581,,,,,,,,
1642357,David Jones Garcia,1610612759,SAS,G,24.0,7,3,0.273,,,,,,Less Than 6Ft,Regular Season,,,,,0.072,,,,,4.0,6.0,0.667,0.595,,,,,,,,
1642362,Payton Sandfort,1610612760,OKC,F,23.0,3,2,0.231,,,,,,Less Than 6Ft,Regular Season,,,,,0.017,,,,,4.0,6.0,0.667,0.649,,,,,,,,
1641801,Emanuel Miller,1610612759,SAS,F,26.0,5,4,0.5,,,,,,Less Than 6Ft,Regular Season,,,,,0.195,,,,,5.0,6.0,0.833,0.639,,,,,,,,
1641998,Trey Jemison III,1610612752,NYK,C,26.0,9,6,0.286,,,,,,Less Than 6Ft,Regular Season,,,,,0.035,,,,,4.0,6.0,0.667,0.632,,,,,,,,
203078,Bradley Beal,1610612746,LAC,G,33.0,6,2,0.143,,,,,,Less Than 6Ft,Regular Season,,,,,0.159,,,,,4.0,5.0,0.8,0.641,,,,,,,,
1629634,Brandon Clarke,1610612763,MEM,F,29.0,2,2,0.714,,,,,,Less Than 6Ft,Regular Season,,,,,-0.238,,,,,2.0,5.0,0.4,0.638,,,,,,,,
1628365,Markelle Fultz,1610612761,TOR,G,28.0,4,2,0.333,,,,,,Less Than 6Ft,Regular Season,,,,,0.413,,,,,4.0,4.0,1.0,0.587,,,,,,,,
201569,Eric Gordon,1610612755,PHI,G,37.0,5,2,0.19,,,,,,Less Than 6Ft,Regular Season,,,,,0.327,,,,,4.0,4.0,1.0,0.673,,,,,,,,
1642443,Jahmir Young,1610612748,MIA,G,25.0,10,4,0.235,,,,,,Less Than 6Ft,Regular Season,,,,,0.116,,,,,3.0,4.0,0.75,0.635,,,,,,,,
1642938,Curtis Jones,1610612743,DEN,G,24.0,7,3,0.148,,,,,,Less Than 6Ft,Regular Season,,,,,-0.1,,,,,2.0,4.0,0.5,0.6,,,,,,,,
1629610,DaQuan Jeffries,1610612758,SAC,G-F,28.0,3,2,0.25,,,,,,Less Than 6Ft,Regular Season,,,,,-0.138,,,,,2.0,4.0,0.5,0.638,,,,,,,,
1642910,John Tonje,1610612738,BOS,G,25.0,3,2,0.25,,,,,,Less Than 6Ft,Regular Season,,,,,-0.108,,,,,2.0,4.0,0.5,0.608,,,,,,,,
1643257,Jayson Kent,1610612757,POR,F,24.0,5,4,0.667,,,,,,Less Than 6Ft,Regular Season,,,,,-0.379,,,,,1.0,4.0,0.25,0.629,,,,,,,,
1631216,Caleb Houstan,1610612737,ATL,G,23.0,7,3,0.3,,,,,,Less Than 6Ft,Regular Season,,,,,-0.017,,,,,2.0,3.0,0.667,0.684,,,,,,,,
1641807,Norchad Omier,1610612746,LAC,F,24.0,4,3,0.429,,,,,,Less Than 6Ft,Regular Season,,,,,-0.037,,,,,2.0,3.0,0.667,0.704,,,,,,,,
1641803,Tristen Newton,1610612745,HOU,G,25.0,1,1,0.6,,,,,,Less Than 6Ft,Regular Season,,,,,0.471,,,,,3.0,3.0,1.0,0.529,,,,,,,,
1641794,Dillon Jones,1610612752,NYK,F,24.0,4,2,0.25,,,,,,Less Than 6Ft,Regular Season,,,,,-0.158,,,,,1.0,3.0,0.333,0.491,,,,,,,,
202066,Garrett Temple,1610612761,TOR,G-F,40.0,14,3,0.136,,,,,,Less Than 6Ft,Regular Season,,,,,0.051,,,,,2.0,3.0,0.667,0.616,,,,,,,,
1643047,CJ Huntley,1610612756,PHX,F,24.0,1,1,0.273,,,,,,Less Than 6Ft,Regular Season,,,,,0.34,,,,,3.0,3.0,1.0,0.66,,,,,,,,
1642282,Hunter Sallis,1610612755,PHI,G,23.0,4,1,0.333,,,,,,Less Than 6Ft,Regular Season,,,,,0.036,,,,,2.0,3.0,0.667,0.63,,,,,,,,
1642917,Max Shulga,1610612738,BOS,G,24.0,6,2,0.231,,,,,,Less Than 6Ft,Regular Season,,,,,0.052,,,,,2.0,3.0,0.667,0.614,,,,,,,,
1642955,Kadary Richmond,1610612764,WAS,G,24.0,3,2,0.136,,,,,,Less Than 6Ft,Regular Season,,,,,-0.009,,,,,2.0,3.0,0.667,0.675,,,,,,,,
1641810,Antonio Reeves,1610612766,CHA,G,25.0,6,3,0.188,,,,,,Less Than 6Ft,Regular Season,,,,,0.078,,,,,2.0,3.0,0.667,0.589,,,,,,,,
1641813,Mark Sears,1610612749,MIL,G,24.0,4,2,0.375,,,,,,Less Than 6Ft,Regular Season,,,,,0.056,,,,,2.0,3.0,0.667,0.61,,,,,,,,
1642935,Chucky Hepburn,1610612761,TOR,G,23.0,2,2,0.4,,,,,,Less Than 6Ft,Regular Season,,,,,0.393,,,,,2.0,2.0,1.0,0.607,,,,,,,,
1643141,Jahmyl Telfort,1610612746,LAC,G,25.0,3,2,0.333,,,,,,Less Than 6Ft,Regular Season,,,,,-0.075,,,,,1.0,2.0,0.5,0.575,,,,,,,,
1630658,Colin Castleton,1610612753,ORL,C,26.0,4,2,0.333,,,,,,Less Than 6Ft,Regular Season,,,,,-0.146,,,,,1.0,2.0,0.5,0.646,,,,,,,,
1631205,Buddy Boeheim,1610612760,OKC,F,26.0,2,1,0.222,,,,,,Less Than 6Ft,Regular Season,,,,,0.408,,,,,2.0,2.0,1.0,0.593,,,,,,,,
1642368,N'Faly Dante,1610612737,ATL,C,24.0,3,2,0.25,,,,,,Less Than 6Ft,Regular Season,,,,,-0.106,,,,,1.0,2.0,0.5,0.606,,,,,,,,
1641787,Tosan Evbuomwan,1610612766,CHA,F,25.0,3,2,0.4,,,,,,Less Than 6Ft,Regular Season,,,,,-0.13,,,,,1.0,2.0,0.5,0.63,,,,,,,,
1630649,Stanley Umude,1610612759,SAS,G,27.0,2,1,0.5,,,,,,Less Than 6Ft,Regular Season,,,,,0.319,,,,,2.0,2.0,1.0,0.682,,,,,,,,
1643060,Hayden Gray,1610612762,UTA,G,23.0,1,1,0.111,,,,,,Less Than 6Ft,Regular Season,,,,,-0.682,,,,,0.0,1.0,0.0,0.682,,,,,,,,
1641815,Isaiah Stevens,1610612758,SAC,G,25.0,3,1,0.125,,,,,,Less Than 6Ft,Regular Season,,,,,0.586,,,,,1.0,1.0,1.0,0.414,,,,,,,,
1630828,Alex Antetokounmpo,1610612749,MIL,F,24.0,3,1,0.167,,,,,,Less Than 6Ft,Regular Season,,,,,-0.526,,,,,0.0,1.0,0.0,0.526,,,,,,,,
1631210,Jacob Toppin,1610612737,ATL,F,26.0,2,1,0.5,,,,,,Less Than 6Ft,Regular Season,,,,,-0.549,,,,,0.0,1.0,0.0,0.549,,,,,,,,
1641753,Chris Livingston,1610612739,CLE,F,22.0,1,1,0.25,,,,,,Less Than 6Ft,Regular Season,,,,,0.386,,,,,1.0,1.0,1.0,0.614,,,,,,,,
1631211,Trevor Keels,1610612748,MIA,G,22.0,2,1,0.5,,,,,,Less Than 6Ft,Regular Season,,,,,0.333,,,,,1.0,1.0,1.0,0.667,,,,,,,,
1642951,Sean Pedulla,1610612746,LAC,G,23.0,3,1,0.167,,,,,,Less Than 6Ft,Regular Season,,,,,-0.574,,,,,0.0,1.0,0.0,0.574,,,,,,,,
1642270,Donovan Clingan,1610612757,POR,C,22.0,77,77,0.503,,,,,,Less Than 10Ft,Regular Season,,,,,-0.107,,,,,,,,,362.0,731.0,0.495,0.602,,,,
1630578,Alperen Sengun,1610612745,HOU,C,23.0,71,71,0.532,,,,,,Less Than 10Ft,Regular Season,,,,,-0.01,,,,,,,,,381.0,648.0,0.588,0.598,,,,
203497,Rudy Gobert,1610612750,MIN,C,34.0,76,76,0.51,,,,,,Less Than 10Ft,Regular Season,,,,,-0.094,,,,,,,,,313.0,624.0,0.502,0.595,,,,
1642852,Derik Queen,1610612740,NOP,C,21.0,81,80,0.526,,,,,,Less Than 10Ft,Regular Season,,,,,-0.032,,,,,,,,,349.0,608.0,0.574,0.606,,,,
1630643,Jay Huff,1610612754,IND,C,28.0,81,80,0.617,,,,,,Less Than 10Ft,Regular Season,,,,,-0.108,,,,,,,,,290.0,600.0,0.483,0.591,,,,
203999,Nikola Jokić,1610612743,DEN,C,31.0,65,65,0.528,,,,,,Less Than 10Ft,Regular Season,,,,,0.019,,,,,,,,,348.0,561.0,0.62,0.602,,,,
1641824,Matas Buzelis,1610612741,CHI,F,21.0,77,77,0.505,,,,,,Less Than 10Ft,Regular Season,,,,,-0.035,,,,,,,,,301.0,544.0,0.553,0.588,,,,
1631217,Moussa Diabaté,1610612766,CHA,F,24.0,73,73,0.564,,,,,,Less Than 10Ft,Regular Season,,,,,-0.03,,,,,,,,,306.0,539.0,0.568,0.598,,,,
1628976,Wendell Carter Jr.,1610612753,ORL,C-F,27.0,78,78,0.529,,,,,,Less Than 10Ft,Regular Season,,,,,-0.072,,,,,,,,,281.0,532.0,0.528,0.6,,,,
1626167,Myles Turner,1610612749,MIL,C-F,30.0,71,71,0.544,,,,,,Less Than 10Ft,Regular Season,,,,,-0.046,,,,,,,,,290.0,531.0,0.546,0.592,,,,
1630596,Evan Mobley,1610612739,CLE,C,25.0,65,65,0.506,,,,,,Less Than 10Ft,Regular Season,,,,,-0.119,,,,,,,,,251.0,527.0,0.476,0.596,,,,
1641705,Victor Wembanyama,1610612759,SAS,F-C,22.0,64,64,0.48,,,,,,Less Than 10Ft,Regular Season,,,,,-0.147,,,,,,,,,235.0,524.0,0.448,0.596,,,,
1630567,Scottie Barnes,1610612761,TOR,F-G,24.0,80,79,0.499,,,,,,Less Than 10Ft,Regular Season,,,,,-0.046,,,,,,,,,285.0,520.0,0.548,0.594,,,,
1630168,Onyeka Okongwu,1610612737,ATL,F-C,25.0,74,74,0.512,,,,,,Less Than 10Ft,Regular Season,,,,,-0.014,,,,,,,,,301.0,518.0,0.581,0.595,,,,
1631096,Chet Holmgren,1610612760,OKC,C-F,24.0,69,69,0.564,,,,,,Less Than 10Ft,Regular Season,,,,,-0.15,,,,,,,,,230.0,517.0,0.445,0.595,,,,
1642259,Alex Sarr,1610612764,WAS,C,21.0,48,48,0.633,,,,,,Less Than 10Ft,Regular Season,,,,,-0.058,,,,,,,,,277.0,513.0,0.54,0.598,,,,
1642875,Maxime Raynaud,1610612758,SAC,C,23.0,74,72,0.516,,,,,,Less Than 10Ft,Regular Season,,,,,0.011,,,,,,,,,314.0,511.0,0.614,0.604,,,,
1642276,Kel'el Ware,1610612748,MIA,C,22.0,77,77,0.594,,,,,,Less Than 10Ft,Regular Season,,,,,-0.058,,,,,,,,,276.0,502.0,0.55,0.607,,,,
1629028,Deandre Ayton,1610612747,LAL,C,27.0,72,72,0.516,,,,,,Less Than 10Ft,Regular Season,,,,,-0.044,,,,,,,,,273.0,500.0,0.546,0.59,,,,
1629674,Neemias Queta,1610612738,BOS,C,26.0,75,74,0.536,,,,,,Less Than 10Ft,Regular Season,,,,,-0.13,,,,,,,,,224.0,484.0,0.463,0.593,,,,
1628436,Luke Kornet,1610612759,SAS,C-F,30.0,68,68,0.508,,,,,,Less Than 10Ft,Regular Season,,,,,-0.106,,,,,,,,,231.0,467.0,0.495,0.601,,,,
1631105,Jalen Duren,1610612765,DET,C,22.0,70,70,0.542,,,,,,Less Than 10Ft,Regular Season,,,,,-0.045,,,,,,,,,257.0,466.0,0.552,0.596,,,,
1628389,Bam Adebayo,1610612748,MIA,C-F,28.0,73,73,0.459,,,,,,Less Than 10Ft,Regular Season,,,,,-0.039,,,,,,,,,261.0,464.0,0.563,0.602,,,,
1631094,Paolo Banchero,1610612753,ORL,F,23.0,72,72,0.485,,,,,,Less Than 10Ft,Regular Season,,,,,0.002,,,,,,,,,273.0,460.0,0.593,0.591,,,,
1641750,Ryan Kalkbrenner,1610612766,CHA,C,24.0,69,68,0.577,,,,,,Less Than 10Ft,Regular Season,,,,,-0.113,,,,,,,,,222.0,459.0,0.484,0.596,,,,
1642271,Kyle Filipowski,1610612762,UTA,C,22.0,77,76,0.505,,,,,,Less Than 10Ft,Regular Season,,,,,0.059,,,,,,,,,292.0,448.0,0.652,0.593,,,,
1629651,Nic Claxton,1610612751,BKN,C,27.0,69,69,0.534,,,,,,Less Than 10Ft,Regular Season,,,,,-0.063,,,,,,,,,239.0,448.0,0.533,0.597,,,,
201572,Brook Lopez,1610612746,LAC,C,38.0,75,75,0.563,,,,,,Less Than 10Ft,Regular Season,,,,,-0.119,,,,,,,,,215.0,445.0,0.483,0.602,,,,
1642843,Cooper Flagg,1610612742,DAL,F,19.0,70,70,0.472,,,,,,Less Than 10Ft,Regular Season,,,,,-0.025,,,,,,,,,254.0,445.0,0.571,0.595,,,,
1628401,Derrick White,1610612738,BOS,G,31.0,77,77,0.418,,,,,,Less Than 10Ft,Regular Season,,,,,-0.066,,,,,,,,,224.0,436.0,0.514,0.58,,,,
202696,Nikola Vučević,1610612738,BOS,C,35.0,64,64,0.489,,,,,,Less Than 10Ft,Regular Season,,,,,-0.009,,,,,,,,,255.0,431.0,0.592,0.601,,,,
1642851,Kon Knueppel,1610612766,CHA,G-F,20.0,81,79,0.442,,,,,,Less Than 10Ft,Regular Season,,,,,-0.01,,,,,,,,,246.0,426.0,0.577,0.588,,,,
1642345,Oso Ighodaro,1610612756,PHX,F,23.0,82,82,0.551,,,,,,Less Than 10Ft,Regular Season,,,,,-0.078,,,,,,,,,217.0,423.0,0.513,0.591,,,,
1631095,Jabari Smith Jr.,1610612745,HOU,F,23.0,77,76,0.442,,,,,,Less Than 10Ft,Regular Season,,,,,-0.053,,,,,,,,,226.0,422.0,0.536,0.589,,,,
1630183,Jaden McDaniels,1610612750,MIN,F,25.0,73,71,0.426,,,,,,Less Than 10Ft,Regular Season,,,,,-0.052,,,,,,,,,227.0,418.0,0.543,0.595,,,,
1641739,Toumani Camara,1610612757,POR,F,26.0,82,82,0.395,,,,,,Less Than 10Ft,Regular Season,,,,,0.084,,,,,,,,,277.0,412.0,0.672,0.588,,,,
1631109,Mark Williams,1610612756,PHX,C,24.0,60,60,0.548,,,,,,Less Than 10Ft,Regular Season,,,,,0.007,,,,,,,,,249.0,411.0,0.606,0.599,,,,
1626157,Karl-Anthony Towns,1610612752,NYK,C-F,30.0,75,74,0.451,,,,,,Less Than 10Ft,Regular Season,,,,,-0.064,,,,,,,,,219.0,410.0,0.534,0.598,,,,
1641730,Noah Clowney,1610612751,BKN,F-C,21.0,66,66,0.509,,,,,,Less Than 10Ft,Regular Season,,,,,0.032,,,,,,,,,252.0,405.0,0.622,0.59,,,,
1630173,Precious Achiuwa,1610612758,SAC,F,26.0,73,73,0.485,,,,,,Less Than 10Ft,Regular Season,,,,,-0.023,,,,,,,,,234.0,404.0,0.579,0.602,,,,
1630572,Sandro Mamukelashvili,1610612761,TOR,F-C,27.0,80,79,0.513,,,,,,Less Than 10Ft,Regular Season,,,,,0.007,,,,,,,,,237.0,401.0,0.591,0.584,,,,
1642274,Yves Missi,1610612740,NOP,C,22.0,66,63,0.536,,,,,,Less Than 10Ft,Regular Season,,,,,-0.116,,,,,,,,,186.0,390.0,0.477,0.593,,,,
1630552,Jalen Johnson,1610612737,ATL,F,24.0,72,72,0.491,,,,,,Less Than 10Ft,Regular Season,,,,,0.036,,,,,,,,,245.0,388.0,0.631,0.595,,,,
203110,Draymond Green,1610612744,GSW,F,36.0,68,67,0.479,,,,,,Less Than 10Ft,Regular Season,,,,,-0.05,,,,,,,,,215.0,387.0,0.556,0.605,,,,
1629029,Luka Dončić,1610612747,LAL,F-G,27.0,64,64,0.422,,,,,,Less Than 10Ft,Regular Season,,,,,0.062,,,,,,,,,249.0,381.0,0.654,0.592,,,,
1631230,Dominick Barlow,1610612755,PHI,F,23.0,71,71,0.477,,,,,,Less Than 10Ft,Regular Season,,,,,-0.044,,,,,,,,,207.0,381.0,0.543,0.587,,,,
203944,Julius Randle,1610612750,MIN,F-C,31.0,79,78,0.455,,,,,,Less Than 10Ft,Regular Season,,,,,0.035,,,,,,,,,240.0,380.0,0.632,0.597,,,,
1629675,Naz Reid,1610612750,MIN,C-F,26.0,77,76,0.512,,,,,,Less Than 10Ft,Regular Season,,,,,-0.051,,,,,,,,,206.0,380.0,0.542,0.593,,,,
203952,Andrew Wiggins,1610612748,MIA,F,31.0,68,67,0.417,,,,,,Less Than 10Ft,Regular Season,,,,,-0.018,,,,,,,,,218.0,379.0,0.575,0.593,,,,
1628386,Jarrett Allen,1610612739,CLE,C,28.0,56,56,0.556,,,,,,Less Than 10Ft,Regular Season,,,,,-0.07,,,,,,,,,198.0,375.0,0.528,0.598,,,,
1629638,Nickeil Alexander-Walker,1610612737,ATL,G,27.0,78,74,0.426,,,,,,Less Than 10Ft,Regular Season,,,,,0.057,,,,,,,,,237.0,373.0,0.635,0.578,,,,
1631222,Jake LaRavia,1610612747,LAL,F,24.0,82,81,0.441,,,,,,Less Than 10Ft,Regular Season,,,,,0.053,,,,,,,,,236.0,367.0,0.643,0.59,,,,
1630700,Dyson Daniels,1610612737,ATL,G,23.0,76,76,0.398,,,,,,Less Than 10Ft,Regular Season,,,,,0.045,,,,,,,,,232.0,366.0,0.634,0.589,,,,
1629655,Daniel Gafford,1610612742,DAL,F-C,27.0,55,55,0.525,,,,,,Less Than 10Ft,Regular Season,,,,,-0.066,,,,,,,,,194.0,364.0,0.533,0.599,,,,
1629023,P.J. Washington,1610612742,DAL,F,27.0,56,56,0.489,,,,,,Less Than 10Ft,Regular Season,,,,,-0.017,,,,,,,,,209.0,363.0,0.576,0.593,,,,
1629111,Jock Landale,1610612737,ATL,C,30.0,68,67,0.583,,,,,,Less Than 10Ft,Regular Season,,,,,-0.019,,,,,,,,,206.0,358.0,0.575,0.594,,,,
1630166,Deni Avdija,1610612757,POR,F,25.0,66,64,0.476,,,,,,Less Than 10Ft,Regular Season,,,,,-0.015,,,,,,,,,200.0,351.0,0.57,0.585,,,,
1628991,Jaren Jackson Jr.,1610612762,UTA,F-C,26.0,48,48,0.497,,,,,,Less Than 10Ft,Regular Season,,,,,-0.096,,,,,,,,,173.0,350.0,0.494,0.59,,,,
1628969,Mikal Bridges,1610612752,NYK,G-F,29.0,81,80,0.405,,,,,,Less Than 10Ft,Regular Season,,,,,-0.006,,,,,,,,,203.0,347.0,0.585,0.591,,,,
1631170,Jaime Jaquez Jr.,1610612748,MIA,G,25.0,75,73,0.413,,,,,,Less Than 10Ft,Regular Season,,,,,0.037,,,,,,,,,215.0,346.0,0.621,0.584,,,,
1642366,Quinten Post,1610612744,GSW,C,26.0,67,65,0.536,,,,,,Less Than 10Ft,Regular Season,,,,,-0.069,,,,,,,,,180.0,346.0,0.52,0.589,,,,
1627826,Ivica Zubac,1610612754,IND,C,29.0,48,48,0.518,,,,,,Less Than 10Ft,Regular Season,,,,,-0.119,,,,,,,,,167.0,344.0,0.485,0.604,,,,
1630191,Isaiah Stewart,1610612765,DET,F-C,25.0,58,57,0.519,,,,,,Less Than 10Ft,Regular Season,,,,,-0.177,,,,,,,,,138.0,342.0,0.404,0.581,,,,
1641737,Adem Bona,1610612755,PHI,F,23.0,71,68,0.551,,,,,,Less Than 10Ft,Regular Season,,,,,-0.098,,,,,,,,,170.0,341.0,0.499,0.597,,,,
1630530,Trey Murphy III,1610612740,NOP,F,26.0,66,64,0.413,,,,,,Less Than 10Ft,Regular Season,,,,,0.095,,,,,,,,,233.0,338.0,0.689,0.595,,,,
1628978,Donte DiVincenzo,1610612750,MIN,G,29.0,82,78,0.431,,,,,,Less Than 10Ft,Regular Season,,,,,0.02,,,,,,,,,201.0,333.0,0.604,0.584,,,,
201142,Kevin Durant,1610612745,HOU,F,37.0,78,77,0.385,,,,,,Less Than 10Ft,Regular Season,,,,,-0.048,,,,,,,,,179.0,332.0,0.539,0.587,,,,
1627783,Pascal Siakam,1610612754,IND,F,32.0,62,61,0.433,,,,,,Less Than 10Ft,Regular Season,,,,,0.026,,,,,,,,,206.0,331.0,0.622,0.596,,,,
1642845,VJ Edgecombe,1610612755,PHI,G,20.0,75,72,0.378,,,,,,Less Than 10Ft,Regular Season,,,,,0.018,,,,,,,,,199.0,330.0,0.603,0.585,,,,
1630595,Cade Cunningham,1610612765,DET,G,24.0,64,62,0.418,,,,,,Less Than 10Ft,Regular Season,,,,,-0.016,,,,,,,,,187.0,330.0,0.567,0.583,,,,
1631157,Ryan Rollins,1610612749,MIL,G,23.0,74,73,0.383,,,,,,Less Than 10Ft,Regular Season,,,,,0.0,,,,,,,,,188.0,326.0,0.577,0.577,,,,
1627750,Jamal Murray,1610612743,DEN,G,29.0,75,74,0.346,,,,,,Less Than 10Ft,Regular Season,,,,,0.053,,,,,,,,,207.0,322.0,0.643,0.59,,,,
1642263,Reed Sheppard,1610612745,HOU,G,22.0,82,79,0.384,,,,,,Less Than 10Ft,Regular Season,,,,,0.077,,,,,,,,,210.0,320.0,0.656,0.58,,,,
1628970,Miles Bridges,1610612766,CHA,F,28.0,77,76,0.397,,,,,,Less Than 10Ft,Regular Season,,,,,0.013,,,,,,,,,191.0,317.0,0.603,0.59,,,,
203954,Joel Embiid,1610612755,PHI,C-F,32.0,38,38,0.567,,,,,,Less Than 10Ft,Regular Season,,,,,-0.048,,,,,,,,,173.0,317.0,0.546,0.594,,,,
1631108,Max Christie,1610612742,DAL,G,23.0,77,73,0.404,,,,,,Less Than 10Ft,Regular Season,,,,,0.037,,,,,,,,,197.0,315.0,0.625,0.588,,,,
1627751,Jakob Poeltl,1610612761,TOR,C,30.0,46,44,0.574,,,,,,Less Than 10Ft,Regular Season,,,,,-0.026,,,,,,,,,178.0,314.0,0.567,0.593,,,,
1626171,Bobby Portis Jr.,1610612749,MIL,F,31.0,67,66,0.471,,,,,,Less Than 10Ft,Regular Season,,,,,0.053,,,,,,,,,202.0,313.0,0.645,0.592,,,,
1628963,Marvin Bagley III,1610612742,DAL,F,27.0,60,59,0.532,,,,,,Less Than 10Ft,Regular Season,,,,,-0.06,,,,,,,,,169.0,312.0,0.542,0.602,,,,
1642846,Ace Bailey,1610612762,UTA,F,19.0,72,70,0.428,,,,,,Less Than 10Ft,Regular Season,,,,,0.001,,,,,,,,,183.0,310.0,0.59,0.589,,,,
1631260,AJ Green,1610612749,MIL,G,26.0,78,73,0.355,,,,,,Less Than 10Ft,Regular Season,,,,,0.055,,,,,,,,,193.0,304.0,0.635,0.58,,,,
1631221,Collin Gillespie,1610612756,PHX,G,27.0,80,79,0.401,,,,,,Less Than 10Ft,Regular Season,,,,,0.087,,,,,,,,,206.0,303.0,0.68,0.593,,,,
1628404,Josh Hart,1610612752,NYK,G,31.0,66,65,0.375,,,,,,Less Than 10Ft,Regular Season,,,,,0.063,,,,,,,,,199.0,303.0,0.657,0.594,,,,
201942,DeMar DeRozan,1610612758,SAC,G-F,36.0,77,73,0.459,,,,,,Less Than 10Ft,Regular Season,,,,,0.094,,,,,,,,,207.0,299.0,0.692,0.598,,,,
1631119,Jaylin Williams,1610612760,OKC,F,24.0,64,63,0.461,,,,,,Less Than 10Ft,Regular Season,,,,,-0.081,,,,,,,,,152.0,297.0,0.512,0.593,,,,
1627742,Brandon Ingram,1610612761,TOR,F,28.0,77,75,0.411,,,,,,Less Than 10Ft,Regular Season,,,,,-0.023,,,,,,,,,169.0,297.0,0.569,0.592,,,,
1626220,Royce O'Neale,1610612756,PHX,F,33.0,78,76,0.417,,,,,,Less Than 10Ft,Regular Season,,,,,0.083,,,,,,,,,202.0,296.0,0.682,0.599,,,,
1628384,OG Anunoby,1610612752,NYK,F-G,28.0,66,65,0.373,,,,,,Less Than 10Ft,Regular Season,,,,,-0.026,,,,,,,,,165.0,293.0,0.563,0.589,,,,
203994,Jusuf Nurkić,1610612762,UTA,C,31.0,41,41,0.544,,,,,,Less Than 10Ft,Regular Season,,,,,-0.052,,,,,,,,,162.0,292.0,0.555,0.607,,,,
1631212,Peyton Watson,1610612743,DEN,G,23.0,54,52,0.452,,,,,,Less Than 10Ft,Regular Season,,,,,0.029,,,,,,,,,180.0,291.0,0.619,0.59,,,,
203083,Andre Drummond,1610612755,PHI,C,32.0,63,62,0.524,,,,,,Less Than 10Ft,Regular Season,,,,,0.007,,,,,,,,,177.0,291.0,0.608,0.601,,,,
1630695,Micah Potter,1610612754,IND,C,28.0,45,44,0.581,,,,,,Less Than 10Ft,Regular Season,,,,,0.038,,,,,,,,,182.0,286.0,0.636,0.599,,,,
1642273,Kyshawn George,1610612764,WAS,F,22.0,48,48,0.408,,,,,,Less Than 10Ft,Regular Season,,,,,-0.011,,,,,,,,,165.0,284.0,0.581,0.592,,,,
1630217,Desmond Bane,1610612753,ORL,G,28.0,82,80,0.355,,,,,,Less Than 10Ft,Regular Season,,,,,0.041,,,,,,,,,177.0,283.0,0.625,0.585,,,,
1642847,Jeremiah Fears,1610612740,NOP,G,19.0,82,78,0.356,,,,,,Less Than 10Ft,Regular Season,,,,,0.057,,,,,,,,,180.0,281.0,0.641,0.583,,,,
1641706,Brandon Miller,1610612766,CHA,F,23.0,65,61,0.41,,,,,,Less Than 10Ft,Regular Season,,,,,0.001,,,,,,,,,164.0,281.0,0.584,0.583,,,,
1628381,John Collins,1610612746,LAC,F-C,28.0,69,67,0.386,,,,,,Less Than 10Ft,Regular Season,,,,,0.004,,,,,,,,,167.0,280.0,0.596,0.592,,,,
1642928,Dylan Cardwell,1610612758,SAC,C,24.0,44,44,0.645,,,,,,Less Than 10Ft,Regular Season,,,,,-0.129,,,,,,,,,131.0,280.0,0.468,0.597,,,,
1642363,Nique Clifford,1610612758,SAC,G,24.0,75,70,0.411,,,,,,Less Than 10Ft,Regular Season,,,,,0.019,,,,,,,,,169.0,280.0,0.604,0.584,,,,
1630568,Luka Garza,1610612738,BOS,C,27.0,68,66,0.512,,,,,,Less Than 10Ft,Regular Season,,,,,-0.012,,,,,,,,,161.0,279.0,0.577,0.589,,,,
1641710,Anthony Black,1610612753,ORL,G,22.0,63,62,0.4,,,,,,Less Than 10Ft,Regular Season,,,,,0.046,,,,,,,,,175.0,279.0,0.627,0.581,,,,
1641783,Tristan da Silva,1610612753,ORL,F,25.0,76,73,0.414,,,,,,Less Than 10Ft,Regular Season,,,,,0.047,,,,,,,,,175.0,279.0,0.627,0.58,,,,
1630577,Julian Champagnie,1610612759,SAS,F,25.0,82,76,0.359,,,,,,Less Than 10Ft,Regular Season,,,,,0.054,,,,,,,,,180.0,278.0,0.647,0.594,,,,
1629057,Robert Williams III,1610612757,POR,C-F,28.0,59,57,0.536,,,,,,Less Than 10Ft,Regular Season,,,,,-0.138,,,,,,,,,126.0,277.0,0.455,0.593,,,,
1629060,Rui Hachimura,1610612747,LAL,F,28.0,68,67,0.447,,,,,,Less Than 10Ft,Regular Season,,,,,0.097,,,,,,,,,191.0,276.0,0.692,0.595,,,,
1641708,Amen Thompson,1610612745,HOU,G-F,23.0,79,76,0.38,,,,,,Less Than 10Ft,Regular Season,,,,,-0.026,,,,,,,,,155.0,274.0,0.566,0.592,,,,
1630543,Isaiah Jackson,1610612746,LAC,F,24.0,54,52,0.57,,,,,,Less Than 10Ft,Regular Season,,,,,-0.007,,,,,,,,,161.0,273.0,0.59,0.597,,,,
1630581,Josh Giddey,1610612741,CHI,G,23.0,54,53,0.425,,,,,,Less Than 10Ft,Regular Season,,,,,0.04,,,,,,,,,172.0,273.0,0.63,0.59,,,,
1629048,Goga Bitadze,1610612753,ORL,C-F,26.0,63,61,0.591,,,,,,Less Than 10Ft,Regular Season,,,,,-0.08,,,,,,,,,138.0,272.0,0.507,0.587,,,,
1641716,Jarace Walker,1610612754,IND,F,22.0,76,73,0.451,,,,,,Less Than 10Ft,Regular Season,,,,,0.059,,,,,,,,,175.0,271.0,0.646,0.586,,,,
1630171,Isaac Okoro,1610612741,CHI,F-G,25.0,62,60,0.417,,,,,,Less Than 10Ft,Regular Season,,,,,-0.048,,,,,,,,,147.0,269.0,0.546,0.594,,,,
1630194,Paul Reed,1610612765,DET,F,27.0,62,60,0.593,,,,,,Less Than 10Ft,Regular Season,,,,,-0.108,,,,,,,,,131.0,268.0,0.489,0.597,,,,
1641764,Brandin Podziemski,1610612744,GSW,G,23.0,82,78,0.418,,,,,,Less Than 10Ft,Regular Season,,,,,0.074,,,,,,,,,178.0,268.0,0.664,0.59,,,,
1630230,Naji Marshall,1610612742,DAL,F,28.0,74,70,0.394,,,,,,Less Than 10Ft,Regular Season,,,,,0.087,,,,,,,,,182.0,267.0,0.682,0.595,,,,
1642267,Bub Carrington,1610612764,WAS,G,20.0,82,77,0.406,,,,,,Less Than 10Ft,Regular Season,,,,,0.108,,,,,,,,,183.0,265.0,0.691,0.582,,,,
1630583,Santi Aldama,1610612763,MEM,F-C,25.0,43,43,0.478,,,,,,Less Than 10Ft,Regular Season,,,,,-0.019,,,,,,,,,154.0,265.0,0.581,0.6,,,,
1642867,Collin Murray-Boyles,1610612761,TOR,F,21.0,57,54,0.481,,,,,,Less Than 10Ft,Regular Season,,,,,-0.043,,,,,,,,,146.0,264.0,0.553,0.596,,,,
1626164,Devin Booker,1610612756,PHX,G,29.0,64,64,0.418,,,,,,Less Than 10Ft,Regular Season,,,,,0.009,,,,,,,,,158.0,264.0,0.598,0.589,,,,
1630188,Jalen Smith,1610612741,CHI,F-C,26.0,53,53,0.548,,,,,,Less Than 10Ft,Regular Season,,,,,-0.048,,,,,,,,,143.0,264.0,0.542,0.589,,,,
203468,CJ McCollum,1610612737,ATL,G,34.0,76,73,0.334,,,,,,Less Than 10Ft,Regular Season,,,,,0.065,,,,,,,,,170.0,263.0,0.646,0.581,,,,
1628973,Jalen Brunson,1610612752,NYK,G,29.0,73,68,0.327,,,,,,Less Than 10Ft,Regular Season,,,,,0.148,,,,,,,,,191.0,262.0,0.729,0.581,,,,
1630611,Gui Santos,1610612744,GSW,F,24.0,66,64,0.457,,,,,,Less Than 10Ft,Regular Season,,,,,0.049,,,,,,,,,163.0,259.0,0.629,0.581,,,,
1631255,Karlo Matković,1610612740,NOP,F-C,25.0,61,60,0.556,,,,,,Less Than 10Ft,Regular Season,,,,,-0.057,,,,,,,,,139.0,258.0,0.539,0.596,,,,
1628983,Shai Gilgeous-Alexander,1610612760,OKC,G,27.0,68,66,0.381,,,,,,Less Than 10Ft,Regular Season,,,,,-0.057,,,,,,,,,137.0,257.0,0.533,0.59,,,,
1629731,Dean Wade,1610612739,CLE,F-C,29.0,58,55,0.471,,,,,,Less Than 10Ft,Regular Season,,,,,-0.022,,,,,,,,,143.0,256.0,0.559,0.581,,,,
1630573,Sam Hauser,1610612738,BOS,F,28.0,78,75,0.37,,,,,,Less Than 10Ft,Regular Season,,,,,-0.014,,,,,,,,,144.0,255.0,0.565,0.579,,,,
1630178,Tyrese Maxey,1610612755,PHI,G,25.0,70,67,0.334,,,,,,Less Than 10Ft,Regular Season,,,,,0.022,,,,,,,,,155.0,254.0,0.61,0.588,,,,
1642874,Danny Wolf,1610612751,BKN,F,22.0,57,54,0.522,,,,,,Less Than 10Ft,Regular Season,,,,,-0.019,,,,,,,,,144.0,253.0,0.569,0.588,,,,
1630162,Anthony Edwards,1610612750,MIN,G,24.0,61,59,0.384,,,,,,Less Than 10Ft,Regular Season,,,,,-0.036,,,,,,,,,140.0,253.0,0.553,0.589,,,,
1629011,Mitchell Robinson,1610612752,NYK,C-F,28.0,60,59,0.512,,,,,,Less Than 10Ft,Regular Season,,,,,-0.102,,,,,,,,,123.0,253.0,0.486,0.588,,,,
201935,James Harden,1610612739,CLE,G,36.0,70,68,0.366,,,,,,Less Than 10Ft,Regular Season,,,,,0.078,,,,,,,,,167.0,252.0,0.663,0.585,,,,
203991,Clint Capela,1610612745,HOU,C,32.0,73,69,0.556,,,,,,Less Than 10Ft,Regular Season,,,,,-0.145,,,,,,,,,113.0,252.0,0.448,0.593,,,,
1630558,Davion Mitchell,1610612748,MIA,G,27.0,70,69,0.349,,,,,,Less Than 10Ft,Regular Season,,,,,0.086,,,,,,,,,167.0,251.0,0.665,0.579,,,,
202695,Kawhi Leonard,1610612746,LAC,F,35.0,65,63,0.396,,,,,,Less Than 10Ft,Regular Season,,,,,0.123,,,,,,,,,181.0,250.0,0.724,0.601,,,,
1630551,Justin Champagnie,1610612764,WAS,G-F,25.0,67,61,0.459,,,,,,Less Than 10Ft,Regular Season,,,,,0.024,,,,,,,,,154.0,250.0,0.616,0.592,,,,
203939,Dwight Powell,1610612742,DAL,F-C,34.0,57,51,0.561,,,,,,Less Than 10Ft,Regular Season,,,,,-0.035,,,,,,,,,142.0,250.0,0.568,0.603,,,,
1642907,Cedric Coward,1610612763,MEM,G,22.0,62,59,0.376,,,,,,Less Than 10Ft,Regular Season,,,,,0.037,,,,,,,,,155.0,246.0,0.63,0.594,,,,
1629656,Quentin Grimes,1610612755,PHI,G,26.0,75,70,0.364,,,,,,Less Than 10Ft,Regular Season,,,,,0.069,,,,,,,,,160.0,246.0,0.65,0.581,,,,
1641709,Ausar Thompson,1610612765,DET,G-F,23.0,73,67,0.357,,,,,,Less Than 10Ft,Regular Season,,,,,-0.081,,,,,,,,,125.0,246.0,0.508,0.589,,,,
1629130,Duncan Robinson,1610612765,DET,F,32.0,77,72,0.38,,,,,,Less Than 10Ft,Regular Season,,,,,0.005,,,,,,,,,143.0,246.0,0.581,0.576,,,,
1630541,Moses Moody,1610612744,GSW,G,24.0,60,58,0.428,,,,,,Less Than 10Ft,Regular Season,,,,,-0.02,,,,,,,,,138.0,245.0,0.563,0.584,,,,
1642860,Will Riley,1610612764,WAS,F,20.0,71,68,0.497,,,,,,Less Than 10Ft,Regular Season,,,,,0.049,,,,,,,,,159.0,245.0,0.649,0.6,,,,
1629008,Michael Porter Jr.,1610612751,BKN,F,28.0,52,52,0.506,,,,,,Less Than 10Ft,Regular Season,,,,,0.064,,,,,,,,,160.0,243.0,0.658,0.594,,,,
1641796,Pelle Larsson,1610612748,MIA,G,25.0,70,67,0.39,,,,,,Less Than 10Ft,Regular Season,,,,,0.022,,,,,,,,,146.0,242.0,0.603,0.581,,,,
1642883,Sion James,1610612766,CHA,G,23.0,82,77,0.377,,,,,,Less Than 10Ft,Regular Season,,,,,0.017,,,,,,,,,146.0,241.0,0.606,0.589,,,,
1642258,Zaccharie Risacher,1610612737,ATL,F,21.0,67,65,0.436,,,,,,Less Than 10Ft,Regular Season,,,,,0.033,,,,,,,,,148.0,240.0,0.617,0.584,,,,
1628989,Kevin Huerter,1610612765,DET,G-F,27.0,68,64,0.431,,,,,,Less Than 10Ft,Regular Season,,,,,-0.019,,,,,,,,,135.0,239.0,0.565,0.584,,,,
1628398,Kyle Kuzma,1610612749,MIL,F,30.0,69,66,0.405,,,,,,Less Than 10Ft,Regular Season,,,,,-0.034,,,,,,,,,131.0,238.0,0.55,0.585,,,,
1642264,Stephon Castle,1610612759,SAS,G,21.0,68,66,0.344,,,,,,Less Than 10Ft,Regular Season,,,,,-0.001,,,,,,,,,140.0,238.0,0.588,0.589,,,,
1631243,Mouhamed Gueye,1610612737,ATL,F,23.0,74,67,0.496,,,,,,Less Than 10Ft,Regular Season,,,,,-0.072,,,,,,,,,124.0,238.0,0.521,0.593,,,,
1630174,Aaron Nesmith,1610612754,IND,G-F,26.0,45,45,0.443,,,,,,Less Than 10Ft,Regular Season,,,,,-0.012,,,,,,,,,139.0,237.0,0.586,0.598,,,,
1642262,Cody Williams,1610612762,UTA,F,21.0,65,60,0.457,,,,,,Less Than 10Ft,Regular Season,,,,,-0.007,,,,,,,,,137.0,237.0,0.578,0.585,,,,
1630559,Austin Reaves,1610612747,LAL,G,28.0,51,48,0.409,,,,,,Less Than 10Ft,Regular Season,,,,,0.075,,,,,,,,,157.0,237.0,0.662,0.587,,,,
1629640,Keldon Johnson,1610612759,SAS,F-G,26.0,82,77,0.422,,,,,,Less Than 10Ft,Regular Season,,,,,-0.036,,,,,,,,,132.0,237.0,0.557,0.593,,,,
1629723,John Konchar,1610612762,UTA,G,30.0,56,54,0.508,,,,,,Less Than 10Ft,Regular Season,,,,,0.048,,,,,,,,,149.0,236.0,0.631,0.583,,,,
1629628,RJ Barrett,1610612761,TOR,F-G,26.0,57,56,0.385,,,,,,Less Than 10Ft,Regular Season,,,,,0.091,,,,,,,,,160.0,236.0,0.678,0.587,,,,
1641717,Cason Wallace,1610612760,OKC,G,22.0,77,72,0.307,,,,,,Less Than 10Ft,Regular Season,,,,,0.007,,,,,,,,,139.0,235.0,0.591,0.584,,,,
1629637,Jaxson Hayes,1610612747,LAL,C-F,26.0,66,61,0.437,,,,,,Less Than 10Ft,Regular Season,,,,,-0.057,,,,,,,,,124.0,234.0,0.53,0.587,,,,
1641713,GG Jackson,1610612763,MEM,F,21.0,51,49,0.48,,,,,,Less Than 10Ft,Regular Season,,,,,-0.009,,,,,,,,,137.0,234.0,0.585,0.594,,,,
1628368,De'Aaron Fox,1610612759,SAS,G,28.0,72,67,0.309,,,,,,Less Than 10Ft,Regular Season,,,,,0.011,,,,,,,,,138.0,233.0,0.592,0.581,,,,
1628392,Isaiah Hartenstein,1610612760,OKC,C-F,28.0,47,47,0.467,,,,,,Less Than 10Ft,Regular Season,,,,,-0.109,,,,,,,,,114.0,232.0,0.491,0.601,,,,
1630172,Patrick Williams,1610612741,CHI,F,24.0,71,68,0.433,,,,,,Less Than 10Ft,Regular Season,,,,,0.017,,,,,,,,,140.0,231.0,0.606,0.589,,,,
1641765,Olivier-Maxence Prosper,1610612763,MEM,F,23.0,49,46,0.546,,,,,,Less Than 10Ft,Regular Season,,,,,0.017,,,,,,,,,141.0,230.0,0.613,0.596,,,,
1630549,Day'Ron Sharpe,1610612751,BKN,C,24.0,62,61,0.535,,,,,,Less Than 10Ft,Regular Season,,,,,0.007,,,,,,,,,135.0,230.0,0.587,0.58,,,,
1626162,Kelly Oubre Jr.,1610612755,PHI,F-G,30.0,50,49,0.413,,,,,,Less Than 10Ft,Regular Season,,,,,0.065,,,,,,,,,150.0,229.0,0.655,0.59,,,,
203501,Tim Hardaway Jr.,1610612743,DEN,G-F,34.0,79,69,0.332,,,,,,Less Than 10Ft,Regular Season,,,,,0.068,,,,,,,,,150.0,229.0,0.655,0.588,,,,
1627739,Kris Dunn,1610612746,LAC,G,32.0,82,74,0.296,,,,,,Less Than 10Ft,Regular Season,,,,,0.029,,,,,,,,,141.0,228.0,0.618,0.589,,,,
202685,Jonas Valanciunas,1610612743,DEN,C,34.0,63,60,0.559,,,,,,Less Than 10Ft,Regular Season,,,,,-0.054,,,,,,,,,122.0,228.0,0.535,0.59,,,,
1630193,Immanuel Quickley,1610612761,TOR,G,27.0,70,63,0.36,,,,,,Less Than 10Ft,Regular Season,,,,,0.028,,,,,,,,,139.0,227.0,0.612,0.584,,,,
1642856,Egor Dëmin,1610612751,BKN,G,20.0,52,51,0.515,,,,,,Less Than 10Ft,Regular Season,,,,,0.045,,,,,,,,,143.0,226.0,0.633,0.587,,,,
1642364,Jamir Watkins,1610612764,WAS,F,24.0,48,47,0.51,,,,,,Less Than 10Ft,Regular Season,,,,,0.007,,,,,,,,,136.0,225.0,0.604,0.598,,,,
1630245,Ayo Dosunmu,1610612750,MIN,G,26.0,69,65,0.404,,,,,,Less Than 10Ft,Regular Season,,,,,-0.012,,,,,,,,,128.0,224.0,0.571,0.583,,,,
1642377,Jaylen Wells,1610612763,MEM,F,22.0,69,63,0.349,,,,,,Less Than 10Ft,Regular Season,,,,,0.069,,,,,,,,,146.0,224.0,0.652,0.583,,,,
1627759,Jaylen Brown,1610612738,BOS,G-F,29.0,71,66,0.305,,,,,,Less Than 10Ft,Regular Season,,,,,0.004,,,,,,,,,131.0,223.0,0.587,0.583,,,,
1641774,Tristan Vukcevic,1610612764,WAS,F,23.0,47,45,0.577,,,,,,Less Than 10Ft,Regular Season,,,,,-0.014,,,,,,,,,129.0,222.0,0.581,0.595,,,,
1631165,Keon Ellis,1610612739,CLE,G,26.0,72,66,0.391,,,,,,Less Than 10Ft,Regular Season,,,,,0.013,,,,,,,,,131.0,219.0,0.598,0.585,,,,
1628971,Bruce Brown,1610612743,DEN,G-F,29.0,81,73,0.308,,,,,,Less Than 10Ft,Regular Season,,,,,0.069,,,,,,,,,142.0,218.0,0.651,0.583,,,,
1641729,Brice Sensabaugh,1610612762,UTA,F,22.0,74,67,0.362,,,,,,Less Than 10Ft,Regular Season,,,,,0.115,,,,,,,,,155.0,218.0,0.711,0.596,,,,
203084,Harrison Barnes,1610612759,SAS,F,34.0,77,70,0.351,,,,,,Less Than 10Ft,Regular Season,,,,,0.073,,,,,,,,,144.0,218.0,0.661,0.588,,,,
1642266,Ja'Kobe Walter,1610612761,TOR,G,21.0,72,67,0.413,,,,,,Less Than 10Ft,Regular Season,,,,,0.105,,,,,,,,,149.0,218.0,0.683,0.579,,,,
1630591,Jalen Suggs,1610612753,ORL,G,25.0,57,56,0.397,,,,,,Less Than 10Ft,Regular Season,,,,,0.038,,,,,,,,,136.0,218.0,0.624,0.586,,,,
1627824,Guerschon Yabusele,1610612741,CHI,F,30.0,65,59,0.561,,,,,,Less Than 10Ft,Regular Season,,,,,0.025,,,,,,,,,134.0,215.0,0.623,0.598,,,,
1628379,Luke Kennard,1610612747,LAL,G,30.0,77,66,0.418,,,,,,Less Than 10Ft,Regular Season,,,,,0.007,,,,,,,,,127.0,215.0,0.591,0.584,,,,
201143,Al Horford,1610612744,GSW,C-F,40.0,45,45,0.468,,,,,,Less Than 10Ft,Regular Season,,,,,-0.078,,,,,,,,,110.0,215.0,0.512,0.59,,,,
1631106,Tari Eason,1610612745,HOU,F,25.0,60,58,0.421,,,,,,Less Than 10Ft,Regular Season,,,,,-0.018,,,,,,,,,122.0,214.0,0.57,0.588,,,,
1630170,Devin Vassell,1610612759,SAS,G-F,25.0,67,61,0.391,,,,,,Less Than 10Ft,Regular Season,,,,,-0.027,,,,,,,,,119.0,214.0,0.556,0.583,,,,
1642849,Nolan Traore,1610612751,BKN,G,20.0,56,54,0.52,,,,,,Less Than 10Ft,Regular Season,,,,,-0.003,,,,,,,,,124.0,213.0,0.582,0.585,,,,
1631097,Bennedict Mathurin,1610612746,LAC,G-F,24.0,54,54,0.446,,,,,,Less Than 10Ft,Regular Season,,,,,0.044,,,,,,,,,132.0,210.0,0.629,0.585,,,,
1641707,Taylor Hendricks,1610612763,MEM,F,22.0,58,56,0.481,,,,,,Less Than 10Ft,Regular Season,,,,,0.008,,,,,,,,,127.0,210.0,0.605,0.597,,,,
1628378,Donovan Mitchell,1610612739,CLE,G,29.0,70,64,0.34,,,,,,Less Than 10Ft,Regular Season,,,,,0.035,,,,,,,,,131.0,209.0,0.627,0.592,,,,
1630208,Nick Richards,1610612741,CHI,C,28.0,47,43,0.569,,,,,,Less Than 10Ft,Regular Season,,,,,0.002,,,,,,,,,126.0,209.0,0.603,0.601,,,,
1641757,Jordan Miller,1610612746,LAC,G,26.0,60,56,0.414,,,,,,Less Than 10Ft,Regular Season,,,,,0.029,,,,,,,,,128.0,208.0,0.615,0.586,,,,
1642383,Walter Clayton Jr.,1610612763,MEM,G,23.0,69,63,0.353,,,,,,Less Than 10Ft,Regular Season,,,,,0.061,,,,,,,,,132.0,207.0,0.638,0.577,,,,
1630598,Aaron Wiggins,1610612760,OKC,G,27.0,64,62,0.387,,,,,,Less Than 10Ft,Regular Season,,,,,-0.032,,,,,,,,,114.0,207.0,0.551,0.582,,,,
1629627,Zion Williamson,1610612740,NOP,F,25.0,62,61,0.35,,,,,,Less Than 10Ft,Regular Season,,,,,0.024,,,,,,,,,129.0,206.0,0.626,0.602,,,,
1630314,Brandon Williams,1610612742,DAL,G,26.0,66,63,0.395,,,,,,Less Than 10Ft,Regular Season,,,,,0.117,,,,,,,,,142.0,206.0,0.689,0.572,,,,
202699,Tobias Harris,1610612765,DET,F,33.0,63,60,0.385,,,,,,Less Than 10Ft,Regular Season,,,,,0.001,,,,,,,,,120.0,205.0,0.585,0.585,,,,
1630249,Vít Krejčí,1610612757,POR,G,26.0,65,61,0.43,,,,,,Less Than 10Ft,Regular Season,,,,,0.031,,,,,,,,,123.0,205.0,0.6,0.569,,,,
1631200,Kris Murray,1610612757,POR,F,25.0,57,55,0.527,,,,,,Less Than 10Ft,Regular Season,,,,,-0.037,,,,,,,,,111.0,205.0,0.541,0.578,,,,
204001,Kristaps Porziņģis,1610612744,GSW,F-C,30.0,32,32,0.496,,,,,,Less Than 10Ft,Regular Season,,,,,-0.088,,,,,,,,,104.0,205.0,0.507,0.595,,,,
1631107,Nikola Jović,1610612748,MIA,F,23.0,44,39,0.519,,,,,,Less Than 10Ft,Regular Season,,,,,-0.034,,,,,,,,,113.0,205.0,0.551,0.585,,,,
2544,LeBron James,1610612747,LAL,F,41.0,60,59,0.395,,,,,,Less Than 10Ft,Regular Season,,,,,0.013,,,,,,,,,125.0,204.0,0.613,0.6,,,,
1642461,Spencer Jones,1610612743,DEN,F,25.0,62,55,0.404,,,,,,Less Than 10Ft,Regular Season,,,,,0.022,,,,,,,,,123.0,203.0,0.606,0.584,,,,
1641731,Bilal Coulibaly,1610612764,WAS,G,21.0,55,51,0.493,,,,,,Less Than 10Ft,Regular Season,,,,,-0.034,,,,,,,,,112.0,202.0,0.554,0.589,,,,
1629611,Terance Mann,1610612751,BKN,G-F,29.0,63,61,0.411,,,,,,Less Than 10Ft,Regular Season,,,,,0.045,,,,,,,,,126.0,202.0,0.624,0.579,,,,
1630180,Saddiq Bey,1610612740,NOP,G-F,27.0,72,68,0.355,,,,,,Less Than 10Ft,Regular Season,,,,,0.023,,,,,,,,,125.0,200.0,0.625,0.602,,,,
1641854,Craig Porter Jr.,1610612739,CLE,G,26.0,63,58,0.418,,,,,,Less Than 10Ft,Regular Season,,,,,-0.004,,,,,,,,,115.0,200.0,0.575,0.579,,,,
1628415,Dillon Brooks,1610612756,PHX,G-F,30.0,55,54,0.351,,,,,,Less Than 10Ft,Regular Season,,,,,0.057,,,,,,,,,129.0,199.0,0.648,0.592,,,,
1628374,Lauri Markkanen,1610612762,UTA,F-C,29.0,42,42,0.418,,,,,,Less Than 10Ft,Regular Season,,,,,-0.018,,,,,,,,,115.0,199.0,0.578,0.596,,,,
1642346,Ryan Dunn,1610612756,PHX,F,23.0,69,63,0.407,,,,,,Less Than 10Ft,Regular Season,,,,,0.012,,,,,,,,,118.0,198.0,0.596,0.584,,,,
1630200,Tre Jones,1610612741,CHI,G,26.0,65,59,0.395,,,,,,Less Than 10Ft,Regular Season,,,,,0.067,,,,,,,,,126.0,197.0,0.64,0.573,,,,
1642281,Jaylon Tyson,1610612739,CLE,G-F,23.0,66,63,0.315,,,,,,Less Than 10Ft,Regular Season,,,,,0.026,,,,,,,,,118.0,197.0,0.599,0.573,,,,
1630529,Herbert Jones,1610612740,NOP,F,27.0,56,53,0.423,,,,,,Less Than 10Ft,Regular Season,,,,,0.085,,,,,,,,,134.0,196.0,0.684,0.599,,,,
1642848,Tre Johnson,1610612764,WAS,G,20.0,59,57,0.433,,,,,,Less Than 10Ft,Regular Season,,,,,0.073,,,,,,,,,128.0,196.0,0.653,0.58,,,,
1628418,Thomas Bryant,1610612739,CLE,C-F,28.0,58,47,0.54,,,,,,Less Than 10Ft,Regular Season,,,,,-0.074,,,,,,,,,101.0,196.0,0.515,0.589,,,,
1641775,Jordan Walsh,1610612738,BOS,G,22.0,65,57,0.441,,,,,,Less Than 10Ft,Regular Season,,,,,-0.058,,,,,,,,,100.0,194.0,0.515,0.574,,,,
1629614,Andrew Nembhard,1610612754,IND,G-F,26.0,57,53,0.37,,,,,,Less Than 10Ft,Regular Season,,,,,0.078,,,,,,,,,128.0,193.0,0.663,0.585,,,,
1642844,Dylan Harper,1610612759,SAS,G,20.0,69,66,0.434,,,,,,Less Than 10Ft,Regular Season,,,,,-0.048,,,,,,,,,101.0,192.0,0.526,0.574,,,,
1630202,Payton Pritchard,1610612738,BOS,G,28.0,79,72,0.295,,,,,,Less Than 10Ft,Regular Season,,,,,0.05,,,,,,,,,121.0,191.0,0.634,0.584,,,,
1629661,Cameron Johnson,1610612743,DEN,F,30.0,54,54,0.351,,,,,,Less Than 10Ft,Regular Season,,,,,0.01,,,,,,,,,113.0,189.0,0.598,0.588,,,,
202691,Klay Thompson,1610612742,DAL,G,36.0,69,65,0.466,,,,,,Less Than 10Ft,Regular Season,,,,,-0.034,,,,,,,,,103.0,186.0,0.554,0.587,,,,
1631248,Baylor Scheierman,1610612738,BOS,G,25.0,74,61,0.379,,,,,,Less Than 10Ft,Regular Season,,,,,-0.026,,,,,,,,,102.0,185.0,0.551,0.577,,,,
1630264,Anthony Gill,1610612764,WAS,F,33.0,49,43,0.46,,,,,,Less Than 10Ft,Regular Season,,,,,0.032,,,,,,,,,116.0,185.0,0.627,0.595,,,,
201566,Russell Westbrook,1610612758,SAC,G,37.0,64,58,0.392,,,,,,Less Than 10Ft,Regular Season,,,,,0.08,,,,,,,,,124.0,184.0,0.674,0.594,,,,
1628960,Grayson Allen,1610612756,PHX,G,30.0,51,48,0.38,,,,,,Less Than 10Ft,Regular Season,,,,,0.027,,,,,,,,,112.0,183.0,0.612,0.585,,,,
1631099,Keegan Murray,1610612758,SAC,F,25.0,23,23,0.598,,,,,,Less Than 10Ft,Regular Season,,,,,0.01,,,,,,,,,111.0,183.0,0.607,0.597,,,,
1630619,Moussa Cisse,1610612742,DAL,C,23.0,36,36,0.634,,,,,,Less Than 10Ft,Regular Season,,,,,-0.07,,,,,,,,,95.0,182.0,0.522,0.592,,,,
202331,Paul George,1610612755,PHI,F,36.0,37,37,0.448,,,,,,Less Than 10Ft,Regular Season,,,,,-0.021,,,,,,,,,104.0,182.0,0.571,0.592,,,,
1642285,Cam Spencer,1610612763,MEM,G,26.0,72,66,0.387,,,,,,Less Than 10Ft,Regular Season,,,,,0.048,,,,,,,,,113.0,181.0,0.624,0.577,,,,
1629652,Luguentz Dort,1610612760,OKC,G,27.0,69,63,0.283,,,,,,Less Than 10Ft,Regular Season,,,,,-0.008,,,,,,,,,105.0,181.0,0.58,0.588,,,,
1630579,Jericho Sims,1610612749,MIL,C,27.0,63,57,0.412,,,,,,Less Than 10Ft,Regular Season,,,,,0.021,,,,,,,,,111.0,181.0,0.613,0.592,,,,
1630311,Pat Spencer,1610612744,GSW,G,29.0,61,59,0.481,,,,,,Less Than 10Ft,Regular Season,,,,,0.129,,,,,,,,,128.0,180.0,0.711,0.582,,,,
1631321,Sidy Cissoko,1610612757,POR,G,22.0,70,62,0.447,,,,,,Less Than 10Ft,Regular Season,,,,,0.023,,,,,,,,,112.0,180.0,0.622,0.599,,,,
1629012,Collin Sexton,1610612741,CHI,G,27.0,68,61,0.344,,,,,,Less Than 10Ft,Regular Season,,,,,-0.034,,,,,,,,,97.0,179.0,0.542,0.576,,,,
203924,Jerami Grant,1610612757,POR,F,32.0,57,52,0.378,,,,,,Less Than 10Ft,Regular Season,,,,,0.05,,,,,,,,,115.0,178.0,0.646,0.596,,,,
203114,Khris Middleton,1610612742,DAL,F,34.0,62,58,0.373,,,,,,Less Than 10Ft,Regular Season,,,,,0.059,,,,,,,,,117.0,177.0,0.661,0.602,,,,
1627884,Derrick Jones Jr.,1610612746,LAC,F,29.0,50,50,0.375,,,,,,Less Than 10Ft,Regular Season,,,,,-0.029,,,,,,,,,99.0,176.0,0.563,0.592,,,,
1630163,LaMelo Ball,1610612766,CHA,G,24.0,70,65,0.377,,,,,,Less Than 10Ft,Regular Season,,,,,0.051,,,,,,,,,111.0,176.0,0.631,0.58,,,,
203471,Dennis Schröder,1610612739,CLE,G,32.0,70,66,0.343,,,,,,Less Than 10Ft,Regular Season,,,,,0.104,,,,,,,,,121.0,175.0,0.691,0.587,,,,
1631101,Shaedon Sharpe,1610612757,POR,G,23.0,50,46,0.402,,,,,,Less Than 10Ft,Regular Season,,,,,0.097,,,,,,,,,119.0,175.0,0.68,0.583,,,,
203500,Steven Adams,1610612745,HOU,C,32.0,32,32,0.486,,,,,,Less Than 10Ft,Regular Season,,,,,-0.002,,,,,,,,,103.0,172.0,0.599,0.601,,,,
1629750,Javonte Green,1610612765,DET,G,32.0,78,70,0.416,,,,,,Less Than 10Ft,Regular Season,,,,,0.0,,,,,,,,,101.0,172.0,0.587,0.587,,,,
201587,Nicolas Batum,1610612746,LAC,G-F,37.0,72,63,0.444,,,,,,Less Than 10Ft,Regular Season,,,,,0.067,,,,,,,,,112.0,172.0,0.651,0.585,,,,
1631128,Christian Braun,1610612743,DEN,G,25.0,44,44,0.344,,,,,,Less Than 10Ft,Regular Season,,,,,0.115,,,,,,,,,120.0,171.0,0.702,0.586,,,,
1641712,Rayan Rupert,1610612763,MEM,G-F,22.0,58,48,0.456,,,,,,Less Than 10Ft,Regular Season,,,,,0.092,,,,,,,,,116.0,171.0,0.678,0.586,,,,
203932,Aaron Gordon,1610612743,DEN,F,30.0,36,36,0.46,,,,,,Less Than 10Ft,Regular Season,,,,,0.01,,,,,,,,,104.0,171.0,0.608,0.598,,,,
1631323,Simone Fontecchio,1610612748,MIA,F,30.0,67,60,0.394,,,,,,Less Than 10Ft,Regular Season,,,,,0.005,,,,,,,,,101.0,170.0,0.594,0.589,,,,
1630692,Jordan Goodwin,1610612756,PHX,G,27.0,70,63,0.358,,,,,,Less Than 10Ft,Regular Season,,,,,0.015,,,,,,,,,103.0,170.0,0.606,0.591,,,,
1642920,Kobe Sanders,1610612746,LAC,G,24.0,67,60,0.4,,,,,,Less Than 10Ft,Regular Season,,,,,-0.018,,,,,,,,,96.0,168.0,0.571,0.59,,,,
1631172,Ousmane Dieng,1610612749,MIL,F,23.0,57,47,0.413,,,,,,Less Than 10Ft,Regular Season,,,,,-0.012,,,,,,,,,96.0,168.0,0.571,0.583,,,,
1641767,Ben Sheppard,1610612754,IND,G,24.0,65,60,0.415,,,,,,Less Than 10Ft,Regular Season,,,,,0.017,,,,,,,,,101.0,168.0,0.601,0.584,,,,
1626181,Norman Powell,1610612748,MIA,G,33.0,57,54,0.404,,,,,,Less Than 10Ft,Regular Season,,,,,0.01,,,,,,,,,100.0,167.0,0.599,0.589,,,,
1627734,Domantas Sabonis,1610612758,SAC,F-C,30.0,19,19,0.596,,,,,,Less Than 10Ft,Regular Season,,,,,0.064,,,,,,,,,111.0,167.0,0.665,0.6,,,,
1630696,Dru Smith,1610612748,MIA,G,28.0,69,59,0.369,,,,,,Less Than 10Ft,Regular Season,,,,,-0.021,,,,,,,,,93.0,167.0,0.557,0.578,,,,
1641718,Keyonte George,1610612762,UTA,G,22.0,54,49,0.297,,,,,,Less Than 10Ft,Regular Season,,,,,0.129,,,,,,,,,119.0,166.0,0.717,0.588,,,,
1629001,De'Anthony Melton,1610612744,GSW,G,28.0,49,44,0.445,,,,,,Less Than 10Ft,Regular Season,,,,,0.006,,,,,,,,,98.0,165.0,0.594,0.588,,,,
1642450,Daniss Jenkins,1610612765,DET,G,24.0,71,58,0.386,,,,,,Less Than 10Ft,Regular Season,,,,,0.152,,,,,,,,,121.0,165.0,0.733,0.582,,,,
1629014,Anfernee Simons,1610612741,CHI,G,27.0,55,52,0.41,,,,,,Less Than 10Ft,Regular Season,,,,,0.086,,,,,,,,,109.0,164.0,0.665,0.578,,,,
1642954,Will Richard,1610612744,GSW,G,23.0,67,60,0.367,,,,,,Less Than 10Ft,Regular Season,,,,,0.096,,,,,,,,,109.0,164.0,0.665,0.568,,,,
1630557,Corey Kispert,1610612737,ATL,F,27.0,58,54,0.421,,,,,,Less Than 10Ft,Regular Season,,,,,0.025,,,,,,,,,100.0,164.0,0.61,0.585,,,,
1641842,Ronald Holland II,1610612765,DET,F,20.0,78,66,0.354,,,,,,Less Than 10Ft,Regular Season,,,,,0.012,,,,,,,,,96.0,163.0,0.589,0.577,,,,
1630533,Ziaire Williams,1610612751,BKN,F,24.0,56,50,0.364,,,,,,Less Than 10Ft,Regular Season,,,,,0.052,,,,,,,,,102.0,162.0,0.63,0.578,,,,
1630538,Bones Hyland,1610612750,MIN,G,25.0,70,59,0.403,,,,,,Less Than 10Ft,Regular Season,,,,,0.097,,,,,,,,,109.0,162.0,0.673,0.576,,,,
1629020,Jarred Vanderbilt,1610612747,LAL,F,27.0,61,58,0.502,,,,,,Less Than 10Ft,Regular Season,,,,,-0.031,,,,,,,,,91.0,160.0,0.569,0.6,,,,
1642879,Ben Saraf,1610612751,BKN,G,20.0,44,43,0.491,,,,,,Less Than 10Ft,Regular Season,,,,,0.05,,,,,,,,,100.0,159.0,0.629,0.579,,,,
1642869,Noah Penda,1610612753,ORL,G-F,21.0,55,51,0.505,,,,,,Less Than 10Ft,Regular Season,,,,,0.027,,,,,,,,,98.0,158.0,0.62,0.593,,,,
1629636,Darius Garland,1610612746,LAC,G,26.0,45,43,0.362,,,,,,Less Than 10Ft,Regular Season,,,,,0.09,,,,,,,,,107.0,158.0,0.677,0.588,,,,
1628370,Malik Monk,1610612758,SAC,G,28.0,62,53,0.391,,,,,,Less Than 10Ft,Regular Season,,,,,0.07,,,,,,,,,102.0,158.0,0.646,0.575,,,,
1631218,Trayce Jackson-Davis,1610612761,TOR,F,26.0,48,42,0.585,,,,,,Less Than 10Ft,Regular Season,,,,,-0.059,,,,,,,,,84.0,158.0,0.532,0.591,,,,
201567,Kevin Love,1610612762,UTA,F-C,37.0,36,35,0.604,,,,,,Less Than 10Ft,Regular Season,,,,,0.089,,,,,,,,,109.0,157.0,0.694,0.605,,,,
1631169,Josh Minott,1610612751,BKN,F,23.0,48,45,0.452,,,,,,Less Than 10Ft,Regular Season,,,,,-0.018,,,,,,,,,88.0,155.0,0.568,0.586,,,,
1630241,Sam Merrill,1610612739,CLE,G,30.0,52,50,0.378,,,,,,Less Than 10Ft,Regular Season,,,,,-0.002,,,,,,,,,91.0,155.0,0.587,0.589,,,,
1628997,Caleb Martin,1610612742,DAL,F,30.0,56,48,0.468,,,,,,Less Than 10Ft,Regular Season,,,,,-0.026,,,,,,,,,86.0,154.0,0.558,0.585,,,,
1642962,Drake Powell,1610612751,BKN,G-F,20.0,60,54,0.47,,,,,,Less Than 10Ft,Regular Season,,,,,0.059,,,,,,,,,97.0,154.0,0.63,0.57,,,,
1627747,Caris LeVert,1610612765,DET,G,31.0,60,55,0.378,,,,,,Less Than 10Ft,Regular Season,,,,,-0.012,,,,,,,,,89.0,154.0,0.578,0.59,,,,
1642272,Jared McCain,1610612760,OKC,G,22.0,66,55,0.385,,,,,,Less Than 10Ft,Regular Season,,,,,0.046,,,,,,,,,96.0,153.0,0.627,0.582,,,,
1642268,Isaiah Collier,1610612762,UTA,G,21.0,59,53,0.347,,,,,,Less Than 10Ft,Regular Season,,,,,0.055,,,,,,,,,100.0,152.0,0.658,0.603,,,,
1630570,Trendon Watford,1610612755,PHI,G-F,25.0,50,47,0.415,,,,,,Less Than 10Ft,Regular Season,,,,,0.021,,,,,,,,,93.0,152.0,0.612,0.59,,,,
1629006,Josh Okogie,1610612745,HOU,G,27.0,75,61,0.379,,,,,,Less Than 10Ft,Regular Season,,,,,-0.001,,,,,,,,,90.0,152.0,0.592,0.593,,,,
1642942,Jahmai Mashack,1610612763,MEM,G,23.0,29,27,0.547,,,,,,Less Than 10Ft,Regular Season,,,,,0.089,,,,,,,,,104.0,151.0,0.689,0.6,,,,
203076,Anthony Davis,1610612764,WAS,F-C,33.0,20,20,0.484,,,,,,Less Than 10Ft,Regular Season,,,,,-0.087,,,,,,,,,78.0,151.0,0.517,0.604,,,,
203903,Jordan Clarkson,1610612752,NYK,G,34.0,69,61,0.386,,,,,,Less Than 10Ft,Regular Season,,,,,0.043,,,,,,,,,93.0,150.0,0.62,0.577,,,,
203937,Kyle Anderson,1610612750,MIN,F-G,32.0,43,41,0.449,,,,,,Less Than 10Ft,Regular Season,,,,,0.047,,,,,,,,,95.0,150.0,0.633,0.587,,,,
1642949,Yanic Konan Niederhäuser,1610612746,LAC,C,23.0,35,32,0.696,,,,,,Less Than 10Ft,Regular Season,,,,,-0.077,,,,,,,,,76.0,149.0,0.51,0.587,,,,
1642382,Branden Carlson,1610612760,OKC,C,27.0,39,34,0.567,,,,,,Less Than 10Ft,Regular Season,,,,,-0.078,,,,,,,,,77.0,149.0,0.517,0.595,,,,
1630534,Ochai Agbaji,1610612751,BKN,G,26.0,59,49,0.413,,,,,,Less Than 10Ft,Regular Season,,,,,-0.003,,,,,,,,,85.0,148.0,0.574,0.577,,,,
1642857,Kasparas Jakučionis,1610612748,MIA,G,20.0,51,44,0.382,,,,,,Less Than 10Ft,Regular Season,,,,,0.023,,,,,,,,,88.0,148.0,0.595,0.571,,,,
1642347,Jamal Shead,1610612761,TOR,G,23.0,82,67,0.29,,,,,,Less Than 10Ft,Regular Season,,,,,0.158,,,,,,,,,108.0,148.0,0.73,0.571,,,,
1629234,Drew Eubanks,1610612758,SAC,F-C,29.0,40,35,0.514,,,,,,Less Than 10Ft,Regular Season,,,,,-0.099,,,,,,,,,74.0,147.0,0.503,0.603,,,,
1642349,Ajay Mitchell,1610612760,OKC,G,24.0,57,54,0.358,,,,,,Less Than 10Ft,Regular Season,,,,,-0.032,,,,,,,,,80.0,147.0,0.544,0.577,,,,
1631159,Leonard Miller,1610612741,CHI,F,22.0,36,33,0.452,,,,,,Less Than 10Ft,Regular Season,,,,,0.03,,,,,,,,,90.0,146.0,0.616,0.587,,,,
1630574,Ariel Hukporti,1610612752,NYK,C,24.0,47,42,0.56,,,,,,Less Than 10Ft,Regular Season,,,,,-0.147,,,,,,,,,63.0,145.0,0.434,0.581,,,,
1629013,Landry Shamet,1610612752,NYK,G,29.0,50,48,0.364,,,,,,Less Than 10Ft,Regular Season,,,,,0.055,,,,,,,,,92.0,144.0,0.639,0.584,,,,
201144,Mike Conley,1610612750,MIN,G,38.0,52,48,0.427,,,,,,Less Than 10Ft,Regular Season,,,,,0.016,,,,,,,,,84.0,143.0,0.587,0.572,,,,
1627780,Gary Payton II,1610612744,GSW,G,33.0,71,59,0.385,,,,,,Less Than 10Ft,Regular Season,,,,,0.015,,,,,,,,,85.0,142.0,0.599,0.584,,,,
1629645,Kevin Porter Jr.,1610612749,MIL,G-F,26.0,38,38,0.297,,,,,,Less Than 10Ft,Regular Season,,,,,0.016,,,,,,,,,85.0,141.0,0.603,0.586,,,,
1642265,Rob Dillingham,1610612741,CHI,G,21.0,61,55,0.448,,,,,,Less Than 10Ft,Regular Season,,,,,0.118,,,,,,,,,97.0,141.0,0.688,0.57,,,,
1641772,Nae'Qwan Tomlin,1610612739,CLE,F,25.0,61,54,0.379,,,,,,Less Than 10Ft,Regular Season,,,,,-0.072,,,,,,,,,72.0,140.0,0.514,0.586,,,,
1641740,Jaylen Clark,1610612750,MIN,G,24.0,63,54,0.442,,,,,,Less Than 10Ft,Regular Season,,,,,-0.005,,,,,,,,,80.0,140.0,0.571,0.576,,,,
203935,Marcus Smart,1610612747,LAL,G,32.0,62,51,0.28,,,,,,Less Than 10Ft,Regular Season,,,,,0.018,,,,,,,,,84.0,140.0,0.6,0.582,,,,
1630192,Zeke Nnaji,1610612743,DEN,F-C,25.0,46,36,0.489,,,,,,Less Than 10Ft,Regular Season,,,,,-0.1,,,,,,,,,68.0,139.0,0.489,0.59,,,,
1630532,Franz Wagner,1610612753,ORL,F,24.0,34,32,0.379,,,,,,Less Than 10Ft,Regular Season,,,,,-0.007,,,,,,,,,81.0,139.0,0.583,0.59,,,,
1631250,Pete Nance,1610612749,MIL,F,26.0,40,32,0.459,,,,,,Less Than 10Ft,Regular Season,,,,,-0.049,,,,,,,,,74.0,139.0,0.532,0.581,,,,
1629631,De'Andre Hunter,1610612758,SAC,F-G,28.0,45,41,0.373,,,,,,Less Than 10Ft,Regular Season,,,,,0.022,,,,,,,,,86.0,139.0,0.619,0.597,,,,
1642868,Carter Bryant,1610612759,SAS,F,20.0,67,52,0.387,,,,,,Less Than 10Ft,Regular Season,,,,,-0.075,,,,,,,,,70.0,138.0,0.507,0.583,,,,
203897,Zach LaVine,1610612758,SAC,G,31.0,39,37,0.344,,,,,,Less Than 10Ft,Regular Season,,,,,0.111,,,,,,,,,98.0,137.0,0.715,0.605,,,,
203507,Giannis Antetokounmpo,1610612749,MIL,F,31.0,36,36,0.423,,,,,,Less Than 10Ft,Regular Season,,,,,-0.104,,,,,,,,,68.0,137.0,0.496,0.6,,,,
1642866,Joan Beringer,1610612750,MIN,F,19.0,38,35,0.67,,,,,,Less Than 10Ft,Regular Season,,,,,-0.052,,,,,,,,,70.0,134.0,0.522,0.574,,,,
1629639,Tyler Herro,1610612748,MIA,G,26.0,33,32,0.412,,,,,,Less Than 10Ft,Regular Season,,,,,0.057,,,,,,,,,86.0,134.0,0.642,0.585,,,,
1642863,Khaman Maluach,1610612756,PHX,C,19.0,45,39,0.563,,,,,,Less Than 10Ft,Regular Season,,,,,-0.177,,,,,,,,,57.0,134.0,0.425,0.602,,,,
1641738,Kobe Brown,1610612754,IND,F,26.0,56,41,0.41,,,,,,Less Than 10Ft,Regular Season,,,,,-0.014,,,,,,,,,76.0,133.0,0.571,0.586,,,,
201950,Jrue Holiday,1610612757,POR,G,36.0,53,45,0.281,,,,,,Less Than 10Ft,Regular Season,,,,,0.121,,,,,,,,,95.0,133.0,0.714,0.593,,,,
1629632,Coby White,1610612766,CHA,G,26.0,50,43,0.343,,,,,,Less Than 10Ft,Regular Season,,,,,0.029,,,,,,,,,80.0,132.0,0.606,0.577,,,,
1631121,Bryce McGowens,1610612740,NOP,G,23.0,41,35,0.399,,,,,,Less Than 10Ft,Regular Season,,,,,0.133,,,,,,,,,96.0,131.0,0.733,0.6,,,,
1631133,Jabari Walker,1610612755,PHI,F,23.0,60,50,0.512,,,,,,Less Than 10Ft,Regular Season,,,,,-0.009,,,,,,,,,77.0,131.0,0.588,0.597,,,,
1631245,Quenton Jackson,1610612754,IND,G,27.0,46,41,0.383,,,,,,Less Than 10Ft,Regular Season,,,,,0.069,,,,,,,,,84.0,129.0,0.651,0.582,,,,
1627741,Buddy Hield,1610612737,ATL,G,33.0,50,43,0.398,,,,,,Less Than 10Ft,Regular Season,,,,,0.074,,,,,,,,,82.0,127.0,0.646,0.572,,,,
1642277,Johnny Furphy,1610612754,IND,G,21.0,34,32,0.464,,,,,,Less Than 10Ft,Regular Season,,,,,0.064,,,,,,,,,83.0,127.0,0.654,0.59,,,,
1630540,Miles McBride,1610612752,NYK,G,25.0,41,39,0.331,,,,,,Less Than 10Ft,Regular Season,,,,,0.007,,,,,,,,,74.0,127.0,0.583,0.576,,,,
1642948,Ryan Nembhard,1610612742,DAL,G,23.0,58,48,0.357,,,,,,Less Than 10Ft,Regular Season,,,,,0.098,,,,,,,,,86.0,126.0,0.683,0.584,,,,
1629004,Svi Mykhailiuk,1610612762,UTA,G-F,29.0,50,43,0.328,,,,,,Less Than 10Ft,Regular Season,,,,,0.035,,,,,,,,,79.0,126.0,0.627,0.592,,,,
1642864,Hugo González,1610612738,BOS,G,20.0,69,61,0.333,,,,,,Less Than 10Ft,Regular Season,,,,,-0.024,,,,,,,,,71.0,126.0,0.563,0.587,,,,
1631132,Christian Koloko,1610612737,ATL,C,26.0,26,25,0.601,,,,,,Less Than 10Ft,Regular Season,,,,,-0.103,,,,,,,,,61.0,125.0,0.488,0.591,,,,
1631342,Daeqwon Plowden,1610612758,SAC,G-F,27.0,32,29,0.444,,,,,,Less Than 10Ft,Regular Season,,,,,0.028,,,,,,,,,76.0,123.0,0.618,0.59,,,,
1630198,Isaiah Joe,1610612760,OKC,G,26.0,71,55,0.274,,,,,,Less Than 10Ft,Regular Season,,,,,0.023,,,,,,,,,75.0,122.0,0.615,0.592,,,,
201939,Stephen Curry,1610612744,GSW,G,38.0,43,42,0.362,,,,,,Less Than 10Ft,Regular Season,,,,,0.042,,,,,,,,,76.0,122.0,0.623,0.581,,,,
1630631,Jose Alvarado,1610612752,NYK,G,28.0,68,51,0.299,,,,,,Less Than 10Ft,Regular Season,,,,,0.113,,,,,,,,,85.0,121.0,0.702,0.59,,,,
1628467,Maxi Kleber,1610612747,LAL,F,34.0,41,35,0.463,,,,,,Less Than 10Ft,Regular Season,,,,,0.001,,,,,,,,,71.0,119.0,0.597,0.596,,,,
1641722,Jordan Hawkins,1610612740,NOP,G,24.0,46,39,0.456,,,,,,Less Than 10Ft,Regular Season,,,,,0.076,,,,,,,,,78.0,119.0,0.655,0.579,,,,
1630702,Jaden Hardy,1610612764,WAS,G,23.0,50,43,0.468,,,,,,Less Than 10Ft,Regular Season,,,,,0.042,,,,,,,,,74.0,118.0,0.627,0.585,,,,
1642348,Justin Edwards,1610612755,PHI,F,22.0,55,48,0.383,,,,,,Less Than 10Ft,Regular Season,,,,,0.138,,,,,,,,,85.0,118.0,0.72,0.582,,,,
202710,Jimmy Butler III,1610612744,GSW,F,36.0,38,37,0.358,,,,,,Less Than 10Ft,Regular Season,,,,,0.083,,,,,,,,,77.0,115.0,0.67,0.587,,,,
1630592,Jalen Wilson,1610612751,BKN,F,25.0,51,41,0.403,,,,,,Less Than 10Ft,Regular Season,,,,,0.111,,,,,,,,,80.0,114.0,0.702,0.59,,,,
1629684,Grant Williams,1610612766,CHA,F,27.0,36,31,0.393,,,,,,Less Than 10Ft,Regular Season,,,,,0.019,,,,,,,,,67.0,112.0,0.598,0.58,,,,
1631131,Oscar Tshiebwe,1610612762,UTA,F-C,26.0,26,25,0.482,,,,,,Less Than 10Ft,Regular Season,,,,,0.104,,,,,,,,,77.0,110.0,0.7,0.596,,,,
1630228,Jonathan Kuminga,1610612737,ATL,F,23.0,36,34,0.388,,,,,,Less Than 10Ft,Regular Season,,,,,0.068,,,,,,,,,72.0,109.0,0.661,0.592,,,,
1627936,Alex Caruso,1610612760,OKC,G,32.0,56,45,0.314,,,,,,Less Than 10Ft,Regular Season,,,,,0.016,,,,,,,,,64.0,107.0,0.598,0.583,,,,
1629673,Jordan Poole,1610612740,NOP,G,27.0,39,36,0.373,,,,,,Less Than 10Ft,Regular Season,,,,,0.047,,,,,,,,,68.0,107.0,0.636,0.588,,,,
204456,T.J. McConnell,1610612754,IND,G,34.0,55,46,0.382,,,,,,Less Than 10Ft,Regular Season,,,,,0.077,,,,,,,,,69.0,104.0,0.663,0.587,,,,
1628371,Jonathan Isaac,1610612753,ORL,F,28.0,47,38,0.556,,,,,,Less Than 10Ft,Regular Season,,,,,-0.154,,,,,,,,,45.0,104.0,0.433,0.587,,,,
1631124,Julian Strawther,1610612743,DEN,G,24.0,52,41,0.379,,,,,,Less Than 10Ft,Regular Season,,,,,-0.016,,,,,,,,,58.0,102.0,0.569,0.585,,,,
1630703,Scoot Henderson,1610612757,POR,G,22.0,30,30,0.459,,,,,,Less Than 10Ft,Regular Season,,,,,0.019,,,,,,,,,61.0,102.0,0.598,0.579,,,,
1641724,Jett Howard,1610612753,ORL,G,22.0,49,40,0.488,,,,,,Less Than 10Ft,Regular Season,,,,,-0.009,,,,,,,,,59.0,101.0,0.584,0.593,,,,
1641711,Gradey Dick,1610612761,TOR,G-F,22.0,71,55,0.304,,,,,,Less Than 10Ft,Regular Season,,,,,0.064,,,,,,,,,65.0,101.0,0.644,0.579,,,,
1642275,Tidjane Salaün,1610612766,CHA,F,20.0,33,30,0.461,,,,,,Less Than 10Ft,Regular Season,,,,,0.061,,,,,,,,,64.0,101.0,0.634,0.573,,,,
1642882,Julian Reese,1610612764,WAS,F,23.0,13,13,0.527,,,,,,Less Than 10Ft,Regular Season,,,,,0.051,,,,,,,,,62.0,99.0,0.626,0.575,,,,
1642854,Asa Newell,1610612737,ATL,F,20.0,40,36,0.481,,,,,,Less Than 10Ft,Regular Season,,,,,-0.011,,,,,,,,,58.0,99.0,0.586,0.597,,,,
1628988,Aaron Holiday,1610612745,HOU,G,29.0,51,36,0.376,,,,,,Less Than 10Ft,Regular Season,,,,,0.022,,,,,,,,,60.0,99.0,0.606,0.584,,,,
1631110,Jeremy Sochan,1610612752,NYK,F,23.0,37,29,0.513,,,,,,Less Than 10Ft,Regular Season,,,,,0.008,,,,,,,,,58.0,98.0,0.592,0.584,,,,
1628396,Tony Bradley,1610612737,ATL,C-F,28.0,35,31,0.551,,,,,,Less Than 10Ft,Regular Season,,,,,-0.071,,,,,,,,,52.0,98.0,0.531,0.601,,,,
1630224,Jalen Green,1610612756,PHX,G,24.0,32,30,0.401,,,,,,Less Than 10Ft,Regular Season,,,,,0.063,,,,,,,,,63.0,97.0,0.649,0.586,,,,
1642880,Kam Jones,1610612754,IND,G,24.0,33,30,0.567,,,,,,Less Than 10Ft,Regular Season,,,,,0.085,,,,,,,,,64.0,97.0,0.66,0.574,,,,
1642914,Javon Small,1610612763,MEM,G,23.0,37,35,0.38,,,,,,Less Than 10Ft,Regular Season,,,,,0.004,,,,,,,,,56.0,97.0,0.577,0.574,,,,
1631207,Dalen Terry,1610612755,PHI,F,23.0,40,33,0.485,,,,,,Less Than 10Ft,Regular Season,,,,,-0.011,,,,,,,,,54.0,96.0,0.563,0.574,,,,
1631288,Jamal Cain,1610612753,ORL,F,27.0,36,29,0.473,,,,,,Less Than 10Ft,Regular Season,,,,,0.024,,,,,,,,,57.0,95.0,0.6,0.576,,,,
1631246,Vince Williams Jr.,1610612762,UTA,G,25.0,40,37,0.316,,,,,,Less Than 10Ft,Regular Season,,,,,-0.008,,,,,,,,,56.0,95.0,0.589,0.598,,,,
1630679,Ethan Thompson,1610612754,IND,G,27.0,29,25,0.406,,,,,,Less Than 10Ft,Regular Season,,,,,0.087,,,,,,,,,62.0,95.0,0.653,0.565,,,,
1631213,Tyrese Martin,1610612755,PHI,F,27.0,43,35,0.408,,,,,,Less Than 10Ft,Regular Season,,,,,0.054,,,,,,,,,61.0,95.0,0.642,0.588,,,,
1628975,Jevon Carter,1610612753,ORL,G,30.0,49,40,0.353,,,,,,Less Than 10Ft,Regular Season,,,,,0.1,,,,,,,,,64.0,94.0,0.681,0.581,,,,
1643007,Taelon Peter,1610612754,IND,G,24.0,33,27,0.485,,,,,,Less Than 10Ft,Regular Season,,,,,0.14,,,,,,,,,68.0,94.0,0.723,0.583,,,,
1630560,Cam Thomas,1610612749,MIL,G,24.0,41,35,0.386,,,,,,Less Than 10Ft,Regular Season,,,,,0.184,,,,,,,,,72.0,93.0,0.774,0.59,,,,
1626145,Tyus Jones,1610612743,DEN,G,30.0,60,48,0.365,,,,,,Less Than 10Ft,Regular Season,,,,,0.22,,,,,,,,,74.0,93.0,0.796,0.576,,,,
1642877,Micah Peavy,1610612740,NOP,G-F,24.0,54,40,0.373,,,,,,Less Than 10Ft,Regular Season,,,,,0.05,,,,,,,,,60.0,93.0,0.645,0.595,,,,
1642853,Rasheer Fleming,1610612756,PHX,F,21.0,48,36,0.426,,,,,,Less Than 10Ft,Regular Season,,,,,-0.083,,,,,,,,,45.0,92.0,0.489,0.572,,,,
1630536,Sharife Cooper,1610612764,WAS,G,25.0,37,31,0.416,,,,,,Less Than 10Ft,Regular Season,,,,,0.073,,,,,,,,,60.0,92.0,0.652,0.579,,,,
1631123,Jamaree Bouyea,1610612756,PHX,G,27.0,40,34,0.448,,,,,,Less Than 10Ft,Regular Season,,,,,-0.022,,,,,,,,,51.0,90.0,0.567,0.589,,,,
1642261,Dalton Knecht,1610612747,LAL,F,25.0,44,38,0.476,,,,,,Less Than 10Ft,Regular Season,,,,,0.087,,,,,,,,,60.0,90.0,0.667,0.579,,,,
1642905,Yang Hansen,1610612757,POR,C,21.0,39,36,0.469,,,,,,Less Than 10Ft,Regular Season,,,,,-0.043,,,,,,,,,50.0,90.0,0.556,0.598,,,,
1631114,Jalen Williams,1610612760,OKC,G-F,25.0,33,30,0.387,,,,,,Less Than 10Ft,Regular Season,,,,,0.047,,,,,,,,,57.0,89.0,0.64,0.594,,,,
1630544,Tre Mann,1610612766,CHA,G,25.0,48,40,0.421,,,,,,Less Than 10Ft,Regular Season,,,,,0.122,,,,,,,,,62.0,88.0,0.705,0.583,,,,
1629018,Gary Trent Jr.,1610612749,MIL,G,27.0,58,46,0.29,,,,,,Less Than 10Ft,Regular Season,,,,,0.097,,,,,,,,,60.0,88.0,0.682,0.584,,,,
1642269,Devin Carter,1610612758,SAC,G,24.0,36,29,0.344,,,,,,Less Than 10Ft,Regular Season,,,,,0.128,,,,,,,,,62.0,87.0,0.713,0.584,,,,
1641989,Elijah Harkless,1610612762,UTA,G,26.0,25,22,0.426,,,,,,Less Than 10Ft,Regular Season,,,,,0.152,,,,,,,,,65.0,87.0,0.747,0.595,,,,
1631093,Jaden Ivey,1610612741,CHI,G,24.0,37,33,0.408,,,,,,Less Than 10Ft,Regular Season,,,,,0.082,,,,,,,,,56.0,86.0,0.651,0.57,,,,
1629618,Jalen Pickett,1610612743,DEN,G,26.0,42,36,0.372,,,,,,Less Than 10Ft,Regular Season,,,,,-0.101,,,,,,,,,39.0,84.0,0.464,0.565,,,,
1642885,Mohamed Diawara,1610612752,NYK,F,21.0,57,39,0.415,,,,,,Less Than 10Ft,Regular Season,,,,,0.01,,,,,,,,,49.0,83.0,0.59,0.58,,,,
1642278,Tyler Kolek,1610612752,NYK,G,25.0,53,38,0.366,,,,,,Less Than 10Ft,Regular Season,,,,,0.054,,,,,,,,,52.0,83.0,0.627,0.572,,,,
1629216,Gabe Vincent,1610612737,ATL,G,30.0,53,40,0.278,,,,,,Less Than 10Ft,Regular Season,,,,,0.098,,,,,,,,,55.0,82.0,0.671,0.572,,,,
1629026,Kenrich Williams,1610612760,OKC,G-F,31.0,54,38,0.343,,,,,,Less Than 10Ft,Regular Season,,,,,-0.038,,,,,,,,,45.0,81.0,0.556,0.594,,,,
1628366,Lonzo Ball,1610612739,CLE,G,28.0,34,27,0.336,,,,,,Less Than 10Ft,Regular Season,,,,,-0.023,,,,,,,,,43.0,78.0,0.551,0.575,,,,
1641771,Jalen Slawson,1610612754,IND,F,26.0,13,13,0.545,,,,,,Less Than 10Ft,Regular Season,,,,,-0.082,,,,,,,,,40.0,78.0,0.513,0.595,,,,
1641778,Leaky Black,1610612764,WAS,F,27.0,15,14,0.553,,,,,,Less Than 10Ft,Regular Season,,,,,0.071,,,,,,,,,51.0,78.0,0.654,0.583,,,,
1627827,Dorian Finney-Smith,1610612745,HOU,F,33.0,37,33,0.363,,,,,,Less Than 10Ft,Regular Season,,,,,0.13,,,,,,,,,57.0,78.0,0.731,0.601,,,,
1643016,Bez Mbeng,1610612762,UTA,G,23.0,15,15,0.416,,,,,,Less Than 10Ft,Regular Season,,,,,0.012,,,,,,,,,45.0,77.0,0.584,0.572,,,,
203484,Kentavious Caldwell-Pope,1610612763,MEM,G,33.0,49,40,0.315,,,,,,Less Than 10Ft,Regular Season,,,,,0.17,,,,,,,,,58.0,76.0,0.763,0.593,,,,
1626172,Kevon Looney,1610612740,NOP,F,30.0,21,19,0.439,,,,,,Less Than 10Ft,Regular Season,,,,,0.09,,,,,,,,,53.0,76.0,0.697,0.607,,,,
1642419,Jamison Battle,1610612761,TOR,F,25.0,49,40,0.494,,,,,,Less Than 10Ft,Regular Season,,,,,-0.027,,,,,,,,,42.0,76.0,0.553,0.58,,,,
1626156,D'Angelo Russell,1610612764,WAS,G,30.0,26,23,0.38,,,,,,Less Than 10Ft,Regular Season,,,,,0.088,,,,,,,,,48.0,73.0,0.658,0.569,,,,
1630175,Cole Anthony,1610612749,MIL,G,26.0,33,28,0.369,,,,,,Less Than 10Ft,Regular Season,,,,,0.036,,,,,,,,,45.0,73.0,0.616,0.58,,,,
1629021,Moritz Wagner,1610612753,ORL,F-C,29.0,35,30,0.429,,,,,,Less Than 10Ft,Regular Season,,,,,0.026,,,,,,,,,45.0,72.0,0.625,0.599,,,,
1630182,Josh Green,1610612766,CHA,G,25.0,54,39,0.301,,,,,,Less Than 10Ft,Regular Season,,,,,-0.007,,,,,,,,,40.0,71.0,0.563,0.57,,,,
203914,Gary Harris,1610612749,MIL,G,31.0,45,31,0.287,,,,,,Less Than 10Ft,Regular Season,,,,,0.093,,,,,,,,,47.0,70.0,0.671,0.579,,,,
1630604,E.J. Liddell,1610612751,BKN,F,25.0,24,23,0.53,,,,,,Less Than 10Ft,Regular Season,,,,,-0.014,,,,,,,,,41.0,70.0,0.586,0.6,,,,
1627752,Taurean Prince,1610612749,MIL,F,32.0,26,22,0.411,,,,,,Less Than 10Ft,Regular Season,,,,,0.155,,,,,,,,,52.0,69.0,0.754,0.598,,,,
1631126,Caleb Love,1610612757,POR,G,24.0,47,35,0.274,,,,,,Less Than 10Ft,Regular Season,,,,,0.171,,,,,,,,,52.0,68.0,0.765,0.593,,,,
1641871,Duop Reath,1610612757,POR,C,30.0,26,22,0.557,,,,,,Less Than 10Ft,Regular Season,,,,,-0.055,,,,,,,,,36.0,68.0,0.529,0.584,,,,
1642950,Lachlan Olbrich,1610612741,CHI,C,22.0,29,23,0.507,,,,,,Less Than 10Ft,Regular Season,,,,,-0.001,,,,,,,,,39.0,68.0,0.574,0.574,,,,
1630526,Jeremiah Robinson-Earl,1610612742,DAL,F,25.0,21,19,0.475,,,,,,Less Than 10Ft,Regular Season,,,,,0.145,,,,,,,,,50.0,67.0,0.746,0.602,,,,
203926,Doug McDermott,1610612758,SAC,F,34.0,27,24,0.452,,,,,,Less Than 10Ft,Regular Season,,,,,-0.002,,,,,,,,,37.0,66.0,0.561,0.563,,,,
1630545,Terrence Shannon Jr,1610612750,MIN,G-F,25.0,39,29,0.446,,,,,,Less Than 10Ft,Regular Season,,,,,0.129,,,,,,,,,47.0,66.0,0.712,0.583,,,,
1641744,Zach Edey,1610612763,MEM,C,24.0,11,11,0.556,,,,,,Less Than 10Ft,Regular Season,,,,,-0.153,,,,,,,,,29.0,65.0,0.446,0.6,,,,
1642066,Myron Gardner,1610612748,MIA,F,25.0,39,29,0.439,,,,,,Less Than 10Ft,Regular Season,,,,,-0.048,,,,,,,,,35.0,65.0,0.538,0.587,,,,
1641790,PJ Hall,1610612766,CHA,C,24.0,17,16,0.52,,,,,,Less Than 10Ft,Regular Season,,,,,-0.04,,,,,,,,,35.0,64.0,0.547,0.587,,,,
1626204,Larry Nance Jr.,1610612739,CLE,F-C,33.0,32,28,0.403,,,,,,Less Than 10Ft,Regular Season,,,,,0.009,,,,,,,,,39.0,64.0,0.609,0.6,,,,
1630587,Isaiah Livers,1610612756,PHX,F,27.0,33,29,0.481,,,,,,Less Than 10Ft,Regular Season,,,,,0.031,,,,,,,,,39.0,63.0,0.619,0.588,,,,
203992,Bogdan Bogdanović,1610612746,LAC,G,33.0,22,21,0.382,,,,,,Less Than 10Ft,Regular Season,,,,,0.125,,,,,,,,,45.0,63.0,0.714,0.589,,,,
203482,Kelly Olynyk,1610612759,SAS,F-C,35.0,38,28,0.335,,,,,,Less Than 10Ft,Regular Season,,,,,0.066,,,,,,,,,42.0,63.0,0.667,0.601,,,,
1630811,Keaton Wallace,1610612737,ATL,G,27.0,43,29,0.343,,,,,,Less Than 10Ft,Regular Season,,,,,0.078,,,,,,,,,40.0,61.0,0.656,0.577,,,,
1641747,DaRon Holmes II,1610612743,DEN,F,23.0,21,17,0.536,,,,,,Less Than 10Ft,Regular Season,,,,,0.028,,,,,,,,,38.0,60.0,0.633,0.605,,,,
1627749,Dejounte Murray,1610612740,NOP,G,29.0,14,14,0.487,,,,,,Less Than 10Ft,Regular Season,,,,,0.117,,,,,,,,,42.0,58.0,0.724,0.608,,,,
1630256,Jae'Sean Tate,1610612745,HOU,F,30.0,39,25,0.416,,,,,,Less Than 10Ft,Regular Season,,,,,0.054,,,,,,,,,35.0,57.0,0.614,0.56,,,,
1642878,Tyrese Proctor,1610612739,CLE,G,22.0,42,31,0.392,,,,,,Less Than 10Ft,Regular Season,,,,,0.115,,,,,,,,,39.0,56.0,0.696,0.582,,,,
1642352,Keshad Johnson,1610612748,MIA,F,25.0,25,18,0.577,,,,,,Less Than 10Ft,Regular Season,,,,,-0.083,,,,,,,,,28.0,56.0,0.5,0.583,,,,
1642862,Liam McNeeley,1610612766,CHA,F,20.0,29,24,0.463,,,,,,Less Than 10Ft,Regular Season,,,,,0.019,,,,,,,,,34.0,56.0,0.607,0.589,,,,
1641763,Julian Phillips,1610612750,MIN,F,22.0,41,31,0.407,,,,,,Less Than 10Ft,Regular Season,,,,,-0.002,,,,,,,,,31.0,55.0,0.564,0.566,,,,
1641869,Malachi Smith,1610612751,BKN,G,26.0,15,14,0.458,,,,,,Less Than 10Ft,Regular Season,,,,,0.091,,,,,,,,,37.0,55.0,0.673,0.582,,,,
1642353,Cam Christie,1610612746,LAC,G,20.0,48,31,0.307,,,,,,Less Than 10Ft,Regular Season,,,,,-0.026,,,,,,,,,29.0,54.0,0.537,0.563,,,,
1631174,Tyler Burton,1610612763,MEM,F,26.0,12,12,0.519,,,,,,Less Than 10Ft,Regular Season,,,,,0.11,,,,,,,,,38.0,54.0,0.704,0.594,,,,
1629599,Amir Coffey,1610612756,PHX,G-F,29.0,38,29,0.434,,,,,,Less Than 10Ft,Regular Season,,,,,-0.025,,,,,,,,,29.0,53.0,0.547,0.573,,,,
1642367,Jonathan Mogbo,1610612761,TOR,F,24.0,29,25,0.552,,,,,,Less Than 10Ft,Regular Season,,,,,0.022,,,,,,,,,31.0,53.0,0.585,0.563,,,,
1629027,Trae Young,1610612764,WAS,G,27.0,15,15,0.465,,,,,,Less Than 10Ft,Regular Season,,,,,0.059,,,,,,,,,34.0,53.0,0.642,0.582,,,,
1642358,AJ Johnson,1610612742,DAL,G,21.0,39,29,0.356,,,,,,Less Than 10Ft,Regular Season,,,,,0.107,,,,,,,,,35.0,52.0,0.673,0.566,,,,
1642859,Jase Richardson,1610612753,ORL,G,20.0,43,31,0.356,,,,,,Less Than 10Ft,Regular Season,,,,,0.084,,,,,,,,,34.0,52.0,0.654,0.569,,,,
1642964,Brooks Barnhizer,1610612760,OKC,G,24.0,37,25,0.382,,,,,,Less Than 10Ft,Regular Season,,,,,-0.035,,,,,,,,,29.0,52.0,0.558,0.593,,,,
1643052,Chaney Johnson,1610612751,BKN,G-F,24.0,17,15,0.49,,,,,,Less Than 10Ft,Regular Season,,,,,0.03,,,,,,,,,32.0,51.0,0.627,0.597,,,,
1641748,Andre Jackson Jr.,1610612749,MIL,G,24.0,37,25,0.403,,,,,,Less Than 10Ft,Regular Season,,,,,0.073,,,,,,,,,32.0,50.0,0.64,0.567,,,,
1628380,Zach Collins,1610612741,CHI,F-C,28.0,10,10,0.543,,,,,,Less Than 10Ft,Regular Season,,,,,-0.057,,,,,,,,,27.0,50.0,0.54,0.597,,,,
1628369,Jayson Tatum,1610612738,BOS,F-G,28.0,16,14,0.331,,,,,,Less Than 10Ft,Regular Season,,,,,0.082,,,,,,,,,33.0,49.0,0.673,0.591,,,,
1631166,Drew Timme,1610612747,LAL,F,25.0,21,19,0.441,,,,,,Less Than 10Ft,Regular Season,,,,,0.102,,,,,,,,,35.0,49.0,0.714,0.612,,,,
1630167,Obi Toppin,1610612754,IND,F,28.0,24,21,0.402,,,,,,Less Than 10Ft,Regular Season,,,,,-0.051,,,,,,,,,27.0,49.0,0.551,0.602,,,,
1641715,Cam Whitmore,1610612764,WAS,F,21.0,20,17,0.444,,,,,,Less Than 10Ft,Regular Season,,,,,0.132,,,,,,,,,34.0,48.0,0.708,0.576,,,,
1630286,Trevon Scott,1610612751,BKN,F,29.0,6,5,0.552,,,,,,Less Than 10Ft,Regular Season,,,,,0.108,,,,,,,,,36.0,48.0,0.75,0.642,,,,
1629630,Ja Morant,1610612763,MEM,G,26.0,20,16,0.291,,,,,,Less Than 10Ft,Regular Season,,,,,0.024,,,,,,,,,29.0,48.0,0.604,0.58,,,,
1629622,Max Strus,1610612739,CLE,G-F,30.0,12,12,0.353,,,,,,Less Than 10Ft,Regular Season,,,,,0.113,,,,,,,,,33.0,47.0,0.702,0.589,,,,
1642355,Bronny James,1610612747,LAL,G,21.0,34,24,0.422,,,,,,Less Than 10Ft,Regular Season,,,,,0.119,,,,,,,,,33.0,46.0,0.717,0.599,,,,
203486,Mason Plumlee,1610612759,SAS,F-C,36.0,18,16,0.465,,,,,,Less Than 10Ft,Regular Season,,,,,0.064,,,,,,,,,31.0,46.0,0.674,0.61,,,,
1641726,Dereck Lively II,1610612742,DAL,C,22.0,7,7,0.59,,,,,,Less Than 10Ft,Regular Season,,,,,-0.083,,,,,,,,,23.0,46.0,0.5,0.583,,,,
1642380,Adama Bal,1610612763,MEM,G,22.0,8,8,0.536,,,,,,Less Than 10Ft,Regular Season,,,,,0.151,,,,,,,,,35.0,45.0,0.778,0.627,,,,
1642502,Malevy Leons,1610612744,GSW,F,26.0,23,18,0.469,,,,,,Less Than 10Ft,Regular Season,,,,,-0.024,,,,,,,,,25.0,45.0,0.556,0.58,,,,
1630165,Killian Hayes,1610612758,SAC,G,24.0,21,17,0.321,,,,,,Less Than 10Ft,Regular Season,,,,,-0.086,,,,,,,,,21.0,43.0,0.488,0.574,,,,
1629660,Ty Jerome,1610612763,MEM,G-F,28.0,15,14,0.371,,,,,,Less Than 10Ft,Regular Season,,,,,0.062,,,,,,,,,29.0,43.0,0.674,0.612,,,,
1630623,Tyson Etienne,1610612751,BKN,G,26.0,20,14,0.413,,,,,,Less Than 10Ft,Regular Season,,,,,0.094,,,,,,,,,29.0,43.0,0.674,0.581,,,,
1626166,Cameron Payne,1610612755,PHI,G,31.0,21,18,0.448,,,,,,Less Than 10Ft,Regular Season,,,,,-0.023,,,,,,,,,24.0,43.0,0.558,0.581,,,,
1641733,Nick Smith Jr.,1610612747,LAL,G,22.0,27,20,0.374,,,,,,Less Than 10Ft,Regular Season,,,,,0.107,,,,,,,,,31.0,43.0,0.721,0.614,,,,
1643253,Toby Okani,1610612763,MEM,F,24.0,6,6,0.56,,,,,,Less Than 10Ft,Regular Season,,,,,0.087,,,,,,,,,28.0,42.0,0.667,0.58,,,,
1629646,Charles Bassey,1610612744,GSW,C-F,25.0,11,11,0.553,,,,,,Less Than 10Ft,Regular Season,,,,,-0.107,,,,,,,,,20.0,42.0,0.476,0.583,,,,
1631117,Walker Kessler,1610612762,UTA,C,24.0,5,5,0.575,,,,,,Less Than 10Ft,Regular Season,,,,,-0.114,,,,,,,,,20.0,42.0,0.476,0.59,,,,
1642967,John Poulakidas,1610612742,DAL,G,23.0,13,12,0.433,,,,,,Less Than 10Ft,Regular Season,,,,,0.142,,,,,,,,,30.0,42.0,0.714,0.572,,,,
1631199,Ron Harper Jr.,1610612738,BOS,G-F,26.0,24,16,0.455,,,,,,Less Than 10Ft,Regular Season,,,,,0.052,,,,,,,,,25.0,40.0,0.625,0.573,,,,
1631204,Marcus Sasser,1610612765,DET,G,25.0,32,24,0.392,,,,,,Less Than 10Ft,Regular Season,,,,,-0.078,,,,,,,,,20.0,40.0,0.5,0.578,,,,
201599,DeAndre Jordan,1610612740,NOP,C,37.0,12,12,0.4,,,,,,Less Than 10Ft,Regular Season,,,,,-0.099,,,,,,,,,21.0,40.0,0.525,0.624,,,,
1631104,Blake Wesley,1610612757,POR,G,23.0,26,19,0.425,,,,,,Less Than 10Ft,Regular Season,,,,,0.074,,,,,,,,,24.0,37.0,0.649,0.574,,,,
1643158,Andersson Garcia,1610612762,UTA,F,25.0,5,5,0.649,,,,,,Less Than 10Ft,Regular Season,,,,,-0.013,,,,,,,,,21.0,37.0,0.568,0.581,,,,
1631351,Lucas Williamson,1610612763,MEM,G,27.0,7,6,0.521,,,,,,Less Than 10Ft,Regular Season,,,,,0.054,,,,,,,,,24.0,37.0,0.649,0.595,,,,
1630214,Xavier Tillman,1610612766,CHA,F,27.0,23,18,0.409,,,,,,Less Than 10Ft,Regular Season,,,,,0.075,,,,,,,,,24.0,36.0,0.667,0.591,,,,
1642354,KJ Simpson,1610612743,DEN,G,23.0,16,14,0.45,,,,,,Less Than 10Ft,Regular Season,,,,,0.122,,,,,,,,,25.0,36.0,0.694,0.572,,,,
1630610,DeJon Jarreau,1610612763,MEM,G,28.0,11,10,0.443,,,,,,Less Than 10Ft,Regular Season,,,,,0.06,,,,,,,,,23.0,35.0,0.657,0.597,,,,
1626192,Pat Connaughton,1610612766,CHA,G,33.0,30,18,0.354,,,,,,Less Than 10Ft,Regular Season,,,,,0.009,,,,,,,,,20.0,34.0,0.588,0.579,,,,
202687,Bismack Biyombo,1610612759,SAS,C,33.0,22,15,0.459,,,,,,Less Than 10Ft,Regular Season,,,,,0.198,,,,,,,,,27.0,34.0,0.794,0.596,,,,
1630209,Omer Yurtseven,1610612744,GSW,C,28.0,8,8,0.708,,,,,,Less Than 10Ft,Regular Season,,,,,0.078,,,,,,,,,23.0,34.0,0.676,0.599,,,,
1631103,Malaki Branham,1610612764,WAS,F,23.0,22,18,0.384,,,,,,Less Than 10Ft,Regular Season,,,,,0.085,,,,,,,,,22.0,33.0,0.667,0.582,,,,
1631120,JD Davison,1610612745,HOU,G,23.0,23,17,0.451,,,,,,Less Than 10Ft,Regular Season,,,,,-0.102,,,,,,,,,15.0,32.0,0.469,0.571,,,,
1629162,Jordan McLaughlin,1610612759,SAS,G,30.0,31,21,0.364,,,,,,Less Than 10Ft,Regular Season,,,,,0.184,,,,,,,,,24.0,32.0,0.75,0.566,,,,
1631113,Kennedy Chandler,1610612762,UTA,G,23.0,11,10,0.352,,,,,,Less Than 10Ft,Regular Season,,,,,0.037,,,,,,,,,19.0,32.0,0.594,0.557,,,,
1641727,Dariq Whitehead,1610612763,MEM,G-F,21.0,6,6,0.477,,,,,,Less Than 10Ft,Regular Season,,,,,0.064,,,,,,,,,20.0,31.0,0.645,0.582,,,,
1630322,Lindy Waters III,1610612759,SAS,F,28.0,34,23,0.352,,,,,,Less Than 10Ft,Regular Season,,,,,0.029,,,,,,,,,19.0,31.0,0.613,0.584,,,,
1629680,Matisse Thybulle,1610612757,POR,G-F,29.0,29,20,0.244,,,,,,Less Than 10Ft,Regular Season,,,,,0.171,,,,,,,,,23.0,30.0,0.767,0.596,,,,
1629726,Garrison Mathews,1610612754,IND,G,29.0,13,12,0.492,,,,,,Less Than 10Ft,Regular Season,,,,,0.032,,,,,,,,,18.0,30.0,0.6,0.568,,,,
1641816,Hunter Tyson,1610612743,DEN,F,26.0,19,14,0.517,,,,,,Less Than 10Ft,Regular Season,,,,,0.016,,,,,,,,,18.0,30.0,0.6,0.584,,,,
1642396,Blake Hinson,1610612762,UTA,F,26.0,14,10,0.33,,,,,,Less Than 10Ft,Regular Season,,,,,0.043,,,,,,,,,19.0,30.0,0.633,0.591,,,,
101108,Chris Paul,1610612746,LAC,G,41.0,16,13,0.444,,,,,,Less Than 10Ft,Regular Season,,,,,0.111,,,,,,,,,19.0,28.0,0.679,0.567,,,,
201145,Jeff Green,1610612745,HOU,F,39.0,24,16,0.341,,,,,,Less Than 10Ft,Regular Season,,,,,0.049,,,,,,,,,17.0,28.0,0.607,0.558,,,,
1642449,Tolu Smith,1610612765,DET,F,25.0,12,10,0.549,,,,,,Less Than 10Ft,Regular Season,,,,,-0.077,,,,,,,,,14.0,28.0,0.5,0.577,,,,
201959,Taj Gibson,1610612763,MEM,F,41.0,10,8,0.578,,,,,,Less Than 10Ft,Regular Season,,,,,-0.052,,,,,,,,,14.0,26.0,0.538,0.59,,,,
1630590,Scotty Pippen Jr.,1610612763,MEM,G,25.0,10,10,0.31,,,,,,Less Than 10Ft,Regular Season,,,,,0.034,,,,,,,,,16.0,26.0,0.615,0.581,,,,
1630699,MarJon Beauchamp,1610612755,PHI,F,25.0,13,11,0.379,,,,,,Less Than 10Ft,Regular Season,,,,,-0.073,,,,,,,,,13.0,25.0,0.52,0.593,,,,
1628502,Nigel Hayes-Davis,1610612756,PHX,F,31.0,17,12,0.543,,,,,,Less Than 10Ft,Regular Season,,,,,-0.02,,,,,,,,,14.0,25.0,0.56,0.58,,,,
1642876,Adou Thiero,1610612747,LAL,G,22.0,19,16,0.453,,,,,,Less Than 10Ft,Regular Season,,,,,0.091,,,,,,,,,16.0,24.0,0.667,0.576,,,,
1641723,Kobe Bufkin,1610612747,LAL,G,22.0,11,10,0.489,,,,,,Less Than 10Ft,Regular Season,,,,,0.039,,,,,,,,,14.0,23.0,0.609,0.57,,,,
1642873,Amari Williams,1610612738,BOS,F-C,24.0,13,9,0.434,,,,,,Less Than 10Ft,Regular Season,,,,,-0.19,,,,,,,,,9.0,23.0,0.391,0.581,,,,
1642484,RayJ Dennis,1610612737,ATL,G,25.0,13,8,0.397,,,,,,Less Than 10Ft,Regular Season,,,,,0.114,,,,,,,,,16.0,23.0,0.696,0.582,,,,
1642404,Chaz Lanier,1610612765,DET,G,24.0,20,14,0.5,,,,,,Less Than 10Ft,Regular Season,,,,,0.022,,,,,,,,,13.0,23.0,0.565,0.544,,,,
1631466,Nate Williams,1610612744,GSW,G,27.0,14,12,0.291,,,,,,Less Than 10Ft,Regular Season,,,,,0.009,,,,,,,,,14.0,23.0,0.609,0.6,,,,
1641890,Tyler Smith,1610612742,DAL,F,21.0,11,9,0.44,,,,,,Less Than 10Ft,Regular Season,,,,,0.056,,,,,,,,,14.0,22.0,0.636,0.581,,,,
1642918,Alijah Martin,1610612761,TOR,G,24.0,15,10,0.4,,,,,,Less Than 10Ft,Regular Season,,,,,0.07,,,,,,,,,14.0,22.0,0.636,0.566,,,,
1628449,Chris Boucher,1610612738,BOS,F,33.0,7,7,0.524,,,,,,Less Than 10Ft,Regular Season,,,,,-0.141,,,,,,,,,10.0,22.0,0.455,0.595,,,,
203648,Thanasis Antetokounmpo,1610612749,MIL,F,33.0,20,15,0.449,,,,,,Less Than 10Ft,Regular Season,,,,,-0.049,,,,,,,,,12.0,22.0,0.545,0.595,,,,
1641755,Kevin McCullar Jr.,1610612752,NYK,G,25.0,13,9,0.393,,,,,,Less Than 10Ft,Regular Season,,,,,0.061,,,,,,,,,14.0,22.0,0.636,0.576,,,,
1630644,Mac McClung,1610612741,CHI,G,27.0,11,8,0.476,,,,,,Less Than 10Ft,Regular Season,,,,,-0.003,,,,,,,,,11.0,20.0,0.55,0.553,,,,
1642359,Pacôme Dadiet,1610612752,NYK,F,20.0,22,13,0.422,,,,,,Less Than 10Ft,Regular Season,,,,,0.195,,,,,,,,,15.0,19.0,0.789,0.595,,,,
1642504,Cormac Ryan,1610612749,MIL,G,27.0,11,7,0.257,,,,,,Less Than 10Ft,Regular Season,,,,,0.122,,,,,,,,,13.0,19.0,0.684,0.562,,,,
204060,Joe Ingles,1610612750,MIN,F-G,38.0,14,8,0.475,,,,,,Less Than 10Ft,Regular Season,,,,,0.105,,,,,,,,,13.0,19.0,0.684,0.579,,,,
1631116,Patrick Baldwin Jr.,1610612758,SAC,F,23.0,8,7,0.594,,,,,,Less Than 10Ft,Regular Season,,,,,-0.043,,,,,,,,,10.0,19.0,0.526,0.57,,,,
1642933,Keshon Gilbert,1610612737,ATL,G,23.0,4,3,0.563,,,,,,Less Than 10Ft,Regular Season,,,,,0.078,,,,,,,,,12.0,18.0,0.667,0.589,,,,
1642911,Rocco Zikarsky,1610612750,MIN,C,19.0,5,5,0.692,,,,,,Less Than 10Ft,Regular Season,,,,,-0.028,,,,,,,,,10.0,18.0,0.556,0.584,,,,
1642530,Yuki Kawamura,1610612741,CHI,G,25.0,15,9,0.31,,,,,,Less Than 10Ft,Regular Season,,,,,0.012,,,,,,,,,11.0,18.0,0.611,0.599,,,,
1642959,Chris Youngblood,1610612757,POR,G,24.0,26,8,0.283,,,,,,Less Than 10Ft,Regular Season,,,,,0.018,,,,,,,,,10.0,17.0,0.588,0.57,,,,
1643018,LJ Cryer,1610612744,GSW,G,24.0,16,11,0.254,,,,,,Less Than 10Ft,Regular Season,,,,,0.182,,,,,,,,,13.0,17.0,0.765,0.583,,,,
1630639,A.J. Lawson,1610612761,TOR,G,25.0,19,10,0.362,,,,,,Less Than 10Ft,Regular Season,,,,,-0.132,,,,,,,,,7.0,17.0,0.412,0.543,,,,
1642260,Nikola Topić,1610612760,OKC,G,20.0,8,7,0.436,,,,,,Less Than 10Ft,Regular Season,,,,,0.02,,,,,,,,,10.0,17.0,0.588,0.568,,,,
1642490,Josh Oduro,1610612740,NOP,C,25.0,3,3,0.593,,,,,,Less Than 10Ft,Regular Season,,,,,-0.072,,,,,,,,,9.0,16.0,0.563,0.634,,,,
1642939,Miles Kelly,1610612742,DAL,G,23.0,9,8,0.485,,,,,,Less Than 10Ft,Regular Season,,,,,0.113,,,,,,,,,11.0,16.0,0.688,0.575,,,,
1643024,Chris Mañon,1610612747,LAL,G,24.0,7,6,0.696,,,,,,Less Than 10Ft,Regular Season,,,,,0.1,,,,,,,,,11.0,16.0,0.688,0.588,,,,
1631451,Javonte Cooke,1610612757,POR,G,26.0,14,12,0.485,,,,,,Less Than 10Ft,Regular Season,,,,,0.17,,,,,,,,,12.0,16.0,0.75,0.58,,,,
1627746,Skal Labissiere,1610612764,WAS,F-C,30.0,3,3,0.762,,,,,,Less Than 10Ft,Regular Season,,,,,0.124,,,,,,,,,11.0,16.0,0.688,0.564,,,,
1643133,Lawson Lovering,1610612763,MEM,C,23.0,2,2,0.696,,,,,,Less Than 10Ft,Regular Season,,,,,-0.176,,,,,,,,,7.0,16.0,0.438,0.613,,,,
1641780,Johni Broome,1610612755,PHI,F,23.0,7,5,0.593,,,,,,Less Than 10Ft,Regular Season,,,,,0.176,,,,,,,,,12.0,16.0,0.75,0.574,,,,
1641725,Trey Alexander,1610612740,NOP,G,23.0,9,5,0.381,,,,,,Less Than 10Ft,Regular Season,,,,,-0.159,,,,,,,,,7.0,16.0,0.438,0.596,,,,
1631247,Luke Travers,1610612739,CLE,F,24.0,12,10,0.571,,,,,,Less Than 10Ft,Regular Season,,,,,-0.069,,,,,,,,,8.0,16.0,0.5,0.569,,,,
200768,Kyle Lowry,1610612755,PHI,G,40.0,12,9,0.441,,,,,,Less Than 10Ft,Regular Season,,,,,-0.053,,,,,,,,,8.0,15.0,0.533,0.586,,,,
1642886,Koby Brea,1610612756,PHX,G,23.0,7,7,0.5,,,,,,Less Than 10Ft,Regular Season,,,,,0.13,,,,,,,,,10.0,14.0,0.714,0.585,,,,
1630621,Hunter Dickinson,1610612740,NOP,C,25.0,5,4,0.519,,,,,,Less Than 10Ft,Regular Season,,,,,0.083,,,,,,,,,10.0,14.0,0.714,0.632,,,,
203552,Seth Curry,1610612744,GSW,G,35.0,9,6,0.368,,,,,,Less Than 10Ft,Regular Season,,,,,0.339,,,,,,,,,13.0,14.0,0.929,0.59,,,,
1631214,Alondes Williams,1610612764,WAS,G,27.0,4,3,0.371,,,,,,Less Than 10Ft,Regular Season,,,,,-0.041,,,,,,,,,7.0,13.0,0.538,0.58,,,,
1642389,Zyon Pullin,1610612750,MIN,G,25.0,3,2,0.6,,,,,,Less Than 10Ft,Regular Season,,,,,-0.045,,,,,,,,,6.0,12.0,0.5,0.545,,,,
1631223,David Roddy,1610612743,DEN,F,25.0,4,4,0.48,,,,,,Less Than 10Ft,Regular Season,,,,,-0.083,,,,,,,,,6.0,12.0,0.5,0.583,,,,
1631102,TyTy Washington Jr.,1610612746,LAC,G,24.0,11,10,0.6,,,,,,Less Than 10Ft,Regular Season,,,,,-0.091,,,,,,,,,6.0,12.0,0.5,0.591,,,,
1631115,Orlando Robinson,1610612753,ORL,C,25.0,4,3,0.706,,,,,,Less Than 10Ft,Regular Season,,,,,0.282,,,,,,,,,10.0,12.0,0.833,0.552,,,,
1642400,Tristan Enaruna,1610612739,CLE,F,25.0,8,5,0.522,,,,,,Less Than 10Ft,Regular Season,,,,,0.161,,,,,,,,,9.0,12.0,0.75,0.589,,,,
1630548,Johnny Juzang,1610612750,MIN,G,25.0,16,10,0.343,,,,,,Less Than 10Ft,Regular Season,,,,,0.088,,,,,,,,,8.0,12.0,0.667,0.579,,,,
1630164,James Wiseman,1610612754,IND,C,25.0,4,4,0.5,,,,,,Less Than 10Ft,Regular Season,,,,,-0.059,,,,,,,,,6.0,11.0,0.545,0.604,,,,
203967,Dario Saric,1610612758,SAC,F-C,32.0,5,4,0.5,,,,,,Less Than 10Ft,Regular Season,,,,,0.059,,,,,,,,,7.0,11.0,0.636,0.577,,,,
1641761,Grant Nelson,1610612751,BKN,F,24.0,4,3,0.524,,,,,,Less Than 10Ft,Regular Season,,,,,-0.375,,,,,,,,,2.0,11.0,0.182,0.557,,,,
1642884,Vladislav Goldin,1610612748,MIA,C,25.0,6,6,0.688,,,,,,Less Than 10Ft,Regular Season,,,,,-0.055,,,,,,,,,5.0,11.0,0.455,0.51,,,,
1642402,Enrique Freeman,1610612750,MIN,F,25.0,4,3,0.647,,,,,,Less Than 10Ft,Regular Season,,,,,0.02,,,,,,,,,6.0,11.0,0.545,0.525,,,,
1641809,Drew Peterson,1610612766,CHA,F,26.0,6,4,0.579,,,,,,Less Than 10Ft,Regular Season,,,,,-0.057,,,,,,,,,6.0,11.0,0.545,0.603,,,,
1628964,Mo Bamba,1610612762,UTA,C,28.0,4,4,0.385,,,,,,Less Than 10Ft,Regular Season,,,,,-0.263,,,,,,,,,3.0,10.0,0.3,0.563,,,,
1629312,Haywood Highsmith,1610612756,PHX,F,29.0,6,5,0.294,,,,,,Less Than 10Ft,Regular Season,,,,,0.096,,,,,,,,,7.0,10.0,0.7,0.604,,,,
1628420,Monte Morris,1610612754,IND,G,31.0,5,5,0.4,,,,,,Less Than 10Ft,Regular Season,,,,,-0.092,,,,,,,,,5.0,10.0,0.5,0.592,,,,
1631338,Mouhamadou Gueye,1610612741,CHI,F,27.0,2,2,0.526,,,,,,Less Than 10Ft,Regular Season,,,,,0.005,,,,,,,,,6.0,10.0,0.6,0.595,,,,
1641752,Bobi Klintman,1610612765,DET,F,23.0,10,6,0.31,,,,,,Less Than 10Ft,Regular Season,,,,,0.009,,,,,,,,,5.0,9.0,0.556,0.547,,,,
1628998,Cody Martin,1610612754,IND,F,30.0,4,3,0.391,,,,,,Less Than 10Ft,Regular Season,,,,,-0.055,,,,,,,,,5.0,9.0,0.556,0.611,,,,
1642434,Riley Minix,1610612739,CLE,F,25.0,8,4,0.258,,,,,,Less Than 10Ft,Regular Season,,,,,0.048,,,,,,,,,5.0,8.0,0.625,0.577,,,,
1642384,Isaiah Crawford,1610612745,HOU,F,24.0,7,5,0.364,,,,,,Less Than 10Ft,Regular Season,,,,,0.175,,,,,,,,,6.0,8.0,0.75,0.575,,,,
1641998,Trey Jemison III,1610612752,NYK,C,26.0,9,6,0.381,,,,,,Less Than 10Ft,Regular Season,,,,,0.029,,,,,,,,,5.0,8.0,0.625,0.596,,,,
1642357,David Jones Garcia,1610612759,SAS,G,24.0,7,4,0.364,,,,,,Less Than 10Ft,Regular Season,,,,,-0.048,,,,,,,,,4.0,8.0,0.5,0.548,,,,
202066,Garrett Temple,1610612761,TOR,G-F,40.0,14,8,0.364,,,,,,Less Than 10Ft,Regular Season,,,,,-0.152,,,,,,,,,3.0,8.0,0.375,0.527,,,,
1642362,Payton Sandfort,1610612760,OKC,F,23.0,3,2,0.308,,,,,,Less Than 10Ft,Regular Season,,,,,0.137,,,,,,,,,6.0,8.0,0.75,0.613,,,,
1642403,Isaac Jones,1610612765,DET,F,25.0,6,5,0.5,,,,,,Less Than 10Ft,Regular Season,,,,,0.116,,,,,,,,,5.0,7.0,0.714,0.599,,,,
1630846,Olivier Sarr,1610612739,CLE,C,27.0,4,3,0.389,,,,,,Less Than 10Ft,Regular Season,,,,,0.016,,,,,,,,,4.0,7.0,0.571,0.555,,,,
1630625,Dalano Banton,1610612738,BOS,F,26.0,5,4,0.5,,,,,,Less Than 10Ft,Regular Season,,,,,-0.266,,,,,,,,,2.0,7.0,0.286,0.552,,,,
1631111,Wendell Moore Jr.,1610612765,DET,G,24.0,4,2,0.412,,,,,,Less Than 10Ft,Regular Season,,,,,-0.266,,,,,,,,,2.0,7.0,0.286,0.552,,,,
203078,Bradley Beal,1610612746,LAC,G,33.0,6,3,0.2,,,,,,Less Than 10Ft,Regular Season,,,,,0.286,,,,,,,,,6.0,7.0,0.857,0.571,,,,
1641801,Emanuel Miller,1610612759,SAS,F,26.0,5,4,0.5,,,,,,Less Than 10Ft,Regular Season,,,,,0.245,,,,,,,,,5.0,6.0,0.833,0.588,,,,
1629634,Brandon Clarke,1610612763,MEM,F,29.0,2,2,0.857,,,,,,Less Than 10Ft,Regular Season,,,,,-0.083,,,,,,,,,3.0,6.0,0.5,0.583,,,,
1642938,Curtis Jones,1610612743,DEN,G,24.0,7,4,0.222,,,,,,Less Than 10Ft,Regular Season,,,,,-0.052,,,,,,,,,3.0,6.0,0.5,0.552,,,,
1631216,Caleb Houstan,1610612737,ATL,G,23.0,7,4,0.6,,,,,,Less Than 10Ft,Regular Season,,,,,-0.087,,,,,,,,,3.0,6.0,0.5,0.587,,,,
1642955,Kadary Richmond,1610612764,WAS,G,24.0,3,3,0.227,,,,,,Less Than 10Ft,Regular Season,,,,,0.026,,,,,,,,,3.0,5.0,0.6,0.574,,,,
1641810,Antonio Reeves,1610612766,CHA,G,25.0,6,4,0.313,,,,,,Less Than 10Ft,Regular Season,,,,,-0.151,,,,,,,,,2.0,5.0,0.4,0.551,,,,
1642910,John Tonje,1610612738,BOS,G,25.0,3,3,0.313,,,,,,Less Than 10Ft,Regular Season,,,,,-0.161,,,,,,,,,2.0,5.0,0.4,0.561,,,,
1643257,Jayson Kent,1610612757,POR,F,24.0,5,4,0.833,,,,,,Less Than 10Ft,Regular Season,,,,,-0.386,,,,,,,,,1.0,5.0,0.2,0.586,,,,
1642443,Jahmir Young,1610612748,MIA,G,25.0,10,4,0.294,,,,,,Less Than 10Ft,Regular Season,,,,,0.188,,,,,,,,,4.0,5.0,0.8,0.612,,,,
1631205,Buddy Boeheim,1610612760,OKC,F,26.0,2,2,0.556,,,,,,Less Than 10Ft,Regular Season,,,,,-0.144,,,,,,,,,2.0,5.0,0.4,0.544,,,,
1642368,N'Faly Dante,1610612737,ATL,C,24.0,3,2,0.625,,,,,,Less Than 10Ft,Regular Season,,,,,-0.348,,,,,,,,,1.0,5.0,0.2,0.548,,,,
1628365,Markelle Fultz,1610612761,TOR,G,28.0,4,3,0.417,,,,,,Less Than 10Ft,Regular Season,,,,,0.248,,,,,,,,,4.0,5.0,0.8,0.552,,,,
201569,Eric Gordon,1610612755,PHI,G,37.0,5,3,0.238,,,,,,Less Than 10Ft,Regular Season,,,,,0.183,,,,,,,,,4.0,5.0,0.8,0.617,,,,
1629610,DaQuan Jeffries,1610612758,SAC,G-F,28.0,3,2,0.25,,,,,,Less Than 10Ft,Regular Season,,,,,-0.087,,,,,,,,,2.0,4.0,0.5,0.587,,,,
1643047,CJ Huntley,1610612756,PHX,F,24.0,1,1,0.364,,,,,,Less Than 10Ft,Regular Season,,,,,0.146,,,,,,,,,3.0,4.0,0.75,0.605,,,,
1642917,Max Shulga,1610612738,BOS,G,24.0,6,3,0.308,,,,,,Less Than 10Ft,Regular Season,,,,,-0.073,,,,,,,,,2.0,4.0,0.5,0.573,,,,
1641813,Mark Sears,1610612749,MIL,G,24.0,4,2,0.375,,,,,,Less Than 10Ft,Regular Season,,,,,0.065,,,,,,,,,2.0,3.0,0.667,0.602,,,,
1630658,Colin Castleton,1610612753,ORL,C,26.0,4,2,0.5,,,,,,Less Than 10Ft,Regular Season,,,,,-0.286,,,,,,,,,1.0,3.0,0.333,0.619,,,,
1641794,Dillon Jones,1610612752,NYK,F,24.0,4,2,0.25,,,,,,Less Than 10Ft,Regular Season,,,,,-0.138,,,,,,,,,1.0,3.0,0.333,0.471,,,,
1642282,Hunter Sallis,1610612755,PHI,G,23.0,4,1,0.333,,,,,,Less Than 10Ft,Regular Season,,,,,0.074,,,,,,,,,2.0,3.0,0.667,0.593,,,,
1641807,Norchad Omier,1610612746,LAC,F,24.0,4,3,0.429,,,,,,Less Than 10Ft,Regular Season,,,,,-0.025,,,,,,,,,2.0,3.0,0.667,0.691,,,,
1641803,Tristen Newton,1610612745,HOU,G,25.0,1,1,0.6,,,,,,Less Than 10Ft,Regular Season,,,,,0.454,,,,,,,,,3.0,3.0,1.0,0.546,,,,
1643141,Jahmyl Telfort,1610612746,LAC,G,25.0,3,2,0.5,,,,,,Less Than 10Ft,Regular Season,,,,,0.111,,,,,,,,,2.0,3.0,0.667,0.556,,,,
1641787,Tosan Evbuomwan,1610612766,CHA,F,25.0,3,2,0.4,,,,,,Less Than 10Ft,Regular Season,,,,,-0.101,,,,,,,,,1.0,2.0,0.5,0.601,,,,
1630649,Stanley Umude,1610612759,SAS,G,27.0,2,1,0.5,,,,,,Less Than 10Ft,Regular Season,,,,,0.363,,,,,,,,,2.0,2.0,1.0,0.637,,,,
1641815,Isaiah Stevens,1610612758,SAC,G,25.0,3,2,0.25,,,,,,Less Than 10Ft,Regular Season,,,,,0.495,,,,,,,,,2.0,2.0,1.0,0.505,,,,
1630828,Alex Antetokounmpo,1610612749,MIL,F,24.0,3,2,0.333,,,,,,Less Than 10Ft,Regular Season,,,,,-0.537,,,,,,,,,0.0,2.0,0.0,0.537,,,,
1641753,Chris Livingston,1610612739,CLE,F,22.0,1,1,0.5,,,,,,Less Than 10Ft,Regular Season,,,,,0.439,,,,,,,,,2.0,2.0,1.0,0.561,,,,
1642935,Chucky Hepburn,1610612761,TOR,G,23.0,2,2,0.4,,,,,,Less Than 10Ft,Regular Season,,,,,0.495,,,,,,,,,2.0,2.0,1.0,0.505,,,,
1642951,Sean Pedulla,1610612746,LAC,G,23.0,3,1,0.167,,,,,,Less Than 10Ft,Regular Season,,,,,-0.565,,,,,,,,,0.0,1.0,0.0,0.565,,,,
1642855,Noa Essengue,1610612741,CHI,F,19.0,1,1,1.0,,,,,,Less Than 10Ft,Regular Season,,,,,-0.339,,,,,,,,,0.0,1.0,0.0,0.339,,,,
1642280,Trentyn Flowers,1610612741,CHI,F,21.0,2,1,0.5,,,,,,Less Than 10Ft,Regular Season,,,,,0.366,,,,,,,,,1.0,1.0,1.0,0.634,,,,
1631210,Jacob Toppin,1610612737,ATL,F,26.0,2,1,0.5,,,,,,Less Than 10Ft,Regular Season,,,,,-0.515,,,,,,,,,0.0,1.0,0.0,0.515,,,,
1631211,Trevor Keels,1610612748,MIA,G,22.0,2,1,0.5,,,,,,Less Than 10Ft,Regular Season,,,,,0.429,,,,,,,,,1.0,1.0,1.0,0.571,,,,
1643060,Hayden Gray,1610612762,UTA,G,23.0,1,1,0.111,,,,,,Less Than 10Ft,Regular Season,,,,,-0.654,,,,,,,,,0.0,1.0,0.0,0.654,,,,
1642270,Donovan Clingan,1610612757,POR,C,22.0,77,77,0.399,,,,,,Greater Than 15Ft,Regular Season,,,,,0.037,,,,,,,,,,,,,230.0,580.0,0.397,0.359
1628401,Derrick White,1610612738,BOS,G,31.0,77,76,0.516,,,,,,Greater Than 15Ft,Regular Season,,,,,-0.026,,,,,,,,,,,,,182.0,539.0,0.338,0.364
1627750,Jamal Murray,1610612743,DEN,G,29.0,75,75,0.567,,,,,,Greater Than 15Ft,Regular Season,,,,,-0.025,,,,,,,,,,,,,180.0,528.0,0.341,0.366
1628973,Jalen Brunson,1610612752,NYK,G,29.0,73,73,0.615,,,,,,Greater Than 15Ft,Regular Season,,,,,0.007,,,,,,,,,,,,,184.0,493.0,0.373,0.366
1641739,Toumani Camara,1610612757,POR,F,26.0,82,82,0.473,,,,,,Greater Than 15Ft,Regular Season,,,,,-0.02,,,,,,,,,,,,,175.0,493.0,0.355,0.375
1642852,Derik Queen,1610612740,NOP,C,21.0,81,79,0.421,,,,,,Greater Than 15Ft,Regular Season,,,,,0.007,,,,,,,,,,,,,179.0,487.0,0.368,0.36
1630700,Dyson Daniels,1610612737,ATL,G,23.0,76,76,0.522,,,,,,Greater Than 15Ft,Regular Season,,,,,0.003,,,,,,,,,,,,,178.0,480.0,0.371,0.367
1630578,Alperen Sengun,1610612745,HOU,C,23.0,71,71,0.394,,,,,,Greater Than 15Ft,Regular Season,,,,,0.046,,,,,,,,,,,,,195.0,480.0,0.406,0.36
1630183,Jaden McDaniels,1610612750,MIN,F,25.0,73,73,0.486,,,,,,Greater Than 15Ft,Regular Season,,,,,-0.008,,,,,,,,,,,,,175.0,477.0,0.367,0.375
1641705,Victor Wembanyama,1610612759,SAS,F-C,22.0,64,64,0.436,,,,,,Greater Than 15Ft,Regular Season,,,,,-0.048,,,,,,,,,,,,,145.0,476.0,0.305,0.352
201142,Kevin Durant,1610612745,HOU,F,37.0,78,78,0.546,,,,,,Greater Than 15Ft,Regular Season,,,,,-0.03,,,,,,,,,,,,,158.0,471.0,0.335,0.365
1631260,AJ Green,1610612749,MIL,G,26.0,78,78,0.55,,,,,,Greater Than 15Ft,Regular Season,,,,,0.043,,,,,,,,,,,,,191.0,471.0,0.406,0.362
1629029,Luka Dončić,1610612747,LAL,F-G,27.0,64,64,0.517,,,,,,Greater Than 15Ft,Regular Season,,,,,-0.029,,,,,,,,,,,,,158.0,466.0,0.339,0.368
1628389,Bam Adebayo,1610612748,MIA,C-F,28.0,73,73,0.46,,,,,,Greater Than 15Ft,Regular Season,,,,,-0.01,,,,,,,,,,,,,164.0,465.0,0.353,0.363
1627739,Kris Dunn,1610612746,LAC,G,32.0,82,82,0.602,,,,,,Greater Than 15Ft,Regular Season,,,,,0.001,,,,,,,,,,,,,171.0,463.0,0.369,0.368
1641824,Matas Buzelis,1610612741,CHI,F,21.0,77,77,0.429,,,,,,Greater Than 15Ft,Regular Season,,,,,-0.006,,,,,,,,,,,,,167.0,462.0,0.361,0.367
1627759,Jaylen Brown,1610612738,BOS,G-F,29.0,71,71,0.633,,,,,,Greater Than 15Ft,Regular Season,,,,,-0.007,,,,,,,,,,,,,165.0,462.0,0.357,0.364
1641717,Cason Wallace,1610612760,OKC,G,22.0,77,77,0.602,,,,,,Greater Than 15Ft,Regular Season,,,,,-0.012,,,,,,,,,,,,,164.0,461.0,0.356,0.368
1630567,Scottie Barnes,1610612761,TOR,F-G,24.0,80,80,0.442,,,,,,Greater Than 15Ft,Regular Season,,,,,-0.004,,,,,,,,,,,,,166.0,461.0,0.36,0.364
1642845,VJ Edgecombe,1610612755,PHI,G,20.0,75,75,0.525,,,,,,Greater Than 15Ft,Regular Season,,,,,-0.039,,,,,,,,,,,,,150.0,458.0,0.328,0.366
1631157,Ryan Rollins,1610612749,MIL,G,23.0,74,74,0.538,,,,,,Greater Than 15Ft,Regular Season,,,,,-0.003,,,,,,,,,,,,,166.0,458.0,0.362,0.365
1642847,Jeremiah Fears,1610612740,NOP,G,19.0,82,81,0.575,,,,,,Greater Than 15Ft,Regular Season,,,,,0.004,,,,,,,,,,,,,167.0,454.0,0.368,0.364
203468,CJ McCollum,1610612737,ATL,G,34.0,76,76,0.576,,,,,,Greater Than 15Ft,Regular Season,,,,,-0.036,,,,,,,,,,,,,151.0,454.0,0.333,0.368
1630178,Tyrese Maxey,1610612755,PHI,G,25.0,70,70,0.589,,,,,,Greater Than 15Ft,Regular Season,,,,,-0.016,,,,,,,,,,,,,158.0,448.0,0.353,0.369
1631095,Jabari Smith Jr.,1610612745,HOU,F,23.0,77,75,0.469,,,,,,Greater Than 15Ft,Regular Season,,,,,0.011,,,,,,,,,,,,,168.0,447.0,0.376,0.365
203952,Andrew Wiggins,1610612748,MIA,F,31.0,68,68,0.492,,,,,,Greater Than 15Ft,Regular Season,,,,,-0.02,,,,,,,,,,,,,157.0,447.0,0.351,0.371
203497,Rudy Gobert,1610612750,MIN,C,34.0,76,75,0.364,,,,,,Greater Than 15Ft,Regular Season,,,,,0.005,,,,,,,,,,,,,166.0,445.0,0.373,0.368
1628404,Josh Hart,1610612752,NYK,G,31.0,66,66,0.547,,,,,,Greater Than 15Ft,Regular Season,,,,,-0.023,,,,,,,,,,,,,149.0,442.0,0.337,0.36
1630217,Desmond Bane,1610612753,ORL,G,28.0,82,82,0.551,,,,,,Greater Than 15Ft,Regular Season,,,,,-0.059,,,,,,,,,,,,,134.0,440.0,0.305,0.364
1628368,De'Aaron Fox,1610612759,SAS,G,28.0,72,72,0.583,,,,,,Greater Than 15Ft,Regular Season,,,,,0.015,,,,,,,,,,,,,169.0,439.0,0.385,0.37
1630596,Evan Mobley,1610612739,CLE,C,25.0,65,65,0.421,,,,,,Greater Than 15Ft,Regular Season,,,,,-0.01,,,,,,,,,,,,,153.0,439.0,0.349,0.359
1642851,Kon Knueppel,1610612766,CHA,G-F,20.0,81,81,0.454,,,,,,Greater Than 15Ft,Regular Season,,,,,-0.002,,,,,,,,,,,,,161.0,438.0,0.368,0.369
1642843,Cooper Flagg,1610612742,DAL,F,19.0,70,70,0.462,,,,,,Greater Than 15Ft,Regular Season,,,,,-0.019,,,,,,,,,,,,,151.0,435.0,0.347,0.366
1629638,Nickeil Alexander-Walker,1610612737,ATL,G,27.0,78,77,0.491,,,,,,Greater Than 15Ft,Regular Season,,,,,0.045,,,,,,,,,,,,,179.0,430.0,0.416,0.371
1631170,Jaime Jaquez Jr.,1610612748,MIA,G,25.0,75,73,0.511,,,,,,Greater Than 15Ft,Regular Season,,,,,0.014,,,,,,,,,,,,,162.0,428.0,0.379,0.365
1628384,OG Anunoby,1610612752,NYK,F-G,28.0,66,66,0.545,,,,,,Greater Than 15Ft,Regular Season,,,,,-0.028,,,,,,,,,,,,,144.0,428.0,0.336,0.364
1630530,Trey Murphy III,1610612740,NOP,F,26.0,66,66,0.523,,,,,,Greater Than 15Ft,Regular Season,,,,,0.002,,,,,,,,,,,,,160.0,428.0,0.374,0.371
1631094,Paolo Banchero,1610612753,ORL,F,23.0,72,71,0.45,,,,,,Greater Than 15Ft,Regular Season,,,,,0.02,,,,,,,,,,,,,164.0,427.0,0.384,0.364
1628970,Miles Bridges,1610612766,CHA,F,28.0,77,76,0.531,,,,,,Greater Than 15Ft,Regular Season,,,,,-0.009,,,,,,,,,,,,,149.0,424.0,0.351,0.361
1642263,Reed Sheppard,1610612745,HOU,G,22.0,82,81,0.506,,,,,,Greater Than 15Ft,Regular Season,,,,,-0.012,,,,,,,,,,,,,149.0,422.0,0.353,0.365
1626157,Karl-Anthony Towns,1610612752,NYK,C-F,30.0,75,75,0.458,,,,,,Greater Than 15Ft,Regular Season,,,,,0.024,,,,,,,,,,,,,160.0,417.0,0.384,0.36
1628969,Mikal Bridges,1610612752,NYK,G-F,29.0,81,81,0.485,,,,,,Greater Than 15Ft,Regular Season,,,,,0.011,,,,,,,,,,,,,158.0,416.0,0.38,0.368
1630558,Davion Mitchell,1610612748,MIA,G,27.0,70,70,0.573,,,,,,Greater Than 15Ft,Regular Season,,,,,-0.011,,,,,,,,,,,,,148.0,412.0,0.359,0.37
1642875,Maxime Raynaud,1610612758,SAC,C,23.0,74,72,0.416,,,,,,Greater Than 15Ft,Regular Season,,,,,0.004,,,,,,,,,,,,,148.0,412.0,0.359,0.355
1630168,Onyeka Okongwu,1610612737,ATL,F-C,25.0,74,74,0.403,,,,,,Greater Than 15Ft,Regular Season,,,,,-0.011,,,,,,,,,,,,,143.0,408.0,0.35,0.362
1629652,Luguentz Dort,1610612760,OKC,G,27.0,69,69,0.635,,,,,,Greater Than 15Ft,Regular Season,,,,,-0.007,,,,,,,,,,,,,148.0,406.0,0.365,0.371
1630595,Cade Cunningham,1610612765,DET,G,24.0,64,63,0.514,,,,,,Greater Than 15Ft,Regular Season,,,,,-0.052,,,,,,,,,,,,,129.0,406.0,0.318,0.369
203501,Tim Hardaway Jr.,1610612743,DEN,G-F,34.0,79,79,0.588,,,,,,Greater Than 15Ft,Regular Season,,,,,0.009,,,,,,,,,,,,,150.0,405.0,0.37,0.361
1628971,Bruce Brown,1610612743,DEN,G-F,29.0,81,80,0.571,,,,,,Greater Than 15Ft,Regular Season,,,,,-0.049,,,,,,,,,,,,,127.0,404.0,0.314,0.364
1628381,John Collins,1610612746,LAC,F-C,28.0,69,68,0.554,,,,,,Greater Than 15Ft,Regular Season,,,,,-0.013,,,,,,,,,,,,,141.0,402.0,0.351,0.364
1642271,Kyle Filipowski,1610612762,UTA,C,22.0,77,75,0.45,,,,,,Greater Than 15Ft,Regular Season,,,,,0.028,,,,,,,,,,,,,157.0,399.0,0.393,0.365
203999,Nikola Jokić,1610612743,DEN,C,31.0,65,64,0.374,,,,,,Greater Than 15Ft,Regular Season,,,,,0.047,,,,,,,,,,,,,157.0,397.0,0.395,0.348
203944,Julius Randle,1610612750,MIN,F-C,31.0,79,79,0.47,,,,,,Greater Than 15Ft,Regular Season,,,,,-0.003,,,,,,,,,,,,,145.0,393.0,0.369,0.372
1627742,Brandon Ingram,1610612761,TOR,F,28.0,77,76,0.539,,,,,,Greater Than 15Ft,Regular Season,,,,,-0.007,,,,,,,,,,,,,140.0,390.0,0.359,0.366
1641709,Ausar Thompson,1610612765,DET,G-F,23.0,73,71,0.562,,,,,,Greater Than 15Ft,Regular Season,,,,,0.001,,,,,,,,,,,,,145.0,388.0,0.374,0.373
1631222,Jake LaRavia,1610612747,LAL,F,24.0,82,81,0.465,,,,,,Greater Than 15Ft,Regular Season,,,,,0.006,,,,,,,,,,,,,145.0,387.0,0.375,0.369
1630577,Julian Champagnie,1610612759,SAS,F,25.0,82,81,0.499,,,,,,Greater Than 15Ft,Regular Season,,,,,-0.005,,,,,,,,,,,,,140.0,386.0,0.363,0.368
1630573,Sam Hauser,1610612738,BOS,F,28.0,78,76,0.558,,,,,,Greater Than 15Ft,Regular Season,,,,,-0.007,,,,,,,,,,,,,139.0,385.0,0.361,0.368
1630202,Payton Pritchard,1610612738,BOS,G,28.0,79,77,0.59,,,,,,Greater Than 15Ft,Regular Season,,,,,0.012,,,,,,,,,,,,,145.0,382.0,0.38,0.368
201935,James Harden,1610612739,CLE,G,36.0,70,70,0.552,,,,,,Greater Than 15Ft,Regular Season,,,,,-0.015,,,,,,,,,,,,,132.0,380.0,0.347,0.362
1630173,Precious Achiuwa,1610612758,SAC,F,26.0,73,71,0.455,,,,,,Greater Than 15Ft,Regular Season,,,,,0.0,,,,,,,,,,,,,137.0,379.0,0.361,0.361
1631108,Max Christie,1610612742,DAL,G,23.0,77,77,0.485,,,,,,Greater Than 15Ft,Regular Season,,,,,0.001,,,,,,,,,,,,,141.0,378.0,0.373,0.372
1631221,Collin Gillespie,1610612756,PHX,G,27.0,80,80,0.5,,,,,,Greater Than 15Ft,Regular Season,,,,,-0.032,,,,,,,,,,,,,127.0,378.0,0.336,0.368
1628978,Donte DiVincenzo,1610612750,MIN,G,29.0,82,82,0.486,,,,,,Greater Than 15Ft,Regular Season,,,,,-0.021,,,,,,,,,,,,,131.0,376.0,0.348,0.37
1629656,Quentin Grimes,1610612755,PHI,G,26.0,75,74,0.553,,,,,,Greater Than 15Ft,Regular Season,,,,,-0.05,,,,,,,,,,,,,117.0,374.0,0.313,0.363
1642846,Ace Bailey,1610612762,UTA,F,19.0,72,72,0.514,,,,,,Greater Than 15Ft,Regular Season,,,,,0.016,,,,,,,,,,,,,141.0,373.0,0.378,0.362
1627783,Pascal Siakam,1610612754,IND,F,32.0,62,62,0.486,,,,,,Greater Than 15Ft,Regular Season,,,,,-0.01,,,,,,,,,,,,,132.0,371.0,0.356,0.366
1642281,Jaylon Tyson,1610612739,CLE,G-F,23.0,66,65,0.593,,,,,,Greater Than 15Ft,Regular Season,,,,,-0.007,,,,,,,,,,,,,134.0,371.0,0.361,0.368
1628983,Shai Gilgeous-Alexander,1610612760,OKC,G,27.0,68,68,0.548,,,,,,Greater Than 15Ft,Regular Season,,,,,-0.023,,,,,,,,,,,,,124.0,370.0,0.335,0.358
1628976,Wendell Carter Jr.,1610612753,ORL,C-F,27.0,78,77,0.367,,,,,,Greater Than 15Ft,Regular Season,,,,,-0.001,,,,,,,,,,,,,136.0,369.0,0.369,0.369
1629674,Neemias Queta,1610612738,BOS,C,26.0,75,73,0.408,,,,,,Greater Than 15Ft,Regular Season,,,,,-0.016,,,,,,,,,,,,,124.0,368.0,0.337,0.353
1631217,Moussa Diabaté,1610612766,CHA,F,24.0,73,72,0.385,,,,,,Greater Than 15Ft,Regular Season,,,,,0.023,,,,,,,,,,,,,142.0,368.0,0.386,0.362
1641708,Amen Thompson,1610612745,HOU,G-F,23.0,79,79,0.505,,,,,,Greater Than 15Ft,Regular Season,,,,,-0.055,,,,,,,,,,,,,113.0,364.0,0.31,0.366
1642273,Kyshawn George,1610612764,WAS,F,22.0,48,48,0.52,,,,,,Greater Than 15Ft,Regular Season,,,,,0.012,,,,,,,,,,,,,138.0,362.0,0.381,0.369
1626220,Royce O'Neale,1610612756,PHX,F,33.0,78,78,0.508,,,,,,Greater Than 15Ft,Regular Season,,,,,-0.001,,,,,,,,,,,,,132.0,361.0,0.366,0.367
1642377,Jaylen Wells,1610612763,MEM,F,22.0,69,69,0.562,,,,,,Greater Than 15Ft,Regular Season,,,,,-0.003,,,,,,,,,,,,,132.0,361.0,0.366,0.368
202696,Nikola Vučević,1610612738,BOS,C,35.0,64,60,0.41,,,,,,Greater Than 15Ft,Regular Season,,,,,0.051,,,,,,,,,,,,,149.0,361.0,0.413,0.362
1628436,Luke Kornet,1610612759,SAS,C-F,30.0,68,64,0.391,,,,,,Greater Than 15Ft,Regular Season,,,,,0.023,,,,,,,,,,,,,136.0,360.0,0.378,0.355
203110,Draymond Green,1610612744,GSW,F,36.0,68,68,0.444,,,,,,Greater Than 15Ft,Regular Season,,,,,-0.009,,,,,,,,,,,,,124.0,359.0,0.345,0.355
1626167,Myles Turner,1610612749,MIL,C-F,30.0,71,68,0.368,,,,,,Greater Than 15Ft,Regular Season,,,,,0.014,,,,,,,,,,,,,134.0,359.0,0.373,0.359
1630230,Naji Marshall,1610612742,DAL,F,28.0,74,73,0.528,,,,,,Greater Than 15Ft,Regular Season,,,,,-0.038,,,,,,,,,,,,,117.0,358.0,0.327,0.365
1629028,Deandre Ayton,1610612747,LAL,C,27.0,72,72,0.369,,,,,,Greater Than 15Ft,Regular Season,,,,,0.005,,,,,,,,,,,,,131.0,358.0,0.366,0.361
1642264,Stephon Castle,1610612759,SAS,G,21.0,68,68,0.516,,,,,,Greater Than 15Ft,Regular Season,,,,,0.007,,,,,,,,,,,,,134.0,357.0,0.375,0.368
1642907,Cedric Coward,1610612763,MEM,G,22.0,62,61,0.545,,,,,,Greater Than 15Ft,Regular Season,,,,,0.003,,,,,,,,,,,,,131.0,357.0,0.367,0.364
1628378,Donovan Mitchell,1610612739,CLE,G,29.0,70,69,0.578,,,,,,Greater Than 15Ft,Regular Season,,,,,0.024,,,,,,,,,,,,,138.0,355.0,0.389,0.365
1630552,Jalen Johnson,1610612737,ATL,F,24.0,72,71,0.448,,,,,,Greater Than 15Ft,Regular Season,,,,,-0.024,,,,,,,,,,,,,120.0,354.0,0.339,0.363
1641729,Brice Sensabaugh,1610612762,UTA,F,22.0,74,73,0.585,,,,,,Greater Than 15Ft,Regular Season,,,,,0.012,,,,,,,,,,,,,133.0,352.0,0.378,0.366
1642363,Nique Clifford,1610612758,SAC,G,24.0,75,74,0.514,,,,,,Greater Than 15Ft,Regular Season,,,,,0.005,,,,,,,,,,,,,130.0,350.0,0.371,0.367
1641706,Brandon Miller,1610612766,CHA,F,23.0,65,64,0.509,,,,,,Greater Than 15Ft,Regular Season,,,,,-0.009,,,,,,,,,,,,,126.0,349.0,0.361,0.37
1629627,Zion Williamson,1610612740,NOP,F,25.0,62,60,0.587,,,,,,Greater Than 15Ft,Regular Season,,,,,-0.016,,,,,,,,,,,,,118.0,345.0,0.342,0.358
1630162,Anthony Edwards,1610612750,MIN,G,24.0,61,61,0.524,,,,,,Greater Than 15Ft,Regular Season,,,,,0.004,,,,,,,,,,,,,128.0,345.0,0.371,0.367
1641710,Anthony Black,1610612753,ORL,G,22.0,63,62,0.493,,,,,,Greater Than 15Ft,Regular Season,,,,,0.01,,,,,,,,,,,,,130.0,344.0,0.378,0.368
1630193,Immanuel Quickley,1610612761,TOR,G,27.0,70,70,0.546,,,,,,Greater Than 15Ft,Regular Season,,,,,0.002,,,,,,,,,,,,,127.0,344.0,0.369,0.367
203084,Harrison Barnes,1610612759,SAS,F,34.0,77,75,0.552,,,,,,Greater Than 15Ft,Regular Season,,,,,-0.007,,,,,,,,,,,,,122.0,343.0,0.356,0.363
202695,Kawhi Leonard,1610612746,LAC,F,35.0,65,64,0.544,,,,,,Greater Than 15Ft,Regular Season,,,,,0.03,,,,,,,,,,,,,134.0,343.0,0.391,0.361
1629130,Duncan Robinson,1610612765,DET,F,32.0,77,74,0.523,,,,,,Greater Than 15Ft,Regular Season,,,,,0.007,,,,,,,,,,,,,126.0,339.0,0.372,0.365
1630572,Sandro Mamukelashvili,1610612761,TOR,F-C,27.0,80,77,0.434,,,,,,Greater Than 15Ft,Regular Season,,,,,0.016,,,,,,,,,,,,,129.0,339.0,0.381,0.365
1641718,Keyonte George,1610612762,UTA,G,22.0,54,54,0.606,,,,,,Greater Than 15Ft,Regular Season,,,,,0.0,,,,,,,,,,,,,125.0,338.0,0.37,0.37
1642267,Bub Carrington,1610612764,WAS,G,20.0,82,81,0.518,,,,,,Greater Than 15Ft,Regular Season,,,,,0.04,,,,,,,,,,,,,138.0,338.0,0.408,0.368
1631230,Dominick Barlow,1610612755,PHI,F,23.0,71,70,0.422,,,,,,Greater Than 15Ft,Regular Season,,,,,0.026,,,,,,,,,,,,,132.0,337.0,0.392,0.366
1629628,RJ Barrett,1610612761,TOR,F-G,26.0,57,57,0.55,,,,,,Greater Than 15Ft,Regular Season,,,,,-0.012,,,,,,,,,,,,,117.0,337.0,0.347,0.359
1630581,Josh Giddey,1610612741,CHI,G,23.0,54,54,0.519,,,,,,Greater Than 15Ft,Regular Season,,,,,0.028,,,,,,,,,,,,,132.0,333.0,0.396,0.368
1631096,Chet Holmgren,1610612760,OKC,C-F,24.0,69,68,0.362,,,,,,Greater Than 15Ft,Regular Season,,,,,-0.024,,,,,,,,,,,,,112.0,332.0,0.337,0.362
1641783,Tristan da Silva,1610612753,ORL,F,25.0,76,75,0.491,,,,,,Greater Than 15Ft,Regular Season,,,,,-0.032,,,,,,,,,,,,,111.0,331.0,0.335,0.367
1629023,P.J. Washington,1610612742,DAL,F,27.0,56,56,0.444,,,,,,Greater Than 15Ft,Regular Season,,,,,0.018,,,,,,,,,,,,,126.0,330.0,0.382,0.363
1642383,Walter Clayton Jr.,1610612763,MEM,G,23.0,69,65,0.563,,,,,,Greater Than 15Ft,Regular Season,,,,,0.005,,,,,,,,,,,,,121.0,330.0,0.367,0.362
1629651,Nic Claxton,1610612751,BKN,C,27.0,69,69,0.393,,,,,,Greater Than 15Ft,Regular Season,,,,,0.011,,,,,,,,,,,,,125.0,330.0,0.379,0.368
1641730,Noah Clowney,1610612751,BKN,F-C,21.0,66,65,0.413,,,,,,Greater Than 15Ft,Regular Season,,,,,0.03,,,,,,,,,,,,,130.0,329.0,0.395,0.365
1631105,Jalen Duren,1610612765,DET,C,22.0,70,69,0.382,,,,,,Greater Than 15Ft,Regular Season,,,,,-0.001,,,,,,,,,,,,,119.0,328.0,0.363,0.364
1630171,Isaac Okoro,1610612741,CHI,F-G,25.0,62,59,0.501,,,,,,Greater Than 15Ft,Regular Season,,,,,0.03,,,,,,,,,,,,,129.0,323.0,0.399,0.369
1642883,Sion James,1610612766,CHA,G,23.0,82,78,0.502,,,,,,Greater Than 15Ft,Regular Season,,,,,-0.014,,,,,,,,,,,,,114.0,321.0,0.355,0.369
1626164,Devin Booker,1610612756,PHX,G,29.0,64,62,0.506,,,,,,Greater Than 15Ft,Regular Season,,,,,-0.004,,,,,,,,,,,,,113.0,319.0,0.354,0.359
1629675,Naz Reid,1610612750,MIN,C-F,26.0,77,75,0.429,,,,,,Greater Than 15Ft,Regular Season,,,,,0.009,,,,,,,,,,,,,119.0,318.0,0.374,0.366
1628415,Dillon Brooks,1610612756,PHX,G-F,30.0,55,55,0.561,,,,,,Greater Than 15Ft,Regular Season,,,,,-0.013,,,,,,,,,,,,,112.0,318.0,0.352,0.365
1630180,Saddiq Bey,1610612740,NOP,G-F,27.0,72,72,0.564,,,,,,Greater Than 15Ft,Regular Season,,,,,-0.007,,,,,,,,,,,,,114.0,318.0,0.358,0.366
1628991,Jaren Jackson Jr.,1610612762,UTA,F-C,26.0,48,47,0.45,,,,,,Greater Than 15Ft,Regular Season,,,,,0.002,,,,,,,,,,,,,114.0,317.0,0.36,0.358
203935,Marcus Smart,1610612747,LAL,G,32.0,62,62,0.632,,,,,,Greater Than 15Ft,Regular Season,,,,,-0.036,,,,,,,,,,,,,104.0,316.0,0.329,0.365
1641796,Pelle Larsson,1610612748,MIA,G,25.0,70,66,0.503,,,,,,Greater Than 15Ft,Regular Season,,,,,0.006,,,,,,,,,,,,,117.0,312.0,0.375,0.369
1642347,Jamal Shead,1610612761,TOR,G,23.0,82,80,0.601,,,,,,Greater Than 15Ft,Regular Season,,,,,0.0,,,,,,,,,,,,,113.0,307.0,0.368,0.369
1630643,Jay Huff,1610612754,IND,C,28.0,81,78,0.316,,,,,,Greater Than 15Ft,Regular Season,,,,,-0.003,,,,,,,,,,,,,110.0,307.0,0.358,0.361
1626171,Bobby Portis Jr.,1610612749,MIL,F,31.0,67,65,0.461,,,,,,Greater Than 15Ft,Regular Season,,,,,0.002,,,,,,,,,,,,,112.0,306.0,0.366,0.364
1641764,Brandin Podziemski,1610612744,GSW,G,23.0,82,78,0.477,,,,,,Greater Than 15Ft,Regular Season,,,,,-0.022,,,,,,,,,,,,,105.0,306.0,0.343,0.365
201942,DeMar DeRozan,1610612758,SAC,G-F,36.0,77,75,0.468,,,,,,Greater Than 15Ft,Regular Season,,,,,0.043,,,,,,,,,,,,,126.0,305.0,0.413,0.37
1630166,Deni Avdija,1610612757,POR,F,25.0,66,66,0.412,,,,,,Greater Than 15Ft,Regular Season,,,,,0.05,,,,,,,,,,,,,127.0,304.0,0.418,0.368
1631165,Keon Ellis,1610612739,CLE,G,26.0,72,68,0.541,,,,,,Greater Than 15Ft,Regular Season,,,,,-0.024,,,,,,,,,,,,,104.0,303.0,0.343,0.367
1629012,Collin Sexton,1610612741,CHI,G,27.0,68,66,0.58,,,,,,Greater Than 15Ft,Regular Season,,,,,-0.027,,,,,,,,,,,,,102.0,302.0,0.338,0.365
1642274,Yves Missi,1610612740,NOP,C,22.0,66,62,0.411,,,,,,Greater Than 15Ft,Regular Season,,,,,-0.012,,,,,,,,,,,,,106.0,299.0,0.355,0.366
1628398,Kyle Kuzma,1610612749,MIL,F,30.0,69,68,0.508,,,,,,Greater Than 15Ft,Regular Season,,,,,0.002,,,,,,,,,,,,,110.0,298.0,0.369,0.367
1631212,Peyton Watson,1610612743,DEN,G,23.0,54,53,0.46,,,,,,Greater Than 15Ft,Regular Season,,,,,-0.045,,,,,,,,,,,,,96.0,296.0,0.324,0.369
1630198,Isaiah Joe,1610612760,OKC,G,26.0,71,71,0.663,,,,,,Greater Than 15Ft,Regular Season,,,,,-0.007,,,,,,,,,,,,,104.0,295.0,0.353,0.36
1629661,Cameron Johnson,1610612743,DEN,F,30.0,54,53,0.544,,,,,,Greater Than 15Ft,Regular Season,,,,,0.023,,,,,,,,,,,,,112.0,293.0,0.382,0.359
1629060,Rui Hachimura,1610612747,LAL,F,28.0,68,68,0.473,,,,,,Greater Than 15Ft,Regular Season,,,,,0.025,,,,,,,,,,,,,114.0,292.0,0.39,0.365
1629645,Kevin Porter Jr.,1610612749,MIL,G-F,26.0,38,38,0.614,,,,,,Greater Than 15Ft,Regular Season,,,,,0.032,,,,,,,,,,,,,116.0,291.0,0.399,0.367
1641716,Jarace Walker,1610612754,IND,F,22.0,76,74,0.483,,,,,,Greater Than 15Ft,Regular Season,,,,,-0.018,,,,,,,,,,,,,102.0,290.0,0.352,0.369
1631119,Jaylin Williams,1610612760,OKC,F,24.0,64,61,0.446,,,,,,Greater Than 15Ft,Regular Season,,,,,-0.044,,,,,,,,,,,,,89.0,287.0,0.31,0.354
201950,Jrue Holiday,1610612757,POR,G,36.0,53,53,0.605,,,,,,Greater Than 15Ft,Regular Season,,,,,-0.004,,,,,,,,,,,,,104.0,287.0,0.362,0.366
2544,LeBron James,1610612747,LAL,F,41.0,60,60,0.555,,,,,,Greater Than 15Ft,Regular Season,,,,,-0.007,,,,,,,,,,,,,102.0,287.0,0.355,0.363
1626162,Kelly Oubre Jr.,1610612755,PHI,F-G,30.0,50,50,0.516,,,,,,Greater Than 15Ft,Regular Season,,,,,-0.015,,,,,,,,,,,,,100.0,286.0,0.35,0.365
203471,Dennis Schröder,1610612739,CLE,G,32.0,70,69,0.561,,,,,,Greater Than 15Ft,Regular Season,,,,,0.014,,,,,,,,,,,,,110.0,286.0,0.385,0.371
1642345,Oso Ighodaro,1610612756,PHX,F,23.0,82,76,0.369,,,,,,Greater Than 15Ft,Regular Season,,,,,-0.012,,,,,,,,,,,,,99.0,283.0,0.35,0.362
202699,Tobias Harris,1610612765,DET,F,33.0,63,62,0.532,,,,,,Greater Than 15Ft,Regular Season,,,,,-0.033,,,,,,,,,,,,,93.0,283.0,0.329,0.361
1630245,Ayo Dosunmu,1610612750,MIN,G,26.0,69,68,0.509,,,,,,Greater Than 15Ft,Regular Season,,,,,-0.05,,,,,,,,,,,,,88.0,282.0,0.312,0.362
1631109,Mark Williams,1610612756,PHX,C,24.0,60,57,0.375,,,,,,Greater Than 15Ft,Regular Season,,,,,-0.007,,,,,,,,,,,,,100.0,281.0,0.356,0.362
201572,Brook Lopez,1610612746,LAC,C,38.0,75,70,0.354,,,,,,Greater Than 15Ft,Regular Season,,,,,-0.008,,,,,,,,,,,,,99.0,280.0,0.354,0.361
1630541,Moses Moody,1610612744,GSW,G,24.0,60,60,0.485,,,,,,Greater Than 15Ft,Regular Season,,,,,0.004,,,,,,,,,,,,,103.0,278.0,0.371,0.367
1630559,Austin Reaves,1610612747,LAL,G,28.0,51,51,0.479,,,,,,Greater Than 15Ft,Regular Season,,,,,0.002,,,,,,,,,,,,,103.0,278.0,0.371,0.368
1641750,Ryan Kalkbrenner,1610612766,CHA,C,24.0,69,66,0.348,,,,,,Greater Than 15Ft,Regular Season,,,,,-0.007,,,,,,,,,,,,,94.0,277.0,0.339,0.346
1629640,Keldon Johnson,1610612759,SAS,F-G,26.0,82,78,0.489,,,,,,Greater Than 15Ft,Regular Season,,,,,-0.003,,,,,,,,,,,,,99.0,275.0,0.36,0.363
1630591,Jalen Suggs,1610612753,ORL,G,25.0,57,54,0.499,,,,,,Greater Than 15Ft,Regular Season,,,,,-0.013,,,,,,,,,,,,,97.0,274.0,0.354,0.367
1642276,Kel'el Ware,1610612748,MIA,C,22.0,77,71,0.323,,,,,,Greater Than 15Ft,Regular Season,,,,,-0.074,,,,,,,,,,,,,78.0,273.0,0.286,0.36
1642258,Zaccharie Risacher,1610612737,ATL,F,21.0,67,63,0.494,,,,,,Greater Than 15Ft,Regular Season,,,,,-0.026,,,,,,,,,,,,,92.0,272.0,0.338,0.364
203114,Khris Middleton,1610612742,DAL,F,34.0,62,60,0.571,,,,,,Greater Than 15Ft,Regular Season,,,,,0.031,,,,,,,,,,,,,107.0,271.0,0.395,0.364
1630191,Isaiah Stewart,1610612765,DET,F-C,25.0,58,58,0.411,,,,,,Greater Than 15Ft,Regular Season,,,,,0.045,,,,,,,,,,,,,110.0,271.0,0.406,0.361
1629614,Andrew Nembhard,1610612754,IND,G-F,26.0,57,57,0.517,,,,,,Greater Than 15Ft,Regular Season,,,,,0.011,,,,,,,,,,,,,103.0,270.0,0.381,0.371
1629655,Daniel Gafford,1610612742,DAL,F-C,27.0,55,54,0.39,,,,,,Greater Than 15Ft,Regular Season,,,,,0.002,,,,,,,,,,,,,98.0,270.0,0.363,0.361
1631128,Christian Braun,1610612743,DEN,G,25.0,44,44,0.543,,,,,,Greater Than 15Ft,Regular Season,,,,,-0.052,,,,,,,,,,,,,86.0,270.0,0.319,0.37
1630598,Aaron Wiggins,1610612760,OKC,G,27.0,64,61,0.503,,,,,,Greater Than 15Ft,Regular Season,,,,,0.062,,,,,,,,,,,,,114.0,269.0,0.424,0.362
1641842,Ronald Holland II,1610612765,DET,F,20.0,78,77,0.579,,,,,,Greater Than 15Ft,Regular Season,,,,,-0.013,,,,,,,,,,,,,94.0,267.0,0.352,0.365
1642266,Ja'Kobe Walter,1610612761,TOR,G,21.0,72,69,0.506,,,,,,Greater Than 15Ft,Regular Season,,,,,-0.006,,,,,,,,,,,,,96.0,267.0,0.36,0.366
1630611,Gui Santos,1610612744,GSW,F,24.0,66,58,0.464,,,,,,Greater Than 15Ft,Regular Season,,,,,-0.018,,,,,,,,,,,,,91.0,263.0,0.346,0.364
1642259,Alex Sarr,1610612764,WAS,C,21.0,48,47,0.324,,,,,,Greater Than 15Ft,Regular Season,,,,,0.055,,,,,,,,,,,,,111.0,263.0,0.422,0.367
1630583,Santi Aldama,1610612763,MEM,F-C,25.0,43,43,0.473,,,,,,Greater Than 15Ft,Regular Season,,,,,0.005,,,,,,,,,,,,,96.0,262.0,0.366,0.362
1642268,Isaiah Collier,1610612762,UTA,G,21.0,59,56,0.598,,,,,,Greater Than 15Ft,Regular Season,,,,,0.103,,,,,,,,,,,,,123.0,262.0,0.469,0.367
1628989,Kevin Huerter,1610612765,DET,G-F,27.0,68,67,0.471,,,,,,Greater Than 15Ft,Regular Season,,,,,-0.027,,,,,,,,,,,,,87.0,261.0,0.333,0.36
1630551,Justin Champagnie,1610612764,WAS,G-F,25.0,67,67,0.477,,,,,,Greater Than 15Ft,Regular Season,,,,,-0.033,,,,,,,,,,,,,87.0,260.0,0.335,0.367
1630172,Patrick Williams,1610612741,CHI,F,24.0,71,66,0.487,,,,,,Greater Than 15Ft,Regular Season,,,,,0.026,,,,,,,,,,,,,101.0,260.0,0.388,0.362
1630314,Brandon Williams,1610612742,DAL,G,26.0,66,65,0.499,,,,,,Greater Than 15Ft,Regular Season,,,,,-0.021,,,,,,,,,,,,,88.0,260.0,0.338,0.359
201566,Russell Westbrook,1610612758,SAC,G,37.0,64,61,0.552,,,,,,Greater Than 15Ft,Regular Season,,,,,0.006,,,,,,,,,,,,,96.0,259.0,0.371,0.364
1641757,Jordan Miller,1610612746,LAC,G,26.0,60,58,0.515,,,,,,Greater Than 15Ft,Regular Season,,,,,0.026,,,,,,,,,,,,,101.0,259.0,0.39,0.364
1631248,Baylor Scheierman,1610612738,BOS,G,25.0,74,69,0.531,,,,,,Greater Than 15Ft,Regular Season,,,,,0.042,,,,,,,,,,,,,105.0,259.0,0.405,0.363
1630170,Devin Vassell,1610612759,SAS,G-F,25.0,67,65,0.47,,,,,,Greater Than 15Ft,Regular Season,,,,,-0.021,,,,,,,,,,,,,89.0,257.0,0.346,0.368
1630692,Jordan Goodwin,1610612756,PHX,G,27.0,70,67,0.541,,,,,,Greater Than 15Ft,Regular Season,,,,,0.034,,,,,,,,,,,,,103.0,257.0,0.401,0.366
1642262,Cody Williams,1610612762,UTA,F,21.0,65,59,0.487,,,,,,Greater Than 15Ft,Regular Season,,,,,0.053,,,,,,,,,,,,,107.0,253.0,0.423,0.37
1642285,Cam Spencer,1610612763,MEM,G,26.0,72,66,0.538,,,,,,Greater Than 15Ft,Regular Season,,,,,-0.015,,,,,,,,,,,,,88.0,252.0,0.349,0.365
1642346,Ryan Dunn,1610612756,PHX,F,23.0,69,64,0.517,,,,,,Greater Than 15Ft,Regular Season,,,,,-0.009,,,,,,,,,,,,,90.0,252.0,0.357,0.366
1628960,Grayson Allen,1610612756,PHX,G,30.0,51,51,0.522,,,,,,Greater Than 15Ft,Regular Season,,,,,0.008,,,,,,,,,,,,,95.0,251.0,0.378,0.371
1630631,Jose Alvarado,1610612752,NYK,G,28.0,68,66,0.62,,,,,,Greater Than 15Ft,Regular Season,,,,,-0.015,,,,,,,,,,,,,87.0,251.0,0.347,0.361
1630174,Aaron Nesmith,1610612754,IND,G-F,26.0,45,45,0.469,,,,,,Greater Than 15Ft,Regular Season,,,,,-0.011,,,,,,,,,,,,,90.0,251.0,0.359,0.369
203924,Jerami Grant,1610612757,POR,F,32.0,57,56,0.533,,,,,,Greater Than 15Ft,Regular Season,,,,,-0.001,,,,,,,,,,,,,93.0,251.0,0.371,0.372
1630163,LaMelo Ball,1610612766,CHA,G,24.0,70,67,0.535,,,,,,Greater Than 15Ft,Regular Season,,,,,0.018,,,,,,,,,,,,,96.0,250.0,0.384,0.366
1628386,Jarrett Allen,1610612739,CLE,C,28.0,56,51,0.37,,,,,,Greater Than 15Ft,Regular Season,,,,,0.015,,,,,,,,,,,,,94.0,250.0,0.376,0.361
1629637,Jaxson Hayes,1610612747,LAL,C-F,26.0,66,63,0.466,,,,,,Greater Than 15Ft,Regular Season,,,,,-0.007,,,,,,,,,,,,,89.0,250.0,0.356,0.363
1642867,Collin Murray-Boyles,1610612761,TOR,F,21.0,57,57,0.454,,,,,,Greater Than 15Ft,Regular Season,,,,,-0.044,,,,,,,,,,,,,80.0,249.0,0.321,0.365
1627826,Ivica Zubac,1610612754,IND,C,29.0,48,48,0.375,,,,,,Greater Than 15Ft,Regular Season,,,,,0.019,,,,,,,,,,,,,94.0,249.0,0.378,0.359
1642366,Quinten Post,1610612744,GSW,C,26.0,67,64,0.382,,,,,,Greater Than 15Ft,Regular Season,,,,,-0.025,,,,,,,,,,,,,83.0,247.0,0.336,0.361
1630200,Tre Jones,1610612741,CHI,G,26.0,65,63,0.493,,,,,,Greater Than 15Ft,Regular Season,,,,,-0.013,,,,,,,,,,,,,87.0,246.0,0.354,0.366
1628379,Luke Kennard,1610612747,LAL,G,30.0,77,75,0.479,,,,,,Greater Than 15Ft,Regular Season,,,,,0.054,,,,,,,,,,,,,102.0,246.0,0.415,0.361
1631106,Tari Eason,1610612745,HOU,F,25.0,60,60,0.482,,,,,,Greater Than 15Ft,Regular Season,,,,,0.016,,,,,,,,,,,,,93.0,245.0,0.38,0.364
1630696,Dru Smith,1610612748,MIA,G,28.0,69,67,0.538,,,,,,Greater Than 15Ft,Regular Season,,,,,-0.013,,,,,,,,,,,,,86.0,243.0,0.354,0.367
1630533,Ziaire Williams,1610612751,BKN,F,24.0,56,56,0.544,,,,,,Greater Than 15Ft,Regular Season,,,,,-0.018,,,,,,,,,,,,,85.0,242.0,0.351,0.37
1629611,Terance Mann,1610612751,BKN,G-F,29.0,63,60,0.489,,,,,,Greater Than 15Ft,Regular Season,,,,,-0.006,,,,,,,,,,,,,88.0,240.0,0.367,0.372
1628374,Lauri Markkanen,1610612762,UTA,F-C,29.0,42,42,0.504,,,,,,Greater Than 15Ft,Regular Season,,,,,-0.043,,,,,,,,,,,,,77.0,240.0,0.321,0.364
1642461,Spencer Jones,1610612743,DEN,F,25.0,62,57,0.471,,,,,,Greater Than 15Ft,Regular Season,,,,,-0.001,,,,,,,,,,,,,85.0,237.0,0.359,0.36
1641737,Adem Bona,1610612755,PHI,F,23.0,71,66,0.383,,,,,,Greater Than 15Ft,Regular Season,,,,,0.01,,,,,,,,,,,,,88.0,237.0,0.371,0.362
1642954,Will Richard,1610612744,GSW,G,23.0,67,65,0.528,,,,,,Greater Than 15Ft,Regular Season,,,,,-0.008,,,,,,,,,,,,,86.0,236.0,0.364,0.372
1641854,Craig Porter Jr.,1610612739,CLE,G,26.0,63,62,0.494,,,,,,Greater Than 15Ft,Regular Season,,,,,0.01,,,,,,,,,,,,,86.0,236.0,0.364,0.354
1628963,Marvin Bagley III,1610612742,DAL,F,27.0,60,56,0.402,,,,,,Greater Than 15Ft,Regular Season,,,,,0.001,,,,,,,,,,,,,86.0,236.0,0.364,0.364
1629636,Darius Garland,1610612746,LAC,G,26.0,45,45,0.539,,,,,,Greater Than 15Ft,Regular Season,,,,,-0.013,,,,,,,,,,,,,85.0,235.0,0.362,0.375
1630529,Herbert Jones,1610612740,NOP,F,27.0,56,54,0.508,,,,,,Greater Than 15Ft,Regular Season,,,,,0.001,,,,,,,,,,,,,87.0,235.0,0.37,0.37
1627884,Derrick Jones Jr.,1610612746,LAC,F,29.0,50,49,0.499,,,,,,Greater Than 15Ft,Regular Season,,,,,-0.019,,,,,,,,,,,,,83.0,234.0,0.355,0.374
1631323,Simone Fontecchio,1610612748,MIA,F,30.0,67,60,0.543,,,,,,Greater Than 15Ft,Regular Season,,,,,0.01,,,,,,,,,,,,,88.0,234.0,0.376,0.366
1630568,Luka Garza,1610612738,BOS,C,27.0,68,59,0.428,,,,,,Greater Than 15Ft,Regular Season,,,,,0.03,,,,,,,,,,,,,89.0,233.0,0.382,0.352
1642450,Daniss Jenkins,1610612765,DET,G,24.0,71,66,0.546,,,,,,Greater Than 15Ft,Regular Season,,,,,-0.033,,,,,,,,,,,,,77.0,233.0,0.33,0.363
203897,Zach LaVine,1610612758,SAC,G,31.0,39,39,0.583,,,,,,Greater Than 15Ft,Regular Season,,,,,0.021,,,,,,,,,,,,,91.0,232.0,0.392,0.371
1629731,Dean Wade,1610612739,CLE,F-C,29.0,58,57,0.426,,,,,,Greater Than 15Ft,Regular Season,,,,,-0.046,,,,,,,,,,,,,75.0,232.0,0.323,0.369
1630249,Vít Krejčí,1610612757,POR,G,26.0,65,64,0.482,,,,,,Greater Than 15Ft,Regular Season,,,,,0.028,,,,,,,,,,,,,90.0,230.0,0.391,0.363
1628392,Isaiah Hartenstein,1610612760,OKC,C-F,28.0,47,46,0.453,,,,,,Greater Than 15Ft,Regular Season,,,,,0.014,,,,,,,,,,,,,84.0,225.0,0.373,0.36
1629632,Coby White,1610612766,CHA,G,26.0,50,49,0.582,,,,,,Greater Than 15Ft,Regular Season,,,,,0.003,,,,,,,,,,,,,81.0,224.0,0.362,0.359
1642848,Tre Johnson,1610612764,WAS,G,20.0,59,56,0.492,,,,,,Greater Than 15Ft,Regular Season,,,,,-0.032,,,,,,,,,,,,,76.0,223.0,0.341,0.373
1631097,Bennedict Mathurin,1610612746,LAC,G-F,24.0,54,54,0.471,,,,,,Greater Than 15Ft,Regular Season,,,,,0.042,,,,,,,,,,,,,92.0,222.0,0.414,0.372
1629011,Mitchell Robinson,1610612752,NYK,C-F,28.0,60,55,0.447,,,,,,Greater Than 15Ft,Regular Season,,,,,-0.004,,,,,,,,,,,,,79.0,221.0,0.357,0.361
1629013,Landry Shamet,1610612752,NYK,G,29.0,50,49,0.556,,,,,,Greater Than 15Ft,Regular Season,,,,,0.057,,,,,,,,,,,,,94.0,220.0,0.427,0.371
1642864,Hugo González,1610612738,BOS,G,20.0,69,67,0.582,,,,,,Greater Than 15Ft,Regular Season,,,,,-0.004,,,,,,,,,,,,,79.0,220.0,0.359,0.363
1630540,Miles McBride,1610612752,NYK,G,25.0,41,41,0.573,,,,,,Greater Than 15Ft,Regular Season,,,,,-0.015,,,,,,,,,,,,,77.0,220.0,0.35,0.365
1641775,Jordan Walsh,1610612738,BOS,G,22.0,65,63,0.5,,,,,,Greater Than 15Ft,Regular Season,,,,,0.027,,,,,,,,,,,,,87.0,220.0,0.395,0.369
1641713,GG Jackson,1610612763,MEM,F,21.0,51,50,0.452,,,,,,Greater Than 15Ft,Regular Season,,,,,0.029,,,,,,,,,,,,,86.0,220.0,0.391,0.362
1629004,Svi Mykhailiuk,1610612762,UTA,G-F,29.0,50,50,0.568,,,,,,Greater Than 15Ft,Regular Season,,,,,0.025,,,,,,,,,,,,,87.0,218.0,0.399,0.374
1629111,Jock Landale,1610612737,ATL,C,30.0,68,65,0.353,,,,,,Greater Than 15Ft,Regular Season,,,,,0.046,,,,,,,,,,,,,88.0,217.0,0.406,0.359
1630579,Jericho Sims,1610612749,MIL,C,27.0,63,56,0.49,,,,,,Greater Than 15Ft,Regular Season,,,,,-0.004,,,,,,,,,,,,,76.0,215.0,0.353,0.358
1628370,Malik Monk,1610612758,SAC,G,28.0,62,58,0.532,,,,,,Greater Than 15Ft,Regular Season,,,,,0.003,,,,,,,,,,,,,79.0,215.0,0.367,0.364
1629006,Josh Okogie,1610612745,HOU,G,27.0,75,68,0.536,,,,,,Greater Than 15Ft,Regular Season,,,,,0.088,,,,,,,,,,,,,96.0,215.0,0.447,0.359
1626181,Norman Powell,1610612748,MIA,G,33.0,57,56,0.521,,,,,,Greater Than 15Ft,Regular Season,,,,,0.052,,,,,,,,,,,,,90.0,215.0,0.419,0.366
1627747,Caris LeVert,1610612765,DET,G,31.0,60,56,0.523,,,,,,Greater Than 15Ft,Regular Season,,,,,-0.02,,,,,,,,,,,,,75.0,213.0,0.352,0.372
1629750,Javonte Green,1610612765,DET,G,32.0,78,71,0.516,,,,,,Greater Than 15Ft,Regular Season,,,,,0.042,,,,,,,,,,,,,87.0,213.0,0.408,0.366
203994,Jusuf Nurkić,1610612762,UTA,C,31.0,41,39,0.395,,,,,,Greater Than 15Ft,Regular Season,,,,,0.033,,,,,,,,,,,,,83.0,212.0,0.392,0.359
1631101,Shaedon Sharpe,1610612757,POR,G,23.0,50,49,0.487,,,,,,Greater Than 15Ft,Regular Season,,,,,-0.011,,,,,,,,,,,,,75.0,212.0,0.354,0.365
1631172,Ousmane Dieng,1610612749,MIL,F,23.0,57,52,0.518,,,,,,Greater Than 15Ft,Regular Season,,,,,-0.028,,,,,,,,,,,,,69.0,211.0,0.327,0.355
1631243,Mouhamed Gueye,1610612737,ATL,F,23.0,74,65,0.44,,,,,,Greater Than 15Ft,Regular Season,,,,,-0.05,,,,,,,,,,,,,66.0,211.0,0.313,0.362
1630241,Sam Merrill,1610612739,CLE,G,30.0,52,50,0.512,,,,,,Greater Than 15Ft,Regular Season,,,,,-0.023,,,,,,,,,,,,,72.0,210.0,0.343,0.366
1641707,Taylor Hendricks,1610612763,MEM,F,22.0,58,55,0.481,,,,,,Greater Than 15Ft,Regular Season,,,,,0.086,,,,,,,,,,,,,94.0,210.0,0.448,0.362
1642920,Kobe Sanders,1610612746,LAC,G,24.0,67,61,0.498,,,,,,Greater Than 15Ft,Regular Season,,,,,0.013,,,,,,,,,,,,,80.0,209.0,0.383,0.37
1641711,Gradey Dick,1610612761,TOR,G-F,22.0,71,63,0.63,,,,,,Greater Than 15Ft,Regular Season,,,,,-0.065,,,,,,,,,,,,,62.0,209.0,0.297,0.362
1642272,Jared McCain,1610612760,OKC,G,22.0,66,60,0.526,,,,,,Greater Than 15Ft,Regular Season,,,,,0.044,,,,,,,,,,,,,84.0,209.0,0.402,0.358
1629008,Michael Porter Jr.,1610612751,BKN,F,28.0,52,52,0.433,,,,,,Greater Than 15Ft,Regular Season,,,,,0.031,,,,,,,,,,,,,84.0,208.0,0.404,0.373
1642857,Kasparas Jakučionis,1610612748,MIA,G,20.0,51,49,0.535,,,,,,Greater Than 15Ft,Regular Season,,,,,0.023,,,,,,,,,,,,,80.0,207.0,0.386,0.364
1630538,Bones Hyland,1610612750,MIN,G,25.0,70,61,0.512,,,,,,Greater Than 15Ft,Regular Season,,,,,-0.005,,,,,,,,,,,,,75.0,206.0,0.364,0.369
1641772,Nae'Qwan Tomlin,1610612739,CLE,F,25.0,61,57,0.558,,,,,,Greater Than 15Ft,Regular Season,,,,,0.044,,,,,,,,,,,,,84.0,206.0,0.408,0.364
1642860,Will Riley,1610612764,WAS,F,20.0,71,60,0.416,,,,,,Greater Than 15Ft,Regular Season,,,,,-0.009,,,,,,,,,,,,,73.0,205.0,0.356,0.365
1642349,Ajay Mitchell,1610612760,OKC,G,24.0,57,54,0.499,,,,,,Greater Than 15Ft,Regular Season,,,,,0.021,,,,,,,,,,,,,79.0,205.0,0.385,0.364
1629631,De'Andre Hunter,1610612758,SAC,F-G,28.0,45,44,0.547,,,,,,Greater Than 15Ft,Regular Season,,,,,0.033,,,,,,,,,,,,,83.0,204.0,0.407,0.374
203083,Andre Drummond,1610612755,PHI,C,32.0,63,57,0.368,,,,,,Greater Than 15Ft,Regular Season,,,,,-0.034,,,,,,,,,,,,,66.0,204.0,0.324,0.357
203903,Jordan Clarkson,1610612752,NYK,G,34.0,69,68,0.524,,,,,,Greater Than 15Ft,Regular Season,,,,,0.095,,,,,,,,,,,,,93.0,204.0,0.456,0.36
1627936,Alex Caruso,1610612760,OKC,G,32.0,56,54,0.592,,,,,,Greater Than 15Ft,Regular Season,,,,,0.013,,,,,,,,,,,,,76.0,202.0,0.376,0.363
1642844,Dylan Harper,1610612759,SAS,G,20.0,69,64,0.457,,,,,,Greater Than 15Ft,Regular Season,,,,,-0.014,,,,,,,,,,,,,71.0,202.0,0.351,0.365
201143,Al Horford,1610612744,GSW,C-F,40.0,45,45,0.44,,,,,,Greater Than 15Ft,Regular Season,,,,,-0.032,,,,,,,,,,,,,67.0,202.0,0.332,0.364
203954,Joel Embiid,1610612755,PHI,C-F,32.0,38,37,0.36,,,,,,Greater Than 15Ft,Regular Season,,,,,-0.019,,,,,,,,,,,,,67.0,201.0,0.333,0.353
1629014,Anfernee Simons,1610612741,CHI,G,27.0,55,52,0.5,,,,,,Greater Than 15Ft,Regular Season,,,,,0.034,,,,,,,,,,,,,79.0,200.0,0.395,0.361
1630570,Trendon Watford,1610612755,PHI,G-F,25.0,50,46,0.544,,,,,,Greater Than 15Ft,Regular Season,,,,,0.053,,,,,,,,,,,,,82.0,199.0,0.412,0.359
1627751,Jakob Poeltl,1610612761,TOR,C,30.0,46,45,0.362,,,,,,Greater Than 15Ft,Regular Season,,,,,0.006,,,,,,,,,,,,,73.0,198.0,0.369,0.363
1629723,John Konchar,1610612762,UTA,G,30.0,56,53,0.419,,,,,,Greater Than 15Ft,Regular Season,,,,,-0.066,,,,,,,,,,,,,57.0,195.0,0.292,0.358
1641767,Ben Sheppard,1610612754,IND,G,24.0,65,59,0.481,,,,,,Greater Than 15Ft,Regular Season,,,,,-0.01,,,,,,,,,,,,,71.0,195.0,0.364,0.374
1629057,Robert Williams III,1610612757,POR,C-F,28.0,59,58,0.377,,,,,,Greater Than 15Ft,Regular Season,,,,,-0.022,,,,,,,,,,,,,66.0,195.0,0.338,0.361
1629018,Gary Trent Jr.,1610612749,MIL,G,27.0,58,58,0.644,,,,,,Greater Than 15Ft,Regular Season,,,,,0.048,,,,,,,,,,,,,80.0,195.0,0.41,0.363
1627780,Gary Payton II,1610612744,GSW,G,33.0,71,63,0.528,,,,,,Greater Than 15Ft,Regular Season,,,,,0.014,,,,,,,,,,,,,74.0,195.0,0.379,0.365
1630532,Franz Wagner,1610612753,ORL,F,24.0,34,34,0.529,,,,,,Greater Than 15Ft,Regular Season,,,,,0.059,,,,,,,,,,,,,82.0,194.0,0.423,0.364
1630264,Anthony Gill,1610612764,WAS,F,33.0,49,45,0.483,,,,,,Greater Than 15Ft,Regular Season,,,,,0.045,,,,,,,,,,,,,78.0,194.0,0.402,0.357
1642874,Danny Wolf,1610612751,BKN,F,22.0,57,53,0.4,,,,,,Greater Than 15Ft,Regular Season,,,,,-0.044,,,,,,,,,,,,,64.0,194.0,0.33,0.374
202331,Paul George,1610612755,PHI,F,36.0,37,37,0.475,,,,,,Greater Than 15Ft,Regular Season,,,,,-0.007,,,,,,,,,,,,,71.0,193.0,0.368,0.375
1630557,Corey Kispert,1610612737,ATL,F,27.0,58,53,0.49,,,,,,Greater Than 15Ft,Regular Season,,,,,-0.008,,,,,,,,,,,,,67.0,191.0,0.351,0.359
1642948,Ryan Nembhard,1610612742,DAL,G,23.0,58,53,0.535,,,,,,Greater Than 15Ft,Regular Season,,,,,-0.013,,,,,,,,,,,,,67.0,189.0,0.354,0.367
1642364,Jamir Watkins,1610612764,WAS,F,24.0,48,45,0.426,,,,,,Greater Than 15Ft,Regular Season,,,,,0.019,,,,,,,,,,,,,71.0,188.0,0.378,0.358
1631321,Sidy Cissoko,1610612757,POR,G,22.0,70,62,0.462,,,,,,Greater Than 15Ft,Regular Season,,,,,-0.004,,,,,,,,,,,,,66.0,186.0,0.355,0.359
1642856,Egor Dëmin,1610612751,BKN,G,20.0,52,50,0.421,,,,,,Greater Than 15Ft,Regular Season,,,,,-0.026,,,,,,,,,,,,,63.0,185.0,0.341,0.366
1641731,Bilal Coulibaly,1610612764,WAS,G,21.0,55,51,0.451,,,,,,Greater Than 15Ft,Regular Season,,,,,-0.004,,,,,,,,,,,,,68.0,185.0,0.368,0.371
1630534,Ochai Agbaji,1610612751,BKN,G,26.0,59,53,0.514,,,,,,Greater Than 15Ft,Regular Season,,,,,-0.026,,,,,,,,,,,,,63.0,184.0,0.342,0.368
1642868,Carter Bryant,1610612759,SAS,F,20.0,67,59,0.513,,,,,,Greater Than 15Ft,Regular Season,,,,,0.031,,,,,,,,,,,,,69.0,183.0,0.377,0.346
202691,Klay Thompson,1610612742,DAL,G,36.0,69,67,0.456,,,,,,Greater Than 15Ft,Regular Season,,,,,-0.02,,,,,,,,,,,,,63.0,182.0,0.346,0.366
201939,Stephen Curry,1610612744,GSW,G,38.0,43,43,0.54,,,,,,Greater Than 15Ft,Regular Season,,,,,0.005,,,,,,,,,,,,,69.0,182.0,0.379,0.375
1629216,Gabe Vincent,1610612737,ATL,G,30.0,53,52,0.614,,,,,,Greater Than 15Ft,Regular Season,,,,,0.064,,,,,,,,,,,,,78.0,181.0,0.431,0.367
1631245,Quenton Jackson,1610612754,IND,G,27.0,46,46,0.537,,,,,,Greater Than 15Ft,Regular Season,,,,,-0.024,,,,,,,,,,,,,62.0,181.0,0.343,0.366
1631246,Vince Williams Jr.,1610612762,UTA,G,25.0,40,40,0.601,,,,,,Greater Than 15Ft,Regular Season,,,,,-0.021,,,,,,,,,,,,,62.0,181.0,0.343,0.363
1631255,Karlo Matković,1610612740,NOP,F-C,25.0,61,55,0.388,,,,,,Greater Than 15Ft,Regular Season,,,,,-0.017,,,,,,,,,,,,,61.0,180.0,0.339,0.356
201587,Nicolas Batum,1610612746,LAC,G-F,37.0,72,65,0.465,,,,,,Greater Than 15Ft,Regular Season,,,,,0.035,,,,,,,,,,,,,72.0,180.0,0.4,0.365
1630188,Jalen Smith,1610612741,CHI,F-C,26.0,53,51,0.371,,,,,,Greater Than 15Ft,Regular Season,,,,,0.05,,,,,,,,,,,,,74.0,179.0,0.413,0.363
1630543,Isaiah Jackson,1610612746,LAC,F,24.0,54,50,0.374,,,,,,Greater Than 15Ft,Regular Season,,,,,-0.091,,,,,,,,,,,,,50.0,179.0,0.279,0.371
202710,Jimmy Butler III,1610612744,GSW,F,36.0,38,38,0.558,,,,,,Greater Than 15Ft,Regular Season,,,,,0.028,,,,,,,,,,,,,71.0,179.0,0.397,0.368
203932,Aaron Gordon,1610612743,DEN,F,30.0,36,35,0.478,,,,,,Greater Than 15Ft,Regular Season,,,,,-0.128,,,,,,,,,,,,,41.0,178.0,0.23,0.358
1641712,Rayan Rupert,1610612763,MEM,G-F,22.0,58,52,0.467,,,,,,Greater Than 15Ft,Regular Season,,,,,0.0,,,,,,,,,,,,,63.0,175.0,0.36,0.36
1630695,Micah Potter,1610612754,IND,C,28.0,45,43,0.352,,,,,,Greater Than 15Ft,Regular Season,,,,,0.043,,,,,,,,,,,,,69.0,173.0,0.399,0.356
1629001,De'Anthony Melton,1610612744,GSW,G,28.0,49,48,0.464,,,,,,Greater Than 15Ft,Regular Season,,,,,0.035,,,,,,,,,,,,,70.0,172.0,0.407,0.372
1631121,Bryce McGowens,1610612740,NOP,G,23.0,41,38,0.521,,,,,,Greater Than 15Ft,Regular Season,,,,,-0.049,,,,,,,,,,,,,54.0,171.0,0.316,0.365
1641765,Olivier-Maxence Prosper,1610612763,MEM,F,23.0,49,46,0.404,,,,,,Greater Than 15Ft,Regular Season,,,,,0.065,,,,,,,,,,,,,72.0,170.0,0.424,0.358
1630549,Day'Ron Sharpe,1610612751,BKN,C,24.0,62,52,0.393,,,,,,Greater Than 15Ft,Regular Season,,,,,0.011,,,,,,,,,,,,,63.0,169.0,0.373,0.362
1642348,Justin Edwards,1610612755,PHI,F,22.0,55,51,0.545,,,,,,Greater Than 15Ft,Regular Season,,,,,0.061,,,,,,,,,,,,,71.0,168.0,0.423,0.362
204001,Kristaps Porziņģis,1610612744,GSW,F-C,30.0,32,31,0.402,,,,,,Greater Than 15Ft,Regular Season,,,,,-0.049,,,,,,,,,,,,,51.0,166.0,0.307,0.357
1631169,Josh Minott,1610612751,BKN,F,23.0,48,45,0.481,,,,,,Greater Than 15Ft,Regular Season,,,,,0.043,,,,,,,,,,,,,67.0,165.0,0.406,0.363
1641738,Kobe Brown,1610612754,IND,F,26.0,56,49,0.509,,,,,,Greater Than 15Ft,Regular Season,,,,,0.074,,,,,,,,,,,,,72.0,165.0,0.436,0.363
1629048,Goga Bitadze,1610612753,ORL,C-F,26.0,63,53,0.359,,,,,,Greater Than 15Ft,Regular Season,,,,,0.005,,,,,,,,,,,,,61.0,165.0,0.37,0.364
1629673,Jordan Poole,1610612740,NOP,G,27.0,39,37,0.575,,,,,,Greater Than 15Ft,Regular Season,,,,,-0.044,,,,,,,,,,,,,53.0,165.0,0.321,0.366
1630194,Paul Reed,1610612765,DET,F,27.0,62,57,0.361,,,,,,Greater Than 15Ft,Regular Season,,,,,-0.075,,,,,,,,,,,,,48.0,163.0,0.294,0.369
1627741,Buddy Hield,1610612737,ATL,G,33.0,50,49,0.511,,,,,,Greater Than 15Ft,Regular Season,,,,,0.06,,,,,,,,,,,,,69.0,163.0,0.423,0.364
203507,Giannis Antetokounmpo,1610612749,MIL,F,31.0,36,35,0.5,,,,,,Greater Than 15Ft,Regular Season,,,,,-0.029,,,,,,,,,,,,,53.0,162.0,0.327,0.356
1630311,Pat Spencer,1610612744,GSW,G,29.0,61,53,0.433,,,,,,Greater Than 15Ft,Regular Season,,,,,0.012,,,,,,,,,,,,,61.0,162.0,0.377,0.364
1642849,Nolan Traore,1610612751,BKN,G,20.0,56,52,0.393,,,,,,Greater Than 15Ft,Regular Season,,,,,0.021,,,,,,,,,,,,,63.0,161.0,0.391,0.371
203991,Clint Capela,1610612745,HOU,C,32.0,73,66,0.355,,,,,,Greater Than 15Ft,Regular Season,,,,,-0.088,,,,,,,,,,,,,42.0,161.0,0.261,0.349
1642265,Rob Dillingham,1610612741,CHI,G,21.0,61,50,0.502,,,,,,Greater Than 15Ft,Regular Season,,,,,-0.018,,,,,,,,,,,,,54.0,158.0,0.342,0.36
1642269,Devin Carter,1610612758,SAC,G,24.0,36,32,0.621,,,,,,Greater Than 15Ft,Regular Season,,,,,0.077,,,,,,,,,,,,,68.0,157.0,0.433,0.357
1631107,Nikola Jović,1610612748,MIA,F,23.0,44,42,0.397,,,,,,Greater Than 15Ft,Regular Season,,,,,-0.057,,,,,,,,,,,,,48.0,157.0,0.306,0.362
203937,Kyle Anderson,1610612750,MIN,F-G,32.0,43,41,0.467,,,,,,Greater Than 15Ft,Regular Season,,,,,-0.079,,,,,,,,,,,,,43.0,156.0,0.276,0.355
1629639,Tyler Herro,1610612748,MIA,G,26.0,33,33,0.477,,,,,,Greater Than 15Ft,Regular Season,,,,,-0.002,,,,,,,,,,,,,57.0,155.0,0.368,0.37
1631159,Leonard Miller,1610612741,CHI,F,22.0,36,35,0.48,,,,,,Greater Than 15Ft,Regular Season,,,,,0.005,,,,,,,,,,,,,58.0,155.0,0.374,0.37
201144,Mike Conley,1610612750,MIN,G,38.0,52,48,0.463,,,,,,Greater Than 15Ft,Regular Season,,,,,0.031,,,,,,,,,,,,,62.0,155.0,0.4,0.369
203914,Gary Harris,1610612749,MIL,G,31.0,45,45,0.627,,,,,,Greater Than 15Ft,Regular Season,,,,,0.022,,,,,,,,,,,,,59.0,153.0,0.386,0.363
1630228,Jonathan Kuminga,1610612737,ATL,F,23.0,36,36,0.541,,,,,,Greater Than 15Ft,Regular Season,,,,,-0.026,,,,,,,,,,,,,51.0,152.0,0.336,0.362
1629684,Grant Williams,1610612766,CHA,F,27.0,36,36,0.533,,,,,,Greater Than 15Ft,Regular Season,,,,,-0.06,,,,,,,,,,,,,45.0,152.0,0.296,0.356
1642962,Drake Powell,1610612751,BKN,G-F,20.0,60,51,0.463,,,,,,Greater Than 15Ft,Regular Season,,,,,-0.023,,,,,,,,,,,,,53.0,152.0,0.349,0.372
1627824,Guerschon Yabusele,1610612741,CHI,F,30.0,65,54,0.394,,,,,,Greater Than 15Ft,Regular Season,,,,,0.011,,,,,,,,,,,,,56.0,151.0,0.371,0.359
1630592,Jalen Wilson,1610612751,BKN,F,25.0,51,47,0.53,,,,,,Greater Than 15Ft,Regular Season,,,,,0.038,,,,,,,,,,,,,60.0,150.0,0.4,0.362
203939,Dwight Powell,1610612742,DAL,F-C,34.0,57,49,0.334,,,,,,Greater Than 15Ft,Regular Season,,,,,0.029,,,,,,,,,,,,,59.0,149.0,0.396,0.367
1631126,Caleb Love,1610612757,POR,G,24.0,47,43,0.601,,,,,,Greater Than 15Ft,Regular Season,,,,,-0.052,,,,,,,,,,,,,46.0,149.0,0.309,0.361
1642914,Javon Small,1610612763,MEM,G,23.0,37,36,0.576,,,,,,Greater Than 15Ft,Regular Season,,,,,-0.004,,,,,,,,,,,,,51.0,147.0,0.347,0.351
1628975,Jevon Carter,1610612753,ORL,G,30.0,49,44,0.553,,,,,,Greater Than 15Ft,Regular Season,,,,,-0.063,,,,,,,,,,,,,44.0,147.0,0.299,0.363
1631250,Pete Nance,1610612749,MIL,F,26.0,40,38,0.479,,,,,,Greater Than 15Ft,Regular Season,,,,,0.014,,,,,,,,,,,,,54.0,145.0,0.372,0.358
204456,T.J. McConnell,1610612754,IND,G,34.0,55,51,0.533,,,,,,Greater Than 15Ft,Regular Season,,,,,0.01,,,,,,,,,,,,,56.0,145.0,0.386,0.376
1629020,Jarred Vanderbilt,1610612747,LAL,F,27.0,61,55,0.451,,,,,,Greater Than 15Ft,Regular Season,,,,,-0.059,,,,,,,,,,,,,45.0,144.0,0.313,0.372
203484,Kentavious Caldwell-Pope,1610612763,MEM,G,33.0,49,47,0.598,,,,,,Greater Than 15Ft,Regular Season,,,,,0.042,,,,,,,,,,,,,59.0,144.0,0.41,0.368
1631124,Julian Strawther,1610612743,DEN,G,24.0,52,48,0.535,,,,,,Greater Than 15Ft,Regular Season,,,,,0.081,,,,,,,,,,,,,64.0,144.0,0.444,0.363
1641774,Tristan Vukcevic,1610612764,WAS,F,23.0,47,41,0.371,,,,,,Greater Than 15Ft,Regular Season,,,,,0.054,,,,,,,,,,,,,59.0,143.0,0.413,0.359
203500,Steven Adams,1610612745,HOU,C,32.0,32,32,0.404,,,,,,Greater Than 15Ft,Regular Season,,,,,-0.02,,,,,,,,,,,,,46.0,143.0,0.322,0.342
1628988,Aaron Holiday,1610612745,HOU,G,29.0,51,46,0.54,,,,,,Greater Than 15Ft,Regular Season,,,,,-0.055,,,,,,,,,,,,,43.0,142.0,0.303,0.358
1628418,Thomas Bryant,1610612739,CLE,C-F,28.0,58,51,0.391,,,,,,Greater Than 15Ft,Regular Season,,,,,0.145,,,,,,,,,,,,,72.0,142.0,0.507,0.362
1630182,Josh Green,1610612766,CHA,G,25.0,54,53,0.602,,,,,,Greater Than 15Ft,Regular Season,,,,,-0.1,,,,,,,,,,,,,38.0,142.0,0.268,0.368
1641740,Jaylen Clark,1610612750,MIN,G,24.0,63,57,0.445,,,,,,Greater Than 15Ft,Regular Season,,,,,-0.066,,,,,,,,,,,,,43.0,141.0,0.305,0.37
1631200,Kris Murray,1610612757,POR,F,25.0,57,51,0.362,,,,,,Greater Than 15Ft,Regular Season,,,,,-0.015,,,,,,,,,,,,,49.0,141.0,0.348,0.363
1642877,Micah Peavy,1610612740,NOP,G-F,24.0,54,52,0.562,,,,,,Greater Than 15Ft,Regular Season,,,,,-0.034,,,,,,,,,,,,,46.0,140.0,0.329,0.363
1631342,Daeqwon Plowden,1610612758,SAC,G-F,27.0,32,30,0.502,,,,,,Greater Than 15Ft,Regular Season,,,,,0.076,,,,,,,,,,,,,59.0,139.0,0.424,0.349
202685,Jonas Valanciunas,1610612743,DEN,C,34.0,63,51,0.341,,,,,,Greater Than 15Ft,Regular Season,,,,,0.107,,,,,,,,,,,,,63.0,139.0,0.453,0.346
1628997,Caleb Martin,1610612742,DAL,F,30.0,56,48,0.422,,,,,,Greater Than 15Ft,Regular Season,,,,,-0.043,,,,,,,,,,,,,46.0,139.0,0.331,0.374
1628366,Lonzo Ball,1610612739,CLE,G,28.0,34,33,0.595,,,,,,Greater Than 15Ft,Regular Season,,,,,-0.033,,,,,,,,,,,,,47.0,138.0,0.341,0.373
1626145,Tyus Jones,1610612743,DEN,G,30.0,60,51,0.533,,,,,,Greater Than 15Ft,Regular Season,,,,,0.023,,,,,,,,,,,,,53.0,136.0,0.39,0.366
1642879,Ben Saraf,1610612751,BKN,G,20.0,44,40,0.42,,,,,,Greater Than 15Ft,Regular Season,,,,,0.033,,,,,,,,,,,,,56.0,136.0,0.412,0.379
1629026,Kenrich Williams,1610612760,OKC,G-F,31.0,54,52,0.568,,,,,,Greater Than 15Ft,Regular Season,,,,,0.058,,,,,,,,,,,,,55.0,134.0,0.41,0.353
1630192,Zeke Nnaji,1610612743,DEN,F-C,25.0,46,42,0.468,,,,,,Greater Than 15Ft,Regular Season,,,,,0.011,,,,,,,,,,,,,49.0,133.0,0.368,0.358
1630208,Nick Richards,1610612741,CHI,C,28.0,47,41,0.36,,,,,,Greater Than 15Ft,Regular Season,,,,,0.063,,,,,,,,,,,,,57.0,132.0,0.432,0.369
1630560,Cam Thomas,1610612749,MIL,G,24.0,41,39,0.544,,,,,,Greater Than 15Ft,Regular Season,,,,,0.054,,,,,,,,,,,,,54.0,131.0,0.412,0.358
203076,Anthony Davis,1610612764,WAS,F-C,33.0,20,20,0.42,,,,,,Greater Than 15Ft,Regular Season,,,,,0.038,,,,,,,,,,,,,53.0,131.0,0.405,0.367
1641722,Jordan Hawkins,1610612740,NOP,G,24.0,46,42,0.49,,,,,,Greater Than 15Ft,Regular Season,,,,,-0.022,,,,,,,,,,,,,43.0,128.0,0.336,0.358
1630224,Jalen Green,1610612756,PHX,G,24.0,32,30,0.525,,,,,,Greater Than 15Ft,Regular Season,,,,,-0.013,,,,,,,,,,,,,45.0,127.0,0.354,0.368
1642869,Noah Penda,1610612753,ORL,G-F,21.0,55,48,0.403,,,,,,Greater Than 15Ft,Regular Season,,,,,-0.001,,,,,,,,,,,,,45.0,126.0,0.357,0.358
1642278,Tyler Kolek,1610612752,NYK,G,25.0,53,50,0.555,,,,,,Greater Than 15Ft,Regular Season,,,,,0.038,,,,,,,,,,,,,50.0,126.0,0.397,0.359
1642928,Dylan Cardwell,1610612758,SAC,C,24.0,44,38,0.288,,,,,,Greater Than 15Ft,Regular Season,,,,,0.021,,,,,,,,,,,,,48.0,125.0,0.384,0.363
1631114,Jalen Williams,1610612760,OKC,G-F,25.0,33,32,0.539,,,,,,Greater Than 15Ft,Regular Season,,,,,-0.034,,,,,,,,,,,,,42.0,124.0,0.339,0.373
1629618,Jalen Pickett,1610612743,DEN,G,26.0,42,37,0.544,,,,,,Greater Than 15Ft,Regular Season,,,,,0.025,,,,,,,,,,,,,48.0,123.0,0.39,0.365
1631213,Tyrese Martin,1610612755,PHI,F,27.0,43,39,0.515,,,,,,Greater Than 15Ft,Regular Season,,,,,-0.029,,,,,,,,,,,,,41.0,120.0,0.342,0.37
1642277,Johnny Furphy,1610612754,IND,G,21.0,34,31,0.434,,,,,,Greater Than 15Ft,Regular Season,,,,,-0.001,,,,,,,,,,,,,45.0,119.0,0.378,0.38
1630679,Ethan Thompson,1610612754,IND,G,27.0,29,27,0.504,,,,,,Greater Than 15Ft,Regular Season,,,,,-0.046,,,,,,,,,,,,,38.0,118.0,0.322,0.368
1630702,Jaden Hardy,1610612764,WAS,G,23.0,50,44,0.456,,,,,,Greater Than 15Ft,Regular Season,,,,,-0.045,,,,,,,,,,,,,37.0,115.0,0.322,0.367
1627827,Dorian Finney-Smith,1610612745,HOU,F,33.0,37,37,0.53,,,,,,Greater Than 15Ft,Regular Season,,,,,-0.004,,,,,,,,,,,,,40.0,114.0,0.351,0.355
1629234,Drew Eubanks,1610612758,SAC,F-C,29.0,40,35,0.395,,,,,,Greater Than 15Ft,Regular Season,,,,,0.011,,,,,,,,,,,,,43.0,113.0,0.381,0.369
1630175,Cole Anthony,1610612749,MIL,G,26.0,33,33,0.566,,,,,,Greater Than 15Ft,Regular Season,,,,,0.024,,,,,,,,,,,,,43.0,112.0,0.384,0.36
1642353,Cam Christie,1610612746,LAC,G,20.0,48,41,0.636,,,,,,Greater Than 15Ft,Regular Season,,,,,0.012,,,,,,,,,,,,,42.0,112.0,0.375,0.363
203482,Kelly Olynyk,1610612759,SAS,F-C,35.0,38,35,0.59,,,,,,Greater Than 15Ft,Regular Season,,,,,0.008,,,,,,,,,,,,,40.0,111.0,0.36,0.352
1642853,Rasheer Fleming,1610612756,PHX,F,21.0,48,43,0.509,,,,,,Greater Than 15Ft,Regular Season,,,,,-0.041,,,,,,,,,,,,,35.0,110.0,0.318,0.359
1631093,Jaden Ivey,1610612741,CHI,G,24.0,37,34,0.521,,,,,,Greater Than 15Ft,Regular Season,,,,,-0.017,,,,,,,,,,,,,38.0,110.0,0.345,0.362
1631133,Jabari Walker,1610612755,PHI,F,23.0,60,50,0.426,,,,,,Greater Than 15Ft,Regular Season,,,,,-0.022,,,,,,,,,,,,,36.0,109.0,0.33,0.352
1642275,Tidjane Salaün,1610612766,CHA,F,20.0,33,31,0.498,,,,,,Greater Than 15Ft,Regular Season,,,,,0.099,,,,,,,,,,,,,50.0,109.0,0.459,0.36
1628467,Maxi Kleber,1610612747,LAL,F,34.0,41,35,0.424,,,,,,Greater Than 15Ft,Regular Season,,,,,0.04,,,,,,,,,,,,,44.0,109.0,0.404,0.364
1642942,Jahmai Mashack,1610612763,MEM,G,23.0,29,28,0.391,,,,,,Greater Than 15Ft,Regular Season,,,,,-0.046,,,,,,,,,,,,,33.0,108.0,0.306,0.351
1631131,Oscar Tshiebwe,1610612762,UTA,F-C,26.0,26,24,0.474,,,,,,Greater Than 15Ft,Regular Season,,,,,0.017,,,,,,,,,,,,,41.0,108.0,0.38,0.362
1630536,Sharife Cooper,1610612764,WAS,G,25.0,37,34,0.484,,,,,,Greater Than 15Ft,Regular Season,,,,,0.051,,,,,,,,,,,,,44.0,107.0,0.411,0.36
1626156,D'Angelo Russell,1610612764,WAS,G,30.0,26,26,0.557,,,,,,Greater Than 15Ft,Regular Season,,,,,-0.063,,,,,,,,,,,,,33.0,107.0,0.308,0.372
1630811,Keaton Wallace,1610612737,ATL,G,27.0,43,34,0.584,,,,,,Greater Than 15Ft,Regular Season,,,,,0.006,,,,,,,,,,,,,37.0,104.0,0.356,0.349
1641989,Elijah Harkless,1610612762,UTA,G,26.0,25,24,0.5,,,,,,Greater Than 15Ft,Regular Season,,,,,-0.014,,,,,,,,,,,,,36.0,102.0,0.353,0.367
1629630,Ja Morant,1610612763,MEM,G,26.0,20,20,0.618,,,,,,Greater Than 15Ft,Regular Season,,,,,0.047,,,,,,,,,,,,,42.0,102.0,0.412,0.365
1642885,Mohamed Diawara,1610612752,NYK,F,21.0,57,44,0.505,,,,,,Greater Than 15Ft,Regular Season,,,,,-0.001,,,,,,,,,,,,,36.0,101.0,0.356,0.358
1630703,Scoot Henderson,1610612757,POR,G,22.0,30,28,0.446,,,,,,Greater Than 15Ft,Regular Season,,,,,0.036,,,,,,,,,,,,,40.0,99.0,0.404,0.368
1630544,Tre Mann,1610612766,CHA,G,25.0,48,36,0.474,,,,,,Greater Than 15Ft,Regular Season,,,,,0.142,,,,,,,,,,,,,50.0,99.0,0.505,0.364
1631099,Keegan Murray,1610612758,SAC,F,25.0,23,23,0.32,,,,,,Greater Than 15Ft,Regular Season,,,,,-0.01,,,,,,,,,,,,,35.0,98.0,0.357,0.367
1642382,Branden Carlson,1610612760,OKC,C,27.0,39,36,0.361,,,,,,Greater Than 15Ft,Regular Season,,,,,0.15,,,,,,,,,,,,,46.0,95.0,0.484,0.334
1643016,Bez Mbeng,1610612762,UTA,G,23.0,15,15,0.514,,,,,,Greater Than 15Ft,Regular Season,,,,,-0.004,,,,,,,,,,,,,33.0,95.0,0.347,0.351
1630574,Ariel Hukporti,1610612752,NYK,C,24.0,47,37,0.363,,,,,,Greater Than 15Ft,Regular Season,,,,,-0.065,,,,,,,,,,,,,27.0,94.0,0.287,0.352
1631123,Jamaree Bouyea,1610612756,PHX,G,27.0,40,32,0.468,,,,,,Greater Than 15Ft,Regular Season,,,,,-0.086,,,,,,,,,,,,,26.0,94.0,0.277,0.362
1627734,Domantas Sabonis,1610612758,SAC,F-C,30.0,19,19,0.332,,,,,,Greater Than 15Ft,Regular Season,,,,,0.092,,,,,,,,,,,,,43.0,93.0,0.462,0.37
201567,Kevin Love,1610612762,UTA,F-C,37.0,36,31,0.358,,,,,,Greater Than 15Ft,Regular Season,,,,,-0.03,,,,,,,,,,,,,31.0,93.0,0.333,0.363
1627752,Taurean Prince,1610612749,MIL,F,32.0,26,26,0.554,,,,,,Greater Than 15Ft,Regular Season,,,,,0.06,,,,,,,,,,,,,39.0,93.0,0.419,0.359
1628369,Jayson Tatum,1610612738,BOS,F-G,28.0,16,16,0.615,,,,,,Greater Than 15Ft,Regular Season,,,,,-0.041,,,,,,,,,,,,,30.0,91.0,0.33,0.371
1631288,Jamal Cain,1610612753,ORL,F,27.0,36,33,0.453,,,,,,Greater Than 15Ft,Regular Season,,,,,-0.037,,,,,,,,,,,,,30.0,91.0,0.33,0.367
1642854,Asa Newell,1610612737,ATL,F,20.0,40,31,0.437,,,,,,Greater Than 15Ft,Regular Season,,,,,-0.05,,,,,,,,,,,,,28.0,90.0,0.311,0.361
1642863,Khaman Maluach,1610612756,PHX,C,19.0,45,33,0.37,,,,,,Greater Than 15Ft,Regular Season,,,,,0.022,,,,,,,,,,,,,34.0,88.0,0.386,0.365
1631218,Trayce Jackson-Davis,1610612761,TOR,F,26.0,48,35,0.326,,,,,,Greater Than 15Ft,Regular Season,,,,,-0.03,,,,,,,,,,,,,28.0,88.0,0.318,0.348
1641724,Jett Howard,1610612753,ORL,G,22.0,49,38,0.415,,,,,,Greater Than 15Ft,Regular Season,,,,,0.041,,,,,,,,,,,,,35.0,86.0,0.407,0.366
1630619,Moussa Cisse,1610612742,DAL,C,23.0,36,29,0.296,,,,,,Greater Than 15Ft,Regular Season,,,,,-0.068,,,,,,,,,,,,,24.0,85.0,0.282,0.35
1642261,Dalton Knecht,1610612747,LAL,F,25.0,44,31,0.45,,,,,,Greater Than 15Ft,Regular Season,,,,,0.022,,,,,,,,,,,,,33.0,85.0,0.388,0.367
1626172,Kevon Looney,1610612740,NOP,F,30.0,21,19,0.486,,,,,,Greater Than 15Ft,Regular Season,,,,,0.033,,,,,,,,,,,,,32.0,84.0,0.381,0.348
1631207,Dalen Terry,1610612755,PHI,F,23.0,40,34,0.424,,,,,,Greater Than 15Ft,Regular Season,,,,,-0.049,,,,,,,,,,,,,26.0,84.0,0.31,0.359
203992,Bogdan Bogdanović,1610612746,LAC,G,33.0,22,21,0.509,,,,,,Greater Than 15Ft,Regular Season,,,,,0.008,,,,,,,,,,,,,32.0,84.0,0.381,0.373
1626204,Larry Nance Jr.,1610612739,CLE,F-C,33.0,32,30,0.522,,,,,,Greater Than 15Ft,Regular Season,,,,,0.029,,,,,,,,,,,,,32.0,83.0,0.386,0.356
1630165,Killian Hayes,1610612758,SAC,G,24.0,21,20,0.619,,,,,,Greater Than 15Ft,Regular Season,,,,,0.095,,,,,,,,,,,,,37.0,83.0,0.446,0.35
1642358,AJ Johnson,1610612742,DAL,G,21.0,39,33,0.562,,,,,,Greater Than 15Ft,Regular Season,,,,,0.049,,,,,,,,,,,,,34.0,82.0,0.415,0.366
1642905,Yang Hansen,1610612757,POR,C,21.0,39,31,0.422,,,,,,Greater Than 15Ft,Regular Season,,,,,-0.006,,,,,,,,,,,,,28.0,81.0,0.346,0.351
1629021,Moritz Wagner,1610612753,ORL,F-C,29.0,35,28,0.476,,,,,,Greater Than 15Ft,Regular Season,,,,,0.07,,,,,,,,,,,,,34.0,80.0,0.425,0.355
1643007,Taelon Peter,1610612754,IND,G,24.0,33,26,0.412,,,,,,Greater Than 15Ft,Regular Season,,,,,0.05,,,,,,,,,,,,,33.0,80.0,0.413,0.362
1642878,Tyrese Proctor,1610612739,CLE,G,22.0,42,35,0.545,,,,,,Greater Than 15Ft,Regular Season,,,,,0.005,,,,,,,,,,,,,28.0,78.0,0.359,0.354
1642882,Julian Reese,1610612764,WAS,F,23.0,13,13,0.415,,,,,,Greater Than 15Ft,Regular Season,,,,,0.018,,,,,,,,,,,,,28.0,78.0,0.359,0.341
1631110,Jeremy Sochan,1610612752,NYK,F,23.0,37,31,0.408,,,,,,Greater Than 15Ft,Regular Season,,,,,0.062,,,,,,,,,,,,,32.0,78.0,0.41,0.348
1641763,Julian Phillips,1610612750,MIN,F,22.0,41,31,0.533,,,,,,Greater Than 15Ft,Regular Season,,,,,-0.029,,,,,,,,,,,,,23.0,72.0,0.319,0.348
1628396,Tony Bradley,1610612737,ATL,C-F,28.0,35,29,0.404,,,,,,Greater Than 15Ft,Regular Season,,,,,0.069,,,,,,,,,,,,,32.0,72.0,0.444,0.375
203926,Doug McDermott,1610612758,SAC,F,34.0,27,22,0.493,,,,,,Greater Than 15Ft,Regular Season,,,,,-0.076,,,,,,,,,,,,,20.0,72.0,0.278,0.354
1629680,Matisse Thybulle,1610612757,POR,G-F,29.0,29,24,0.577,,,,,,Greater Than 15Ft,Regular Season,,,,,-0.072,,,,,,,,,,,,,21.0,71.0,0.296,0.368
1631132,Christian Koloko,1610612737,ATL,C,26.0,26,22,0.337,,,,,,Greater Than 15Ft,Regular Season,,,,,-0.001,,,,,,,,,,,,,25.0,70.0,0.357,0.358
1642964,Brooks Barnhizer,1610612760,OKC,G,24.0,37,28,0.507,,,,,,Greater Than 15Ft,Regular Season,,,,,0.118,,,,,,,,,,,,,32.0,69.0,0.464,0.346
1629622,Max Strus,1610612739,CLE,G-F,30.0,12,12,0.511,,,,,,Greater Than 15Ft,Regular Season,,,,,0.032,,,,,,,,,,,,,27.0,68.0,0.397,0.365
1642066,Myron Gardner,1610612748,MIA,F,25.0,39,31,0.459,,,,,,Greater Than 15Ft,Regular Season,,,,,-0.063,,,,,,,,,,,,,21.0,68.0,0.309,0.372
1630167,Obi Toppin,1610612754,IND,F,28.0,24,21,0.557,,,,,,Greater Than 15Ft,Regular Season,,,,,-0.046,,,,,,,,,,,,,22.0,68.0,0.324,0.369
1630545,Terrence Shannon Jr,1610612750,MIN,G-F,25.0,39,32,0.453,,,,,,Greater Than 15Ft,Regular Season,,,,,-0.012,,,,,,,,,,,,,24.0,67.0,0.358,0.371
1642859,Jase Richardson,1610612753,ORL,G,20.0,43,30,0.459,,,,,,Greater Than 15Ft,Regular Season,,,,,-0.029,,,,,,,,,,,,,22.0,67.0,0.328,0.357
1641733,Nick Smith Jr.,1610612747,LAL,G,22.0,27,24,0.583,,,,,,Greater Than 15Ft,Regular Season,,,,,-0.039,,,,,,,,,,,,,22.0,67.0,0.328,0.367
1629660,Ty Jerome,1610612763,MEM,G-F,28.0,15,15,0.569,,,,,,Greater Than 15Ft,Regular Season,,,,,0.011,,,,,,,,,,,,,24.0,66.0,0.364,0.353
1628371,Jonathan Isaac,1610612753,ORL,F,28.0,47,37,0.348,,,,,,Greater Than 15Ft,Regular Season,,,,,0.011,,,,,,,,,,,,,24.0,65.0,0.369,0.358
1630526,Jeremiah Robinson-Earl,1610612742,DAL,F,25.0,21,20,0.461,,,,,,Greater Than 15Ft,Regular Season,,,,,0.088,,,,,,,,,,,,,29.0,65.0,0.446,0.358
1629599,Amir Coffey,1610612756,PHX,G-F,29.0,38,28,0.525,,,,,,Greater Than 15Ft,Regular Season,,,,,0.01,,,,,,,,,,,,,24.0,64.0,0.375,0.365
1630256,Jae'Sean Tate,1610612745,HOU,F,30.0,39,31,0.467,,,,,,Greater Than 15Ft,Regular Season,,,,,-0.069,,,,,,,,,,,,,19.0,64.0,0.297,0.366
1642419,Jamison Battle,1610612761,TOR,F,25.0,49,37,0.409,,,,,,Greater Than 15Ft,Regular Season,,,,,0.11,,,,,,,,,,,,,28.0,63.0,0.444,0.334
1641748,Andre Jackson Jr.,1610612749,MIL,G,24.0,37,27,0.508,,,,,,Greater Than 15Ft,Regular Season,,,,,0.0,,,,,,,,,,,,,22.0,63.0,0.349,0.349
1642880,Kam Jones,1610612754,IND,G,24.0,33,29,0.363,,,,,,Greater Than 15Ft,Regular Season,,,,,-0.001,,,,,,,,,,,,,23.0,62.0,0.371,0.372
1641771,Jalen Slawson,1610612754,IND,F,26.0,13,12,0.427,,,,,,Greater Than 15Ft,Regular Season,,,,,-0.058,,,,,,,,,,,,,18.0,61.0,0.295,0.353
1641778,Leaky Black,1610612764,WAS,F,27.0,15,14,0.426,,,,,,Greater Than 15Ft,Regular Season,,,,,0.044,,,,,,,,,,,,,24.0,60.0,0.4,0.356
1631204,Marcus Sasser,1610612765,DET,G,25.0,32,29,0.578,,,,,,Greater Than 15Ft,Regular Season,,,,,-0.034,,,,,,,,,,,,,19.0,59.0,0.322,0.356
1642950,Lachlan Olbrich,1610612741,CHI,C,22.0,29,23,0.44,,,,,,Greater Than 15Ft,Regular Season,,,,,0.013,,,,,,,,,,,,,22.0,59.0,0.373,0.36
1641869,Malachi Smith,1610612751,BKN,G,26.0,15,14,0.483,,,,,,Greater Than 15Ft,Regular Season,,,,,0.062,,,,,,,,,,,,,25.0,58.0,0.431,0.369
1629027,Trae Young,1610612764,WAS,G,27.0,15,14,0.509,,,,,,Greater Than 15Ft,Regular Season,,,,,0.024,,,,,,,,,,,,,22.0,58.0,0.379,0.355
1631166,Drew Timme,1610612747,LAL,F,25.0,21,17,0.514,,,,,,Greater Than 15Ft,Regular Season,,,,,0.02,,,,,,,,,,,,,22.0,57.0,0.386,0.366
1642396,Blake Hinson,1610612762,UTA,F,26.0,14,14,0.626,,,,,,Greater Than 15Ft,Regular Season,,,,,-0.038,,,,,,,,,,,,,19.0,57.0,0.333,0.371
1642866,Joan Beringer,1610612750,MIN,F,19.0,38,27,0.275,,,,,,Greater Than 15Ft,Regular Season,,,,,0.044,,,,,,,,,,,,,22.0,55.0,0.4,0.356
1642355,Bronny James,1610612747,LAL,G,21.0,34,27,0.505,,,,,,Greater Than 15Ft,Regular Season,,,,,-0.033,,,,,,,,,,,,,18.0,55.0,0.327,0.36
1630604,E.J. Liddell,1610612751,BKN,F,25.0,24,16,0.409,,,,,,Greater Than 15Ft,Regular Season,,,,,0.051,,,,,,,,,,,,,23.0,54.0,0.426,0.375
1642949,Yanic Konan Niederhäuser,1610612746,LAC,C,23.0,35,23,0.252,,,,,,Greater Than 15Ft,Regular Season,,,,,0.088,,,,,,,,,,,,,24.0,54.0,0.444,0.356
1642862,Liam McNeeley,1610612766,CHA,F,20.0,29,24,0.438,,,,,,Greater Than 15Ft,Regular Season,,,,,0.073,,,,,,,,,,,,,23.0,53.0,0.434,0.361
1641790,PJ Hall,1610612766,CHA,C,24.0,17,13,0.423,,,,,,Greater Than 15Ft,Regular Season,,,,,-0.022,,,,,,,,,,,,,18.0,52.0,0.346,0.368
1630587,Isaiah Livers,1610612756,PHX,F,27.0,33,27,0.397,,,,,,Greater Than 15Ft,Regular Season,,,,,-0.108,,,,,,,,,,,,,13.0,52.0,0.25,0.358
1626192,Pat Connaughton,1610612766,CHA,G,33.0,30,21,0.531,,,,,,Greater Than 15Ft,Regular Season,,,,,-0.026,,,,,,,,,,,,,17.0,51.0,0.333,0.36
1631113,Kennedy Chandler,1610612762,UTA,G,23.0,11,11,0.56,,,,,,Greater Than 15Ft,Regular Season,,,,,-0.008,,,,,,,,,,,,,19.0,51.0,0.373,0.381
1631466,Nate Williams,1610612744,GSW,G,27.0,14,14,0.646,,,,,,Greater Than 15Ft,Regular Season,,,,,-0.024,,,,,,,,,,,,,17.0,51.0,0.333,0.357
1626166,Cameron Payne,1610612755,PHI,G,31.0,21,18,0.531,,,,,,Greater Than 15Ft,Regular Season,,,,,-0.034,,,,,,,,,,,,,17.0,51.0,0.333,0.367
1630322,Lindy Waters III,1610612759,SAS,F,28.0,34,26,0.568,,,,,,Greater Than 15Ft,Regular Season,,,,,0.006,,,,,,,,,,,,,18.0,50.0,0.36,0.354
201145,Jeff Green,1610612745,HOU,F,39.0,24,20,0.61,,,,,,Greater Than 15Ft,Regular Season,,,,,-0.153,,,,,,,,,,,,,9.0,50.0,0.18,0.333
1627749,Dejounte Murray,1610612740,NOP,G,29.0,14,13,0.42,,,,,,Greater Than 15Ft,Regular Season,,,,,0.033,,,,,,,,,,,,,20.0,50.0,0.4,0.367
201599,DeAndre Jordan,1610612740,NOP,C,37.0,12,12,0.49,,,,,,Greater Than 15Ft,Regular Season,,,,,-0.094,,,,,,,,,,,,,13.0,49.0,0.265,0.359
1641871,Duop Reath,1610612757,POR,C,30.0,26,22,0.402,,,,,,Greater Than 15Ft,Regular Season,,,,,-0.072,,,,,,,,,,,,,14.0,49.0,0.286,0.358
1630590,Scotty Pippen Jr.,1610612763,MEM,G,25.0,10,10,0.583,,,,,,Greater Than 15Ft,Regular Season,,,,,0.127,,,,,,,,,,,,,24.0,49.0,0.49,0.363
1643052,Chaney Johnson,1610612751,BKN,G-F,24.0,17,16,0.462,,,,,,Greater Than 15Ft,Regular Season,,,,,-0.068,,,,,,,,,,,,,14.0,48.0,0.292,0.36
1642967,John Poulakidas,1610612742,DAL,G,23.0,13,11,0.485,,,,,,Greater Than 15Ft,Regular Season,,,,,-0.03,,,,,,,,,,,,,16.0,47.0,0.34,0.371
1629162,Jordan McLaughlin,1610612759,SAS,G,30.0,31,24,0.534,,,,,,Greater Than 15Ft,Regular Season,,,,,0.065,,,,,,,,,,,,,20.0,47.0,0.426,0.36
1630623,Tyson Etienne,1610612751,BKN,G,26.0,20,17,0.442,,,,,,Greater Than 15Ft,Regular Season,,,,,-0.014,,,,,,,,,,,,,16.0,46.0,0.348,0.362
1643018,LJ Cryer,1610612744,GSW,G,24.0,16,15,0.687,,,,,,Greater Than 15Ft,Regular Season,,,,,0.093,,,,,,,,,,,,,22.0,46.0,0.478,0.385
1630214,Xavier Tillman,1610612766,CHA,F,27.0,23,14,0.523,,,,,,Greater Than 15Ft,Regular Season,,,,,0.028,,,,,,,,,,,,,18.0,46.0,0.391,0.363
1641715,Cam Whitmore,1610612764,WAS,F,21.0,20,20,0.426,,,,,,Greater Than 15Ft,Regular Season,,,,,0.069,,,,,,,,,,,,,20.0,46.0,0.435,0.366
1641744,Zach Edey,1610612763,MEM,C,24.0,11,9,0.385,,,,,,Greater Than 15Ft,Regular Season,,,,,0.093,,,,,,,,,,,,,20.0,45.0,0.444,0.351
1642504,Cormac Ryan,1610612749,MIL,G,27.0,11,9,0.608,,,,,,Greater Than 15Ft,Regular Season,,,,,0.066,,,,,,,,,,,,,19.0,45.0,0.422,0.356
1642502,Malevy Leons,1610612744,GSW,F,26.0,23,15,0.469,,,,,,Greater Than 15Ft,Regular Season,,,,,0.12,,,,,,,,,,,,,22.0,45.0,0.489,0.369
203486,Mason Plumlee,1610612759,SAS,F-C,36.0,18,16,0.444,,,,,,Greater Than 15Ft,Regular Season,,,,,0.056,,,,,,,,,,,,,18.0,44.0,0.409,0.353
1631174,Tyler Burton,1610612763,MEM,F,26.0,12,12,0.404,,,,,,Greater Than 15Ft,Regular Season,,,,,0.056,,,,,,,,,,,,,18.0,42.0,0.429,0.373
1641747,DaRon Holmes II,1610612743,DEN,F,23.0,21,15,0.375,,,,,,Greater Than 15Ft,Regular Season,,,,,0.009,,,,,,,,,,,,,15.0,42.0,0.357,0.348
1631103,Malaki Branham,1610612764,WAS,F,23.0,22,15,0.488,,,,,,Greater Than 15Ft,Regular Season,,,,,0.034,,,,,,,,,,,,,17.0,42.0,0.405,0.37
1631104,Blake Wesley,1610612757,POR,G,23.0,26,20,0.483,,,,,,Greater Than 15Ft,Regular Season,,,,,-0.04,,,,,,,,,,,,,14.0,42.0,0.333,0.373
1630610,DeJon Jarreau,1610612763,MEM,G,28.0,11,11,0.519,,,,,,Greater Than 15Ft,Regular Season,,,,,-0.169,,,,,,,,,,,,,8.0,41.0,0.195,0.364
1630699,MarJon Beauchamp,1610612755,PHI,F,25.0,13,12,0.606,,,,,,Greater Than 15Ft,Regular Season,,,,,-0.067,,,,,,,,,,,,,11.0,40.0,0.275,0.342
1631199,Ron Harper Jr.,1610612738,BOS,G-F,26.0,24,19,0.443,,,,,,Greater Than 15Ft,Regular Season,,,,,-0.154,,,,,,,,,,,,,8.0,39.0,0.205,0.359
1642352,Keshad Johnson,1610612748,MIA,F,25.0,25,22,0.392,,,,,,Greater Than 15Ft,Regular Season,,,,,0.071,,,,,,,,,,,,,16.0,38.0,0.421,0.35
1642354,KJ Simpson,1610612743,DEN,G,23.0,16,15,0.463,,,,,,Greater Than 15Ft,Regular Season,,,,,-0.082,,,,,,,,,,,,,10.0,37.0,0.27,0.353
1642380,Adama Bal,1610612763,MEM,G,22.0,8,8,0.405,,,,,,Greater Than 15Ft,Regular Season,,,,,0.06,,,,,,,,,,,,,15.0,34.0,0.441,0.381
1642367,Jonathan Mogbo,1610612761,TOR,F,24.0,29,14,0.354,,,,,,Greater Than 15Ft,Regular Season,,,,,0.009,,,,,,,,,,,,,13.0,34.0,0.382,0.373
1630286,Trevon Scott,1610612751,BKN,F,29.0,6,6,0.379,,,,,,Greater Than 15Ft,Regular Season,,,,,-0.171,,,,,,,,,,,,,7.0,33.0,0.212,0.383
1628380,Zach Collins,1610612741,CHI,F-C,28.0,10,9,0.359,,,,,,Greater Than 15Ft,Regular Season,,,,,-0.057,,,,,,,,,,,,,10.0,33.0,0.303,0.36
1631351,Lucas Williamson,1610612763,MEM,G,27.0,7,6,0.451,,,,,,Greater Than 15Ft,Regular Season,,,,,0.065,,,,,,,,,,,,,14.0,32.0,0.438,0.373
1642530,Yuki Kawamura,1610612741,CHI,G,25.0,15,14,0.552,,,,,,Greater Than 15Ft,Regular Season,,,,,0.082,,,,,,,,,,,,,14.0,32.0,0.438,0.356
1641755,Kevin McCullar Jr.,1610612752,NYK,G,25.0,13,11,0.554,,,,,,Greater Than 15Ft,Regular Season,,,,,-0.045,,,,,,,,,,,,,10.0,31.0,0.323,0.368
1642484,RayJ Dennis,1610612737,ATL,G,25.0,13,13,0.534,,,,,,Greater Than 15Ft,Regular Season,,,,,0.105,,,,,,,,,,,,,15.0,31.0,0.484,0.379
202687,Bismack Biyombo,1610612759,SAS,C,33.0,22,16,0.419,,,,,,Greater Than 15Ft,Regular Season,,,,,0.095,,,,,,,,,,,,,13.0,31.0,0.419,0.325
1642959,Chris Youngblood,1610612757,POR,G,24.0,26,21,0.517,,,,,,Greater Than 15Ft,Regular Season,,,,,0.139,,,,,,,,,,,,,15.0,31.0,0.484,0.345
1631120,JD Davison,1610612745,HOU,G,23.0,23,15,0.437,,,,,,Greater Than 15Ft,Regular Season,,,,,0.03,,,,,,,,,,,,,12.0,31.0,0.387,0.357
1631117,Walker Kessler,1610612762,UTA,C,24.0,5,5,0.397,,,,,,Greater Than 15Ft,Regular Season,,,,,-0.093,,,,,,,,,,,,,8.0,29.0,0.276,0.369
1629646,Charles Bassey,1610612744,GSW,C-F,25.0,11,9,0.382,,,,,,Greater Than 15Ft,Regular Season,,,,,0.223,,,,,,,,,,,,,17.0,29.0,0.586,0.364
101108,Chris Paul,1610612746,LAC,G,41.0,16,14,0.46,,,,,,Greater Than 15Ft,Regular Season,,,,,-0.024,,,,,,,,,,,,,9.0,29.0,0.31,0.335
1642873,Amari Williams,1610612738,BOS,F-C,24.0,13,13,0.528,,,,,,Greater Than 15Ft,Regular Season,,,,,-0.04,,,,,,,,,,,,,8.0,28.0,0.286,0.326
1643253,Toby Okani,1610612763,MEM,F,24.0,6,6,0.373,,,,,,Greater Than 15Ft,Regular Season,,,,,-0.041,,,,,,,,,,,,,9.0,28.0,0.321,0.363
1630639,A.J. Lawson,1610612761,TOR,G,25.0,19,16,0.596,,,,,,Greater Than 15Ft,Regular Season,,,,,0.039,,,,,,,,,,,,,11.0,28.0,0.393,0.354
1641727,Dariq Whitehead,1610612763,MEM,G-F,21.0,6,6,0.431,,,,,,Greater Than 15Ft,Regular Season,,,,,-0.077,,,,,,,,,,,,,8.0,28.0,0.286,0.363
203648,Thanasis Antetokounmpo,1610612749,MIL,F,33.0,20,14,0.551,,,,,,Greater Than 15Ft,Regular Season,,,,,-0.009,,,,,,,,,,,,,9.0,27.0,0.333,0.342
1629726,Garrison Mathews,1610612754,IND,G,29.0,13,12,0.426,,,,,,Greater Than 15Ft,Regular Season,,,,,-0.099,,,,,,,,,,,,,7.0,26.0,0.269,0.368
1642918,Alijah Martin,1610612761,TOR,G,24.0,15,12,0.473,,,,,,Greater Than 15Ft,Regular Season,,,,,0.04,,,,,,,,,,,,,10.0,26.0,0.385,0.345
1641726,Dereck Lively II,1610612742,DAL,C,22.0,7,7,0.308,,,,,,Greater Than 15Ft,Regular Season,,,,,0.088,,,,,,,,,,,,,11.0,24.0,0.458,0.37
203078,Bradley Beal,1610612746,LAC,G,33.0,6,6,0.686,,,,,,Greater Than 15Ft,Regular Season,,,,,-0.037,,,,,,,,,,,,,8.0,24.0,0.333,0.371
1641890,Tyler Smith,1610612742,DAL,F,21.0,11,10,0.48,,,,,,Greater Than 15Ft,Regular Season,,,,,0.177,,,,,,,,,,,,,13.0,24.0,0.542,0.365
203552,Seth Curry,1610612744,GSW,G,35.0,9,8,0.605,,,,,,Greater Than 15Ft,Regular Season,,,,,0.051,,,,,,,,,,,,,10.0,23.0,0.435,0.383
1630644,Mac McClung,1610612741,CHI,G,27.0,11,9,0.524,,,,,,Greater Than 15Ft,Regular Season,,,,,0.118,,,,,,,,,,,,,11.0,22.0,0.5,0.382
1642876,Adou Thiero,1610612747,LAL,G,22.0,19,11,0.415,,,,,,Greater Than 15Ft,Regular Season,,,,,0.171,,,,,,,,,,,,,12.0,22.0,0.545,0.374
1641816,Hunter Tyson,1610612743,DEN,F,26.0,19,12,0.379,,,,,,Greater Than 15Ft,Regular Season,,,,,-0.042,,,,,,,,,,,,,7.0,22.0,0.318,0.36
1642449,Tolu Smith,1610612765,DET,F,25.0,12,11,0.431,,,,,,Greater Than 15Ft,Regular Season,,,,,-0.051,,,,,,,,,,,,,7.0,22.0,0.318,0.369
1641723,Kobe Bufkin,1610612747,LAL,G,22.0,11,10,0.468,,,,,,Greater Than 15Ft,Regular Season,,,,,0.176,,,,,,,,,,,,,12.0,22.0,0.545,0.369
1641725,Trey Alexander,1610612740,NOP,G,23.0,9,9,0.5,,,,,,Greater Than 15Ft,Regular Season,,,,,-0.096,,,,,,,,,,,,,6.0,21.0,0.286,0.382
1642434,Riley Minix,1610612739,CLE,F,25.0,8,8,0.677,,,,,,Greater Than 15Ft,Regular Season,,,,,-0.112,,,,,,,,,,,,,5.0,21.0,0.238,0.35
1642359,Pacôme Dadiet,1610612752,NYK,F,20.0,22,11,0.467,,,,,,Greater Than 15Ft,Regular Season,,,,,0.061,,,,,,,,,,,,,9.0,21.0,0.429,0.368
204060,Joe Ingles,1610612750,MIN,F-G,38.0,14,12,0.5,,,,,,Greater Than 15Ft,Regular Season,,,,,0.058,,,,,,,,,,,,,8.0,20.0,0.4,0.342
1628449,Chris Boucher,1610612738,BOS,F,33.0,7,7,0.452,,,,,,Greater Than 15Ft,Regular Season,,,,,-0.032,,,,,,,,,,,,,6.0,19.0,0.316,0.348
1628502,Nigel Hayes-Davis,1610612756,PHX,F,31.0,17,10,0.413,,,,,,Greater Than 15Ft,Regular Season,,,,,0.005,,,,,,,,,,,,,7.0,19.0,0.368,0.364
1641752,Bobi Klintman,1610612765,DET,F,23.0,10,7,0.655,,,,,,Greater Than 15Ft,Regular Season,,,,,0.051,,,,,,,,,,,,,7.0,19.0,0.368,0.317
1642938,Curtis Jones,1610612743,DEN,G,24.0,7,7,0.704,,,,,,Greater Than 15Ft,Regular Season,,,,,-0.093,,,,,,,,,,,,,5.0,19.0,0.263,0.356
1629312,Haywood Highsmith,1610612756,PHX,F,29.0,6,6,0.559,,,,,,Greater Than 15Ft,Regular Season,,,,,-0.055,,,,,,,,,,,,,6.0,19.0,0.316,0.37
1630548,Johnny Juzang,1610612750,MIN,G,25.0,16,12,0.543,,,,,,Greater Than 15Ft,Regular Season,,,,,-0.105,,,,,,,,,,,,,5.0,19.0,0.263,0.368
1631214,Alondes Williams,1610612764,WAS,G,27.0,4,4,0.543,,,,,,Greater Than 15Ft,Regular Season,,,,,0.006,,,,,,,,,,,,,7.0,19.0,0.368,0.362
1643158,Andersson Garcia,1610612762,UTA,F,25.0,5,5,0.333,,,,,,Greater Than 15Ft,Regular Season,,,,,-0.016,,,,,,,,,,,,,7.0,19.0,0.368,0.385
1642260,Nikola Topić,1610612760,OKC,G,20.0,8,8,0.462,,,,,,Greater Than 15Ft,Regular Season,,,,,0.03,,,,,,,,,,,,,7.0,18.0,0.389,0.359
1642362,Payton Sandfort,1610612760,OKC,F,23.0,3,3,0.654,,,,,,Greater Than 15Ft,Regular Season,,,,,0.326,,,,,,,,,,,,,11.0,17.0,0.647,0.321
201959,Taj Gibson,1610612763,MEM,F,41.0,10,7,0.378,,,,,,Greater Than 15Ft,Regular Season,,,,,0.078,,,,,,,,,,,,,7.0,17.0,0.412,0.334
1642955,Kadary Richmond,1610612764,WAS,G,24.0,3,3,0.773,,,,,,Greater Than 15Ft,Regular Season,,,,,-0.115,,,,,,,,,,,,,4.0,17.0,0.235,0.351
200768,Kyle Lowry,1610612755,PHI,G,40.0,12,10,0.471,,,,,,Greater Than 15Ft,Regular Season,,,,,-0.046,,,,,,,,,,,,,5.0,16.0,0.313,0.358
1642404,Chaz Lanier,1610612765,DET,G,24.0,20,9,0.326,,,,,,Greater Than 15Ft,Regular Season,,,,,-0.091,,,,,,,,,,,,,4.0,15.0,0.267,0.357
201569,Eric Gordon,1610612755,PHI,G,37.0,5,5,0.714,,,,,,Greater Than 15Ft,Regular Season,,,,,0.044,,,,,,,,,,,,,6.0,15.0,0.4,0.356
1628964,Mo Bamba,1610612762,UTA,C,28.0,4,4,0.538,,,,,,Greater Than 15Ft,Regular Season,,,,,0.226,,,,,,,,,,,,,8.0,14.0,0.571,0.346
1631451,Javonte Cooke,1610612757,POR,G,26.0,14,6,0.424,,,,,,Greater Than 15Ft,Regular Season,,,,,-0.001,,,,,,,,,,,,,5.0,14.0,0.357,0.358
202066,Garrett Temple,1610612761,TOR,G-F,40.0,14,10,0.636,,,,,,Greater Than 15Ft,Regular Season,,,,,-0.169,,,,,,,,,,,,,2.0,14.0,0.143,0.312
1628998,Cody Martin,1610612754,IND,F,30.0,4,4,0.565,,,,,,Greater Than 15Ft,Regular Season,,,,,-0.119,,,,,,,,,,,,,3.0,13.0,0.231,0.35
1630621,Hunter Dickinson,1610612740,NOP,C,25.0,5,5,0.481,,,,,,Greater Than 15Ft,Regular Season,,,,,0.005,,,,,,,,,,,,,5.0,13.0,0.385,0.38
1642384,Isaiah Crawford,1610612745,HOU,F,24.0,7,6,0.591,,,,,,Greater Than 15Ft,Regular Season,,,,,-0.195,,,,,,,,,,,,,2.0,13.0,0.154,0.349
1631223,David Roddy,1610612743,DEN,F,25.0,4,4,0.52,,,,,,Greater Than 15Ft,Regular Season,,,,,-0.211,,,,,,,,,,,,,2.0,13.0,0.154,0.365
1642939,Miles Kelly,1610612742,DAL,G,23.0,9,7,0.394,,,,,,Greater Than 15Ft,Regular Season,,,,,0.175,,,,,,,,,,,,,7.0,13.0,0.538,0.363
1642886,Koby Brea,1610612756,PHX,G,23.0,7,6,0.464,,,,,,Greater Than 15Ft,Regular Season,,,,,0.093,,,,,,,,,,,,,6.0,13.0,0.462,0.369
1628420,Monte Morris,1610612754,IND,G,31.0,5,4,0.48,,,,,,Greater Than 15Ft,Regular Season,,,,,-0.287,,,,,,,,,,,,,1.0,12.0,0.083,0.371
1629610,DaQuan Jeffries,1610612758,SAC,G-F,28.0,3,3,0.75,,,,,,Greater Than 15Ft,Regular Season,,,,,0.141,,,,,,,,,,,,,6.0,12.0,0.5,0.359
1642933,Keshon Gilbert,1610612737,ATL,G,23.0,4,3,0.344,,,,,,Greater Than 15Ft,Regular Season,,,,,0.22,,,,,,,,,,,,,6.0,11.0,0.545,0.325
1642443,Jahmir Young,1610612748,MIA,G,25.0,10,8,0.647,,,,,,Greater Than 15Ft,Regular Season,,,,,-0.079,,,,,,,,,,,,,3.0,11.0,0.273,0.352
1631116,Patrick Baldwin Jr.,1610612758,SAC,F,23.0,8,7,0.344,,,,,,Greater Than 15Ft,Regular Season,,,,,0.093,,,,,,,,,,,,,5.0,11.0,0.455,0.362
1642400,Tristan Enaruna,1610612739,CLE,F,25.0,8,6,0.478,,,,,,Greater Than 15Ft,Regular Season,,,,,0.014,,,,,,,,,,,,,4.0,11.0,0.364,0.349
1631247,Luke Travers,1610612739,CLE,F,24.0,12,8,0.393,,,,,,Greater Than 15Ft,Regular Season,,,,,0.052,,,,,,,,,,,,,4.0,11.0,0.364,0.311
1642490,Josh Oduro,1610612740,NOP,C,25.0,3,3,0.407,,,,,,Greater Than 15Ft,Regular Season,,,,,0.162,,,,,,,,,,,,,6.0,11.0,0.545,0.384
1642910,John Tonje,1610612738,BOS,G,25.0,3,3,0.688,,,,,,Greater Than 15Ft,Regular Season,,,,,0.023,,,,,,,,,,,,,4.0,11.0,0.364,0.34
1641998,Trey Jemison III,1610612752,NYK,C,26.0,9,7,0.524,,,,,,Greater Than 15Ft,Regular Season,,,,,-0.047,,,,,,,,,,,,,3.0,11.0,0.273,0.32
1642357,David Jones Garcia,1610612759,SAS,G,24.0,7,5,0.455,,,,,,Greater Than 15Ft,Regular Season,,,,,0.04,,,,,,,,,,,,,4.0,10.0,0.4,0.36
1641810,Antonio Reeves,1610612766,CHA,G,25.0,6,5,0.625,,,,,,Greater Than 15Ft,Regular Season,,,,,0.034,,,,,,,,,,,,,4.0,10.0,0.4,0.366
203967,Dario Saric,1610612758,SAC,F-C,32.0,5,5,0.455,,,,,,Greater Than 15Ft,Regular Season,,,,,0.064,,,,,,,,,,,,,4.0,10.0,0.4,0.336
1630209,Omer Yurtseven,1610612744,GSW,C,28.0,8,5,0.188,,,,,,Greater Than 15Ft,Regular Season,,,,,-0.025,,,,,,,,,,,,,3.0,9.0,0.333,0.359
1641780,Johni Broome,1610612755,PHI,F,23.0,7,5,0.333,,,,,,Greater Than 15Ft,Regular Season,,,,,0.051,,,,,,,,,,,,,3.0,9.0,0.333,0.283
1631111,Wendell Moore Jr.,1610612765,DET,G,24.0,4,3,0.529,,,,,,Greater Than 15Ft,Regular Season,,,,,-0.242,,,,,,,,,,,,,1.0,9.0,0.111,0.353
1631338,Mouhamadou Gueye,1610612741,CHI,F,27.0,2,2,0.474,,,,,,Greater Than 15Ft,Regular Season,,,,,-0.018,,,,,,,,,,,,,3.0,9.0,0.333,0.351
1630164,James Wiseman,1610612754,IND,C,25.0,4,4,0.409,,,,,,Greater Than 15Ft,Regular Season,,,,,0.047,,,,,,,,,,,,,4.0,9.0,0.444,0.397
1642917,Max Shulga,1610612738,BOS,G,24.0,6,5,0.615,,,,,,Greater Than 15Ft,Regular Season,,,,,-0.231,,,,,,,,,,,,,1.0,8.0,0.125,0.356
1641794,Dillon Jones,1610612752,NYK,F,24.0,4,4,0.667,,,,,,Greater Than 15Ft,Regular Season,,,,,0.07,,,,,,,,,,,,,3.0,8.0,0.375,0.305
1641809,Drew Peterson,1610612766,CHA,F,26.0,6,5,0.421,,,,,,Greater Than 15Ft,Regular Season,,,,,-0.224,,,,,,,,,,,,,1.0,8.0,0.125,0.349
1631102,TyTy Washington Jr.,1610612746,LAC,G,24.0,11,7,0.4,,,,,,Greater Than 15Ft,Regular Season,,,,,0.015,,,,,,,,,,,,,3.0,8.0,0.375,0.36
1643047,CJ Huntley,1610612756,PHX,F,24.0,1,1,0.636,,,,,,Greater Than 15Ft,Regular Season,,,,,0.032,,,,,,,,,,,,,3.0,7.0,0.429,0.397
1630846,Olivier Sarr,1610612739,CLE,C,27.0,4,3,0.389,,,,,,Greater Than 15Ft,Regular Season,,,,,-0.082,,,,,,,,,,,,,2.0,7.0,0.286,0.368
1628365,Markelle Fultz,1610612761,TOR,G,28.0,4,4,0.583,,,,,,Greater Than 15Ft,Regular Season,,,,,0.076,,,,,,,,,,,,,3.0,7.0,0.429,0.353
1630625,Dalano Banton,1610612738,BOS,F,26.0,5,2,0.5,,,,,,Greater Than 15Ft,Regular Season,,,,,-0.202,,,,,,,,,,,,,1.0,7.0,0.143,0.345
1643024,Chris Mañon,1610612747,LAL,G,24.0,7,5,0.304,,,,,,Greater Than 15Ft,Regular Season,,,,,-0.073,,,,,,,,,,,,,2.0,7.0,0.286,0.358
1642403,Isaac Jones,1610612765,DET,F,25.0,6,4,0.429,,,,,,Greater Than 15Ft,Regular Season,,,,,-0.016,,,,,,,,,,,,,2.0,6.0,0.333,0.349
1641815,Isaiah Stevens,1610612758,SAC,G,25.0,3,3,0.75,,,,,,Greater Than 15Ft,Regular Season,,,,,0.475,,,,,,,,,,,,,5.0,6.0,0.833,0.358
1641761,Grant Nelson,1610612751,BKN,F,24.0,4,1,0.286,,,,,,Greater Than 15Ft,Regular Season,,,,,-0.177,,,,,,,,,,,,,1.0,6.0,0.167,0.344
1642402,Enrique Freeman,1610612750,MIN,F,25.0,4,3,0.353,,,,,,Greater Than 15Ft,Regular Season,,,,,-0.229,,,,,,,,,,,,,0.0,6.0,0.0,0.229
1643060,Hayden Gray,1610612762,UTA,G,23.0,1,1,0.667,,,,,,Greater Than 15Ft,Regular Season,,,,,0.113,,,,,,,,,,,,,3.0,6.0,0.5,0.388
1631457,Alex Morales,1610612753,ORL,G,28.0,2,2,1.0,,,,,,Greater Than 15Ft,Regular Season,,,,,0.3,,,,,,,,,,,,,4.0,6.0,0.667,0.367
1642282,Hunter Sallis,1610612755,PHI,G,23.0,4,4,0.556,,,,,,Greater Than 15Ft,Regular Season,,,,,-0.17,,,,,,,,,,,,,1.0,5.0,0.2,0.37
1627746,Skal Labissiere,1610612764,WAS,F-C,30.0,3,3,0.238,,,,,,Greater Than 15Ft,Regular Season,,,,,0.087,,,,,,,,,,,,,2.0,5.0,0.4,0.313
1631115,Orlando Robinson,1610612753,ORL,C,25.0,4,3,0.294,,,,,,Greater Than 15Ft,Regular Season,,,,,0.193,,,,,,,,,,,,,3.0,5.0,0.6,0.407
1641801,Emanuel Miller,1610612759,SAS,F,26.0,5,2,0.417,,,,,,Greater Than 15Ft,Regular Season,,,,,0.254,,,,,,,,,,,,,3.0,5.0,0.6,0.346
1642951,Sean Pedulla,1610612746,LAC,G,23.0,3,3,0.833,,,,,,Greater Than 15Ft,Regular Season,,,,,0.239,,,,,,,,,,,,,3.0,5.0,0.6,0.361
1642911,Rocco Zikarsky,1610612750,MIN,C,19.0,5,2,0.154,,,,,,Greater Than 15Ft,Regular Season,,,,,0.149,,,,,,,,,,,,,2.0,4.0,0.5,0.351
1643133,Lawson Lovering,1610612763,MEM,C,23.0,2,2,0.174,,,,,,Greater Than 15Ft,Regular Season,,,,,-0.081,,,,,,,,,,,,,1.0,4.0,0.25,0.331
1630828,Alex Antetokounmpo,1610612749,MIL,F,24.0,3,3,0.667,,,,,,Greater Than 15Ft,Regular Season,,,,,-0.302,,,,,,,,,,,,,0.0,4.0,0.0,0.302
1631216,Caleb Houstan,1610612737,ATL,G,23.0,7,3,0.4,,,,,,Greater Than 15Ft,Regular Season,,,,,0.148,,,,,,,,,,,,,2.0,4.0,0.5,0.353
1642389,Zyon Pullin,1610612750,MIN,G,25.0,3,2,0.2,,,,,,Greater Than 15Ft,Regular Season,,,,,-0.386,,,,,,,,,,,,,0.0,4.0,0.0,0.386
1642884,Vladislav Goldin,1610612748,MIA,C,25.0,6,2,0.188,,,,,,Greater Than 15Ft,Regular Season,,,,,0.033,,,,,,,,,,,,,1.0,3.0,0.333,0.301
1631205,Buddy Boeheim,1610612760,OKC,F,26.0,2,2,0.333,,,,,,Greater Than 15Ft,Regular Season,,,,,-0.048,,,,,,,,,,,,,1.0,3.0,0.333,0.381
1630658,Colin Castleton,1610612753,ORL,C,26.0,4,2,0.5,,,,,,Greater Than 15Ft,Regular Season,,,,,0.075,,,,,,,,,,,,,1.0,3.0,0.333,0.258
1641813,Mark Sears,1610612749,MIL,G,24.0,4,2,0.375,,,,,,Greater Than 15Ft,Regular Season,,,,,0.308,,,,,,,,,,,,,2.0,3.0,0.667,0.359
1641753,Chris Livingston,1610612739,CLE,F,22.0,1,1,0.5,,,,,,Greater Than 15Ft,Regular Season,,,,,-0.389,,,,,,,,,,,,,0.0,2.0,0.0,0.389
1642368,N'Faly Dante,1610612737,ATL,C,24.0,3,1,0.25,,,,,,Greater Than 15Ft,Regular Season,,,,,-0.362,,,,,,,,,,,,,0.0,2.0,0.0,0.362
1642935,Chucky Hepburn,1610612761,TOR,G,23.0,2,1,0.4,,,,,,Greater Than 15Ft,Regular Season,,,,,0.603,,,,,,,,,,,,,2.0,2.0,1.0,0.397
1641807,Norchad Omier,1610612746,LAC,F,24.0,4,2,0.286,,,,,,Greater Than 15Ft,Regular Season,,,,,0.163,,,,,,,,,,,,,1.0,2.0,0.5,0.338
1641803,Tristen Newton,1610612745,HOU,G,25.0,1,1,0.4,,,,,,Greater Than 15Ft,Regular Season,,,,,0.219,,,,,,,,,,,,,1.0,2.0,0.5,0.282
1631127,Harrison Ingram,1610612759,SAS,F,23.0,4,2,0.5,,,,,,Greater Than 15Ft,Regular Season,,,,,0.153,,,,,,,,,,,,,1.0,2.0,0.5,0.347
1643141,Jahmyl Telfort,1610612746,LAC,G,25.0,3,2,0.333,,,,,,Greater Than 15Ft,Regular Season,,,,,-0.45,,,,,,,,,,,,,0.0,2.0,0.0,0.45
1641787,Tosan Evbuomwan,1610612766,CHA,F,25.0,3,1,0.4,,,,,,Greater Than 15Ft,Regular Season,,,,,-0.355,,,,,,,,,,,,,0.0,2.0,0.0,0.355
1630649,Stanley Umude,1610612759,SAS,G,27.0,2,1,0.5,,,,,,Greater Than 15Ft,Regular Season,,,,,0.605,,,,,,,,,,,,,2.0,2.0,1.0,0.395
1642280,Trentyn Flowers,1610612741,CHI,F,21.0,2,1,0.5,,,,,,Greater Than 15Ft,Regular Season,,,,,-0.365,,,,,,,,,,,,,0.0,1.0,0.0,0.365
1631210,Jacob Toppin,1610612737,ATL,F,26.0,2,1,0.5,,,,,,Greater Than 15Ft,Regular Season,,,,,-0.318,,,,,,,,,,,,,0.0,1.0,0.0,0.318
1631211,Trevor Keels,1610612748,MIA,G,22.0,2,1,0.5,,,,,,Greater Than 15Ft,Regular Season,,,,,-0.235,,,,,,,,,,,,,0.0,1.0,0.0,0.235
1629634,Brandon Clarke,1610612763,MEM,F,29.0,2,1,0.143,,,,,,Greater Than 15Ft,Regular Season,,,,,-0.386,,,,,,,,,,,,,0.0,1.0,0.0,0.386
1643257,Jayson Kent,1610612757,POR,F,24.0,5,1,0.167,,,,,,Greater Than 15Ft,Regular Season,,,,,-0.273,,,,,,,,,,,,,0.0,1.0,0.0,0.273
1641705,Victor Wembanyama,1610612759,SAS,F-C,22.0,22,22,1.0,160.0,400.0,0.4,0.499,-0.099,Overall,Playoffs,,,,,,,,,,,,,,,,,,,,,
1642264,Stephon Castle,1610612759,SAS,G,21.0,23,23,1.0,126.0,310.0,0.406,0.478,-0.071,Overall,Playoffs,,,,,,,,,,,,,,,,,,,,,
1630596,Evan Mobley,1610612739,CLE,C,25.0,18,18,1.0,134.0,293.0,0.457,0.514,-0.057,Overall,Playoffs,,,,,,,,,,,,,,,,,,,,,
1626157,Karl-Anthony Towns,1610612752,NYK,C-F,30.0,19,19,1.0,119.0,283.0,0.42,0.485,-0.065,Overall,Playoffs,,,,,,,,,,,,,,,,,,,,,
1630577,Julian Champagnie,1610612759,SAS,F,25.0,23,23,1.0,146.0,281.0,0.52,0.477,0.042,Overall,Playoffs,,,,,,,,,,,,,,,,,,,,,
1630170,Devin Vassell,1610612759,SAS,G-F,25.0,23,23,1.0,106.0,277.0,0.383,0.481,-0.099,Overall,Playoffs,,,,,,,,,,,,,,,,,,,,,
201935,James Harden,1610612739,CLE,G,36.0,18,18,1.0,133.0,271.0,0.491,0.482,0.008,Overall,Playoffs,,,,,,,,,,,,,,,,,,,,,
1628973,Jalen Brunson,1610612752,NYK,G,29.0,19,19,1.0,122.0,253.0,0.482,0.464,0.018,Overall,Playoffs,,,,,,,,,,,,,,,,,,,,,
1628368,De'Aaron Fox,1610612759,SAS,G,28.0,21,21,1.0,98.0,250.0,0.392,0.471,-0.079,Overall,Playoffs,,,,,,,,,,,,,,,,,,,,,
1628404,Josh Hart,1610612752,NYK,G,31.0,19,19,1.0,99.0,239.0,0.414,0.467,-0.053,Overall,Playoffs,,,,,,,,,,,,,,,,,,,,,
1628386,Jarrett Allen,1610612739,CLE,C,28.0,18,18,1.0,115.0,237.0,0.485,0.524,-0.039,Overall,Playoffs,,,,,,,,,,,,,,,,,,,,,
1631096,Chet Holmgren,1610612760,OKC,C-F,24.0,15,15,1.0,107.0,226.0,0.473,0.486,-0.013,Overall,Playoffs,,,,,,,,,,,,,,,,,,,,,
1630595,Cade Cunningham,1610612765,DET,G,24.0,14,14,1.0,91.0,225.0,0.404,0.467,-0.063,Overall,Playoffs,,,,,,,,,,,,,,,,,,,,,
1629622,Max Strus,1610612739,CLE,G-F,30.0,18,18,1.0,100.0,221.0,0.452,0.467,-0.015,Overall,Playoffs,,,,,,,,,,,,,,,,,,,,,
1628384,OG Anunoby,1610612752,NYK,F-G,28.0,17,17,1.0,94.0,219.0,0.429,0.475,-0.046,Overall,Playoffs,,,,,,,,,,,,,,,,,,,,,
203497,Rudy Gobert,1610612750,MIN,C,34.0,12,12,1.0,96.0,211.0,0.455,0.512,-0.057,Overall,Playoffs,,,,,,,,,,,,,,,,,,,,,
202699,Tobias Harris,1610612765,DET,F,33.0,14,14,1.0,94.0,202.0,0.465,0.469,-0.004,Overall,Playoffs,,,,,,,,,,,,,,,,,,,,,
1642844,Dylan Harper,1610612759,SAS,G,20.0,23,23,1.0,79.0,201.0,0.393,0.473,-0.08,Overall,Playoffs,,,,,,,,,,,,,,,,,,,,,
1628378,Donovan Mitchell,1610612739,CLE,G,29.0,18,18,1.0,81.0,190.0,0.426,0.47,-0.044,Overall,Playoffs,,,,,,,,,,,,,,,,,,,,,
1628436,Luke Kornet,1610612759,SAS,C-F,30.0,23,23,1.0,82.0,185.0,0.443,0.493,-0.05,Overall,Playoffs,,,,,,,,,,,,,,,,,,,,,
1628969,Mikal Bridges,1610612752,NYK,G-F,29.0,19,19,1.0,72.0,178.0,0.404,0.47,-0.066,Overall,Playoffs,,,,,,,,,,,,,,,,,,,,,
1628392,Isaiah Hartenstein,1610612760,OKC,C-F,28.0,15,15,1.0,72.0,173.0,0.416,0.51,-0.094,Overall,Playoffs,,,,,,,,,,,,,,,,,,,,,
1628983,Shai Gilgeous-Alexander,1610612760,OKC,G,27.0,15,15,1.0,67.0,173.0,0.387,0.475,-0.088,Overall,Playoffs,,,,,,,,,,,,,,,,,,,,,
1630183,Jaden McDaniels,1610612750,MIN,F,25.0,12,12,1.0,68.0,170.0,0.4,0.479,-0.079,Overall,Playoffs,,,,,,,,,,,,,,,,,,,,,
1641717,Cason Wallace,1610612760,OKC,G,22.0,15,15,1.0,84.0,168.0,0.5,0.478,0.022,Overall,Playoffs,,,,,,,,,,,,,,,,,,,,,
1631105,Jalen Duren,1610612765,DET,C,22.0,14,14,1.0,75.0,162.0,0.463,0.5,-0.037,Overall,Playoffs,,,,,,,,,,,,,,,,,,,,,
202331,Paul George,1610612755,PHI,F,36.0,11,11,1.0,65.0,160.0,0.406,0.467,-0.061,Overall,Playoffs,,,,,,,,,,,,,,,,,,,,,
1629640,Keldon Johnson,1610612759,SAS,F-G,26.0,23,23,1.0,64.0,152.0,0.421,0.473,-0.052,Overall,Playoffs,,,,,,,,,,,,,,,,,,,,,
1629028,Deandre Ayton,1610612747,LAL,C,27.0,10,10,1.0,66.0,150.0,0.44,0.483,-0.043,Overall,Playoffs,,,,,,,,,,,,,,,,,,,,,
1629060,Rui Hachimura,1610612747,LAL,F,28.0,10,10,1.0,64.0,145.0,0.441,0.485,-0.043,Overall,Playoffs,,,,,,,,,,,,,,,,,,,,,
1629731,Dean Wade,1610612739,CLE,F-C,29.0,18,18,1.0,66.0,141.0,0.468,0.486,-0.017,Overall,Playoffs,,,,,,,,,,,,,,,,,,,,,
1641709,Ausar Thompson,1610612765,DET,G-F,23.0,14,14,1.0,50.0,139.0,0.36,0.47,-0.11,Overall,Playoffs,,,,,,,,,,,,,,,,,,,,,
1629011,Mitchell Robinson,1610612752,NYK,C-F,28.0,18,18,1.0,65.0,139.0,0.468,0.486,-0.018,Overall,Playoffs,,,,,,,,,,,,,,,,,,,,,
1642845,VJ Edgecombe,1610612755,PHI,G,20.0,11,11,1.0,60.0,138.0,0.435,0.456,-0.021,Overall,Playoffs,,,,,,,,,,,,,,,,,,,,,
1630540,Miles McBride,1610612752,NYK,G,25.0,19,19,1.0,68.0,134.0,0.507,0.468,0.04,Overall,Playoffs,,,,,,,,,,,,,,,,,,,,,
1628379,Luke Kennard,1610612747,LAL,G,30.0,10,10,1.0,61.0,131.0,0.466,0.468,-0.003,Overall,Playoffs,,,,,,,,,,,,,,,,,,,,,
1627936,Alex Caruso,1610612760,OKC,G,32.0,15,15,1.0,60.0,131.0,0.458,0.476,-0.018,Overall,Playoffs,,,,,,,,,,,,,,,,,,,,,
1626162,Kelly Oubre Jr.,1610612755,PHI,F-G,30.0,11,11,1.0,72.0,130.0,0.554,0.469,0.085,Overall,Playoffs,,,,,,,,,,,,,,,,,,,,,
203944,Julius Randle,1610612750,MIN,F-C,31.0,12,12,1.0,71.0,128.0,0.555,0.492,0.063,Overall,Playoffs,,,,,,,,,,,,,,,,,,,,,
1631119,Jaylin Williams,1610612760,OKC,F,24.0,15,15,1.0,55.0,127.0,0.433,0.494,-0.061,Overall,Playoffs,,,,,,,,,,,,,,,,,,,,,
203954,Joel Embiid,1610612755,PHI,C-F,32.0,7,7,1.0,71.0,127.0,0.559,0.504,0.055,Overall,Playoffs,,,,,,,,,,,,,,,,,,,,,
1629130,Duncan Robinson,1610612765,DET,F,32.0,13,13,1.0,60.0,124.0,0.484,0.458,0.026,Overall,Playoffs,,,,,,,,,,,,,,,,,,,,,
1630178,Tyrese Maxey,1610612755,PHI,G,25.0,11,11,1.0,56.0,120.0,0.467,0.454,0.012,Overall,Playoffs,,,,,,,,,,,,,,,,,,,,,
203999,Nikola Jokić,1610612743,DEN,C,31.0,6,6,1.0,60.0,120.0,0.5,0.507,-0.007,Overall,Playoffs,,,,,,,,,,,,,,,,,,,,,
1628401,Derrick White,1610612738,BOS,G,31.0,7,7,1.0,47.0,119.0,0.395,0.457,-0.062,Overall,Playoffs,,,,,,,,,,,,,,,,,,,,,
1630241,Sam Merrill,1610612739,CLE,G,30.0,17,17,1.0,57.0,117.0,0.487,0.463,0.024,Overall,Playoffs,,,,,,,,,,,,,,,,,,,,,
1642349,Ajay Mitchell,1610612760,OKC,G,24.0,11,11,1.0,51.0,115.0,0.443,0.467,-0.024,Overall,Playoffs,,,,,,,,,,,,,,,,,,,,,
1629675,Naz Reid,1610612750,MIN,C-F,26.0,12,12,1.0,58.0,114.0,0.509,0.488,0.021,Overall,Playoffs,,,,,,,,,,,,,,,,,,,,,
203935,Marcus Smart,1610612747,LAL,G,32.0,10,10,1.0,53.0,113.0,0.469,0.472,-0.003,Overall,Playoffs,,,,,,,,,,,,,,,,,,,,,
1631094,Paolo Banchero,1610612753,ORL,F,23.0,7,7,1.0,48.0,112.0,0.429,0.476,-0.048,Overall,Playoffs,,,,,,,,,,,,,,,,,,,,,
1629628,RJ Barrett,1610612761,TOR,F-G,26.0,7,7,1.0,50.0,111.0,0.45,0.473,-0.023,Overall,Playoffs,,,,,,,,,,,,,,,,,,,,,
1629013,Landry Shamet,1610612752,NYK,G,29.0,17,17,1.0,38.0,107.0,0.355,0.469,-0.114,Overall,Playoffs,,,,,,,,,,,,,,,,,,,,,
1630245,Ayo Dosunmu,1610612750,MIN,G,26.0,10,10,1.0,44.0,106.0,0.415,0.472,-0.057,Overall,Playoffs,,,,,,,,,,,,,,,,,,,,,
1630162,Anthony Edwards,1610612750,MIN,G,24.0,10,10,1.0,48.0,106.0,0.453,0.478,-0.026,Overall,Playoffs,,,,,,,,,,,,,,,,,,,,,
1629652,Luguentz Dort,1610612760,OKC,G,27.0,15,15,1.0,50.0,106.0,0.472,0.486,-0.014,Overall,Playoffs,,,,,,,,,,,,,,,,,,,,,
1628976,Wendell Carter Jr.,1610612753,ORL,C-F,27.0,7,7,1.0,48.0,104.0,0.462,0.513,-0.052,Overall,Playoffs,,,,,,,,,,,,,,,,,,,,,
1629674,Neemias Queta,1610612738,BOS,C,26.0,7,7,1.0,42.0,101.0,0.416,0.475,-0.059,Overall,Playoffs,,,,,,,,,,,,,,,,,,,,,
1642450,Daniss Jenkins,1610612765,DET,G,24.0,14,14,1.0,49.0,97.0,0.505,0.466,0.039,Overall,Playoffs,,,,,,,,,,,,,,,,,,,,,
1630567,Scottie Barnes,1610612761,TOR,F-G,24.0,7,7,1.0,47.0,97.0,0.485,0.477,0.008,Overall,Playoffs,,,,,,,,,,,,,,,,,,,,,
1630578,Alperen Sengun,1610612745,HOU,C,23.0,6,6,1.0,46.0,96.0,0.479,0.546,-0.066,Overall,Playoffs,,,,,,,,,,,,,,,,,,,,,
1630559,Austin Reaves,1610612747,LAL,G,28.0,6,6,1.0,54.0,95.0,0.568,0.494,0.074,Overall,Playoffs,,,,,,,,,,,,,,,,,,,,,
203468,CJ McCollum,1610612737,ATL,G,34.0,6,6,1.0,35.0,91.0,0.385,0.477,-0.092,Overall,Playoffs,,,,,,,,,,,,,,,,,,,,,
1642868,Carter Bryant,1610612759,SAS,F,20.0,20,20,1.0,41.0,90.0,0.456,0.481,-0.025,Overall,Playoffs,,,,,,,,,,,,,,,,,,,,,
1627750,Jamal Murray,1610612743,DEN,G,29.0,6,6,1.0,45.0,89.0,0.506,0.481,0.024,Overall,Playoffs,,,,,,,,,,,,,,,,,,,,,
203471,Dennis Schröder,1610612739,CLE,G,32.0,17,17,1.0,32.0,89.0,0.36,0.462,-0.102,Overall,Playoffs,,,,,,,,,,,,,,,,,,,,,
1630591,Jalen Suggs,1610612753,ORL,G,25.0,7,7,1.0,40.0,85.0,0.471,0.484,-0.014,Overall,Playoffs,,,,,,,,,,,,,,,,,,,,,
203083,Andre Drummond,1610612755,PHI,C,32.0,11,11,1.0,44.0,85.0,0.518,0.49,0.028,Overall,Playoffs,,,,,,,,,,,,,,,,,,,,,
1642266,Ja'Kobe Walter,1610612761,TOR,G,21.0,7,7,1.0,44.0,84.0,0.524,0.47,0.054,Overall,Playoffs,,,,,,,,,,,,,,,,,,,,,
2544,LeBron James,1610612747,LAL,F,41.0,10,10,1.0,32.0,82.0,0.39,0.476,-0.086,Overall,Playoffs,,,,,,,,,,,,,,,,,,,,,
1642281,Jaylon Tyson,1610612739,CLE,G-F,23.0,16,16,1.0,39.0,81.0,0.481,0.482,0.0,Overall,Playoffs,,,,,,,,,,,,,,,,,,,,,
1642272,Jared McCain,1610612760,OKC,G,22.0,13,13,1.0,40.0,79.0,0.506,0.471,0.036,Overall,Playoffs,,,,,,,,,,,,,,,,,,,,,
1629638,Nickeil Alexander-Walker,1610612737,ATL,G,27.0,6,6,1.0,44.0,78.0,0.564,0.47,0.094,Overall,Playoffs,,,,,,,,,,,,,,,,,,,,,
1627751,Jakob Poeltl,1610612761,TOR,C,30.0,7,7,1.0,38.0,78.0,0.487,0.521,-0.034,Overall,Playoffs,,,,,,,,,,,,,,,,,,,,,
1631095,Jabari Smith Jr.,1610612745,HOU,F,23.0,6,6,1.0,35.0,76.0,0.461,0.507,-0.046,Overall,Playoffs,,,,,,,,,,,,,,,,,,,,,
1629637,Jaxson Hayes,1610612747,LAL,C-F,26.0,10,10,1.0,29.0,76.0,0.382,0.486,-0.105,Overall,Playoffs,,,,,,,,,,,,,,,,,,,,,
1642867,Collin Murray-Boyles,1610612761,TOR,F,21.0,7,7,1.0,43.0,75.0,0.573,0.492,0.081,Overall,Playoffs,,,,,,,,,,,,,,,,,,,,,
1631106,Tari Eason,1610612745,HOU,F,25.0,6,6,1.0,38.0,74.0,0.514,0.518,-0.004,Overall,Playoffs,,,,,,,,,,,,,,,,,,,,,
1642263,Reed Sheppard,1610612745,HOU,G,22.0,6,6,1.0,34.0,74.0,0.459,0.501,-0.041,Overall,Playoffs,,,,,,,,,,,,,,,,,,,,,
202696,Nikola Vučević,1610612738,BOS,C,35.0,6,6,1.0,37.0,74.0,0.5,0.475,0.025,Overall,Playoffs,,,,,,,,,,,,,,,,,,,,,
1630552,Jalen Johnson,1610612737,ATL,F,24.0,6,6,1.0,36.0,72.0,0.5,0.486,0.014,Overall,Playoffs,,,,,,,,,,,,,,,,,,,,,
1630168,Onyeka Okongwu,1610612737,ATL,F-C,25.0,6,6,1.0,41.0,72.0,0.569,0.496,0.074,Overall,Playoffs,,,,,,,,,,,,,,,,,,,,,
1642270,Donovan Clingan,1610612757,POR,C,22.0,5,5,1.0,37.0,72.0,0.514,0.498,0.016,Overall,Playoffs,,,,,,,,,,,,,,,,,,,,,
1630700,Dyson Daniels,1610612737,ATL,G,23.0,6,6,1.0,41.0,71.0,0.577,0.485,0.093,Overall,Playoffs,,,,,,,,,,,,,,,,,,,,,
1628369,Jayson Tatum,1610612738,BOS,F-G,28.0,6,6,1.0,30.0,71.0,0.423,0.455,-0.033,Overall,Playoffs,,,,,,,,,,,,,,,,,,,,,
1627747,Caris LeVert,1610612765,DET,G,31.0,13,13,1.0,29.0,70.0,0.414,0.467,-0.053,Overall,Playoffs,,,,,,,,,,,,,,,,,,,,,
1642347,Jamal Shead,1610612761,TOR,G,23.0,7,7,1.0,34.0,69.0,0.493,0.47,0.022,Overall,Playoffs,,,,,,,,,,,,,,,,,,,,,
1630191,Isaiah Stewart,1610612765,DET,F-C,25.0,14,14,1.0,28.0,68.0,0.412,0.51,-0.099,Overall,Playoffs,,,,,,,,,,,,,,,,,,,,,
1630573,Sam Hauser,1610612738,BOS,F,28.0,7,7,1.0,33.0,68.0,0.485,0.457,0.029,Overall,Playoffs,,,,,,,,,,,,,,,,,,,,,
1630545,Terrence Shannon Jr,1610612750,MIN,G-F,25.0,9,9,1.0,36.0,68.0,0.529,0.479,0.05,Overall,Playoffs,,,,,,,,,,,,,,,,,,,,,
1641710,Anthony Black,1610612753,ORL,G,22.0,7,7,1.0,24.0,67.0,0.358,0.454,-0.096,Overall,Playoffs,,,,,,,,,,,,,,,,,,,,,
1641708,Amen Thompson,1610612745,HOU,G-F,23.0,6,6,1.0,34.0,67.0,0.507,0.508,-0.001,Overall,Playoffs,,,,,,,,,,,,,,,,,,,,,
201950,Jrue Holiday,1610612757,POR,G,36.0,5,5,1.0,30.0,66.0,0.455,0.479,-0.024,Overall,Playoffs,,,,,,,,,,,,,,,,,,,,,
1629661,Cameron Johnson,1610612743,DEN,F,30.0,6,6,1.0,30.0,66.0,0.455,0.487,-0.033,Overall,Playoffs,,,,,,,,,,,,,,,,,,,,,
1630217,Desmond Bane,1610612753,ORL,G,28.0,7,7,1.0,37.0,65.0,0.569,0.477,0.092,Overall,Playoffs,,,,,,,,,,,,,,,,,,,,,
1627759,Jaylen Brown,1610612738,BOS,G-F,29.0,7,7,1.0,29.0,65.0,0.446,0.458,-0.012,Overall,Playoffs,,,,,,,,,,,,,,,,,,,,,
1630202,Payton Pritchard,1610612738,BOS,G,28.0,7,7,1.0,29.0,65.0,0.446,0.448,-0.002,Overall,Playoffs,,,,,,,,,,,,,,,,,,,,,
1630166,Deni Avdija,1610612757,POR,F,25.0,5,5,1.0,29.0,65.0,0.446,0.482,-0.036,Overall,Playoffs,,,,,,,,,,,,,,,,,,,,,
1629057,Robert Williams III,1610612757,POR,C-F,28.0,5,5,1.0,27.0,64.0,0.422,0.498,-0.076,Overall,Playoffs,,,,,,,,,,,,,,,,,,,,,
201144,Mike Conley,1610612750,MIN,G,38.0,11,11,1.0,29.0,63.0,0.46,0.47,-0.01,Overall,Playoffs,,,,,,,,,,,,,,,,,,,,,
1631222,Jake LaRavia,1610612747,LAL,F,24.0,8,8,1.0,30.0,63.0,0.476,0.469,0.008,Overall,Playoffs,,,,,,,,,,,,,,,,,,,,,
1641739,Toumani Camara,1610612757,POR,F,26.0,5,5,1.0,33.0,62.0,0.532,0.488,0.044,Overall,Playoffs,,,,,,,,,,,,,,,,,,,,,
1628415,Dillon Brooks,1610612756,PHX,G-F,30.0,4,4,1.0,31.0,62.0,0.5,0.489,0.011,Overall,Playoffs,,,,,,,,,,,,,,,,,,,,,
1631128,Christian Braun,1610612743,DEN,G,25.0,6,6,1.0,20.0,60.0,0.333,0.47,-0.136,Overall,Playoffs,,,,,,,,,,,,,,,,,,,,,
1629656,Quentin Grimes,1610612755,PHI,G,26.0,11,11,1.0,30.0,60.0,0.5,0.461,0.039,Overall,Playoffs,,,,,,,,,,,,,,,,,,,,,
203903,Jordan Clarkson,1610612752,NYK,G,34.0,17,17,1.0,32.0,59.0,0.542,0.461,0.081,Overall,Playoffs,,,,,,,,,,,,,,,,,,,,,
1642461,Spencer Jones,1610612743,DEN,F,25.0,6,6,1.0,26.0,59.0,0.441,0.478,-0.037,Overall,Playoffs,,,,,,,,,,,,,,,,,,,,,
1630224,Jalen Green,1610612756,PHX,G,24.0,4,4,1.0,26.0,57.0,0.456,0.49,-0.034,Overall,Playoffs,,,,,,,,,,,,,,,,,,,,,
1641737,Adem Bona,1610612755,PHI,F,23.0,8,8,1.0,23.0,55.0,0.418,0.461,-0.043,Overall,Playoffs,,,,,,,,,,,,,,,,,,,,,
1630228,Jonathan Kuminga,1610612737,ATL,F,23.0,6,6,1.0,25.0,54.0,0.463,0.492,-0.029,Overall,Playoffs,,,,,,,,,,,,,,,,,,,,,
1630532,Franz Wagner,1610612753,ORL,F,24.0,4,4,1.0,19.0,53.0,0.358,0.472,-0.113,Overall,Playoffs,,,,,,,,,,,,,,,,,,,,,
1629750,Javonte Green,1610612765,DET,G,32.0,11,11,1.0,22.0,52.0,0.423,0.462,-0.038,Overall,Playoffs,,,,,,,,,,,,,,,,,,,,,
1630572,Sandro Mamukelashvili,1610612761,TOR,F-C,27.0,7,7,1.0,26.0,52.0,0.5,0.471,0.029,Overall,Playoffs,,,,,,,,,,,,,,,,,,,,,
203501,Tim Hardaway Jr.,1610612743,DEN,G-F,34.0,6,6,1.0,25.0,52.0,0.481,0.485,-0.004,Overall,Playoffs,,,,,,,,,,,,,,,,,,,,,
1630198,Isaiah Joe,1610612760,OKC,G,26.0,11,11,1.0,21.0,52.0,0.404,0.473,-0.069,Overall,Playoffs,,,,,,,,,,,,,,,,,,,,,
1642345,Oso Ighodaro,1610612756,PHX,F,23.0,4,4,1.0,31.0,51.0,0.608,0.533,0.075,Overall,Playoffs,,,,,,,,,,,,,,,,,,,,,
1631221,Collin Gillespie,1610612756,PHX,G,27.0,4,4,1.0,30.0,51.0,0.588,0.498,0.09,Overall,Playoffs,,,,,,,,,,,,,,,,,,,,,
1642348,Justin Edwards,1610612755,PHI,F,22.0,8,8,1.0,26.0,50.0,0.52,0.447,0.073,Overall,Playoffs,,,,,,,,,,,,,,,,,,,,,
1626164,Devin Booker,1610612756,PHX,G,29.0,4,4,1.0,30.0,50.0,0.6,0.495,0.105,Overall,Playoffs,,,,,,,,,,,,,,,,,,,,,
203932,Aaron Gordon,1610612743,DEN,F,30.0,3,3,1.0,24.0,49.0,0.49,0.483,0.007,Overall,Playoffs,,,,,,,,,,,,,,,,,,,,,
1631230,Dominick Barlow,1610612755,PHI,F,23.0,8,8,1.0,19.0,48.0,0.396,0.463,-0.068,Overall,Playoffs,,,,,,,,,,,,,,,,,,,,,
1630194,Paul Reed,1610612765,DET,F,27.0,8,8,1.0,17.0,46.0,0.37,0.512,-0.142,Overall,Playoffs,,,,,,,,,,,,,,,,,,,,,
1630631,Jose Alvarado,1610612752,NYK,G,28.0,17,17,1.0,16.0,45.0,0.356,0.443,-0.088,Overall,Playoffs,,,,,,,,,,,,,,,,,,,,,
1627742,Brandon Ingram,1610612761,TOR,F,28.0,5,5,1.0,15.0,44.0,0.341,0.46,-0.119,Overall,Playoffs,,,,,,,,,,,,,,,,,,,,,
1631288,Jamal Cain,1610612753,ORL,F,27.0,7,7,1.0,16.0,43.0,0.372,0.481,-0.109,Overall,Playoffs,,,,,,,,,,,,,,,,,,,,,
1626220,Royce O'Neale,1610612756,PHX,F,33.0,4,4,1.0,17.0,42.0,0.405,0.482,-0.077,Overall,Playoffs,,,,,,,,,,,,,,,,,,,,,
1641783,Tristan da Silva,1610612753,ORL,F,25.0,7,7,1.0,20.0,41.0,0.488,0.451,0.037,Overall,Playoffs,,,,,,,,,,,,,,,,,,,,,
1630703,Scoot Henderson,1610612757,POR,G,22.0,5,5,1.0,17.0,41.0,0.415,0.461,-0.046,Overall,Playoffs,,,,,,,,,,,,,,,,,,,,,
1630568,Luka Garza,1610612738,BOS,C,27.0,6,6,1.0,21.0,40.0,0.525,0.469,0.056,Overall,Playoffs,,,,,,,,,,,,,,,,,,,,,
1629048,Goga Bitadze,1610612753,ORL,C-F,26.0,6,6,1.0,20.0,39.0,0.513,0.49,0.023,Overall,Playoffs,,,,,,,,,,,,,,,,,,,,,
1630538,Bones Hyland,1610612750,MIN,G,25.0,10,10,1.0,23.0,39.0,0.59,0.485,0.105,Overall,Playoffs,,,,,,,,,,,,,,,,,,,,,
1630574,Ariel Hukporti,1610612752,NYK,C,24.0,8,8,1.0,21.0,39.0,0.538,0.462,0.077,Overall,Playoffs,,,,,,,,,,,,,,,,,,,,,
203084,Harrison Barnes,1610612759,SAS,F,34.0,15,15,1.0,12.0,38.0,0.316,0.466,-0.15,Overall,Playoffs,,,,,,,,,,,,,,,,,,,,,
1629216,Gabe Vincent,1610612737,ATL,G,30.0,6,6,1.0,21.0,38.0,0.553,0.475,0.077,Overall,Playoffs,,,,,,,,,,,,,,,,,,,,,
1628971,Bruce Brown,1610612743,DEN,G-F,29.0,6,6,1.0,16.0,38.0,0.421,0.468,-0.047,Overall,Playoffs,,,,,,,,,,,,,,,,,,,,,
203924,Jerami Grant,1610612757,POR,F,32.0,5,5,1.0,18.0,35.0,0.514,0.479,0.036,Overall,Playoffs,,,,,,,,,,,,,,,,,,,,,
1631114,Jalen Williams,1610612760,OKC,G-F,25.0,5,5,1.0,18.0,34.0,0.529,0.463,0.066,Overall,Playoffs,,,,,,,,,,,,,,,,,,,,,
1629026,Kenrich Williams,1610612760,OKC,G-F,31.0,8,8,1.0,15.0,31.0,0.484,0.487,-0.003,Overall,Playoffs,,,,,,,,,,,,,,,,,,,,,
1630598,Aaron Wiggins,1610612760,OKC,G,27.0,9,9,1.0,15.0,30.0,0.5,0.457,0.043,Overall,Playoffs,,,,,,,,,,,,,,,,,,,,,
1642419,Jamison Battle,1610612761,TOR,F,25.0,6,6,1.0,9.0,30.0,0.3,0.461,-0.161,Overall,Playoffs,,,,,,,,,,,,,,,,,,,,,
1631248,Baylor Scheierman,1610612738,BOS,G,25.0,7,7,1.0,14.0,29.0,0.483,0.448,0.035,Overall,Playoffs,,,,,,,,,,,,,,,,,,,,,
1629020,Jarred Vanderbilt,1610612747,LAL,F,27.0,7,7,1.0,10.0,28.0,0.357,0.463,-0.106,Overall,Playoffs,,,,,,,,,,,,,,,,,,,,,
1641775,Jordan Walsh,1610612738,BOS,G,22.0,7,7,1.0,11.0,27.0,0.407,0.459,-0.052,Overall,Playoffs,,,,,,,,,,,,,,,,,,,,,
1629006,Josh Okogie,1610612745,HOU,G,27.0,6,6,1.0,16.0,27.0,0.593,0.507,0.086,Overall,Playoffs,,,,,,,,,,,,,,,,,,,,,
1628988,Aaron Holiday,1610612745,HOU,G,29.0,6,6,1.0,10.0,27.0,0.37,0.5,-0.129,Overall,Playoffs,,,,,,,,,,,,,,,,,,,,,
1628418,Thomas Bryant,1610612739,CLE,C-F,28.0,8,8,1.0,16.0,26.0,0.615,0.51,0.105,Overall,Playoffs,,,,,,,,,,,,,,,,,,,,,
1641842,Ronald Holland II,1610612765,DET,F,20.0,7,7,1.0,12.0,26.0,0.462,0.458,0.004,Overall,Playoffs,,,,,,,,,,,,,,,,,,,,,
1628978,Donte DiVincenzo,1610612750,MIN,G,29.0,3,3,1.0,14.0,25.0,0.56,0.488,0.072,Overall,Playoffs,,,,,,,,,,,,,,,,,,,,,
1642863,Khaman Maluach,1610612756,PHX,C,19.0,4,4,1.0,10.0,24.0,0.417,0.489,-0.073,Overall,Playoffs,,,,,,,,,,,,,,,,,,,,,
1631101,Shaedon Sharpe,1610612757,POR,G,23.0,5,5,1.0,11.0,23.0,0.478,0.481,-0.003,Overall,Playoffs,,,,,,,,,,,,,,,,,,,,,
203937,Kyle Anderson,1610612750,MIN,F-G,32.0,8,8,1.0,8.0,23.0,0.348,0.487,-0.14,Overall,Playoffs,,,,,,,,,,,,,,,,,,,,,
1630557,Corey Kispert,1610612737,ATL,F,27.0,5,5,1.0,12.0,22.0,0.545,0.446,0.1,Overall,Playoffs,,,,,,,,,,,,,,,,,,,,,
1642359,Pacôme Dadiet,1610612752,NYK,F,20.0,6,6,1.0,9.0,22.0,0.409,0.438,-0.029,Overall,Playoffs,,,,,,,,,,,,,,,,,,,,,
1631165,Keon Ellis,1610612739,CLE,G,26.0,8,8,1.0,11.0,21.0,0.524,0.477,0.047,Overall,Playoffs,,,,,,,,,,,,,,,,,,,,,
1628960,Grayson Allen,1610612756,PHX,G,30.0,2,2,1.0,10.0,21.0,0.476,0.497,-0.021,Overall,Playoffs,,,,,,,,,,,,,,,,,,,,,
1627827,Dorian Finney-Smith,1610612745,HOU,F,33.0,4,4,1.0,11.0,21.0,0.524,0.515,0.009,Overall,Playoffs,,,,,,,,,,,,,,,,,,,,,
202685,Jonas Valanciunas,1610612743,DEN,C,34.0,4,4,1.0,9.0,20.0,0.45,0.502,-0.052,Overall,Playoffs,,,,,,,,,,,,,,,,,,,,,
1642278,Tyler Kolek,1610612752,NYK,G,25.0,7,7,1.0,9.0,20.0,0.45,0.46,-0.01,Overall,Playoffs,,,,,,,,,,,,,,,,,,,,,
1631204,Marcus Sasser,1610612765,DET,G,25.0,5,5,1.0,6.0,20.0,0.3,0.455,-0.155,Overall,Playoffs,,,,,,,,,,,,,,,,,,,,,
1630570,Trendon Watford,1610612755,PHI,G-F,25.0,6,6,1.0,8.0,20.0,0.4,0.458,-0.058,Overall,Playoffs,,,,,,,,,,,,,,,,,,,,,
1629162,Jordan McLaughlin,1610612759,SAS,G,30.0,7,7,1.0,11.0,19.0,0.579,0.475,0.104,Overall,Playoffs,,,,,,,,,,,,,,,,,,,,,
203482,Kelly Olynyk,1610612759,SAS,F-C,35.0,7,7,1.0,8.0,18.0,0.444,0.475,-0.031,Overall,Playoffs,,,,,,,,,,,,,,,,,,,,,
1631243,Mouhamed Gueye,1610612737,ATL,F,23.0,5,5,1.0,9.0,17.0,0.529,0.492,0.038,Overall,Playoffs,,,,,,,,,,,,,,,,,,,,,
1641740,Jaylen Clark,1610612750,MIN,G,24.0,5,5,1.0,7.0,17.0,0.412,0.48,-0.068,Overall,Playoffs,,,,,,,,,,,,,,,,,,,,,
1628396,Tony Bradley,1610612737,ATL,C-F,28.0,4,4,1.0,6.0,16.0,0.375,0.519,-0.144,Overall,Playoffs,,,,,,,,,,,,,,,,,,,,,
1629680,Matisse Thybulle,1610612757,POR,G-F,29.0,4,4,1.0,5.0,16.0,0.313,0.484,-0.171,Overall,Playoffs,,,,,,,,,,,,,,,,,,,,,
1642355,Bronny James,1610612747,LAL,G,21.0,7,7,1.0,6.0,15.0,0.4,0.464,-0.064,Overall,Playoffs,,,,,,,,,,,,,,,,,,,,,
203486,Mason Plumlee,1610612759,SAS,F-C,36.0,6,6,1.0,8.0,15.0,0.533,0.481,0.052,Overall,Playoffs,,,,,,,,,,,,,,,,,,,,,
1642885,Mohamed Diawara,1610612752,NYK,F,21.0,6,6,1.0,6.0,15.0,0.4,0.424,-0.024,Overall,Playoffs,,,,,,,,,,,,,,,,,,,,,
1631207,Dalen Terry,1610612755,PHI,F,23.0,5,5,1.0,6.0,15.0,0.4,0.455,-0.055,Overall,Playoffs,,,,,,,,,,,,,,,,,,,,,
1628989,Kevin Huerter,1610612765,DET,G-F,27.0,5,5,1.0,3.0,14.0,0.214,0.456,-0.242,Overall,Playoffs,,,,,,,,,,,,,,,,,,,,,
202687,Bismack Biyombo,1610612759,SAS,C,33.0,6,6,1.0,2.0,13.0,0.154,0.457,-0.303,Overall,Playoffs,,,,,,,,,,,,,,,,,,,,,
203991,Clint Capela,1610612745,HOU,C,32.0,4,4,1.0,7.0,13.0,0.538,0.545,-0.007,Overall,Playoffs,,,,,,,,,,,,,,,,,,,,,
1642346,Ryan Dunn,1610612756,PHX,F,23.0,2,2,1.0,6.0,13.0,0.462,0.495,-0.034,Overall,Playoffs,,,,,,,,,,,,,,,,,,,,,
1626145,Tyus Jones,1610612743,DEN,G,30.0,3,3,1.0,7.0,13.0,0.538,0.464,0.075,Overall,Playoffs,,,,,,,,,,,,,,,,,,,,,
201142,Kevin Durant,1610612745,HOU,F,37.0,1,1,1.0,6.0,12.0,0.5,0.522,-0.022,Overall,Playoffs,,,,,,,,,,,,,,,,,,,,,
1631110,Jeremy Sochan,1610612752,NYK,F,23.0,6,6,1.0,5.0,12.0,0.417,0.484,-0.067,Overall,Playoffs,,,,,,,,,,,,,,,,,,,,,
1642876,Adou Thiero,1610612747,LAL,G,22.0,5,5,1.0,5.0,12.0,0.417,0.487,-0.071,Overall,Playoffs,,,,,,,,,,,,,,,,,,,,,
1642864,Hugo González,1610612738,BOS,G,20.0,4,4,1.0,4.0,10.0,0.4,0.462,-0.062,Overall,Playoffs,,,,,,,,,,,,,,,,,,,,,
1642258,Zaccharie Risacher,1610612737,ATL,F,21.0,3,3,1.0,7.0,10.0,0.7,0.466,0.234,Overall,Playoffs,,,,,,,,,,,,,,,,,,,,,
1642866,Joan Beringer,1610612750,MIN,F,19.0,4,4,1.0,5.0,10.0,0.5,0.511,-0.011,Overall,Playoffs,,,,,,,,,,,,,,,,,,,,,
1641763,Julian Phillips,1610612750,MIN,F,22.0,4,4,1.0,6.0,9.0,0.667,0.471,0.196,Overall,Playoffs,,,,,,,,,,,,,,,,,,,,,
1641772,Nae'Qwan Tomlin,1610612739,CLE,F,25.0,4,4,1.0,4.0,9.0,0.444,0.429,0.015,Overall,Playoffs,,,,,,,,,,,,,,,,,,,,,
1631200,Kris Murray,1610612757,POR,F,25.0,3,3,1.0,5.0,9.0,0.556,0.475,0.081,Overall,Playoffs,,,,,,,,,,,,,,,,,,,,,
1631124,Julian Strawther,1610612743,DEN,G,24.0,2,2,1.0,7.0,9.0,0.778,0.452,0.326,Overall,Playoffs,,,,,,,,,,,,,,,,,,,,,
1642260,Nikola Topić,1610612760,OKC,G,20.0,4,4,1.0,4.0,8.0,0.5,0.457,0.043,Overall,Playoffs,,,,,,,,,,,,,,,,,,,,,
1642261,Dalton Knecht,1610612747,LAL,F,25.0,3,3,1.0,4.0,8.0,0.5,0.421,0.079,Overall,Playoffs,,,,,,,,,,,,,,,,,,,,,
1641733,Nick Smith Jr.,1610612747,LAL,G,22.0,3,3,1.0,4.0,8.0,0.5,0.461,0.039,Overall,Playoffs,,,,,,,,,,,,,,,,,,,,,
1630639,A.J. Lawson,1610612761,TOR,G,25.0,3,3,1.0,1.0,7.0,0.143,0.435,-0.292,Overall,Playoffs,,,,,,,,,,,,,,,,,,,,,
1642853,Rasheer Fleming,1610612756,PHX,F,21.0,2,2,1.0,3.0,7.0,0.429,0.486,-0.057,Overall,Playoffs,,,,,,,,,,,,,,,,,,,,,
1630322,Lindy Waters III,1610612759,SAS,F,28.0,2,2,1.0,3.0,7.0,0.429,0.485,-0.056,Overall,Playoffs,,,,,,,,,,,,,,,,,,,,,
1631133,Jabari Walker,1610612755,PHI,F,23.0,4,4,1.0,4.0,7.0,0.571,0.449,0.122,Overall,Playoffs,,,,,,,,,,,,,,,,,,,,,
1629312,Haywood Highsmith,1610612756,PHX,F,29.0,2,2,1.0,3.0,7.0,0.429,0.501,-0.073,Overall,Playoffs,,,,,,,,,,,,,,,,,,,,,
1628467,Maxi Kleber,1610612747,LAL,F,34.0,2,2,1.0,2.0,7.0,0.286,0.452,-0.166,Overall,Playoffs,,,,,,,,,,,,,,,,,,,,,
1628975,Jevon Carter,1610612753,ORL,G,30.0,2,2,1.0,4.0,6.0,0.667,0.436,0.231,Overall,Playoffs,,,,,,,,,,,,,,,,,,,,,
1631199,Ron Harper Jr.,1610612738,BOS,G-F,26.0,3,3,1.0,4.0,6.0,0.667,0.464,0.203,Overall,Playoffs,,,,,,,,,,,,,,,,,,,,,
1642878,Tyrese Proctor,1610612739,CLE,G,22.0,1,1,1.0,4.0,6.0,0.667,0.455,0.212,Overall,Playoffs,,,,,,,,,,,,,,,,,,,,,
1631321,Sidy Cissoko,1610612757,POR,G,22.0,2,2,1.0,4.0,5.0,0.8,0.454,0.346,Overall,Playoffs,,,,,,,,,,,,,,,,,,,,,
1641854,Craig Porter Jr.,1610612739,CLE,G,26.0,3,3,1.0,0.0,5.0,0.0,0.444,-0.444,Overall,Playoffs,,,,,,,,,,,,,,,,,,,,,
1630811,Keaton Wallace,1610612737,ATL,G,27.0,2,2,1.0,3.0,5.0,0.6,0.479,0.121,Overall,Playoffs,,,,,,,,,,,,,,,,,,,,,
1627741,Buddy Hield,1610612737,ATL,G,33.0,2,2,1.0,2.0,5.0,0.4,0.451,-0.051,Overall,Playoffs,,,,,,,,,,,,,,,,,,,,,
201145,Jeff Green,1610612745,HOU,F,39.0,2,2,1.0,1.0,5.0,0.2,0.449,-0.249,Overall,Playoffs,,,,,,,,,,,,,,,,,,,,,
204060,Joe Ingles,1610612750,MIN,F-G,38.0,2,2,1.0,4.0,5.0,0.8,0.505,0.295,Overall,Playoffs,,,,,,,,,,,,,,,,,,,,,
1630256,Jae'Sean Tate,1610612745,HOU,F,30.0,3,3,1.0,2.0,4.0,0.5,0.488,0.012,Overall,Playoffs,,,,,,,,,,,,,,,,,,,,,
1630192,Zeke Nnaji,1610612743,DEN,F-C,25.0,2,2,1.0,2.0,4.0,0.5,0.473,0.027,Overall,Playoffs,,,,,,,,,,,,,,,,,,,,,
1630249,Vít Krejčí,1610612757,POR,G,26.0,1,1,1.0,1.0,3.0,0.333,0.431,-0.097,Overall,Playoffs,,,,,,,,,,,,,,,,,,,,,
1642854,Asa Newell,1610612737,ATL,F,20.0,2,2,1.0,0.0,3.0,0.0,0.431,-0.431,Overall,Playoffs,,,,,,,,,,,,,,,,,,,,,
1629021,Moritz Wagner,1610612753,ORL,F-C,29.0,1,1,1.0,1.0,3.0,0.333,0.543,-0.21,Overall,Playoffs,,,,,,,,,,,,,,,,,,,,,
1642404,Chaz Lanier,1610612765,DET,G,24.0,1,1,1.0,0.0,3.0,0.0,0.461,-0.461,Overall,Playoffs,,,,,,,,,,,,,,,,,,,,,
1642449,Tolu Smith,1610612765,DET,F,25.0,1,1,1.0,0.0,3.0,0.0,0.49,-0.49,Overall,Playoffs,,,,,,,,,,,,,,,,,,,,,
1630625,Dalano Banton,1610612738,BOS,F,26.0,2,2,1.0,0.0,3.0,0.0,0.466,-0.466,Overall,Playoffs,,,,,,,,,,,,,,,,,,,,,
1641747,DaRon Holmes II,1610612743,DEN,F,23.0,1,1,1.0,1.0,3.0,0.333,0.428,-0.095,Overall,Playoffs,,,,,,,,,,,,,,,,,,,,,
1629618,Jalen Pickett,1610612743,DEN,G,26.0,1,1,1.0,0.0,3.0,0.0,0.474,-0.474,Overall,Playoffs,,,,,,,,,,,,,,,,,,,,,
1642917,Max Shulga,1610612738,BOS,G,24.0,2,2,1.0,2.0,2.0,1.0,0.451,0.549,Overall,Playoffs,,,,,,,,,,,,,,,,,,,,,
1630692,Jordan Goodwin,1610612756,PHX,G,27.0,1,1,1.0,0.0,2.0,0.0,0.495,-0.495,Overall,Playoffs,,,,,,,,,,,,,,,,,,,,,
1631123,Jamaree Bouyea,1610612756,PHX,G,27.0,1,1,1.0,1.0,2.0,0.5,0.444,0.057,Overall,Playoffs,,,,,,,,,,,,,,,,,,,,,
1631218,Trayce Jackson-Davis,1610612761,TOR,F,26.0,2,2,1.0,2.0,2.0,1.0,0.487,0.514,Overall,Playoffs,,,,,,,,,,,,,,,,,,,,,
1641724,Jett Howard,1610612753,ORL,G,22.0,1,1,1.0,0.0,2.0,0.0,0.456,-0.456,Overall,Playoffs,,,,,,,,,,,,,,,,,,,,,
1642869,Noah Penda,1610612753,ORL,G-F,21.0,1,1,1.0,1.0,2.0,0.5,0.457,0.044,Overall,Playoffs,,,,,,,,,,,,,,,,,,,,,
1629599,Amir Coffey,1610612756,PHX,G-F,29.0,1,1,1.0,0.0,1.0,0.0,0.422,-0.422,Overall,Playoffs,,,,,,,,,,,,,,,,,,,,,
1642873,Amari Williams,1610612738,BOS,F-C,24.0,1,1,1.0,0.0,1.0,0.0,0.441,-0.441,Overall,Playoffs,,,,,,,,,,,,,,,,,,,,,
1641780,Johni Broome,1610612755,PHI,F,23.0,1,1,1.0,1.0,1.0,1.0,0.381,0.619,Overall,Playoffs,,,,,,,,,,,,,,,,,,,,,
1626204,Larry Nance Jr.,1610612739,CLE,F-C,33.0,1,1,1.0,1.0,1.0,1.0,0.609,0.391,Overall,Playoffs,,,,,,,,,,,,,,,,,,,,,
1631120,JD Davison,1610612745,HOU,G,23.0,1,1,1.0,0.0,1.0,0.0,0.449,-0.449,Overall,Playoffs,,,,,,,,,,,,,,,,,,,,,
1631104,Blake Wesley,1610612757,POR,G,23.0,1,1,1.0,1.0,1.0,1.0,0.444,0.556,Overall,Playoffs,,,,,,,,,,,,,,,,,,,,,
1641705,Victor Wembanyama,1610612759,SAS,F-C,22.0,22,22,0.623,,,,,,2 Pointers,Playoffs,95.0,240.0,0.396,0.578,-0.182,,,,,,,,,,,,,,,,
1630596,Evan Mobley,1610612739,CLE,C,25.0,18,18,0.726,,,,,,2 Pointers,Playoffs,95.0,207.0,0.459,0.575,-0.117,,,,,,,,,,,,,,,,
1628386,Jarrett Allen,1610612739,CLE,C,28.0,18,18,0.794,,,,,,2 Pointers,Playoffs,101.0,189.0,0.534,0.579,-0.045,,,,,,,,,,,,,,,,
1626157,Karl-Anthony Towns,1610612752,NYK,C-F,30.0,19,19,0.678,,,,,,2 Pointers,Playoffs,87.0,183.0,0.475,0.559,-0.083,,,,,,,,,,,,,,,,
1642264,Stephon Castle,1610612759,SAS,G,21.0,23,23,0.642,,,,,,2 Pointers,Playoffs,85.0,179.0,0.475,0.547,-0.072,,,,,,,,,,,,,,,,
1630170,Devin Vassell,1610612759,SAS,G-F,25.0,23,23,0.68,,,,,,2 Pointers,Playoffs,70.0,172.0,0.407,0.551,-0.144,,,,,,,,,,,,,,,,
1630577,Julian Champagnie,1610612759,SAS,F,25.0,23,23,0.629,,,,,,2 Pointers,Playoffs,90.0,163.0,0.552,0.56,-0.008,,,,,,,,,,,,,,,,
203497,Rudy Gobert,1610612750,MIN,C,34.0,12,12,0.689,,,,,,2 Pointers,Playoffs,74.0,146.0,0.507,0.578,-0.071,,,,,,,,,,,,,,,,
201935,James Harden,1610612739,CLE,G,36.0,18,18,0.614,,,,,,2 Pointers,Playoffs,82.0,143.0,0.573,0.544,0.03,,,,,,,,,,,,,,,,
1631096,Chet Holmgren,1610612760,OKC,C-F,24.0,15,15,0.662,,,,,,2 Pointers,Playoffs,69.0,137.0,0.504,0.558,-0.054,,,,,,,,,,,,,,,,
1628436,Luke Kornet,1610612759,SAS,C-F,30.0,23,22,0.714,,,,,,2 Pointers,Playoffs,67.0,132.0,0.508,0.569,-0.061,,,,,,,,,,,,,,,,
1628368,De'Aaron Fox,1610612759,SAS,G,28.0,21,21,0.53,,,,,,2 Pointers,Playoffs,55.0,125.0,0.44,0.541,-0.101,,,,,,,,,,,,,,,,
1628384,OG Anunoby,1610612752,NYK,F-G,28.0,17,17,0.532,,,,,,2 Pointers,Playoffs,60.0,118.0,0.508,0.56,-0.051,,,,,,,,,,,,,,,,
1642844,Dylan Harper,1610612759,SAS,G,20.0,23,23,0.605,,,,,,2 Pointers,Playoffs,52.0,118.0,0.441,0.541,-0.1,,,,,,,,,,,,,,,,
1628404,Josh Hart,1610612752,NYK,G,31.0,19,19,0.547,,,,,,2 Pointers,Playoffs,64.0,116.0,0.552,0.545,0.007,,,,,,,,,,,,,,,,
1631105,Jalen Duren,1610612765,DET,C,22.0,14,14,0.698,,,,,,2 Pointers,Playoffs,58.0,111.0,0.523,0.566,-0.044,,,,,,,,,,,,,,,,
1629028,Deandre Ayton,1610612747,LAL,C,27.0,10,10,0.634,,,,,,2 Pointers,Playoffs,49.0,104.0,0.471,0.546,-0.074,,,,,,,,,,,,,,,,
1629622,Max Strus,1610612739,CLE,G-F,30.0,18,18,0.534,,,,,,2 Pointers,Playoffs,51.0,103.0,0.495,0.541,-0.046,,,,,,,,,,,,,,,,
1628378,Donovan Mitchell,1610612739,CLE,G,29.0,18,18,0.593,,,,,,2 Pointers,Playoffs,48.0,102.0,0.471,0.529,-0.058,,,,,,,,,,,,,,,,
202699,Tobias Harris,1610612765,DET,F,33.0,14,14,0.575,,,,,,2 Pointers,Playoffs,53.0,100.0,0.53,0.551,-0.021,,,,,,,,,,,,,,,,
1630595,Cade Cunningham,1610612765,DET,G,24.0,14,14,0.49,,,,,,2 Pointers,Playoffs,54.0,99.0,0.545,0.551,-0.006,,,,,,,,,,,,,,,,
1628392,Isaiah Hartenstein,1610612760,OKC,C-F,28.0,15,15,0.658,,,,,,2 Pointers,Playoffs,48.0,98.0,0.49,0.581,-0.091,,,,,,,,,,,,,,,,
1628973,Jalen Brunson,1610612752,NYK,G,29.0,19,19,0.463,,,,,,2 Pointers,Playoffs,65.0,95.0,0.684,0.542,0.143,,,,,,,,,,,,,,,,
1630183,Jaden McDaniels,1610612750,MIN,F,25.0,12,12,0.583,,,,,,2 Pointers,Playoffs,47.0,91.0,0.516,0.547,-0.031,,,,,,,,,,,,,,,,
1628969,Mikal Bridges,1610612752,NYK,G-F,29.0,19,19,0.527,,,,,,2 Pointers,Playoffs,41.0,88.0,0.466,0.548,-0.082,,,,,,,,,,,,,,,,
203944,Julius Randle,1610612750,MIN,F-C,31.0,12,12,0.723,,,,,,2 Pointers,Playoffs,47.0,86.0,0.547,0.566,-0.019,,,,,,,,,,,,,,,,
1629060,Rui Hachimura,1610612747,LAL,F,28.0,10,10,0.632,,,,,,2 Pointers,Playoffs,47.0,84.0,0.56,0.551,0.008,,,,,,,,,,,,,,,,
1628976,Wendell Carter Jr.,1610612753,ORL,C-F,27.0,7,7,0.82,,,,,,2 Pointers,Playoffs,42.0,82.0,0.512,0.555,-0.043,,,,,,,,,,,,,,,,
1629640,Keldon Johnson,1610612759,SAS,F-G,26.0,23,21,0.6,,,,,,2 Pointers,Playoffs,44.0,81.0,0.543,0.554,-0.01,,,,,,,,,,,,,,,,
203999,Nikola Jokić,1610612743,DEN,C,31.0,6,6,0.762,,,,,,2 Pointers,Playoffs,45.0,80.0,0.563,0.565,-0.003,,,,,,,,,,,,,,,,
1629731,Dean Wade,1610612739,CLE,F-C,29.0,18,18,0.624,,,,,,2 Pointers,Playoffs,48.0,78.0,0.615,0.544,0.072,,,,,,,,,,,,,,,,
1628983,Shai Gilgeous-Alexander,1610612760,OKC,G,27.0,15,15,0.497,,,,,,2 Pointers,Playoffs,37.0,77.0,0.481,0.562,-0.082,,,,,,,,,,,,,,,,
1641717,Cason Wallace,1610612760,OKC,G,22.0,15,15,0.524,,,,,,2 Pointers,Playoffs,45.0,76.0,0.592,0.556,0.036,,,,,,,,,,,,,,,,
1630578,Alperen Sengun,1610612745,HOU,C,23.0,6,6,0.826,,,,,,2 Pointers,Playoffs,40.0,76.0,0.526,0.61,-0.083,,,,,,,,,,,,,,,,
202331,Paul George,1610612755,PHI,F,36.0,11,11,0.493,,,,,,2 Pointers,Playoffs,39.0,75.0,0.52,0.552,-0.032,,,,,,,,,,,,,,,,
1641709,Ausar Thompson,1610612765,DET,G-F,23.0,14,14,0.551,,,,,,2 Pointers,Playoffs,31.0,75.0,0.413,0.557,-0.144,,,,,,,,,,,,,,,,
1629011,Mitchell Robinson,1610612752,NYK,C-F,28.0,18,18,0.61,,,,,,2 Pointers,Playoffs,33.0,72.0,0.458,0.557,-0.098,,,,,,,,,,,,,,,,
1642845,VJ Edgecombe,1610612755,PHI,G,20.0,11,11,0.518,,,,,,2 Pointers,Playoffs,36.0,71.0,0.507,0.537,-0.03,,,,,,,,,,,,,,,,
1629674,Neemias Queta,1610612738,BOS,C,26.0,7,7,0.763,,,,,,2 Pointers,Playoffs,34.0,71.0,0.479,0.534,-0.055,,,,,,,,,,,,,,,,
1630540,Miles McBride,1610612752,NYK,G,25.0,19,19,0.603,,,,,,2 Pointers,Playoffs,45.0,70.0,0.643,0.549,0.094,,,,,,,,,,,,,,,,
1630162,Anthony Edwards,1610612750,MIN,G,24.0,10,10,0.636,,,,,,2 Pointers,Playoffs,38.0,70.0,0.543,0.551,-0.008,,,,,,,,,,,,,,,,
1631119,Jaylin Williams,1610612760,OKC,F,24.0,15,15,0.617,,,,,,2 Pointers,Playoffs,32.0,66.0,0.485,0.559,-0.074,,,,,,,,,,,,,,,,
1630241,Sam Merrill,1610612739,CLE,G,30.0,17,17,0.569,,,,,,2 Pointers,Playoffs,35.0,66.0,0.53,0.531,0.0,,,,,,,,,,,,,,,,
1627936,Alex Caruso,1610612760,OKC,G,32.0,15,15,0.524,,,,,,2 Pointers,Playoffs,34.0,65.0,0.523,0.564,-0.041,,,,,,,,,,,,,,,,
1628379,Luke Kennard,1610612747,LAL,G,30.0,10,10,0.593,,,,,,2 Pointers,Playoffs,39.0,64.0,0.609,0.554,0.055,,,,,,,,,,,,,,,,
1626162,Kelly Oubre Jr.,1610612755,PHI,F-G,30.0,11,11,0.529,,,,,,2 Pointers,Playoffs,45.0,64.0,0.703,0.551,0.152,,,,,,,,,,,,,,,,
1642349,Ajay Mitchell,1610612760,OKC,G,24.0,11,11,0.618,,,,,,2 Pointers,Playoffs,28.0,63.0,0.444,0.536,-0.091,,,,,,,,,,,,,,,,
203954,Joel Embiid,1610612755,PHI,C-F,32.0,7,7,0.63,,,,,,2 Pointers,Playoffs,41.0,63.0,0.651,0.584,0.066,,,,,,,,,,,,,,,,
1630245,Ayo Dosunmu,1610612750,MIN,G,26.0,10,10,0.618,,,,,,2 Pointers,Playoffs,28.0,63.0,0.444,0.546,-0.101,,,,,,,,,,,,,,,,
1629675,Naz Reid,1610612750,MIN,C-F,26.0,12,12,0.541,,,,,,2 Pointers,Playoffs,37.0,60.0,0.617,0.576,0.041,,,,,,,,,,,,,,,,
1630191,Isaiah Stewart,1610612765,DET,F-C,25.0,14,14,0.789,,,,,,2 Pointers,Playoffs,22.0,60.0,0.367,0.563,-0.197,,,,,,,,,,,,,,,,
1631094,Paolo Banchero,1610612753,ORL,F,23.0,7,7,0.574,,,,,,2 Pointers,Playoffs,28.0,58.0,0.483,0.539,-0.056,,,,,,,,,,,,,,,,
1629638,Nickeil Alexander-Walker,1610612737,ATL,G,27.0,6,6,0.709,,,,,,2 Pointers,Playoffs,32.0,56.0,0.571,0.547,0.024,,,,,,,,,,,,,,,,
1628401,Derrick White,1610612738,BOS,G,31.0,7,7,0.535,,,,,,2 Pointers,Playoffs,26.0,54.0,0.481,0.519,-0.038,,,,,,,,,,,,,,,,
1630178,Tyrese Maxey,1610612755,PHI,G,25.0,11,11,0.457,,,,,,2 Pointers,Playoffs,27.0,53.0,0.509,0.539,-0.03,,,,,,,,,,,,,,,,
1630559,Austin Reaves,1610612747,LAL,G,28.0,6,6,0.697,,,,,,2 Pointers,Playoffs,31.0,53.0,0.585,0.565,0.02,,,,,,,,,,,,,,,,
1629628,RJ Barrett,1610612761,TOR,F-G,26.0,7,7,0.525,,,,,,2 Pointers,Playoffs,32.0,53.0,0.604,0.567,0.037,,,,,,,,,,,,,,,,
1642450,Daniss Jenkins,1610612765,DET,G,24.0,13,13,0.582,,,,,,2 Pointers,Playoffs,32.0,53.0,0.604,0.544,0.059,,,,,,,,,,,,,,,,
1629130,Duncan Robinson,1610612765,DET,F,32.0,13,13,0.495,,,,,,2 Pointers,Playoffs,32.0,53.0,0.604,0.554,0.05,,,,,,,,,,,,,,,,
1629637,Jaxson Hayes,1610612747,LAL,C-F,26.0,10,10,0.732,,,,,,2 Pointers,Playoffs,21.0,52.0,0.404,0.545,-0.141,,,,,,,,,,,,,,,,
1629652,Luguentz Dort,1610612760,OKC,G,27.0,15,15,0.536,,,,,,2 Pointers,Playoffs,39.0,52.0,0.75,0.562,0.188,,,,,,,,,,,,,,,,
1629013,Landry Shamet,1610612752,NYK,G,29.0,17,16,0.547,,,,,,2 Pointers,Playoffs,21.0,52.0,0.404,0.547,-0.143,,,,,,,,,,,,,,,,
203935,Marcus Smart,1610612747,LAL,G,32.0,10,10,0.526,,,,,,2 Pointers,Playoffs,26.0,51.0,0.51,0.541,-0.031,,,,,,,,,,,,,,,,
202696,Nikola Vučević,1610612738,BOS,C,35.0,6,6,0.794,,,,,,2 Pointers,Playoffs,26.0,50.0,0.52,0.535,-0.015,,,,,,,,,,,,,,,,
1642281,Jaylon Tyson,1610612739,CLE,G-F,23.0,16,14,0.725,,,,,,2 Pointers,Playoffs,27.0,50.0,0.54,0.547,-0.007,,,,,,,,,,,,,,,,
1627751,Jakob Poeltl,1610612761,TOR,C,30.0,7,7,0.714,,,,,,2 Pointers,Playoffs,27.0,50.0,0.54,0.607,-0.067,,,,,,,,,,,,,,,,
1627750,Jamal Murray,1610612743,DEN,G,29.0,6,6,0.625,,,,,,2 Pointers,Playoffs,29.0,50.0,0.58,0.543,0.037,,,,,,,,,,,,,,,,
1630591,Jalen Suggs,1610612753,ORL,G,25.0,7,7,0.636,,,,,,2 Pointers,Playoffs,29.0,49.0,0.592,0.538,0.053,,,,,,,,,,,,,,,,
1642867,Collin Murray-Boyles,1610612761,TOR,F,21.0,7,7,0.605,,,,,,2 Pointers,Playoffs,32.0,49.0,0.653,0.597,0.056,,,,,,,,,,,,,,,,
1631106,Tari Eason,1610612745,HOU,F,25.0,6,6,0.746,,,,,,2 Pointers,Playoffs,20.0,47.0,0.426,0.58,-0.154,,,,,,,,,,,,,,,,
1630166,Deni Avdija,1610612757,POR,F,25.0,5,5,0.825,,,,,,2 Pointers,Playoffs,22.0,47.0,0.468,0.553,-0.085,,,,,,,,,,,,,,,,
1631095,Jabari Smith Jr.,1610612745,HOU,F,23.0,6,6,0.648,,,,,,2 Pointers,Playoffs,21.0,46.0,0.457,0.575,-0.118,,,,,,,,,,,,,,,,
1630567,Scottie Barnes,1610612761,TOR,F-G,24.0,7,7,0.535,,,,,,2 Pointers,Playoffs,29.0,46.0,0.63,0.562,0.068,,,,,,,,,,,,,,,,
1642868,Carter Bryant,1610612759,SAS,F,20.0,20,18,0.549,,,,,,2 Pointers,Playoffs,21.0,45.0,0.467,0.546,-0.079,,,,,,,,,,,,,,,,
203471,Dennis Schröder,1610612739,CLE,G,32.0,17,15,0.6,,,,,,2 Pointers,Playoffs,22.0,45.0,0.489,0.518,-0.029,,,,,,,,,,,,,,,,
1630552,Jalen Johnson,1610612737,ATL,F,24.0,6,6,0.642,,,,,,2 Pointers,Playoffs,24.0,43.0,0.558,0.562,-0.004,,,,,,,,,,,,,,,,
1627747,Caris LeVert,1610612765,DET,G,31.0,12,10,0.694,,,,,,2 Pointers,Playoffs,18.0,43.0,0.419,0.531,-0.112,,,,,,,,,,,,,,,,
1630168,Onyeka Okongwu,1610612737,ATL,F-C,25.0,6,6,0.667,,,,,,2 Pointers,Playoffs,27.0,42.0,0.643,0.566,0.077,,,,,,,,,,,,,,,,
1642266,Ja'Kobe Walter,1610612761,TOR,G,21.0,7,7,0.545,,,,,,2 Pointers,Playoffs,26.0,42.0,0.619,0.564,0.055,,,,,,,,,,,,,,,,
1629661,Cameron Johnson,1610612743,DEN,F,30.0,6,6,0.667,,,,,,2 Pointers,Playoffs,19.0,42.0,0.452,0.547,-0.095,,,,,,,,,,,,,,,,
203468,CJ McCollum,1610612737,ATL,G,34.0,6,6,0.494,,,,,,2 Pointers,Playoffs,17.0,40.0,0.425,0.538,-0.113,,,,,,,,,,,,,,,,
2544,LeBron James,1610612747,LAL,F,41.0,10,10,0.533,,,,,,2 Pointers,Playoffs,22.0,40.0,0.55,0.565,-0.015,,,,,,,,,,,,,,,,
1630545,Terrence Shannon Jr,1610612750,MIN,G-F,25.0,9,9,0.588,,,,,,2 Pointers,Playoffs,26.0,40.0,0.65,0.567,0.083,,,,,,,,,,,,,,,,
1642270,Donovan Clingan,1610612757,POR,C,22.0,5,5,0.609,,,,,,2 Pointers,Playoffs,21.0,39.0,0.538,0.567,-0.028,,,,,,,,,,,,,,,,
1642461,Spencer Jones,1610612743,DEN,F,25.0,6,5,0.672,,,,,,2 Pointers,Playoffs,17.0,39.0,0.436,0.545,-0.109,,,,,,,,,,,,,,,,
1627759,Jaylen Brown,1610612738,BOS,G-F,29.0,7,7,0.644,,,,,,2 Pointers,Playoffs,19.0,38.0,0.5,0.511,-0.011,,,,,,,,,,,,,,,,
203083,Andre Drummond,1610612755,PHI,C,32.0,11,10,0.576,,,,,,2 Pointers,Playoffs,24.0,38.0,0.632,0.569,0.063,,,,,,,,,,,,,,,,
1630700,Dyson Daniels,1610612737,ATL,G,23.0,6,6,0.673,,,,,,2 Pointers,Playoffs,23.0,37.0,0.622,0.545,0.076,,,,,,,,,,,,,,,,
1641739,Toumani Camara,1610612757,POR,F,26.0,5,5,0.578,,,,,,2 Pointers,Playoffs,17.0,37.0,0.459,0.565,-0.105,,,,,,,,,,,,,,,,
1641708,Amen Thompson,1610612745,HOU,G-F,23.0,6,6,0.569,,,,,,2 Pointers,Playoffs,20.0,37.0,0.541,0.591,-0.051,,,,,,,,,,,,,,,,
201144,Mike Conley,1610612750,MIN,G,38.0,11,11,0.667,,,,,,2 Pointers,Playoffs,24.0,36.0,0.667,0.546,0.121,,,,,,,,,,,,,,,,
1631222,Jake LaRavia,1610612747,LAL,F,24.0,8,8,0.648,,,,,,2 Pointers,Playoffs,20.0,35.0,0.571,0.525,0.046,,,,,,,,,,,,,,,,
1630573,Sam Hauser,1610612738,BOS,F,28.0,7,7,0.636,,,,,,2 Pointers,Playoffs,22.0,35.0,0.629,0.532,0.096,,,,,,,,,,,,,,,,
1629656,Quentin Grimes,1610612755,PHI,G,26.0,11,11,0.507,,,,,,2 Pointers,Playoffs,17.0,34.0,0.5,0.543,-0.043,,,,,,,,,,,,,,,,
1629048,Goga Bitadze,1610612753,ORL,C-F,26.0,6,6,0.791,,,,,,2 Pointers,Playoffs,15.0,34.0,0.441,0.525,-0.084,,,,,,,,,,,,,,,,
1642263,Reed Sheppard,1610612745,HOU,G,22.0,6,6,0.569,,,,,,2 Pointers,Playoffs,18.0,33.0,0.545,0.558,-0.013,,,,,,,,,,,,,,,,
1641710,Anthony Black,1610612753,ORL,G,22.0,7,7,0.524,,,,,,2 Pointers,Playoffs,14.0,33.0,0.424,0.517,-0.092,,,,,,,,,,,,,,,,
1631128,Christian Braun,1610612743,DEN,G,25.0,6,6,0.647,,,,,,2 Pointers,Playoffs,14.0,33.0,0.424,0.537,-0.113,,,,,,,,,,,,,,,,
1642345,Oso Ighodaro,1610612756,PHX,F,23.0,4,4,0.647,,,,,,2 Pointers,Playoffs,21.0,33.0,0.636,0.594,0.042,,,,,,,,,,,,,,,,
1630194,Paul Reed,1610612765,DET,F,27.0,8,8,0.744,,,,,,2 Pointers,Playoffs,15.0,32.0,0.469,0.594,-0.125,,,,,,,,,,,,,,,,
1628415,Dillon Brooks,1610612756,PHX,G-F,30.0,4,4,0.542,,,,,,2 Pointers,Playoffs,17.0,32.0,0.531,0.566,-0.034,,,,,,,,,,,,,,,,
203932,Aaron Gordon,1610612743,DEN,F,30.0,3,3,0.744,,,,,,2 Pointers,Playoffs,15.0,32.0,0.469,0.548,-0.08,,,,,,,,,,,,,,,,
1629057,Robert Williams III,1610612757,POR,C-F,28.0,5,5,0.554,,,,,,2 Pointers,Playoffs,13.0,31.0,0.419,0.566,-0.146,,,,,,,,,,,,,,,,
201950,Jrue Holiday,1610612757,POR,G,36.0,5,5,0.556,,,,,,2 Pointers,Playoffs,15.0,30.0,0.5,0.554,-0.054,,,,,,,,,,,,,,,,
1630217,Desmond Bane,1610612753,ORL,G,28.0,7,7,0.6,,,,,,2 Pointers,Playoffs,15.0,30.0,0.5,0.534,-0.034,,,,,,,,,,,,,,,,
1631221,Collin Gillespie,1610612756,PHX,G,27.0,4,4,0.612,,,,,,2 Pointers,Playoffs,18.0,30.0,0.6,0.563,0.037,,,,,,,,,,,,,,,,
1630574,Ariel Hukporti,1610612752,NYK,C,24.0,9,9,0.69,,,,,,2 Pointers,Playoffs,13.0,29.0,0.448,0.556,-0.108,,,,,,,,,,,,,,,,
1641737,Adem Bona,1610612755,PHI,F,23.0,8,7,0.571,,,,,,2 Pointers,Playoffs,13.0,28.0,0.464,0.551,-0.086,,,,,,,,,,,,,,,,
1642272,Jared McCain,1610612760,OKC,G,22.0,13,11,0.412,,,,,,2 Pointers,Playoffs,17.0,28.0,0.607,0.553,0.054,,,,,,,,,,,,,,,,
203924,Jerami Grant,1610612757,POR,F,32.0,5,5,0.778,,,,,,2 Pointers,Playoffs,19.0,28.0,0.679,0.554,0.124,,,,,,,,,,,,,,,,
1631288,Jamal Cain,1610612753,ORL,F,27.0,7,7,0.667,,,,,,2 Pointers,Playoffs,13.0,28.0,0.464,0.528,-0.063,,,,,,,,,,,,,,,,
1626164,Devin Booker,1610612756,PHX,G,29.0,4,4,0.583,,,,,,2 Pointers,Playoffs,20.0,28.0,0.714,0.584,0.13,,,,,,,,,,,,,,,,
1630224,Jalen Green,1610612756,PHX,G,24.0,4,4,0.614,,,,,,2 Pointers,Playoffs,17.0,27.0,0.63,0.578,0.052,,,,,,,,,,,,,,,,
1630202,Payton Pritchard,1610612738,BOS,G,28.0,7,7,0.5,,,,,,2 Pointers,Playoffs,12.0,26.0,0.462,0.515,-0.054,,,,,,,,,,,,,,,,
1630228,Jonathan Kuminga,1610612737,ATL,F,23.0,6,6,0.542,,,,,,2 Pointers,Playoffs,14.0,26.0,0.538,0.574,-0.036,,,,,,,,,,,,,,,,
1628369,Jayson Tatum,1610612738,BOS,F-G,28.0,6,5,0.41,,,,,,2 Pointers,Playoffs,10.0,25.0,0.4,0.527,-0.127,,,,,,,,,,,,,,,,
1631230,Dominick Barlow,1610612755,PHI,F,23.0,8,7,0.51,,,,,,2 Pointers,Playoffs,13.0,25.0,0.52,0.541,-0.021,,,,,,,,,,,,,,,,
1629216,Gabe Vincent,1610612737,ATL,G,30.0,6,6,0.658,,,,,,2 Pointers,Playoffs,14.0,25.0,0.56,0.561,-0.001,,,,,,,,,,,,,,,,
1630198,Isaiah Joe,1610612760,OKC,G,26.0,10,10,0.558,,,,,,2 Pointers,Playoffs,11.0,24.0,0.458,0.562,-0.104,,,,,,,,,,,,,,,,
1629750,Javonte Green,1610612765,DET,G,32.0,11,8,0.535,,,,,,2 Pointers,Playoffs,11.0,23.0,0.478,0.526,-0.048,,,,,,,,,,,,,,,,
1628971,Bruce Brown,1610612743,DEN,G-F,29.0,6,6,0.595,,,,,,2 Pointers,Playoffs,17.0,22.0,0.773,0.558,0.215,,,,,,,,,,,,,,,,
1627742,Brandon Ingram,1610612761,TOR,F,28.0,5,5,0.524,,,,,,2 Pointers,Playoffs,8.0,22.0,0.364,0.566,-0.203,,,,,,,,,,,,,,,,
1630568,Luka Garza,1610612738,BOS,C,27.0,5,5,0.6,,,,,,2 Pointers,Playoffs,12.0,21.0,0.571,0.549,0.022,,,,,,,,,,,,,,,,
1630532,Franz Wagner,1610612753,ORL,F,24.0,4,4,0.488,,,,,,2 Pointers,Playoffs,10.0,21.0,0.476,0.53,-0.054,,,,,,,,,,,,,,,,
1641783,Tristan da Silva,1610612753,ORL,F,25.0,7,6,0.636,,,,,,2 Pointers,Playoffs,12.0,21.0,0.571,0.499,0.072,,,,,,,,,,,,,,,,
203501,Tim Hardaway Jr.,1610612743,DEN,G-F,34.0,6,6,0.457,,,,,,2 Pointers,Playoffs,13.0,21.0,0.619,0.546,0.073,,,,,,,,,,,,,,,,
1630631,Jose Alvarado,1610612752,NYK,G,28.0,16,13,0.5,,,,,,2 Pointers,Playoffs,7.0,20.0,0.35,0.532,-0.182,,,,,,,,,,,,,,,,
1628418,Thomas Bryant,1610612739,CLE,C-F,28.0,8,7,0.8,,,,,,2 Pointers,Playoffs,13.0,20.0,0.65,0.553,0.097,,,,,,,,,,,,,,,,
1630538,Bones Hyland,1610612750,MIN,G,25.0,10,10,0.606,,,,,,2 Pointers,Playoffs,13.0,20.0,0.65,0.558,0.092,,,,,,,,,,,,,,,,
1631114,Jalen Williams,1610612760,OKC,G-F,25.0,5,4,0.645,,,,,,2 Pointers,Playoffs,11.0,20.0,0.55,0.541,0.009,,,,,,,,,,,,,,,,
1641775,Jordan Walsh,1610612738,BOS,G,22.0,7,6,0.655,,,,,,2 Pointers,Playoffs,8.0,19.0,0.421,0.523,-0.102,,,,,,,,,,,,,,,,
1642347,Jamal Shead,1610612761,TOR,G,23.0,7,7,0.317,,,,,,2 Pointers,Playoffs,10.0,19.0,0.526,0.545,-0.019,,,,,,,,,,,,,,,,
1629026,Kenrich Williams,1610612760,OKC,G-F,31.0,8,8,0.75,,,,,,2 Pointers,Playoffs,9.0,18.0,0.5,0.582,-0.082,,,,,,,,,,,,,,,,
1631101,Shaedon Sharpe,1610612757,POR,G,23.0,5,4,0.85,,,,,,2 Pointers,Playoffs,8.0,17.0,0.471,0.555,-0.084,,,,,,,,,,,,,,,,
1628988,Aaron Holiday,1610612745,HOU,G,29.0,6,6,0.739,,,,,,2 Pointers,Playoffs,8.0,17.0,0.471,0.575,-0.105,,,,,,,,,,,,,,,,
1630703,Scoot Henderson,1610612757,POR,G,22.0,5,5,0.472,,,,,,2 Pointers,Playoffs,11.0,17.0,0.647,0.567,0.08,,,,,,,,,,,,,,,,
1630598,Aaron Wiggins,1610612760,OKC,G,27.0,9,6,0.533,,,,,,2 Pointers,Playoffs,9.0,16.0,0.563,0.562,0.001,,,,,,,,,,,,,,,,
1631248,Baylor Scheierman,1610612738,BOS,G,25.0,6,6,0.667,,,,,,2 Pointers,Playoffs,8.0,16.0,0.5,0.507,-0.007,,,,,,,,,,,,,,,,
1642348,Justin Edwards,1610612755,PHI,F,22.0,8,5,0.349,,,,,,2 Pointers,Playoffs,11.0,15.0,0.733,0.528,0.206,,,,,,,,,,,,,,,,
203903,Jordan Clarkson,1610612752,NYK,G,34.0,16,11,0.385,,,,,,2 Pointers,Playoffs,11.0,15.0,0.733,0.549,0.185,,,,,,,,,,,,,,,,
1629006,Josh Okogie,1610612745,HOU,G,27.0,6,6,0.625,,,,,,2 Pointers,Playoffs,12.0,15.0,0.8,0.589,0.211,,,,,,,,,,,,,,,,
203084,Harrison Barnes,1610612759,SAS,F,34.0,15,12,0.385,,,,,,2 Pointers,Playoffs,6.0,15.0,0.4,0.533,-0.133,,,,,,,,,,,,,,,,
1642419,Jamison Battle,1610612761,TOR,F,25.0,5,4,0.556,,,,,,2 Pointers,Playoffs,6.0,15.0,0.4,0.537,-0.137,,,,,,,,,,,,,,,,
1630557,Corey Kispert,1610612737,ATL,F,27.0,5,4,0.636,,,,,,2 Pointers,Playoffs,10.0,14.0,0.714,0.543,0.172,,,,,,,,,,,,,,,,
1630572,Sandro Mamukelashvili,1610612761,TOR,F-C,27.0,7,6,0.424,,,,,,2 Pointers,Playoffs,10.0,14.0,0.714,0.586,0.129,,,,,,,,,,,,,,,,
1627827,Dorian Finney-Smith,1610612745,HOU,F,33.0,4,4,0.542,,,,,,2 Pointers,Playoffs,9.0,13.0,0.692,0.574,0.118,,,,,,,,,,,,,,,,
1641842,Ronald Holland II,1610612765,DET,F,20.0,6,6,0.5,,,,,,2 Pointers,Playoffs,5.0,12.0,0.417,0.55,-0.133,,,,,,,,,,,,,,,,
202685,Jonas Valanciunas,1610612743,DEN,C,34.0,4,4,0.6,,,,,,2 Pointers,Playoffs,5.0,12.0,0.417,0.574,-0.157,,,,,,,,,,,,,,,,
1642863,Khaman Maluach,1610612756,PHX,C,19.0,4,4,0.5,,,,,,2 Pointers,Playoffs,7.0,12.0,0.583,0.568,0.015,,,,,,,,,,,,,,,,
1628396,Tony Bradley,1610612737,ATL,C-F,28.0,4,4,0.786,,,,,,2 Pointers,Playoffs,3.0,11.0,0.273,0.578,-0.306,,,,,,,,,,,,,,,,
1631165,Keon Ellis,1610612739,CLE,G,26.0,7,6,0.524,,,,,,2 Pointers,Playoffs,6.0,11.0,0.545,0.551,-0.006,,,,,,,,,,,,,,,,
1631243,Mouhamed Gueye,1610612737,ATL,F,23.0,4,4,0.692,,,,,,2 Pointers,Playoffs,5.0,9.0,0.556,0.539,0.017,,,,,,,,,,,,,,,,
1642278,Tyler Kolek,1610612752,NYK,G,25.0,6,5,0.474,,,,,,2 Pointers,Playoffs,5.0,9.0,0.556,0.528,0.028,,,,,,,,,,,,,,,,
1629020,Jarred Vanderbilt,1610612747,LAL,F,27.0,7,4,0.429,,,,,,2 Pointers,Playoffs,5.0,9.0,0.556,0.556,-0.001,,,,,,,,,,,,,,,,
1641740,Jaylen Clark,1610612750,MIN,G,24.0,5,3,0.75,,,,,,2 Pointers,Playoffs,4.0,9.0,0.444,0.533,-0.089,,,,,,,,,,,,,,,,
203937,Kyle Anderson,1610612750,MIN,F-G,32.0,6,4,0.429,,,,,,2 Pointers,Playoffs,4.0,9.0,0.444,0.605,-0.161,,,,,,,,,,,,,,,,
203486,Mason Plumlee,1610612759,SAS,F-C,36.0,5,5,0.563,,,,,,2 Pointers,Playoffs,3.0,9.0,0.333,0.554,-0.221,,,,,,,,,,,,,,,,
1628978,Donte DiVincenzo,1610612750,MIN,G,29.0,3,3,0.429,,,,,,2 Pointers,Playoffs,7.0,9.0,0.778,0.582,0.196,,,,,,,,,,,,,,,,
1642258,Zaccharie Risacher,1610612737,ATL,F,21.0,3,3,0.889,,,,,,2 Pointers,Playoffs,7.0,8.0,0.875,0.556,0.319,,,,,,,,,,,,,,,,
203991,Clint Capela,1610612745,HOU,C,32.0,4,4,0.667,,,,,,2 Pointers,Playoffs,4.0,8.0,0.5,0.594,-0.094,,,,,,,,,,,,,,,,
1628989,Kevin Huerter,1610612765,DET,G-F,27.0,5,3,0.615,,,,,,2 Pointers,Playoffs,4.0,8.0,0.5,0.516,-0.016,,,,,,,,,,,,,,,,
203482,Kelly Olynyk,1610612759,SAS,F-C,35.0,8,4,0.444,,,,,,2 Pointers,Playoffs,6.0,8.0,0.75,0.56,0.19,,,,,,,,,,,,,,,,
1626220,Royce O'Neale,1610612756,PHX,F,33.0,4,3,0.25,,,,,,2 Pointers,Playoffs,2.0,8.0,0.25,0.563,-0.313,,,,,,,,,,,,,,,,
1631207,Dalen Terry,1610612755,PHI,F,23.0,6,4,0.5,,,,,,2 Pointers,Playoffs,4.0,7.0,0.571,0.547,0.024,,,,,,,,,,,,,,,,
1629680,Matisse Thybulle,1610612757,POR,G-F,29.0,4,3,0.538,,,,,,2 Pointers,Playoffs,4.0,7.0,0.571,0.57,0.002,,,,,,,,,,,,,,,,
1642359,Pacôme Dadiet,1610612752,NYK,F,20.0,6,3,0.438,,,,,,2 Pointers,Playoffs,5.0,7.0,0.714,0.491,0.223,,,,,,,,,,,,,,,,
1629162,Jordan McLaughlin,1610612759,SAS,G,30.0,7,5,0.5,,,,,,2 Pointers,Playoffs,5.0,7.0,0.714,0.555,0.159,,,,,,,,,,,,,,,,
1628960,Grayson Allen,1610612756,PHX,G,30.0,2,2,0.412,,,,,,2 Pointers,Playoffs,4.0,7.0,0.571,0.541,0.031,,,,,,,,,,,,,,,,
1642346,Ryan Dunn,1610612756,PHX,F,23.0,1,1,0.778,,,,,,2 Pointers,Playoffs,4.0,7.0,0.571,0.549,0.022,,,,,,,,,,,,,,,,
201142,Kevin Durant,1610612745,HOU,F,37.0,1,1,0.636,,,,,,2 Pointers,Playoffs,3.0,7.0,0.429,0.56,-0.131,,,,,,,,,,,,,,,,
1630570,Trendon Watford,1610612755,PHI,G-F,25.0,5,4,0.4,,,,,,2 Pointers,Playoffs,2.0,6.0,0.333,0.498,-0.164,,,,,,,,,,,,,,,,
1631200,Kris Murray,1610612757,POR,F,25.0,3,3,0.75,,,,,,2 Pointers,Playoffs,4.0,6.0,0.667,0.555,0.112,,,,,,,,,,,,,,,,
1631204,Marcus Sasser,1610612765,DET,G,25.0,5,3,0.316,,,,,,2 Pointers,Playoffs,1.0,6.0,0.167,0.558,-0.392,,,,,,,,,,,,,,,,
1641763,Julian Phillips,1610612750,MIN,F,22.0,4,3,0.6,,,,,,2 Pointers,Playoffs,5.0,6.0,0.833,0.648,0.185,,,,,,,,,,,,,,,,
1629312,Haywood Highsmith,1610612756,PHX,F,29.0,2,2,0.857,,,,,,2 Pointers,Playoffs,2.0,6.0,0.333,0.555,-0.221,,,,,,,,,,,,,,,,
1642876,Adou Thiero,1610612747,LAL,G,22.0,5,3,0.462,,,,,,2 Pointers,Playoffs,3.0,6.0,0.5,0.537,-0.037,,,,,,,,,,,,,,,,
1642864,Hugo González,1610612738,BOS,G,20.0,4,3,0.625,,,,,,2 Pointers,Playoffs,2.0,5.0,0.4,0.55,-0.15,,,,,,,,,,,,,,,,
1642355,Bronny James,1610612747,LAL,G,21.0,6,3,0.333,,,,,,2 Pointers,Playoffs,3.0,5.0,0.6,0.538,0.062,,,,,,,,,,,,,,,,
1631133,Jabari Walker,1610612755,PHI,F,23.0,5,4,0.5,,,,,,2 Pointers,Playoffs,4.0,5.0,0.8,0.538,0.262,,,,,,,,,,,,,,,,
202687,Bismack Biyombo,1610612759,SAS,C,33.0,5,4,0.5,,,,,,2 Pointers,Playoffs,2.0,5.0,0.4,0.584,-0.184,,,,,,,,,,,,,,,,
1642866,Joan Beringer,1610612750,MIN,F,19.0,4,2,0.556,,,,,,2 Pointers,Playoffs,2.0,5.0,0.4,0.569,-0.169,,,,,,,,,,,,,,,,
1626145,Tyus Jones,1610612743,DEN,G,30.0,3,3,0.556,,,,,,2 Pointers,Playoffs,4.0,5.0,0.8,0.503,0.297,,,,,,,,,,,,,,,,
1641733,Nick Smith Jr.,1610612747,LAL,G,22.0,3,2,0.714,,,,,,2 Pointers,Playoffs,3.0,5.0,0.6,0.513,0.087,,,,,,,,,,,,,,,,
1628467,Maxi Kleber,1610612747,LAL,F,34.0,2,2,0.714,,,,,,2 Pointers,Playoffs,2.0,5.0,0.4,0.519,-0.119,,,,,,,,,,,,,,,,
1642853,Rasheer Fleming,1610612756,PHX,F,21.0,2,2,0.625,,,,,,2 Pointers,Playoffs,2.0,5.0,0.4,0.556,-0.156,,,,,,,,,,,,,,,,
1631199,Ron Harper Jr.,1610612738,BOS,G-F,26.0,3,2,0.5,,,,,,2 Pointers,Playoffs,4.0,4.0,1.0,0.531,0.469,,,,,,,,,,,,,,,,
1630639,A.J. Lawson,1610612761,TOR,G,25.0,3,3,0.571,,,,,,2 Pointers,Playoffs,1.0,4.0,0.25,0.49,-0.24,,,,,,,,,,,,,,,,
1630192,Zeke Nnaji,1610612743,DEN,F-C,25.0,2,1,0.8,,,,,,2 Pointers,Playoffs,2.0,4.0,0.5,0.547,-0.047,,,,,,,,,,,,,,,,
1642885,Mohamed Diawara,1610612752,NYK,F,21.0,5,3,0.429,,,,,,2 Pointers,Playoffs,1.0,3.0,0.333,0.535,-0.202,,,,,,,,,,,,,,,,
1631110,Jeremy Sochan,1610612752,NYK,F,23.0,4,2,0.375,,,,,,2 Pointers,Playoffs,2.0,3.0,0.667,0.553,0.114,,,,,,,,,,,,,,,,
1642260,Nikola Topić,1610612760,OKC,G,20.0,3,2,0.6,,,,,,2 Pointers,Playoffs,2.0,3.0,0.667,0.573,0.094,,,,,,,,,,,,,,,,
1630322,Lindy Waters III,1610612759,SAS,F,28.0,3,2,0.5,,,,,,2 Pointers,Playoffs,1.0,3.0,0.333,0.522,-0.188,,,,,,,,,,,,,,,,
1631124,Julian Strawther,1610612743,DEN,G,24.0,2,2,0.6,,,,,,2 Pointers,Playoffs,3.0,3.0,1.0,0.407,0.593,,,,,,,,,,,,,,,,
204060,Joe Ingles,1610612750,MIN,F-G,38.0,2,2,0.75,,,,,,2 Pointers,Playoffs,3.0,3.0,1.0,0.595,0.405,,,,,,,,,,,,,,,,
1642261,Dalton Knecht,1610612747,LAL,F,25.0,4,3,0.5,,,,,,2 Pointers,Playoffs,2.0,3.0,0.667,0.528,0.139,,,,,,,,,,,,,,,,
1642449,Tolu Smith,1610612765,DET,F,25.0,1,1,0.75,,,,,,2 Pointers,Playoffs,1.0,3.0,0.333,0.63,-0.297,,,,,,,,,,,,,,,,
1630811,Keaton Wallace,1610612737,ATL,G,27.0,2,2,0.6,,,,,,2 Pointers,Playoffs,3.0,3.0,1.0,0.59,0.41,,,,,,,,,,,,,,,,
1642854,Asa Newell,1610612737,ATL,F,20.0,2,1,0.5,,,,,,2 Pointers,Playoffs,0.0,2.0,0.0,0.527,-0.527,,,,,,,,,,,,,,,,
1631321,Sidy Cissoko,1610612757,POR,G,22.0,2,1,0.4,,,,,,2 Pointers,Playoffs,2.0,2.0,1.0,0.545,0.456,,,,,,,,,,,,,,,,
1641747,DaRon Holmes II,1610612743,DEN,F,23.0,1,1,0.5,,,,,,2 Pointers,Playoffs,1.0,2.0,0.5,0.544,-0.044,,,,,,,,,,,,,,,,
1631218,Trayce Jackson-Davis,1610612761,TOR,F,26.0,1,1,1.0,,,,,,2 Pointers,Playoffs,1.0,2.0,0.5,0.577,-0.077,,,,,,,,,,,,,,,,
1642878,Tyrese Proctor,1610612739,CLE,G,22.0,1,1,0.333,,,,,,2 Pointers,Playoffs,2.0,2.0,1.0,0.485,0.515,,,,,,,,,,,,,,,,
1631104,Blake Wesley,1610612757,POR,G,23.0,1,1,1.0,,,,,,2 Pointers,Playoffs,1.0,1.0,1.0,0.444,0.556,,,,,,,,,,,,,,,,
1630256,Jae'Sean Tate,1610612745,HOU,F,30.0,3,1,0.25,,,,,,2 Pointers,Playoffs,0.0,1.0,0.0,0.583,-0.583,,,,,,,,,,,,,,,,
1641780,Johni Broome,1610612755,PHI,F,23.0,1,1,1.0,,,,,,2 Pointers,Playoffs,1.0,1.0,1.0,0.648,0.352,,,,,,,,,,,,,,,,
1642869,Noah Penda,1610612753,ORL,G-F,21.0,1,1,0.5,,,,,,2 Pointers,Playoffs,1.0,1.0,1.0,0.501,0.499,,,,,,,,,,,,,,,,
1628975,Jevon Carter,1610612753,ORL,G,30.0,3,1,0.125,,,,,,2 Pointers,Playoffs,1.0,1.0,1.0,0.501,0.499,,,,,,,,,,,,,,,,
201145,Jeff Green,1610612745,HOU,F,39.0,2,1,0.2,,,,,,2 Pointers,Playoffs,1.0,1.0,1.0,0.573,0.427,,,,,,,,,,,,,,,,
1626204,Larry Nance Jr.,1610612739,CLE,F-C,33.0,1,1,1.0,,,,,,2 Pointers,Playoffs,1.0,1.0,1.0,0.622,0.378,,,,,,,,,,,,,,,,
1642367,Jonathan Mogbo,1610612761,TOR,F,24.0,1,1,1.0,,,,,,2 Pointers,Playoffs,1.0,1.0,1.0,0.634,0.366,,,,,,,,,,,,,,,,
1641772,Nae'Qwan Tomlin,1610612739,CLE,F,25.0,3,1,0.125,,,,,,2 Pointers,Playoffs,0.0,1.0,0.0,0.25,-0.25,,,,,,,,,,,,,,,,
1629618,Jalen Pickett,1610612743,DEN,G,26.0,1,1,0.5,,,,,,2 Pointers,Playoffs,0.0,1.0,0.0,0.66,-0.66,,,,,,,,,,,,,,,,
1642404,Chaz Lanier,1610612765,DET,G,24.0,1,1,0.333,,,,,,2 Pointers,Playoffs,0.0,1.0,0.0,0.506,-0.506,,,,,,,,,,,,,,,,
1630692,Jordan Goodwin,1610612756,PHX,G,27.0,1,1,0.5,,,,,,2 Pointers,Playoffs,0.0,1.0,0.0,0.584,-0.584,,,,,,,,,,,,,,,,
1627741,Buddy Hield,1610612737,ATL,G,33.0,2,1,0.2,,,,,,2 Pointers,Playoffs,0.0,1.0,0.0,0.473,-0.473,,,,,,,,,,,,,,,,
1641854,Craig Porter Jr.,1610612739,CLE,G,26.0,2,1,0.5,,,,,,2 Pointers,Playoffs,0.0,1.0,0.0,0.473,-0.473,,,,,,,,,,,,,,,,
1630249,Vít Krejčí,1610612757,POR,G,26.0,1,1,0.5,,,,,,2 Pointers,Playoffs,1.0,1.0,1.0,0.555,0.445,,,,,,,,,,,,,,,,
1629021,Moritz Wagner,1610612753,ORL,F-C,29.0,1,1,0.5,,,,,,2 Pointers,Playoffs,0.0,1.0,0.0,0.661,-0.661,,,,,,,,,,,,,,,,
1641705,Victor Wembanyama,1610612759,SAS,F-C,22.0,22,22,0.377,,,,,,3 Pointers,Playoffs,,,,,-0.008,52.0,145.0,0.359,0.366,,,,,,,,,,,,
1628368,De'Aaron Fox,1610612759,SAS,G,28.0,21,21,0.47,,,,,,3 Pointers,Playoffs,,,,,-0.039,37.0,111.0,0.333,0.372,,,,,,,,,,,,
1628973,Jalen Brunson,1610612752,NYK,G,29.0,19,19,0.537,,,,,,3 Pointers,Playoffs,,,,,-0.022,37.0,110.0,0.336,0.358,,,,,,,,,,,,
1628384,OG Anunoby,1610612752,NYK,F-G,28.0,17,17,0.468,,,,,,3 Pointers,Playoffs,,,,,-0.059,31.0,104.0,0.298,0.357,,,,,,,,,,,,
1630595,Cade Cunningham,1610612765,DET,G,24.0,14,14,0.51,,,,,,3 Pointers,Playoffs,,,,,-0.048,32.0,103.0,0.311,0.359,,,,,,,,,,,,
1642264,Stephon Castle,1610612759,SAS,G,21.0,23,22,0.358,,,,,,3 Pointers,Playoffs,,,,,-0.051,31.0,100.0,0.31,0.361,,,,,,,,,,,,
1628404,Josh Hart,1610612752,NYK,G,31.0,19,18,0.453,,,,,,3 Pointers,Playoffs,,,,,-0.084,27.0,96.0,0.281,0.365,,,,,,,,,,,,
1630577,Julian Champagnie,1610612759,SAS,F,25.0,23,20,0.371,,,,,,3 Pointers,Playoffs,,,,,0.048,40.0,96.0,0.417,0.369,,,,,,,,,,,,
201935,James Harden,1610612739,CLE,G,36.0,18,18,0.386,,,,,,3 Pointers,Playoffs,,,,,0.024,35.0,90.0,0.389,0.365,,,,,,,,,,,,
1629622,Max Strus,1610612739,CLE,G-F,30.0,18,18,0.466,,,,,,3 Pointers,Playoffs,,,,,0.065,39.0,90.0,0.433,0.369,,,,,,,,,,,,
1626157,Karl-Anthony Towns,1610612752,NYK,C-F,30.0,19,19,0.322,,,,,,3 Pointers,Playoffs,,,,,0.022,32.0,87.0,0.368,0.346,,,,,,,,,,,,
1630170,Devin Vassell,1610612759,SAS,G-F,25.0,23,21,0.32,,,,,,3 Pointers,Playoffs,,,,,-0.098,22.0,81.0,0.272,0.369,,,,,,,,,,,,
1628969,Mikal Bridges,1610612752,NYK,G-F,29.0,19,19,0.473,,,,,,3 Pointers,Playoffs,,,,,-0.057,24.0,79.0,0.304,0.361,,,,,,,,,,,,
1630596,Evan Mobley,1610612739,CLE,C,25.0,18,18,0.274,,,,,,3 Pointers,Playoffs,,,,,0.027,30.0,78.0,0.385,0.358,,,,,,,,,,,,
1628983,Shai Gilgeous-Alexander,1610612760,OKC,G,27.0,15,15,0.503,,,,,,3 Pointers,Playoffs,,,,,-0.086,22.0,78.0,0.282,0.368,,,,,,,,,,,,
202331,Paul George,1610612755,PHI,F,36.0,11,11,0.507,,,,,,3 Pointers,Playoffs,,,,,-0.066,23.0,77.0,0.299,0.364,,,,,,,,,,,,
1642844,Dylan Harper,1610612759,SAS,G,20.0,23,22,0.395,,,,,,3 Pointers,Playoffs,,,,,-0.062,24.0,77.0,0.312,0.374,,,,,,,,,,,,
202699,Tobias Harris,1610612765,DET,F,33.0,14,14,0.425,,,,,,3 Pointers,Playoffs,,,,,0.071,31.0,74.0,0.419,0.348,,,,,,,,,,,,
1631096,Chet Holmgren,1610612760,OKC,C-F,24.0,15,15,0.338,,,,,,3 Pointers,Playoffs,,,,,-0.063,22.0,70.0,0.314,0.377,,,,,,,,,,,,
1628378,Donovan Mitchell,1610612739,CLE,G,29.0,18,18,0.407,,,,,,3 Pointers,Playoffs,,,,,0.016,27.0,70.0,0.386,0.37,,,,,,,,,,,,
1641717,Cason Wallace,1610612760,OKC,G,22.0,15,14,0.476,,,,,,3 Pointers,Playoffs,,,,,0.023,26.0,69.0,0.377,0.354,,,,,,,,,,,,
203497,Rudy Gobert,1610612750,MIN,C,34.0,12,12,0.311,,,,,,3 Pointers,Playoffs,,,,,-0.047,21.0,66.0,0.318,0.365,,,,,,,,,,,,
1642845,VJ Edgecombe,1610612755,PHI,G,20.0,11,11,0.482,,,,,,3 Pointers,Playoffs,,,,,0.003,24.0,66.0,0.364,0.36,,,,,,,,,,,,
1630183,Jaden McDaniels,1610612750,MIN,F,25.0,12,12,0.417,,,,,,3 Pointers,Playoffs,,,,,-0.135,16.0,65.0,0.246,0.381,,,,,,,,,,,,
1630178,Tyrese Maxey,1610612755,PHI,G,25.0,11,11,0.543,,,,,,3 Pointers,Playoffs,,,,,0.01,24.0,63.0,0.381,0.371,,,,,,,,,,,,
1641709,Ausar Thompson,1610612765,DET,G-F,23.0,14,14,0.449,,,,,,3 Pointers,Playoffs,,,,,-0.061,18.0,61.0,0.295,0.356,,,,,,,,,,,,
1629028,Deandre Ayton,1610612747,LAL,C,27.0,10,10,0.366,,,,,,3 Pointers,Playoffs,,,,,-0.032,19.0,60.0,0.317,0.349,,,,,,,,,,,,
1627936,Alex Caruso,1610612760,OKC,G,32.0,15,15,0.476,,,,,,3 Pointers,Playoffs,,,,,0.035,23.0,59.0,0.39,0.355,,,,,,,,,,,,
1626162,Kelly Oubre Jr.,1610612755,PHI,F-G,30.0,11,11,0.471,,,,,,3 Pointers,Playoffs,,,,,0.058,24.0,57.0,0.421,0.363,,,,,,,,,,,,
1629130,Duncan Robinson,1610612765,DET,F,32.0,13,13,0.505,,,,,,3 Pointers,Playoffs,,,,,-0.009,19.0,54.0,0.352,0.361,,,,,,,,,,,,
1629640,Keldon Johnson,1610612759,SAS,F-G,26.0,23,23,0.4,,,,,,3 Pointers,Playoffs,,,,,-0.06,17.0,54.0,0.315,0.375,,,,,,,,,,,,
1628436,Luke Kornet,1610612759,SAS,C-F,30.0,23,20,0.286,,,,,,3 Pointers,Playoffs,,,,,-0.026,18.0,53.0,0.34,0.366,,,,,,,,,,,,
1629675,Naz Reid,1610612750,MIN,C-F,26.0,12,12,0.459,,,,,,3 Pointers,Playoffs,,,,,0.015,20.0,51.0,0.392,0.377,,,,,,,,,,,,
1628392,Isaiah Hartenstein,1610612760,OKC,C-F,28.0,15,15,0.342,,,,,,3 Pointers,Playoffs,,,,,0.078,22.0,51.0,0.431,0.353,,,,,,,,,,,,
1630241,Sam Merrill,1610612739,CLE,G,30.0,17,15,0.431,,,,,,3 Pointers,Playoffs,,,,,0.019,20.0,50.0,0.4,0.381,,,,,,,,,,,,
1628386,Jarrett Allen,1610612739,CLE,C,28.0,18,17,0.206,,,,,,3 Pointers,Playoffs,,,,,-0.048,16.0,49.0,0.327,0.374,,,,,,,,,,,,
1629060,Rui Hachimura,1610612747,LAL,F,28.0,10,10,0.368,,,,,,3 Pointers,Playoffs,,,,,0.011,18.0,49.0,0.367,0.356,,,,,,,,,,,,
1631105,Jalen Duren,1610612765,DET,C,22.0,14,14,0.302,,,,,,3 Pointers,Playoffs,,,,,-0.023,15.0,48.0,0.313,0.335,,,,,,,,,,,,
1629628,RJ Barrett,1610612761,TOR,F-G,26.0,7,7,0.475,,,,,,3 Pointers,Playoffs,,,,,-0.09,13.0,48.0,0.271,0.361,,,,,,,,,,,,
1629731,Dean Wade,1610612739,CLE,F-C,29.0,18,17,0.376,,,,,,3 Pointers,Playoffs,,,,,0.019,18.0,47.0,0.383,0.364,,,,,,,,,,,,
1628401,Derrick White,1610612738,BOS,G,31.0,7,7,0.465,,,,,,3 Pointers,Playoffs,,,,,-0.105,12.0,47.0,0.255,0.36,,,,,,,,,,,,
203935,Marcus Smart,1610612747,LAL,G,32.0,10,10,0.474,,,,,,3 Pointers,Playoffs,,,,,0.07,20.0,46.0,0.435,0.365,,,,,,,,,,,,
1630540,Miles McBride,1610612752,NYK,G,25.0,19,16,0.397,,,,,,3 Pointers,Playoffs,,,,,-0.014,16.0,46.0,0.348,0.361,,,,,,,,,,,,
1629011,Mitchell Robinson,1610612752,NYK,C-F,28.0,18,18,0.39,,,,,,3 Pointers,Playoffs,,,,,-0.059,13.0,46.0,0.283,0.341,,,,,,,,,,,,
1629652,Luguentz Dort,1610612760,OKC,G,27.0,15,14,0.464,,,,,,3 Pointers,Playoffs,,,,,-0.138,10.0,45.0,0.222,0.36,,,,,,,,,,,,
1628379,Luke Kennard,1610612747,LAL,G,30.0,10,10,0.407,,,,,,3 Pointers,Playoffs,,,,,0.016,17.0,44.0,0.386,0.37,,,,,,,,,,,,
1629013,Landry Shamet,1610612752,NYK,G,29.0,17,16,0.453,,,,,,3 Pointers,Playoffs,,,,,-0.055,13.0,43.0,0.302,0.358,,,,,,,,,,,,
1631094,Paolo Banchero,1610612753,ORL,F,23.0,7,7,0.426,,,,,,3 Pointers,Playoffs,,,,,-0.13,10.0,43.0,0.233,0.363,,,,,,,,,,,,
1631119,Jaylin Williams,1610612760,OKC,F,24.0,15,14,0.383,,,,,,3 Pointers,Playoffs,,,,,0.027,16.0,41.0,0.39,0.363,,,,,,,,,,,,
1642347,Jamal Shead,1610612761,TOR,G,23.0,7,7,0.683,,,,,,3 Pointers,Playoffs,,,,,0.041,17.0,41.0,0.415,0.374,,,,,,,,,,,,
203468,CJ McCollum,1610612737,ATL,G,34.0,6,6,0.506,,,,,,3 Pointers,Playoffs,,,,,-0.01,15.0,41.0,0.366,0.375,,,,,,,,,,,,
1630162,Anthony Edwards,1610612750,MIN,G,24.0,10,10,0.364,,,,,,3 Pointers,Playoffs,,,,,-0.097,11.0,40.0,0.275,0.372,,,,,,,,,,,,
1642272,Jared McCain,1610612760,OKC,G,22.0,13,12,0.588,,,,,,3 Pointers,Playoffs,,,,,0.049,17.0,40.0,0.425,0.376,,,,,,,,,,,,
1630567,Scottie Barnes,1610612761,TOR,F-G,24.0,7,7,0.465,,,,,,3 Pointers,Playoffs,,,,,-0.011,14.0,40.0,0.35,0.361,,,,,,,,,,,,
1630245,Ayo Dosunmu,1610612750,MIN,G,26.0,10,10,0.382,,,,,,3 Pointers,Playoffs,,,,,0.008,15.0,39.0,0.385,0.376,,,,,,,,,,,,
1642349,Ajay Mitchell,1610612760,OKC,G,24.0,11,11,0.382,,,,,,3 Pointers,Playoffs,,,,,0.058,16.0,39.0,0.41,0.353,,,,,,,,,,,,
1642450,Daniss Jenkins,1610612765,DET,G,24.0,13,11,0.418,,,,,,3 Pointers,Playoffs,,,,,-0.1,10.0,38.0,0.263,0.363,,,,,,,,,,,,
203954,Joel Embiid,1610612755,PHI,C-F,32.0,7,7,0.37,,,,,,3 Pointers,Playoffs,,,,,0.04,15.0,37.0,0.405,0.366,,,,,,,,,,,,
1642868,Carter Bryant,1610612759,SAS,F,20.0,20,16,0.451,,,,,,3 Pointers,Playoffs,,,,,-0.051,12.0,37.0,0.324,0.376,,,,,,,,,,,,
1628369,Jayson Tatum,1610612738,BOS,F-G,28.0,6,6,0.59,,,,,,3 Pointers,Playoffs,,,,,-0.003,13.0,36.0,0.361,0.364,,,,,,,,,,,,
2544,LeBron James,1610612747,LAL,F,41.0,10,10,0.467,,,,,,3 Pointers,Playoffs,,,,,-0.158,7.0,35.0,0.2,0.358,,,,,,,,,,,,
1642266,Ja'Kobe Walter,1610612761,TOR,G,21.0,7,7,0.455,,,,,,3 Pointers,Playoffs,,,,,0.0,13.0,35.0,0.371,0.371,,,,,,,,,,,,
203944,Julius Randle,1610612750,MIN,F-C,31.0,12,11,0.277,,,,,,3 Pointers,Playoffs,,,,,0.022,13.0,33.0,0.394,0.372,,,,,,,,,,,,
1629656,Quentin Grimes,1610612755,PHI,G,26.0,11,11,0.493,,,,,,3 Pointers,Playoffs,,,,,0.019,13.0,33.0,0.394,0.375,,,,,,,,,,,,
1642867,Collin Murray-Boyles,1610612761,TOR,F,21.0,7,6,0.395,,,,,,3 Pointers,Playoffs,,,,,0.071,14.0,32.0,0.438,0.367,,,,,,,,,,,,
1627750,Jamal Murray,1610612743,DEN,G,29.0,6,6,0.375,,,,,,3 Pointers,Playoffs,,,,,-0.08,9.0,30.0,0.3,0.38,,,,,,,,,,,,
203471,Dennis Schröder,1610612739,CLE,G,32.0,17,14,0.4,,,,,,3 Pointers,Playoffs,,,,,-0.229,4.0,30.0,0.133,0.362,,,,,,,,,,,,
1641710,Anthony Black,1610612753,ORL,G,22.0,7,7,0.476,,,,,,3 Pointers,Playoffs,,,,,-0.003,11.0,30.0,0.367,0.37,,,,,,,,,,,,
1641708,Amen Thompson,1610612745,HOU,G-F,23.0,6,6,0.431,,,,,,3 Pointers,Playoffs,,,,,0.019,11.0,28.0,0.393,0.373,,,,,,,,,,,,
1642348,Justin Edwards,1610612755,PHI,F,22.0,8,7,0.651,,,,,,3 Pointers,Playoffs,,,,,0.002,10.0,28.0,0.357,0.356,,,,,,,,,,,,
203083,Andre Drummond,1610612755,PHI,C,32.0,11,10,0.424,,,,,,3 Pointers,Playoffs,,,,,0.095,13.0,28.0,0.464,0.37,,,,,,,,,,,,
1630545,Terrence Shannon Jr,1610612750,MIN,G-F,25.0,9,9,0.412,,,,,,3 Pointers,Playoffs,,,,,0.026,11.0,28.0,0.393,0.367,,,,,,,,,,,,
1630591,Jalen Suggs,1610612753,ORL,G,25.0,7,7,0.364,,,,,,3 Pointers,Playoffs,,,,,-0.084,8.0,28.0,0.286,0.37,,,,,,,,,,,,
1628415,Dillon Brooks,1610612756,PHX,G-F,30.0,4,4,0.458,,,,,,3 Pointers,Playoffs,,,,,0.02,10.0,27.0,0.37,0.35,,,,,,,,,,,,
1641739,Toumani Camara,1610612757,POR,F,26.0,5,5,0.422,,,,,,3 Pointers,Playoffs,,,,,0.098,12.0,27.0,0.444,0.346,,,,,,,,,,,,
1630202,Payton Pritchard,1610612738,BOS,G,28.0,7,7,0.5,,,,,,3 Pointers,Playoffs,,,,,0.03,10.0,26.0,0.385,0.355,,,,,,,,,,,,
203501,Tim Hardaway Jr.,1610612743,DEN,G-F,34.0,6,6,0.543,,,,,,3 Pointers,Playoffs,,,,,-0.028,9.0,25.0,0.36,0.388,,,,,,,,,,,,
203999,Nikola Jokić,1610612743,DEN,C,31.0,6,6,0.238,,,,,,3 Pointers,Playoffs,,,,,0.051,10.0,25.0,0.4,0.349,,,,,,,,,,,,
1631095,Jabari Smith Jr.,1610612745,HOU,F,23.0,6,5,0.352,,,,,,3 Pointers,Playoffs,,,,,0.019,10.0,25.0,0.4,0.381,,,,,,,,,,,,
1642263,Reed Sheppard,1610612745,HOU,G,22.0,6,6,0.431,,,,,,3 Pointers,Playoffs,,,,,-0.029,9.0,25.0,0.36,0.389,,,,,,,,,,,,
1629057,Robert Williams III,1610612757,POR,C-F,28.0,5,5,0.446,,,,,,3 Pointers,Playoffs,,,,,0.067,11.0,25.0,0.44,0.373,,,,,,,,,,,,
1642270,Donovan Clingan,1610612757,POR,C,22.0,5,4,0.391,,,,,,3 Pointers,Playoffs,,,,,0.128,12.0,25.0,0.48,0.352,,,,,,,,,,,,
1626220,Royce O'Neale,1610612756,PHX,F,33.0,4,4,0.75,,,,,,3 Pointers,Playoffs,,,,,0.014,9.0,24.0,0.375,0.361,,,,,,,,,,,,
203084,Harrison Barnes,1610612759,SAS,F,34.0,15,14,0.615,,,,,,3 Pointers,Playoffs,,,,,0.019,9.0,24.0,0.375,0.356,,,,,,,,,,,,
203903,Jordan Clarkson,1610612752,NYK,G,34.0,16,13,0.615,,,,,,3 Pointers,Playoffs,,,,,-0.035,8.0,24.0,0.333,0.369,,,,,,,,,,,,
1631230,Dominick Barlow,1610612755,PHI,F,23.0,8,8,0.49,,,,,,3 Pointers,Playoffs,,,,,-0.204,4.0,24.0,0.167,0.371,,,,,,,,,,,,
201950,Jrue Holiday,1610612757,POR,G,36.0,5,5,0.444,,,,,,3 Pointers,Playoffs,,,,,-0.019,8.0,24.0,0.333,0.353,,,,,,,,,,,,
1630552,Jalen Johnson,1610612737,ATL,F,24.0,6,6,0.358,,,,,,3 Pointers,Playoffs,,,,,0.065,11.0,24.0,0.458,0.394,,,,,,,,,,,,
1630559,Austin Reaves,1610612747,LAL,G,28.0,6,6,0.303,,,,,,3 Pointers,Playoffs,,,,,0.074,10.0,23.0,0.435,0.36,,,,,,,,,,,,
1629638,Nickeil Alexander-Walker,1610612737,ATL,G,27.0,6,6,0.291,,,,,,3 Pointers,Playoffs,,,,,-0.072,7.0,23.0,0.304,0.377,,,,,,,,,,,,
1629674,Neemias Queta,1610612738,BOS,C,26.0,7,7,0.237,,,,,,3 Pointers,Playoffs,,,,,-0.03,7.0,22.0,0.318,0.348,,,,,,,,,,,,
1630532,Franz Wagner,1610612753,ORL,F,24.0,4,4,0.512,,,,,,3 Pointers,Playoffs,,,,,-0.211,3.0,22.0,0.136,0.348,,,,,,,,,,,,
1630228,Jonathan Kuminga,1610612737,ATL,F,23.0,6,6,0.458,,,,,,3 Pointers,Playoffs,,,,,-0.021,8.0,22.0,0.364,0.385,,,,,,,,,,,,
1629661,Cameron Johnson,1610612743,DEN,F,30.0,6,6,0.333,,,,,,3 Pointers,Playoffs,,,,,-0.099,6.0,21.0,0.286,0.385,,,,,,,,,,,,
1627759,Jaylen Brown,1610612738,BOS,G-F,29.0,7,6,0.356,,,,,,3 Pointers,Playoffs,,,,,0.052,9.0,21.0,0.429,0.377,,,,,,,,,,,,
1641737,Adem Bona,1610612755,PHI,F,23.0,8,6,0.429,,,,,,3 Pointers,Playoffs,,,,,0.024,8.0,21.0,0.381,0.357,,,,,,,,,,,,
1630168,Onyeka Okongwu,1610612737,ATL,F-C,25.0,6,6,0.333,,,,,,3 Pointers,Playoffs,,,,,0.04,9.0,21.0,0.429,0.389,,,,,,,,,,,,
1626164,Devin Booker,1610612756,PHX,G,29.0,4,4,0.417,,,,,,3 Pointers,Playoffs,,,,,-0.103,5.0,20.0,0.25,0.353,,,,,,,,,,,,
1629750,Javonte Green,1610612765,DET,G,32.0,11,8,0.465,,,,,,3 Pointers,Playoffs,,,,,0.093,9.0,20.0,0.45,0.357,,,,,,,,,,,,
1630573,Sam Hauser,1610612738,BOS,F,28.0,7,7,0.364,,,,,,3 Pointers,Playoffs,,,,,0.096,9.0,20.0,0.45,0.354,,,,,,,,,,,,
1630631,Jose Alvarado,1610612752,NYK,G,28.0,16,12,0.5,,,,,,3 Pointers,Playoffs,,,,,-0.051,6.0,20.0,0.3,0.351,,,,,,,,,,,,
1627751,Jakob Poeltl,1610612761,TOR,C,30.0,7,6,0.286,,,,,,3 Pointers,Playoffs,,,,,-0.039,6.0,20.0,0.3,0.339,,,,,,,,,,,,
1627742,Brandon Ingram,1610612761,TOR,F,28.0,5,5,0.476,,,,,,3 Pointers,Playoffs,,,,,-0.023,7.0,20.0,0.35,0.373,,,,,,,,,,,,
1630217,Desmond Bane,1610612753,ORL,G,28.0,7,6,0.4,,,,,,3 Pointers,Playoffs,,,,,0.118,10.0,20.0,0.5,0.382,,,,,,,,,,,,
1642461,Spencer Jones,1610612743,DEN,F,25.0,6,6,0.328,,,,,,3 Pointers,Playoffs,,,,,0.017,7.0,19.0,0.368,0.352,,,,,,,,,,,,
1627747,Caris LeVert,1610612765,DET,G,31.0,12,10,0.306,,,,,,3 Pointers,Playoffs,,,,,0.013,7.0,19.0,0.368,0.355,,,,,,,,,,,,
1642281,Jaylon Tyson,1610612739,CLE,G-F,23.0,16,12,0.275,,,,,,3 Pointers,Playoffs,,,,,-0.041,6.0,19.0,0.316,0.356,,,,,,,,,,,,
1631221,Collin Gillespie,1610612756,PHX,G,27.0,4,4,0.388,,,,,,3 Pointers,Playoffs,,,,,0.114,9.0,19.0,0.474,0.36,,,,,,,,,,,,
1631222,Jake LaRavia,1610612747,LAL,F,24.0,8,8,0.352,,,,,,3 Pointers,Playoffs,,,,,0.059,8.0,19.0,0.421,0.362,,,,,,,,,,,,
1629637,Jaxson Hayes,1610612747,LAL,C-F,26.0,10,7,0.268,,,,,,3 Pointers,Playoffs,,,,,-0.096,5.0,19.0,0.263,0.359,,,,,,,,,,,,
1630572,Sandro Mamukelashvili,1610612761,TOR,F-C,27.0,7,7,0.576,,,,,,3 Pointers,Playoffs,,,,,-0.063,6.0,19.0,0.316,0.379,,,,,,,,,,,,
1630198,Isaiah Joe,1610612760,OKC,G,26.0,10,9,0.442,,,,,,3 Pointers,Playoffs,,,,,-0.073,6.0,19.0,0.316,0.389,,,,,,,,,,,,
1630703,Scoot Henderson,1610612757,POR,G,22.0,5,5,0.528,,,,,,3 Pointers,Playoffs,,,,,0.051,8.0,19.0,0.421,0.37,,,,,,,,,,,,
1631128,Christian Braun,1610612743,DEN,G,25.0,6,6,0.353,,,,,,3 Pointers,Playoffs,,,,,0.065,8.0,18.0,0.444,0.38,,,,,,,,,,,,
1642345,Oso Ighodaro,1610612756,PHX,F,23.0,4,4,0.353,,,,,,3 Pointers,Playoffs,,,,,0.138,9.0,18.0,0.5,0.362,,,,,,,,,,,,
201144,Mike Conley,1610612750,MIN,G,38.0,11,8,0.333,,,,,,3 Pointers,Playoffs,,,,,-0.219,3.0,18.0,0.167,0.386,,,,,,,,,,,,
1628976,Wendell Carter Jr.,1610612753,ORL,C-F,27.0,7,7,0.18,,,,,,3 Pointers,Playoffs,,,,,0.122,9.0,18.0,0.5,0.378,,,,,,,,,,,,
1630700,Dyson Daniels,1610612737,ATL,G,23.0,6,6,0.327,,,,,,3 Pointers,Playoffs,,,,,-0.055,6.0,18.0,0.333,0.389,,,,,,,,,,,,
1630224,Jalen Green,1610612756,PHX,G,24.0,4,4,0.386,,,,,,3 Pointers,Playoffs,,,,,0.042,7.0,17.0,0.412,0.37,,,,,,,,,,,,
1630578,Alperen Sengun,1610612745,HOU,C,23.0,6,5,0.174,,,,,,3 Pointers,Playoffs,,,,,-0.084,5.0,16.0,0.313,0.396,,,,,,,,,,,,
1631106,Tari Eason,1610612745,HOU,F,25.0,6,6,0.254,,,,,,3 Pointers,Playoffs,,,,,0.223,10.0,16.0,0.625,0.402,,,,,,,,,,,,
1630191,Isaiah Stewart,1610612765,DET,F-C,25.0,14,11,0.211,,,,,,3 Pointers,Playoffs,,,,,-0.04,5.0,16.0,0.313,0.352,,,,,,,,,,,,
1628971,Bruce Brown,1610612743,DEN,G-F,29.0,6,6,0.405,,,,,,3 Pointers,Playoffs,,,,,-0.171,3.0,15.0,0.2,0.371,,,,,,,,,,,,
1630598,Aaron Wiggins,1610612760,OKC,G,27.0,9,7,0.467,,,,,,3 Pointers,Playoffs,,,,,0.006,5.0,14.0,0.357,0.351,,,,,,,,,,,,
1630568,Luka Garza,1610612738,BOS,C,27.0,5,5,0.4,,,,,,3 Pointers,Playoffs,,,,,-0.063,4.0,14.0,0.286,0.348,,,,,,,,,,,,
1631288,Jamal Cain,1610612753,ORL,F,27.0,7,6,0.333,,,,,,3 Pointers,Playoffs,,,,,-0.151,3.0,14.0,0.214,0.365,,,,,,,,,,,,
1630538,Bones Hyland,1610612750,MIN,G,25.0,10,8,0.394,,,,,,3 Pointers,Playoffs,,,,,0.156,7.0,13.0,0.538,0.382,,,,,,,,,,,,
1631204,Marcus Sasser,1610612765,DET,G,25.0,5,5,0.684,,,,,,3 Pointers,Playoffs,,,,,-0.068,4.0,13.0,0.308,0.376,,,,,,,,,,,,
202696,Nikola Vučević,1610612738,BOS,C,35.0,6,5,0.206,,,,,,3 Pointers,Playoffs,,,,,0.181,7.0,13.0,0.538,0.357,,,,,,,,,,,,
1630574,Ariel Hukporti,1610612752,NYK,C,24.0,9,6,0.31,,,,,,3 Pointers,Playoffs,,,,,0.01,4.0,13.0,0.308,0.298,,,,,,,,,,,,
1629216,Gabe Vincent,1610612737,ATL,G,30.0,6,6,0.342,,,,,,3 Pointers,Playoffs,,,,,0.228,8.0,13.0,0.615,0.387,,,,,,,,,,,,
203937,Kyle Anderson,1610612750,MIN,F-G,32.0,6,5,0.571,,,,,,3 Pointers,Playoffs,,,,,-0.097,3.0,12.0,0.25,0.347,,,,,,,,,,,,
1628978,Donte DiVincenzo,1610612750,MIN,G,29.0,3,3,0.571,,,,,,3 Pointers,Playoffs,,,,,-0.058,4.0,12.0,0.333,0.392,,,,,,,,,,,,
1642863,Khaman Maluach,1610612756,PHX,C,19.0,4,4,0.5,,,,,,3 Pointers,Playoffs,,,,,-0.121,3.0,12.0,0.25,0.371,,,,,,,,,,,,
1629020,Jarred Vanderbilt,1610612747,LAL,F,27.0,7,6,0.571,,,,,,3 Pointers,Playoffs,,,,,-0.201,2.0,12.0,0.167,0.368,,,,,,,,,,,,
1641842,Ronald Holland II,1610612765,DET,F,20.0,6,5,0.5,,,,,,3 Pointers,Playoffs,,,,,0.151,6.0,12.0,0.5,0.349,,,,,,,,,,,,
1642419,Jamison Battle,1610612761,TOR,F,25.0,5,5,0.444,,,,,,3 Pointers,Playoffs,,,,,-0.137,3.0,12.0,0.25,0.387,,,,,,,,,,,,
1641783,Tristan da Silva,1610612753,ORL,F,25.0,7,6,0.364,,,,,,3 Pointers,Playoffs,,,,,0.044,5.0,12.0,0.417,0.373,,,,,,,,,,,,
1627827,Dorian Finney-Smith,1610612745,HOU,F,33.0,4,4,0.458,,,,,,3 Pointers,Playoffs,,,,,0.078,5.0,11.0,0.455,0.376,,,,,,,,,,,,
1630194,Paul Reed,1610612765,DET,F,27.0,8,7,0.256,,,,,,3 Pointers,Playoffs,,,,,-0.068,3.0,11.0,0.273,0.341,,,,,,,,,,,,
203932,Aaron Gordon,1610612743,DEN,F,30.0,3,3,0.256,,,,,,3 Pointers,Playoffs,,,,,-0.02,4.0,11.0,0.364,0.384,,,,,,,,,,,,
1631114,Jalen Williams,1610612760,OKC,G-F,25.0,5,5,0.355,,,,,,3 Pointers,Playoffs,,,,,-0.081,3.0,11.0,0.273,0.354,,,,,,,,,,,,
1642355,Bronny James,1610612747,LAL,G,21.0,6,5,0.667,,,,,,3 Pointers,Playoffs,,,,,-0.064,3.0,10.0,0.3,0.364,,,,,,,,,,,,
1628960,Grayson Allen,1610612756,PHX,G,30.0,2,2,0.588,,,,,,3 Pointers,Playoffs,,,,,-0.083,3.0,10.0,0.3,0.383,,,,,,,,,,,,
1641775,Jordan Walsh,1610612738,BOS,G,22.0,7,5,0.345,,,,,,3 Pointers,Playoffs,,,,,-0.077,3.0,10.0,0.3,0.377,,,,,,,,,,,,
1631165,Keon Ellis,1610612739,CLE,G,26.0,7,6,0.476,,,,,,3 Pointers,Playoffs,,,,,0.234,6.0,10.0,0.6,0.366,,,,,,,,,,,,
1642278,Tyler Kolek,1610612752,NYK,G,25.0,6,6,0.526,,,,,,3 Pointers,Playoffs,,,,,0.116,5.0,10.0,0.5,0.384,,,,,,,,,,,,
203482,Kelly Olynyk,1610612759,SAS,F-C,35.0,8,8,0.556,,,,,,3 Pointers,Playoffs,,,,,0.068,4.0,10.0,0.4,0.332,,,,,,,,,,,,
1630166,Deni Avdija,1610612757,POR,F,25.0,5,4,0.175,,,,,,3 Pointers,Playoffs,,,,,0.236,6.0,10.0,0.6,0.364,,,,,,,,,,,,
1629006,Josh Okogie,1610612745,HOU,G,27.0,6,6,0.375,,,,,,3 Pointers,Playoffs,,,,,0.047,4.0,9.0,0.444,0.398,,,,,,,,,,,,
1630570,Trendon Watford,1610612755,PHI,G-F,25.0,5,3,0.6,,,,,,3 Pointers,Playoffs,,,,,0.059,4.0,9.0,0.444,0.386,,,,,,,,,,,,
1642359,Pacôme Dadiet,1610612752,NYK,F,20.0,6,5,0.563,,,,,,3 Pointers,Playoffs,,,,,-0.13,2.0,9.0,0.222,0.352,,,,,,,,,,,,
1629048,Goga Bitadze,1610612753,ORL,C-F,26.0,6,4,0.209,,,,,,3 Pointers,Playoffs,,,,,0.203,5.0,9.0,0.556,0.353,,,,,,,,,,,,
1631248,Baylor Scheierman,1610612738,BOS,G,25.0,6,5,0.333,,,,,,3 Pointers,Playoffs,,,,,0.145,4.0,8.0,0.5,0.355,,,,,,,,,,,,
202685,Jonas Valanciunas,1610612743,DEN,C,34.0,4,3,0.4,,,,,,3 Pointers,Playoffs,,,,,0.115,4.0,8.0,0.5,0.385,,,,,,,,,,,,
203924,Jerami Grant,1610612757,POR,F,32.0,5,4,0.222,,,,,,3 Pointers,Playoffs,,,,,0.015,3.0,8.0,0.375,0.36,,,,,,,,,,,,
1630557,Corey Kispert,1610612737,ATL,F,27.0,5,4,0.364,,,,,,3 Pointers,Playoffs,,,,,0.008,3.0,8.0,0.375,0.367,,,,,,,,,,,,
1642876,Adou Thiero,1610612747,LAL,G,22.0,5,4,0.538,,,,,,3 Pointers,Playoffs,,,,,0.18,4.0,7.0,0.571,0.391,,,,,,,,,,,,
1631207,Dalen Terry,1610612755,PHI,F,23.0,6,4,0.5,,,,,,3 Pointers,Playoffs,,,,,0.056,3.0,7.0,0.429,0.372,,,,,,,,,,,,
1641772,Nae'Qwan Tomlin,1610612739,CLE,F,25.0,3,3,0.875,,,,,,3 Pointers,Playoffs,,,,,0.115,3.0,7.0,0.429,0.313,,,,,,,,,,,,
203486,Mason Plumlee,1610612759,SAS,F-C,36.0,5,2,0.438,,,,,,3 Pointers,Playoffs,,,,,0.041,3.0,7.0,0.429,0.387,,,,,,,,,,,,
1629162,Jordan McLaughlin,1610612759,SAS,G,30.0,7,5,0.5,,,,,,3 Pointers,Playoffs,,,,,-0.229,1.0,7.0,0.143,0.372,,,,,,,,,,,,
1628975,Jevon Carter,1610612753,ORL,G,30.0,3,3,0.875,,,,,,3 Pointers,Playoffs,,,,,0.05,3.0,7.0,0.429,0.379,,,,,,,,,,,,
1628988,Aaron Holiday,1610612745,HOU,G,29.0,6,3,0.261,,,,,,3 Pointers,Playoffs,,,,,-0.192,1.0,6.0,0.167,0.358,,,,,,,,,,,,
1629026,Kenrich Williams,1610612760,OKC,G-F,31.0,8,4,0.25,,,,,,3 Pointers,Playoffs,,,,,0.128,3.0,6.0,0.5,0.372,,,,,,,,,,,,
1629680,Matisse Thybulle,1610612757,POR,G-F,29.0,4,3,0.462,,,,,,3 Pointers,Playoffs,,,,,-0.371,0.0,6.0,0.0,0.371,,,,,,,,,,,,
1628989,Kevin Huerter,1610612765,DET,G-F,27.0,5,4,0.385,,,,,,3 Pointers,Playoffs,,,,,-0.36,0.0,5.0,0.0,0.36,,,,,,,,,,,,
1628418,Thomas Bryant,1610612739,CLE,C-F,28.0,8,4,0.2,,,,,,3 Pointers,Playoffs,,,,,0.02,2.0,5.0,0.4,0.38,,,,,,,,,,,,
1631133,Jabari Walker,1610612755,PHI,F,23.0,5,4,0.5,,,,,,3 Pointers,Playoffs,,,,,0.222,3.0,5.0,0.6,0.378,,,,,,,,,,,,
202687,Bismack Biyombo,1610612759,SAS,C,33.0,5,3,0.5,,,,,,3 Pointers,Playoffs,,,,,-0.3,0.0,5.0,0.0,0.3,,,,,,,,,,,,
1631110,Jeremy Sochan,1610612752,NYK,F,23.0,4,4,0.625,,,,,,3 Pointers,Playoffs,,,,,-0.149,1.0,5.0,0.2,0.349,,,,,,,,,,,,
1626145,Tyus Jones,1610612743,DEN,G,30.0,3,2,0.444,,,,,,3 Pointers,Playoffs,,,,,-0.388,0.0,4.0,0.0,0.388,,,,,,,,,,,,
201145,Jeff Green,1610612745,HOU,F,39.0,2,2,0.8,,,,,,3 Pointers,Playoffs,,,,,-0.364,0.0,4.0,0.0,0.364,,,,,,,,,,,,
1631199,Ron Harper Jr.,1610612738,BOS,G-F,26.0,3,2,0.5,,,,,,3 Pointers,Playoffs,,,,,-0.098,1.0,4.0,0.25,0.348,,,,,,,,,,,,
1642885,Mohamed Diawara,1610612752,NYK,F,21.0,5,3,0.571,,,,,,3 Pointers,Playoffs,,,,,-0.043,1.0,4.0,0.25,0.293,,,,,,,,,,,,
1642866,Joan Beringer,1610612750,MIN,F,19.0,4,3,0.444,,,,,,3 Pointers,Playoffs,,,,,0.405,3.0,4.0,0.75,0.345,,,,,,,,,,,,
1641763,Julian Phillips,1610612750,MIN,F,22.0,4,3,0.4,,,,,,3 Pointers,Playoffs,,,,,0.119,2.0,4.0,0.5,0.381,,,,,,,,,,,,
203991,Clint Capela,1610612745,HOU,C,32.0,4,3,0.333,,,,,,3 Pointers,Playoffs,,,,,-0.334,0.0,4.0,0.0,0.334,,,,,,,,,,,,
1631243,Mouhamed Gueye,1610612737,ATL,F,23.0,4,2,0.308,,,,,,3 Pointers,Playoffs,,,,,-0.36,0.0,4.0,0.0,0.36,,,,,,,,,,,,
201142,Kevin Durant,1610612745,HOU,F,37.0,1,1,0.364,,,,,,3 Pointers,Playoffs,,,,,-0.224,1.0,4.0,0.25,0.474,,,,,,,,,,,,
1627741,Buddy Hield,1610612737,ATL,G,33.0,2,2,0.8,,,,,,3 Pointers,Playoffs,,,,,0.141,2.0,4.0,0.5,0.359,,,,,,,,,,,,
1642878,Tyrese Proctor,1610612739,CLE,G,22.0,1,1,0.667,,,,,,3 Pointers,Playoffs,,,,,0.164,2.0,4.0,0.5,0.336,,,,,,,,,,,,
1642261,Dalton Knecht,1610612747,LAL,F,25.0,4,3,0.5,,,,,,3 Pointers,Playoffs,,,,,0.005,1.0,3.0,0.333,0.328,,,,,,,,,,,,
1630625,Dalano Banton,1610612738,BOS,F,26.0,2,2,1.0,,,,,,3 Pointers,Playoffs,,,,,-0.325,0.0,3.0,0.0,0.325,,,,,,,,,,,,
1641740,Jaylen Clark,1610612750,MIN,G,24.0,5,3,0.25,,,,,,3 Pointers,Playoffs,,,,,-0.018,1.0,3.0,0.333,0.352,,,,,,,,,,,,
1630322,Lindy Waters III,1610612759,SAS,F,28.0,3,2,0.5,,,,,,3 Pointers,Playoffs,,,,,-0.025,1.0,3.0,0.333,0.358,,,,,,,,,,,,
1630639,A.J. Lawson,1610612761,TOR,G,25.0,3,1,0.429,,,,,,3 Pointers,Playoffs,,,,,-0.366,0.0,3.0,0.0,0.366,,,,,,,,,,,,
1631101,Shaedon Sharpe,1610612757,POR,G,23.0,5,3,0.15,,,,,,3 Pointers,Playoffs,,,,,0.305,2.0,3.0,0.667,0.362,,,,,,,,,,,,
1631321,Sidy Cissoko,1610612757,POR,G,22.0,2,2,0.6,,,,,,3 Pointers,Playoffs,,,,,0.315,2.0,3.0,0.667,0.352,,,,,,,,,,,,
1630256,Jae'Sean Tate,1610612745,HOU,F,30.0,3,3,0.75,,,,,,3 Pointers,Playoffs,,,,,0.695,3.0,3.0,1.0,0.305,,,,,,,,,,,,
1642864,Hugo González,1610612738,BOS,G,20.0,4,2,0.375,,,,,,3 Pointers,Playoffs,,,,,-0.009,1.0,3.0,0.333,0.343,,,,,,,,,,,,
1628396,Tony Bradley,1610612737,ATL,C-F,28.0,4,2,0.214,,,,,,3 Pointers,Playoffs,,,,,0.329,2.0,3.0,0.667,0.338,,,,,,,,,,,,
1642853,Rasheer Fleming,1610612756,PHX,F,21.0,2,2,0.375,,,,,,3 Pointers,Playoffs,,,,,-0.042,1.0,3.0,0.333,0.375,,,,,,,,,,,,
1641747,DaRon Holmes II,1610612743,DEN,F,23.0,1,1,0.5,,,,,,3 Pointers,Playoffs,,,,,0.13,1.0,2.0,0.5,0.371,,,,,,,,,,,,
1631124,Julian Strawther,1610612743,DEN,G,24.0,2,1,0.4,,,,,,3 Pointers,Playoffs,,,,,0.126,1.0,2.0,0.5,0.374,,,,,,,,,,,,
1641733,Nick Smith Jr.,1610612747,LAL,G,22.0,3,2,0.286,,,,,,3 Pointers,Playoffs,,,,,-0.381,0.0,2.0,0.0,0.381,,,,,,,,,,,,
1628467,Maxi Kleber,1610612747,LAL,F,34.0,2,2,0.286,,,,,,3 Pointers,Playoffs,,,,,-0.311,0.0,2.0,0.0,0.311,,,,,,,,,,,,
1642260,Nikola Topić,1610612760,OKC,G,20.0,3,1,0.4,,,,,,3 Pointers,Playoffs,,,,,-0.404,0.0,2.0,0.0,0.404,,,,,,,,,,,,
1631200,Kris Murray,1610612757,POR,F,25.0,3,2,0.25,,,,,,3 Pointers,Playoffs,,,,,-0.363,0.0,2.0,0.0,0.363,,,,,,,,,,,,
1642854,Asa Newell,1610612737,ATL,F,20.0,2,1,0.5,,,,,,3 Pointers,Playoffs,,,,,-0.399,0.0,2.0,0.0,0.399,,,,,,,,,,,,
1630811,Keaton Wallace,1610612737,ATL,G,27.0,2,1,0.4,,,,,,3 Pointers,Playoffs,,,,,-0.323,0.0,2.0,0.0,0.323,,,,,,,,,,,,
1642404,Chaz Lanier,1610612765,DET,G,24.0,1,1,0.667,,,,,,3 Pointers,Playoffs,,,,,-0.418,0.0,2.0,0.0,0.418,,,,,,,,,,,,
1642346,Ryan Dunn,1610612756,PHX,F,23.0,1,1,0.222,,,,,,3 Pointers,Playoffs,,,,,-0.395,0.0,2.0,0.0,0.395,,,,,,,,,,,,
1629599,Amir Coffey,1610612756,PHX,G-F,29.0,1,1,1.0,,,,,,3 Pointers,Playoffs,,,,,0.118,1.0,2.0,0.5,0.382,,,,,,,,,,,,
1629618,Jalen Pickett,1610612743,DEN,G,26.0,1,1,0.5,,,,,,3 Pointers,Playoffs,,,,,-0.382,0.0,1.0,0.0,0.382,,,,,,,,,,,,
1630192,Zeke Nnaji,1610612743,DEN,F-C,25.0,2,1,0.2,,,,,,3 Pointers,Playoffs,,,,,-0.375,0.0,1.0,0.0,0.375,,,,,,,,,,,,
1629312,Haywood Highsmith,1610612756,PHX,F,29.0,2,1,0.143,,,,,,3 Pointers,Playoffs,,,,,-0.379,0.0,1.0,0.0,0.379,,,,,,,,,,,,
1631120,JD Davison,1610612745,HOU,G,23.0,1,1,1.0,,,,,,3 Pointers,Playoffs,,,,,-0.345,0.0,1.0,0.0,0.345,,,,,,,,,,,,
204060,Joe Ingles,1610612750,MIN,F-G,38.0,2,1,0.25,,,,,,3 Pointers,Playoffs,,,,,0.622,1.0,1.0,1.0,0.378,,,,,,,,,,,,
1641724,Jett Howard,1610612753,ORL,G,22.0,1,1,1.0,,,,,,3 Pointers,Playoffs,,,,,-0.417,0.0,1.0,0.0,0.417,,,,,,,,,,,,
1642869,Noah Penda,1610612753,ORL,G-F,21.0,1,1,0.5,,,,,,3 Pointers,Playoffs,,,,,-0.351,0.0,1.0,0.0,0.351,,,,,,,,,,,,
1642258,Zaccharie Risacher,1610612737,ATL,F,21.0,3,1,0.111,,,,,,3 Pointers,Playoffs,,,,,-0.25,0.0,1.0,0.0,0.25,,,,,,,,,,,,
1630249,Vít Krejčí,1610612757,POR,G,26.0,1,1,0.5,,,,,,3 Pointers,Playoffs,,,,,-0.345,0.0,1.0,0.0,0.345,,,,,,,,,,,,
1629021,Moritz Wagner,1610612753,ORL,F-C,29.0,1,1,0.5,,,,,,3 Pointers,Playoffs,,,,,0.645,1.0,1.0,1.0,0.355,,,,,,,,,,,,
1641854,Craig Porter Jr.,1610612739,CLE,G,26.0,2,1,0.5,,,,,,3 Pointers,Playoffs,,,,,-0.25,0.0,1.0,0.0,0.25,,,,,,,,,,,,
1642873,Amari Williams,1610612738,BOS,F-C,24.0,1,1,1.0,,,,,,3 Pointers,Playoffs,,,,,-0.32,0.0,1.0,0.0,0.32,,,,,,,,,,,,
1642449,Tolu Smith,1610612765,DET,F,25.0,1,1,0.25,,,,,,3 Pointers,Playoffs,,,,,-0.343,0.0,1.0,0.0,0.343,,,,,,,,,,,,
1630692,Jordan Goodwin,1610612756,PHX,G,27.0,1,1,0.5,,,,,,3 Pointers,Playoffs,,,,,-0.416,0.0,1.0,0.0,0.416,,,,,,,,,,,,
1642917,Max Shulga,1610612738,BOS,G,24.0,1,1,1.0,,,,,,3 Pointers,Playoffs,,,,,0.635,1.0,1.0,1.0,0.365,,,,,,,,,,,,
1641705,Victor Wembanyama,1610612759,SAS,F-C,22.0,22,22,0.364,,,,,,Less Than 6Ft,Playoffs,,,,,-0.226,,,,,60.0,140.0,0.429,0.654,,,,,,,,
1628386,Jarrett Allen,1610612739,CLE,C,28.0,18,18,0.567,,,,,,Less Than 6Ft,Playoffs,,,,,-0.06,,,,,80.0,135.0,0.593,0.653,,,,,,,,
1630596,Evan Mobley,1610612739,CLE,C,25.0,18,18,0.463,,,,,,Less Than 6Ft,Playoffs,,,,,-0.14,,,,,68.0,132.0,0.515,0.655,,,,,,,,
1626157,Karl-Anthony Towns,1610612752,NYK,C-F,30.0,19,19,0.378,,,,,,Less Than 6Ft,Playoffs,,,,,-0.103,,,,,56.0,102.0,0.549,0.652,,,,,,,,
1628436,Luke Kornet,1610612759,SAS,C-F,30.0,23,22,0.541,,,,,,Less Than 6Ft,Playoffs,,,,,-0.106,,,,,54.0,100.0,0.54,0.646,,,,,,,,
1631096,Chet Holmgren,1610612760,OKC,C-F,24.0,15,15,0.449,,,,,,Less Than 6Ft,Playoffs,,,,,-0.173,,,,,45.0,93.0,0.484,0.657,,,,,,,,
1630577,Julian Champagnie,1610612759,SAS,F,25.0,23,23,0.313,,,,,,Less Than 6Ft,Playoffs,,,,,-0.009,,,,,52.0,81.0,0.642,0.651,,,,,,,,
1630170,Devin Vassell,1610612759,SAS,G-F,25.0,23,21,0.289,,,,,,Less Than 6Ft,Playoffs,,,,,-0.13,,,,,38.0,73.0,0.521,0.651,,,,,,,,
1628384,OG Anunoby,1610612752,NYK,F-G,28.0,17,15,0.324,,,,,,Less Than 6Ft,Playoffs,,,,,-0.127,,,,,38.0,72.0,0.528,0.655,,,,,,,,
1642264,Stephon Castle,1610612759,SAS,G,21.0,23,21,0.244,,,,,,Less Than 6Ft,Playoffs,,,,,-0.122,,,,,35.0,68.0,0.515,0.636,,,,,,,,
1631105,Jalen Duren,1610612765,DET,C,22.0,14,14,0.428,,,,,,Less Than 6Ft,Playoffs,,,,,-0.069,,,,,40.0,68.0,0.588,0.657,,,,,,,,
1628404,Josh Hart,1610612752,NYK,G,31.0,19,19,0.311,,,,,,Less Than 6Ft,Playoffs,,,,,0.015,,,,,43.0,66.0,0.652,0.636,,,,,,,,
201935,James Harden,1610612739,CLE,G,36.0,18,18,0.279,,,,,,Less Than 6Ft,Playoffs,,,,,0.039,,,,,45.0,65.0,0.692,0.653,,,,,,,,
203497,Rudy Gobert,1610612750,MIN,C,34.0,12,12,0.307,,,,,,Less Than 6Ft,Playoffs,,,,,-0.083,,,,,38.0,65.0,0.585,0.668,,,,,,,,
1628973,Jalen Brunson,1610612752,NYK,G,29.0,19,19,0.283,,,,,,Less Than 6Ft,Playoffs,,,,,0.11,,,,,43.0,58.0,0.741,0.631,,,,,,,,
1630595,Cade Cunningham,1610612765,DET,G,24.0,14,14,0.282,,,,,,Less Than 6Ft,Playoffs,,,,,-0.029,,,,,35.0,57.0,0.614,0.643,,,,,,,,
1628392,Isaiah Hartenstein,1610612760,OKC,C-F,28.0,15,15,0.383,,,,,,Less Than 6Ft,Playoffs,,,,,-0.19,,,,,28.0,57.0,0.491,0.682,,,,,,,,
1629060,Rui Hachimura,1610612747,LAL,F,28.0,10,10,0.391,,,,,,Less Than 6Ft,Playoffs,,,,,-0.005,,,,,33.0,52.0,0.635,0.639,,,,,,,,
203999,Nikola Jokić,1610612743,DEN,C,31.0,6,6,0.495,,,,,,Less Than 6Ft,Playoffs,,,,,-0.043,,,,,32.0,52.0,0.615,0.659,,,,,,,,
1628976,Wendell Carter Jr.,1610612753,ORL,C-F,27.0,7,7,0.52,,,,,,Less Than 6Ft,Playoffs,,,,,-0.082,,,,,28.0,52.0,0.538,0.62,,,,,,,,
202699,Tobias Harris,1610612765,DET,F,33.0,14,14,0.293,,,,,,Less Than 6Ft,Playoffs,,,,,-0.045,,,,,31.0,51.0,0.608,0.653,,,,,,,,
1630183,Jaden McDaniels,1610612750,MIN,F,25.0,12,11,0.327,,,,,,Less Than 6Ft,Playoffs,,,,,0.036,,,,,34.0,51.0,0.667,0.63,,,,,,,,
1628368,De'Aaron Fox,1610612759,SAS,G,28.0,21,18,0.212,,,,,,Less Than 6Ft,Playoffs,,,,,-0.132,,,,,25.0,50.0,0.5,0.632,,,,,,,,
1630162,Anthony Edwards,1610612750,MIN,G,24.0,10,10,0.455,,,,,,Less Than 6Ft,Playoffs,,,,,-0.035,,,,,30.0,50.0,0.6,0.635,,,,,,,,
1630578,Alperen Sengun,1610612745,HOU,C,23.0,6,6,0.543,,,,,,Less Than 6Ft,Playoffs,,,,,-0.069,,,,,31.0,50.0,0.62,0.689,,,,,,,,
1628983,Shai Gilgeous-Alexander,1610612760,OKC,G,27.0,15,14,0.31,,,,,,Less Than 6Ft,Playoffs,,,,,-0.167,,,,,24.0,48.0,0.5,0.667,,,,,,,,
203954,Joel Embiid,1610612755,PHI,C-F,32.0,7,7,0.46,,,,,,Less Than 6Ft,Playoffs,,,,,0.014,,,,,31.0,46.0,0.674,0.66,,,,,,,,
1629028,Deandre Ayton,1610612747,LAL,C,27.0,10,10,0.268,,,,,,Less Than 6Ft,Playoffs,,,,,0.0,,,,,28.0,44.0,0.636,0.636,,,,,,,,
203944,Julius Randle,1610612750,MIN,F-C,31.0,12,12,0.361,,,,,,Less Than 6Ft,Playoffs,,,,,0.0,,,,,28.0,43.0,0.651,0.651,,,,,,,,
1642844,Dylan Harper,1610612759,SAS,G,20.0,23,18,0.221,,,,,,Less Than 6Ft,Playoffs,,,,,-0.053,,,,,25.0,43.0,0.581,0.635,,,,,,,,
1628969,Mikal Bridges,1610612752,NYK,G-F,29.0,19,18,0.257,,,,,,Less Than 6Ft,Playoffs,,,,,0.172,,,,,35.0,43.0,0.814,0.642,,,,,,,,
1629622,Max Strus,1610612739,CLE,G-F,30.0,18,15,0.218,,,,,,Less Than 6Ft,Playoffs,,,,,-0.029,,,,,26.0,42.0,0.619,0.648,,,,,,,,
1628378,Donovan Mitchell,1610612739,CLE,G,29.0,18,17,0.238,,,,,,Less Than 6Ft,Playoffs,,,,,-0.059,,,,,23.0,41.0,0.561,0.62,,,,,,,,
1629731,Dean Wade,1610612739,CLE,F-C,29.0,18,18,0.328,,,,,,Less Than 6Ft,Playoffs,,,,,0.117,,,,,31.0,41.0,0.756,0.639,,,,,,,,
1627936,Alex Caruso,1610612760,OKC,G,32.0,15,13,0.323,,,,,,Less Than 6Ft,Playoffs,,,,,-0.072,,,,,23.0,40.0,0.575,0.647,,,,,,,,
1626162,Kelly Oubre Jr.,1610612755,PHI,F-G,30.0,11,11,0.331,,,,,,Less Than 6Ft,Playoffs,,,,,0.17,,,,,33.0,40.0,0.825,0.655,,,,,,,,
1641709,Ausar Thompson,1610612765,DET,G-F,23.0,14,14,0.287,,,,,,Less Than 6Ft,Playoffs,,,,,-0.136,,,,,20.0,39.0,0.513,0.648,,,,,,,,
1629675,Naz Reid,1610612750,MIN,C-F,26.0,12,11,0.342,,,,,,Less Than 6Ft,Playoffs,,,,,0.011,,,,,25.0,38.0,0.658,0.647,,,,,,,,
1629640,Keldon Johnson,1610612759,SAS,F-G,26.0,23,16,0.281,,,,,,Less Than 6Ft,Playoffs,,,,,0.038,,,,,26.0,38.0,0.684,0.646,,,,,,,,
202331,Paul George,1610612755,PHI,F,36.0,11,11,0.25,,,,,,Less Than 6Ft,Playoffs,,,,,-0.053,,,,,23.0,38.0,0.605,0.658,,,,,,,,
1629674,Neemias Queta,1610612738,BOS,C,26.0,7,7,0.398,,,,,,Less Than 6Ft,Playoffs,,,,,-0.158,,,,,17.0,37.0,0.459,0.618,,,,,,,,
202696,Nikola Vučević,1610612738,BOS,C,35.0,6,6,0.571,,,,,,Less Than 6Ft,Playoffs,,,,,-0.035,,,,,21.0,36.0,0.583,0.618,,,,,,,,
1642867,Collin Murray-Boyles,1610612761,TOR,F,21.0,7,7,0.444,,,,,,Less Than 6Ft,Playoffs,,,,,-0.02,,,,,24.0,36.0,0.667,0.686,,,,,,,,
1630191,Isaiah Stewart,1610612765,DET,F-C,25.0,14,13,0.461,,,,,,Less Than 6Ft,Playoffs,,,,,-0.177,,,,,16.0,35.0,0.457,0.634,,,,,,,,
1630540,Miles McBride,1610612752,NYK,G,25.0,19,17,0.302,,,,,,Less Than 6Ft,Playoffs,,,,,0.186,,,,,29.0,35.0,0.829,0.642,,,,,,,,
1641717,Cason Wallace,1610612760,OKC,G,22.0,15,12,0.234,,,,,,Less Than 6Ft,Playoffs,,,,,0.068,,,,,24.0,34.0,0.706,0.638,,,,,,,,
1628379,Luke Kennard,1610612747,LAL,G,30.0,10,9,0.306,,,,,,Less Than 6Ft,Playoffs,,,,,0.066,,,,,23.0,33.0,0.697,0.631,,,,,,,,
1629011,Mitchell Robinson,1610612752,NYK,C-F,28.0,18,16,0.28,,,,,,Less Than 6Ft,Playoffs,,,,,0.015,,,,,22.0,33.0,0.667,0.652,,,,,,,,
1630241,Sam Merrill,1610612739,CLE,G,30.0,17,16,0.276,,,,,,Less Than 6Ft,Playoffs,,,,,0.03,,,,,21.0,32.0,0.656,0.626,,,,,,,,
1630245,Ayo Dosunmu,1610612750,MIN,G,26.0,10,9,0.314,,,,,,Less Than 6Ft,Playoffs,,,,,-0.01,,,,,20.0,32.0,0.625,0.635,,,,,,,,
1631119,Jaylin Williams,1610612760,OKC,F,24.0,15,11,0.29,,,,,,Less Than 6Ft,Playoffs,,,,,0.024,,,,,21.0,31.0,0.677,0.654,,,,,,,,
1630552,Jalen Johnson,1610612737,ATL,F,24.0,6,6,0.463,,,,,,Less Than 6Ft,Playoffs,,,,,0.053,,,,,22.0,31.0,0.71,0.657,,,,,,,,
203935,Marcus Smart,1610612747,LAL,G,32.0,10,10,0.309,,,,,,Less Than 6Ft,Playoffs,,,,,-0.092,,,,,16.0,30.0,0.533,0.625,,,,,,,,
1642845,VJ Edgecombe,1610612755,PHI,G,20.0,11,9,0.212,,,,,,Less Than 6Ft,Playoffs,,,,,-0.03,,,,,18.0,29.0,0.621,0.651,,,,,,,,
1630168,Onyeka Okongwu,1610612737,ATL,F-C,25.0,6,6,0.46,,,,,,Less Than 6Ft,Playoffs,,,,,-0.068,,,,,17.0,29.0,0.586,0.654,,,,,,,,
1629638,Nickeil Alexander-Walker,1610612737,ATL,G,27.0,6,6,0.367,,,,,,Less Than 6Ft,Playoffs,,,,,0.08,,,,,22.0,29.0,0.759,0.679,,,,,,,,
1631094,Paolo Banchero,1610612753,ORL,F,23.0,7,7,0.287,,,,,,Less Than 6Ft,Playoffs,,,,,-0.038,,,,,17.0,29.0,0.586,0.624,,,,,,,,
1630567,Scottie Barnes,1610612761,TOR,F-G,24.0,7,7,0.326,,,,,,Less Than 6Ft,Playoffs,,,,,0.044,,,,,20.0,28.0,0.714,0.67,,,,,,,,
1630559,Austin Reaves,1610612747,LAL,G,28.0,6,6,0.355,,,,,,Less Than 6Ft,Playoffs,,,,,0.057,,,,,19.0,27.0,0.704,0.646,,,,,,,,
1629652,Luguentz Dort,1610612760,OKC,G,27.0,15,11,0.278,,,,,,Less Than 6Ft,Playoffs,,,,,0.253,,,,,25.0,27.0,0.926,0.673,,,,,,,,
1627750,Jamal Murray,1610612743,DEN,G,29.0,6,6,0.338,,,,,,Less Than 6Ft,Playoffs,,,,,0.115,,,,,20.0,27.0,0.741,0.626,,,,,,,,
1630591,Jalen Suggs,1610612753,ORL,G,25.0,7,7,0.351,,,,,,Less Than 6Ft,Playoffs,,,,,0.046,,,,,18.0,27.0,0.667,0.621,,,,,,,,
1629130,Duncan Robinson,1610612765,DET,F,32.0,13,11,0.243,,,,,,Less Than 6Ft,Playoffs,,,,,0.069,,,,,19.0,26.0,0.731,0.662,,,,,,,,
1627751,Jakob Poeltl,1610612761,TOR,C,30.0,7,7,0.371,,,,,,Less Than 6Ft,Playoffs,,,,,-0.198,,,,,13.0,26.0,0.5,0.698,,,,,,,,
1629048,Goga Bitadze,1610612753,ORL,C-F,26.0,6,5,0.605,,,,,,Less Than 6Ft,Playoffs,,,,,-0.075,,,,,13.0,26.0,0.5,0.575,,,,,,,,
2544,LeBron James,1610612747,LAL,F,41.0,10,9,0.333,,,,,,Less Than 6Ft,Playoffs,,,,,-0.032,,,,,16.0,25.0,0.64,0.672,,,,,,,,
1642349,Ajay Mitchell,1610612760,OKC,G,24.0,11,9,0.235,,,,,,Less Than 6Ft,Playoffs,,,,,-0.165,,,,,11.0,24.0,0.458,0.623,,,,,,,,
1630194,Paul Reed,1610612765,DET,F,27.0,8,6,0.558,,,,,,Less Than 6Ft,Playoffs,,,,,-0.13,,,,,13.0,24.0,0.542,0.671,,,,,,,,
1630166,Deni Avdija,1610612757,POR,F,25.0,5,5,0.421,,,,,,Less Than 6Ft,Playoffs,,,,,-0.048,,,,,14.0,24.0,0.583,0.631,,,,,,,,
1629013,Landry Shamet,1610612752,NYK,G,29.0,17,11,0.253,,,,,,Less Than 6Ft,Playoffs,,,,,-0.105,,,,,13.0,24.0,0.542,0.646,,,,,,,,
1627759,Jaylen Brown,1610612738,BOS,G-F,29.0,7,7,0.407,,,,,,Less Than 6Ft,Playoffs,,,,,-0.064,,,,,13.0,24.0,0.542,0.606,,,,,,,,
1641708,Amen Thompson,1610612745,HOU,G-F,23.0,6,6,0.369,,,,,,Less Than 6Ft,Playoffs,,,,,-0.135,,,,,13.0,24.0,0.542,0.677,,,,,,,,
203083,Andre Drummond,1610612755,PHI,C,32.0,11,7,0.364,,,,,,Less Than 6Ft,Playoffs,,,,,-0.022,,,,,15.0,24.0,0.625,0.647,,,,,,,,
201144,Mike Conley,1610612750,MIN,G,38.0,11,11,0.426,,,,,,Less Than 6Ft,Playoffs,,,,,0.144,,,,,18.0,23.0,0.783,0.639,,,,,,,,
1642450,Daniss Jenkins,1610612765,DET,G,24.0,13,10,0.253,,,,,,Less Than 6Ft,Playoffs,,,,,0.105,,,,,17.0,23.0,0.739,0.634,,,,,,,,
1642461,Spencer Jones,1610612743,DEN,F,25.0,6,4,0.397,,,,,,Less Than 6Ft,Playoffs,,,,,-0.166,,,,,11.0,23.0,0.478,0.644,,,,,,,,
1631106,Tari Eason,1610612745,HOU,F,25.0,6,6,0.365,,,,,,Less Than 6Ft,Playoffs,,,,,-0.066,,,,,14.0,23.0,0.609,0.675,,,,,,,,
1629637,Jaxson Hayes,1610612747,LAL,C-F,26.0,10,10,0.31,,,,,,Less Than 6Ft,Playoffs,,,,,-0.132,,,,,11.0,22.0,0.5,0.632,,,,,,,,
1630545,Terrence Shannon Jr,1610612750,MIN,G-F,25.0,9,8,0.324,,,,,,Less Than 6Ft,Playoffs,,,,,0.073,,,,,16.0,22.0,0.727,0.654,,,,,,,,
1630178,Tyrese Maxey,1610612755,PHI,G,25.0,11,9,0.19,,,,,,Less Than 6Ft,Playoffs,,,,,-0.066,,,,,13.0,22.0,0.591,0.657,,,,,,,,
1629628,RJ Barrett,1610612761,TOR,F-G,26.0,7,7,0.218,,,,,,Less Than 6Ft,Playoffs,,,,,0.098,,,,,17.0,22.0,0.773,0.674,,,,,,,,
1642281,Jaylon Tyson,1610612739,CLE,G-F,23.0,16,11,0.319,,,,,,Less Than 6Ft,Playoffs,,,,,0.027,,,,,15.0,22.0,0.682,0.655,,,,,,,,
1631095,Jabari Smith Jr.,1610612745,HOU,F,23.0,6,5,0.31,,,,,,Less Than 6Ft,Playoffs,,,,,-0.327,,,,,8.0,22.0,0.364,0.69,,,,,,,,
1630224,Jalen Green,1610612756,PHX,G,24.0,4,4,0.477,,,,,,Less Than 6Ft,Playoffs,,,,,0.102,,,,,16.0,21.0,0.762,0.66,,,,,,,,
1641739,Toumani Camara,1610612757,POR,F,26.0,5,5,0.328,,,,,,Less Than 6Ft,Playoffs,,,,,-0.187,,,,,10.0,21.0,0.476,0.663,,,,,,,,
1642270,Donovan Clingan,1610612757,POR,C,22.0,5,5,0.328,,,,,,Less Than 6Ft,Playoffs,,,,,-0.02,,,,,13.0,21.0,0.619,0.639,,,,,,,,
1628401,Derrick White,1610612738,BOS,G,31.0,7,6,0.208,,,,,,Less Than 6Ft,Playoffs,,,,,-0.151,,,,,10.0,21.0,0.476,0.628,,,,,,,,
203471,Dennis Schröder,1610612739,CLE,G,32.0,17,10,0.267,,,,,,Less Than 6Ft,Playoffs,,,,,0.088,,,,,14.0,20.0,0.7,0.612,,,,,,,,
1642868,Carter Bryant,1610612759,SAS,F,20.0,20,12,0.244,,,,,,Less Than 6Ft,Playoffs,,,,,-0.032,,,,,12.0,20.0,0.6,0.632,,,,,,,,
1631222,Jake LaRavia,1610612747,LAL,F,24.0,8,7,0.37,,,,,,Less Than 6Ft,Playoffs,,,,,-0.057,,,,,11.0,20.0,0.55,0.607,,,,,,,,
1630700,Dyson Daniels,1610612737,ATL,G,23.0,6,6,0.364,,,,,,Less Than 6Ft,Playoffs,,,,,0.15,,,,,16.0,20.0,0.8,0.65,,,,,,,,
1630574,Ariel Hukporti,1610612752,NYK,C,24.0,9,8,0.476,,,,,,Less Than 6Ft,Playoffs,,,,,-0.082,,,,,11.0,20.0,0.55,0.632,,,,,,,,
1629057,Robert Williams III,1610612757,POR,C-F,28.0,5,5,0.339,,,,,,Less Than 6Ft,Playoffs,,,,,-0.169,,,,,9.0,19.0,0.474,0.643,,,,,,,,
1642266,Ja'Kobe Walter,1610612761,TOR,G,21.0,7,7,0.247,,,,,,Less Than 6Ft,Playoffs,,,,,0.231,,,,,17.0,19.0,0.895,0.663,,,,,,,,
1627747,Caris LeVert,1610612765,DET,G,31.0,12,9,0.29,,,,,,Less Than 6Ft,Playoffs,,,,,-0.325,,,,,5.0,18.0,0.278,0.603,,,,,,,,
1642345,Oso Ighodaro,1610612756,PHX,F,23.0,4,4,0.353,,,,,,Less Than 6Ft,Playoffs,,,,,-0.024,,,,,12.0,18.0,0.667,0.691,,,,,,,,
1626164,Devin Booker,1610612756,PHX,G,29.0,4,4,0.375,,,,,,Less Than 6Ft,Playoffs,,,,,0.071,,,,,13.0,18.0,0.722,0.651,,,,,,,,
1641737,Adem Bona,1610612755,PHI,F,23.0,8,7,0.367,,,,,,Less Than 6Ft,Playoffs,,,,,-0.213,,,,,8.0,18.0,0.444,0.657,,,,,,,,
1630228,Jonathan Kuminga,1610612737,ATL,F,23.0,6,5,0.375,,,,,,Less Than 6Ft,Playoffs,,,,,-0.004,,,,,12.0,18.0,0.667,0.671,,,,,,,,
203468,CJ McCollum,1610612737,ATL,G,34.0,6,5,0.198,,,,,,Less Than 6Ft,Playoffs,,,,,-0.033,,,,,10.0,16.0,0.625,0.658,,,,,,,,
201950,Jrue Holiday,1610612757,POR,G,36.0,5,5,0.278,,,,,,Less Than 6Ft,Playoffs,,,,,0.103,,,,,11.0,15.0,0.733,0.631,,,,,,,,
203924,Jerami Grant,1610612757,POR,F,32.0,5,5,0.417,,,,,,Less Than 6Ft,Playoffs,,,,,0.142,,,,,12.0,15.0,0.8,0.658,,,,,,,,
1629661,Cameron Johnson,1610612743,DEN,F,30.0,6,6,0.238,,,,,,Less Than 6Ft,Playoffs,,,,,0.028,,,,,10.0,15.0,0.667,0.639,,,,,,,,
1629216,Gabe Vincent,1610612737,ATL,G,30.0,6,6,0.395,,,,,,Less Than 6Ft,Playoffs,,,,,-0.069,,,,,9.0,15.0,0.6,0.669,,,,,,,,
203932,Aaron Gordon,1610612743,DEN,F,30.0,3,3,0.349,,,,,,Less Than 6Ft,Playoffs,,,,,0.07,,,,,11.0,15.0,0.733,0.663,,,,,,,,
1628418,Thomas Bryant,1610612739,CLE,C-F,28.0,8,7,0.56,,,,,,Less Than 6Ft,Playoffs,,,,,0.016,,,,,9.0,14.0,0.643,0.627,,,,,,,,
1628415,Dillon Brooks,1610612756,PHX,G-F,30.0,4,4,0.237,,,,,,Less Than 6Ft,Playoffs,,,,,0.037,,,,,10.0,14.0,0.714,0.677,,,,,,,,
1628971,Bruce Brown,1610612743,DEN,G-F,29.0,6,6,0.378,,,,,,Less Than 6Ft,Playoffs,,,,,0.289,,,,,13.0,14.0,0.929,0.64,,,,,,,,
1627742,Brandon Ingram,1610612761,TOR,F,28.0,5,5,0.333,,,,,,Less Than 6Ft,Playoffs,,,,,-0.306,,,,,5.0,14.0,0.357,0.663,,,,,,,,
1630573,Sam Hauser,1610612738,BOS,F,28.0,7,6,0.255,,,,,,Less Than 6Ft,Playoffs,,,,,0.182,,,,,11.0,14.0,0.786,0.604,,,,,,,,
1630198,Isaiah Joe,1610612760,OKC,G,26.0,10,5,0.302,,,,,,Less Than 6Ft,Playoffs,,,,,0.036,,,,,9.0,13.0,0.692,0.656,,,,,,,,
1642263,Reed Sheppard,1610612745,HOU,G,22.0,6,5,0.224,,,,,,Less Than 6Ft,Playoffs,,,,,0.203,,,,,11.0,13.0,0.846,0.643,,,,,,,,
1630568,Luka Garza,1610612738,BOS,C,27.0,5,5,0.371,,,,,,Less Than 6Ft,Playoffs,,,,,0.147,,,,,10.0,13.0,0.769,0.622,,,,,,,,
1631230,Dominick Barlow,1610612755,PHI,F,23.0,8,6,0.265,,,,,,Less Than 6Ft,Playoffs,,,,,-0.034,,,,,8.0,13.0,0.615,0.65,,,,,,,,
1631221,Collin Gillespie,1610612756,PHX,G,27.0,4,4,0.245,,,,,,Less Than 6Ft,Playoffs,,,,,0.091,,,,,9.0,12.0,0.75,0.659,,,,,,,,
1630532,Franz Wagner,1610612753,ORL,F,24.0,4,3,0.279,,,,,,Less Than 6Ft,Playoffs,,,,,-0.021,,,,,7.0,12.0,0.583,0.604,,,,,,,,
1630217,Desmond Bane,1610612753,ORL,G,28.0,7,6,0.24,,,,,,Less Than 6Ft,Playoffs,,,,,0.024,,,,,8.0,12.0,0.667,0.643,,,,,,,,
1641783,Tristan da Silva,1610612753,ORL,F,25.0,7,5,0.364,,,,,,Less Than 6Ft,Playoffs,,,,,-0.072,,,,,6.0,12.0,0.5,0.572,,,,,,,,
1630598,Aaron Wiggins,1610612760,OKC,G,27.0,9,5,0.367,,,,,,Less Than 6Ft,Playoffs,,,,,0.039,,,,,8.0,11.0,0.727,0.689,,,,,,,,
1630538,Bones Hyland,1610612750,MIN,G,25.0,10,8,0.333,,,,,,Less Than 6Ft,Playoffs,,,,,0.281,,,,,10.0,11.0,0.909,0.628,,,,,,,,
1642272,Jared McCain,1610612760,OKC,G,22.0,13,5,0.162,,,,,,Less Than 6Ft,Playoffs,,,,,-0.006,,,,,7.0,11.0,0.636,0.643,,,,,,,,
1629656,Quentin Grimes,1610612755,PHI,G,26.0,11,7,0.164,,,,,,Less Than 6Ft,Playoffs,,,,,0.238,,,,,10.0,11.0,0.909,0.671,,,,,,,,
1642347,Jamal Shead,1610612761,TOR,G,23.0,7,6,0.183,,,,,,Less Than 6Ft,Playoffs,,,,,0.02,,,,,7.0,11.0,0.636,0.616,,,,,,,,
1628369,Jayson Tatum,1610612738,BOS,F-G,28.0,6,4,0.18,,,,,,Less Than 6Ft,Playoffs,,,,,-0.074,,,,,6.0,11.0,0.545,0.62,,,,,,,,
1631288,Jamal Cain,1610612753,ORL,F,27.0,7,6,0.262,,,,,,Less Than 6Ft,Playoffs,,,,,-0.062,,,,,6.0,11.0,0.545,0.607,,,,,,,,
1629026,Kenrich Williams,1610612760,OKC,G-F,31.0,8,6,0.417,,,,,,Less Than 6Ft,Playoffs,,,,,-0.047,,,,,6.0,10.0,0.6,0.647,,,,,,,,
1631114,Jalen Williams,1610612760,OKC,G-F,25.0,5,4,0.323,,,,,,Less Than 6Ft,Playoffs,,,,,0.054,,,,,7.0,10.0,0.7,0.646,,,,,,,,
203501,Tim Hardaway Jr.,1610612743,DEN,G-F,34.0,6,6,0.217,,,,,,Less Than 6Ft,Playoffs,,,,,0.156,,,,,8.0,10.0,0.8,0.644,,,,,,,,
203903,Jordan Clarkson,1610612752,NYK,G,34.0,16,8,0.256,,,,,,Less Than 6Ft,Playoffs,,,,,0.165,,,,,8.0,10.0,0.8,0.635,,,,,,,,
1628988,Aaron Holiday,1610612745,HOU,G,29.0,6,6,0.435,,,,,,Less Than 6Ft,Playoffs,,,,,0.137,,,,,8.0,10.0,0.8,0.663,,,,,,,,
1641710,Anthony Black,1610612753,ORL,G,22.0,7,6,0.159,,,,,,Less Than 6Ft,Playoffs,,,,,0.103,,,,,7.0,10.0,0.7,0.597,,,,,,,,
1631128,Christian Braun,1610612743,DEN,G,25.0,6,4,0.176,,,,,,Less Than 6Ft,Playoffs,,,,,-0.088,,,,,5.0,9.0,0.556,0.644,,,,,,,,
1630703,Scoot Henderson,1610612757,POR,G,22.0,5,3,0.25,,,,,,Less Than 6Ft,Playoffs,,,,,0.249,,,,,8.0,9.0,0.889,0.639,,,,,,,,
1629006,Josh Okogie,1610612745,HOU,G,27.0,6,5,0.375,,,,,,Less Than 6Ft,Playoffs,,,,,0.334,,,,,9.0,9.0,1.0,0.666,,,,,,,,
1631248,Baylor Scheierman,1610612738,BOS,G,25.0,6,5,0.375,,,,,,Less Than 6Ft,Playoffs,,,,,-0.049,,,,,5.0,9.0,0.556,0.605,,,,,,,,
1629750,Javonte Green,1610612765,DET,G,32.0,11,5,0.209,,,,,,Less Than 6Ft,Playoffs,,,,,-0.171,,,,,4.0,9.0,0.444,0.615,,,,,,,,
1631101,Shaedon Sharpe,1610612757,POR,G,23.0,5,3,0.4,,,,,,Less Than 6Ft,Playoffs,,,,,-0.133,,,,,4.0,8.0,0.5,0.633,,,,,,,,
202685,Jonas Valanciunas,1610612743,DEN,C,34.0,4,3,0.4,,,,,,Less Than 6Ft,Playoffs,,,,,-0.025,,,,,5.0,8.0,0.625,0.65,,,,,,,,
1630572,Sandro Mamukelashvili,1610612761,TOR,F-C,27.0,7,4,0.242,,,,,,Less Than 6Ft,Playoffs,,,,,-0.047,,,,,5.0,8.0,0.625,0.672,,,,,,,,
1627827,Dorian Finney-Smith,1610612745,HOU,F,33.0,4,4,0.333,,,,,,Less Than 6Ft,Playoffs,,,,,-0.052,,,,,5.0,8.0,0.625,0.677,,,,,,,,
1630202,Payton Pritchard,1610612738,BOS,G,28.0,7,4,0.154,,,,,,Less Than 6Ft,Playoffs,,,,,0.256,,,,,7.0,8.0,0.875,0.619,,,,,,,,
1628396,Tony Bradley,1610612737,ATL,C-F,28.0,4,4,0.571,,,,,,Less Than 6Ft,Playoffs,,,,,-0.304,,,,,3.0,8.0,0.375,0.679,,,,,,,,
1630631,Jose Alvarado,1610612752,NYK,G,28.0,16,6,0.175,,,,,,Less Than 6Ft,Playoffs,,,,,-0.197,,,,,3.0,7.0,0.429,0.626,,,,,,,,
1641842,Ronald Holland II,1610612765,DET,F,20.0,6,5,0.292,,,,,,Less Than 6Ft,Playoffs,,,,,-0.19,,,,,3.0,7.0,0.429,0.619,,,,,,,,
1628978,Donte DiVincenzo,1610612750,MIN,G,29.0,3,3,0.333,,,,,,Less Than 6Ft,Playoffs,,,,,0.185,,,,,6.0,7.0,0.857,0.672,,,,,,,,
203486,Mason Plumlee,1610612759,SAS,F-C,36.0,5,4,0.438,,,,,,Less Than 6Ft,Playoffs,,,,,-0.2,,,,,3.0,7.0,0.429,0.629,,,,,,,,
203084,Harrison Barnes,1610612759,SAS,F,34.0,15,6,0.154,,,,,,Less Than 6Ft,Playoffs,,,,,0.232,,,,,5.0,6.0,0.833,0.602,,,,,,,,
1629020,Jarred Vanderbilt,1610612747,LAL,F,27.0,7,4,0.286,,,,,,Less Than 6Ft,Playoffs,,,,,0.174,,,,,5.0,6.0,0.833,0.659,,,,,,,,
1642348,Justin Edwards,1610612755,PHI,F,22.0,8,4,0.14,,,,,,Less Than 6Ft,Playoffs,,,,,0.183,,,,,5.0,6.0,0.833,0.651,,,,,,,,
1642419,Jamison Battle,1610612761,TOR,F,25.0,5,3,0.222,,,,,,Less Than 6Ft,Playoffs,,,,,0.048,,,,,4.0,6.0,0.667,0.619,,,,,,,,
203991,Clint Capela,1610612745,HOU,C,32.0,4,4,0.5,,,,,,Less Than 6Ft,Playoffs,,,,,-0.167,,,,,3.0,6.0,0.5,0.667,,,,,,,,
203937,Kyle Anderson,1610612750,MIN,F-G,32.0,6,3,0.238,,,,,,Less Than 6Ft,Playoffs,,,,,-0.257,,,,,2.0,5.0,0.4,0.657,,,,,,,,
203482,Kelly Olynyk,1610612759,SAS,F-C,35.0,8,4,0.278,,,,,,Less Than 6Ft,Playoffs,,,,,0.154,,,,,4.0,5.0,0.8,0.646,,,,,,,,
1642876,Adou Thiero,1610612747,LAL,G,22.0,5,3,0.385,,,,,,Less Than 6Ft,Playoffs,,,,,-0.004,,,,,3.0,5.0,0.6,0.604,,,,,,,,
1641775,Jordan Walsh,1610612738,BOS,G,22.0,7,4,0.172,,,,,,Less Than 6Ft,Playoffs,,,,,-0.249,,,,,2.0,5.0,0.4,0.649,,,,,,,,
1631165,Keon Ellis,1610612739,CLE,G,26.0,7,4,0.238,,,,,,Less Than 6Ft,Playoffs,,,,,-0.035,,,,,3.0,5.0,0.6,0.635,,,,,,,,
1641733,Nick Smith Jr.,1610612747,LAL,G,22.0,3,2,0.571,,,,,,Less Than 6Ft,Playoffs,,,,,0.143,,,,,3.0,4.0,0.75,0.607,,,,,,,,
1642866,Joan Beringer,1610612750,MIN,F,19.0,4,2,0.444,,,,,,Less Than 6Ft,Playoffs,,,,,-0.414,,,,,1.0,4.0,0.25,0.664,,,,,,,,
1641763,Julian Phillips,1610612750,MIN,F,22.0,4,2,0.4,,,,,,Less Than 6Ft,Playoffs,,,,,0.225,,,,,4.0,4.0,1.0,0.775,,,,,,,,
1629162,Jordan McLaughlin,1610612759,SAS,G,30.0,7,4,0.286,,,,,,Less Than 6Ft,Playoffs,,,,,0.149,,,,,3.0,4.0,0.75,0.601,,,,,,,,
1629312,Haywood Highsmith,1610612756,PHX,F,29.0,2,2,0.571,,,,,,Less Than 6Ft,Playoffs,,,,,-0.122,,,,,2.0,4.0,0.5,0.622,,,,,,,,
1642346,Ryan Dunn,1610612756,PHX,F,23.0,1,1,0.444,,,,,,Less Than 6Ft,Playoffs,,,,,0.118,,,,,3.0,4.0,0.75,0.632,,,,,,,,
1626220,Royce O'Neale,1610612756,PHX,F,33.0,4,2,0.125,,,,,,Less Than 6Ft,Playoffs,,,,,-0.353,,,,,1.0,4.0,0.25,0.603,,,,,,,,
1629680,Matisse Thybulle,1610612757,POR,G-F,29.0,4,2,0.308,,,,,,Less Than 6Ft,Playoffs,,,,,0.108,,,,,3.0,4.0,0.75,0.642,,,,,,,,
1630192,Zeke Nnaji,1610612743,DEN,F-C,25.0,2,1,0.8,,,,,,Less Than 6Ft,Playoffs,,,,,-0.128,,,,,2.0,4.0,0.5,0.628,,,,,,,,
1631243,Mouhamed Gueye,1610612737,ATL,F,23.0,4,2,0.308,,,,,,Less Than 6Ft,Playoffs,,,,,0.108,,,,,3.0,4.0,0.75,0.642,,,,,,,,
1642258,Zaccharie Risacher,1610612737,ATL,F,21.0,3,1,0.444,,,,,,Less Than 6Ft,Playoffs,,,,,0.299,,,,,4.0,4.0,1.0,0.701,,,,,,,,
1642359,Pacôme Dadiet,1610612752,NYK,F,20.0,6,2,0.25,,,,,,Less Than 6Ft,Playoffs,,,,,0.437,,,,,4.0,4.0,1.0,0.563,,,,,,,,
1631133,Jabari Walker,1610612755,PHI,F,23.0,5,3,0.4,,,,,,Less Than 6Ft,Playoffs,,,,,0.294,,,,,4.0,4.0,1.0,0.706,,,,,,,,
202687,Bismack Biyombo,1610612759,SAS,C,33.0,5,4,0.4,,,,,,Less Than 6Ft,Playoffs,,,,,-0.137,,,,,2.0,4.0,0.5,0.637,,,,,,,,
1630557,Corey Kispert,1610612737,ATL,F,27.0,5,2,0.182,,,,,,Less Than 6Ft,Playoffs,,,,,0.092,,,,,3.0,4.0,0.75,0.658,,,,,,,,
1641740,Jaylen Clark,1610612750,MIN,G,24.0,5,2,0.25,,,,,,Less Than 6Ft,Playoffs,,,,,0.038,,,,,2.0,3.0,0.667,0.628,,,,,,,,
1631204,Marcus Sasser,1610612765,DET,G,25.0,5,3,0.158,,,,,,Less Than 6Ft,Playoffs,,,,,-0.326,,,,,1.0,3.0,0.333,0.659,,,,,,,,
1642863,Khaman Maluach,1610612756,PHX,C,19.0,4,2,0.125,,,,,,Less Than 6Ft,Playoffs,,,,,-0.035,,,,,2.0,3.0,0.667,0.702,,,,,,,,
1642853,Rasheer Fleming,1610612756,PHX,F,21.0,2,2,0.375,,,,,,Less Than 6Ft,Playoffs,,,,,-0.302,,,,,1.0,3.0,0.333,0.635,,,,,,,,
1642449,Tolu Smith,1610612765,DET,F,25.0,1,1,0.75,,,,,,Less Than 6Ft,Playoffs,,,,,-0.338,,,,,1.0,3.0,0.333,0.672,,,,,,,,
1628989,Kevin Huerter,1610612765,DET,G-F,27.0,5,2,0.231,,,,,,Less Than 6Ft,Playoffs,,,,,0.396,,,,,3.0,3.0,1.0,0.604,,,,,,,,
1642864,Hugo González,1610612738,BOS,G,20.0,4,3,0.375,,,,,,Less Than 6Ft,Playoffs,,,,,-0.289,,,,,1.0,3.0,0.333,0.623,,,,,,,,
1630570,Trendon Watford,1610612755,PHI,G-F,25.0,5,3,0.2,,,,,,Less Than 6Ft,Playoffs,,,,,0.18,,,,,2.0,3.0,0.667,0.486,,,,,,,,
1631207,Dalen Terry,1610612755,PHI,F,23.0,6,3,0.214,,,,,,Less Than 6Ft,Playoffs,,,,,0.001,,,,,2.0,3.0,0.667,0.666,,,,,,,,
1628960,Grayson Allen,1610612756,PHX,G,30.0,2,2,0.176,,,,,,Less Than 6Ft,Playoffs,,,,,-0.264,,,,,1.0,3.0,0.333,0.597,,,,,,,,
1642278,Tyler Kolek,1610612752,NYK,G,25.0,6,2,0.158,,,,,,Less Than 6Ft,Playoffs,,,,,0.418,,,,,3.0,3.0,1.0,0.582,,,,,,,,
1631200,Kris Murray,1610612757,POR,F,25.0,3,2,0.375,,,,,,Less Than 6Ft,Playoffs,,,,,-0.331,,,,,1.0,3.0,0.333,0.664,,,,,,,,
1631199,Ron Harper Jr.,1610612738,BOS,G-F,26.0,3,2,0.375,,,,,,Less Than 6Ft,Playoffs,,,,,0.37,,,,,3.0,3.0,1.0,0.63,,,,,,,,
1630811,Keaton Wallace,1610612737,ATL,G,27.0,2,2,0.6,,,,,,Less Than 6Ft,Playoffs,,,,,0.328,,,,,3.0,3.0,1.0,0.672,,,,,,,,
201142,Kevin Durant,1610612745,HOU,F,37.0,1,1,0.273,,,,,,Less Than 6Ft,Playoffs,,,,,-0.002,,,,,2.0,3.0,0.667,0.668,,,,,,,,
1642261,Dalton Knecht,1610612747,LAL,F,25.0,4,2,0.333,,,,,,Less Than 6Ft,Playoffs,,,,,-0.063,,,,,1.0,2.0,0.5,0.563,,,,,,,,
1642355,Bronny James,1610612747,LAL,G,21.0,6,1,0.133,,,,,,Less Than 6Ft,Playoffs,,,,,0.323,,,,,2.0,2.0,1.0,0.677,,,,,,,,
1626145,Tyus Jones,1610612743,DEN,G,30.0,3,2,0.222,,,,,,Less Than 6Ft,Playoffs,,,,,0.429,,,,,2.0,2.0,1.0,0.572,,,,,,,,
1631110,Jeremy Sochan,1610612752,NYK,F,23.0,4,2,0.25,,,,,,Less Than 6Ft,Playoffs,,,,,-0.156,,,,,1.0,2.0,0.5,0.656,,,,,,,,
1642885,Mohamed Diawara,1610612752,NYK,F,21.0,5,2,0.286,,,,,,Less Than 6Ft,Playoffs,,,,,-0.613,,,,,0.0,2.0,0.0,0.613,,,,,,,,
204060,Joe Ingles,1610612750,MIN,F-G,38.0,2,2,0.5,,,,,,Less Than 6Ft,Playoffs,,,,,0.254,,,,,2.0,2.0,1.0,0.747,,,,,,,,
1631321,Sidy Cissoko,1610612757,POR,G,22.0,2,1,0.4,,,,,,Less Than 6Ft,Playoffs,,,,,0.329,,,,,2.0,2.0,1.0,0.671,,,,,,,,
1630322,Lindy Waters III,1610612759,SAS,F,28.0,3,2,0.333,,,,,,Less Than 6Ft,Playoffs,,,,,-0.128,,,,,1.0,2.0,0.5,0.628,,,,,,,,
1642260,Nikola Topić,1610612760,OKC,G,20.0,3,1,0.2,,,,,,Less Than 6Ft,Playoffs,,,,,-0.657,,,,,0.0,1.0,0.0,0.657,,,,,,,,
1628467,Maxi Kleber,1610612747,LAL,F,34.0,2,1,0.143,,,,,,Less Than 6Ft,Playoffs,,,,,-0.5,,,,,0.0,1.0,0.0,0.5,,,,,,,,
201145,Jeff Green,1610612745,HOU,F,39.0,2,1,0.2,,,,,,Less Than 6Ft,Playoffs,,,,,0.309,,,,,1.0,1.0,1.0,0.691,,,,,,,,
1626204,Larry Nance Jr.,1610612739,CLE,F-C,33.0,1,1,1.0,,,,,,Less Than 6Ft,Playoffs,,,,,0.389,,,,,1.0,1.0,1.0,0.611,,,,,,,,
1642367,Jonathan Mogbo,1610612761,TOR,F,24.0,1,1,1.0,,,,,,Less Than 6Ft,Playoffs,,,,,0.315,,,,,1.0,1.0,1.0,0.685,,,,,,,,
1630639,A.J. Lawson,1610612761,TOR,G,25.0,3,1,0.143,,,,,,Less Than 6Ft,Playoffs,,,,,0.462,,,,,1.0,1.0,1.0,0.538,,,,,,,,
1641780,Johni Broome,1610612755,PHI,F,23.0,1,1,1.0,,,,,,Less Than 6Ft,Playoffs,,,,,0.296,,,,,1.0,1.0,1.0,0.704,,,,,,,,
1631124,Julian Strawther,1610612743,DEN,G,24.0,2,1,0.2,,,,,,Less Than 6Ft,Playoffs,,,,,0.467,,,,,1.0,1.0,1.0,0.533,,,,,,,,
1641747,DaRon Holmes II,1610612743,DEN,F,23.0,1,1,0.25,,,,,,Less Than 6Ft,Playoffs,,,,,0.391,,,,,1.0,1.0,1.0,0.609,,,,,,,,
1629618,Jalen Pickett,1610612743,DEN,G,26.0,1,1,0.5,,,,,,Less Than 6Ft,Playoffs,,,,,-0.687,,,,,0.0,1.0,0.0,0.687,,,,,,,,
1642854,Asa Newell,1610612737,ATL,F,20.0,2,1,0.25,,,,,,Less Than 6Ft,Playoffs,,,,,-0.652,,,,,0.0,1.0,0.0,0.652,,,,,,,,
1631218,Trayce Jackson-Davis,1610612761,TOR,F,26.0,1,1,0.5,,,,,,Less Than 6Ft,Playoffs,,,,,0.355,,,,,1.0,1.0,1.0,0.645,,,,,,,,
1641854,Craig Porter Jr.,1610612739,CLE,G,26.0,2,1,0.5,,,,,,Less Than 6Ft,Playoffs,,,,,-0.607,,,,,0.0,1.0,0.0,0.607,,,,,,,,
1642878,Tyrese Proctor,1610612739,CLE,G,22.0,1,1,0.167,,,,,,Less Than 6Ft,Playoffs,,,,,0.348,,,,,1.0,1.0,1.0,0.652,,,,,,,,
1630249,Vít Krejčí,1610612757,POR,G,26.0,1,1,0.5,,,,,,Less Than 6Ft,Playoffs,,,,,0.35,,,,,1.0,1.0,1.0,0.65,,,,,,,,
1629021,Moritz Wagner,1610612753,ORL,F-C,29.0,1,1,0.5,,,,,,Less Than 6Ft,Playoffs,,,,,-0.715,,,,,0.0,1.0,0.0,0.715,,,,,,,,
1641705,Victor Wembanyama,1610612759,SAS,F-C,22.0,22,22,0.434,,,,,,Less Than 10Ft,Playoffs,,,,,-0.221,,,,,,,,,65.0,167.0,0.389,0.611,,,,
1630596,Evan Mobley,1610612739,CLE,C,25.0,18,18,0.568,,,,,,Less Than 10Ft,Playoffs,,,,,-0.132,,,,,,,,,78.0,162.0,0.481,0.614,,,,
1628386,Jarrett Allen,1610612739,CLE,C,28.0,18,18,0.655,,,,,,Less Than 10Ft,Playoffs,,,,,-0.069,,,,,,,,,86.0,156.0,0.551,0.621,,,,
1626157,Karl-Anthony Towns,1610612752,NYK,C-F,30.0,19,19,0.526,,,,,,Less Than 10Ft,Playoffs,,,,,-0.072,,,,,,,,,75.0,142.0,0.528,0.6,,,,
1628436,Luke Kornet,1610612759,SAS,C-F,30.0,23,22,0.605,,,,,,Less Than 10Ft,Playoffs,,,,,-0.105,,,,,,,,,56.0,112.0,0.5,0.605,,,,
1631096,Chet Holmgren,1610612760,OKC,C-F,24.0,15,15,0.512,,,,,,Less Than 10Ft,Playoffs,,,,,-0.126,,,,,,,,,51.0,106.0,0.481,0.607,,,,
1630577,Julian Champagnie,1610612759,SAS,F,25.0,23,23,0.398,,,,,,Less Than 10Ft,Playoffs,,,,,0.039,,,,,,,,,66.0,103.0,0.641,0.602,,,,
1630170,Devin Vassell,1610612759,SAS,G-F,25.0,23,23,0.387,,,,,,Less Than 10Ft,Playoffs,,,,,-0.091,,,,,,,,,49.0,98.0,0.5,0.591,,,,
201935,James Harden,1610612739,CLE,G,36.0,18,18,0.412,,,,,,Less Than 10Ft,Playoffs,,,,,0.057,,,,,,,,,63.0,96.0,0.656,0.599,,,,
1642264,Stephon Castle,1610612759,SAS,G,21.0,23,23,0.341,,,,,,Less Than 10Ft,Playoffs,,,,,-0.079,,,,,,,,,48.0,95.0,0.505,0.584,,,,
203497,Rudy Gobert,1610612750,MIN,C,34.0,12,12,0.448,,,,,,Less Than 10Ft,Playoffs,,,,,-0.048,,,,,,,,,55.0,95.0,0.579,0.627,,,,
1631105,Jalen Duren,1610612765,DET,C,22.0,14,14,0.579,,,,,,Less Than 10Ft,Playoffs,,,,,-0.064,,,,,,,,,50.0,92.0,0.543,0.608,,,,
1628384,OG Anunoby,1610612752,NYK,F-G,28.0,17,17,0.41,,,,,,Less Than 10Ft,Playoffs,,,,,-0.097,,,,,,,,,46.0,91.0,0.505,0.603,,,,
1628404,Josh Hart,1610612752,NYK,G,31.0,19,19,0.392,,,,,,Less Than 10Ft,Playoffs,,,,,0.001,,,,,,,,,49.0,83.0,0.59,0.59,,,,
202699,Tobias Harris,1610612765,DET,F,33.0,14,14,0.443,,,,,,Less Than 10Ft,Playoffs,,,,,-0.037,,,,,,,,,43.0,77.0,0.558,0.595,,,,
1628973,Jalen Brunson,1610612752,NYK,G,29.0,19,19,0.376,,,,,,Less Than 10Ft,Playoffs,,,,,0.109,,,,,,,,,53.0,77.0,0.688,0.58,,,,
1628368,De'Aaron Fox,1610612759,SAS,G,28.0,21,21,0.318,,,,,,Less Than 10Ft,Playoffs,,,,,-0.13,,,,,,,,,34.0,75.0,0.453,0.583,,,,
1642844,Dylan Harper,1610612759,SAS,G,20.0,23,22,0.369,,,,,,Less Than 10Ft,Playoffs,,,,,-0.123,,,,,,,,,33.0,72.0,0.458,0.582,,,,
1628392,Isaiah Hartenstein,1610612760,OKC,C-F,28.0,15,15,0.483,,,,,,Less Than 10Ft,Playoffs,,,,,-0.151,,,,,,,,,35.0,72.0,0.486,0.637,,,,
1630595,Cade Cunningham,1610612765,DET,G,24.0,14,14,0.351,,,,,,Less Than 10Ft,Playoffs,,,,,-0.035,,,,,,,,,40.0,71.0,0.563,0.598,,,,
1629028,Deandre Ayton,1610612747,LAL,C,27.0,10,10,0.402,,,,,,Less Than 10Ft,Playoffs,,,,,-0.054,,,,,,,,,35.0,66.0,0.53,0.584,,,,
1630183,Jaden McDaniels,1610612750,MIN,F,25.0,12,11,0.417,,,,,,Less Than 10Ft,Playoffs,,,,,0.023,,,,,,,,,40.0,65.0,0.615,0.592,,,,
203999,Nikola Jokić,1610612743,DEN,C,31.0,6,6,0.61,,,,,,Less Than 10Ft,Playoffs,,,,,-0.02,,,,,,,,,38.0,64.0,0.594,0.614,,,,
1628976,Wendell Carter Jr.,1610612753,ORL,C-F,27.0,7,7,0.63,,,,,,Less Than 10Ft,Playoffs,,,,,-0.055,,,,,,,,,34.0,63.0,0.54,0.595,,,,
1628969,Mikal Bridges,1610612752,NYK,G-F,29.0,19,18,0.371,,,,,,Less Than 10Ft,Playoffs,,,,,-0.012,,,,,,,,,36.0,62.0,0.581,0.592,,,,
1629622,Max Strus,1610612739,CLE,G-F,30.0,18,18,0.321,,,,,,Less Than 10Ft,Playoffs,,,,,-0.034,,,,,,,,,35.0,62.0,0.565,0.598,,,,
1628983,Shai Gilgeous-Alexander,1610612760,OKC,G,27.0,15,15,0.4,,,,,,Less Than 10Ft,Playoffs,,,,,-0.111,,,,,,,,,31.0,62.0,0.5,0.611,,,,
1629060,Rui Hachimura,1610612747,LAL,F,28.0,10,10,0.459,,,,,,Less Than 10Ft,Playoffs,,,,,-0.018,,,,,,,,,35.0,61.0,0.574,0.592,,,,
203944,Julius Randle,1610612750,MIN,F-C,31.0,12,12,0.504,,,,,,Less Than 10Ft,Playoffs,,,,,-0.008,,,,,,,,,36.0,60.0,0.6,0.608,,,,
1628378,Donovan Mitchell,1610612739,CLE,G,29.0,18,17,0.349,,,,,,Less Than 10Ft,Playoffs,,,,,-0.061,,,,,,,,,31.0,60.0,0.517,0.577,,,,
1630578,Alperen Sengun,1610612745,HOU,C,23.0,6,6,0.63,,,,,,Less Than 10Ft,Playoffs,,,,,-0.029,,,,,,,,,36.0,58.0,0.621,0.649,,,,
1641709,Ausar Thompson,1610612765,DET,G-F,23.0,14,14,0.419,,,,,,Less Than 10Ft,Playoffs,,,,,-0.182,,,,,,,,,24.0,57.0,0.421,0.603,,,,
1629675,Naz Reid,1610612750,MIN,C-F,26.0,12,12,0.486,,,,,,Less Than 10Ft,Playoffs,,,,,0.019,,,,,,,,,34.0,54.0,0.63,0.61,,,,
1630162,Anthony Edwards,1610612750,MIN,G,24.0,10,10,0.491,,,,,,Less Than 10Ft,Playoffs,,,,,-0.003,,,,,,,,,32.0,54.0,0.593,0.595,,,,
1629731,Dean Wade,1610612739,CLE,F-C,29.0,18,18,0.424,,,,,,Less Than 10Ft,Playoffs,,,,,0.094,,,,,,,,,36.0,53.0,0.679,0.585,,,,
203954,Joel Embiid,1610612755,PHI,C-F,32.0,7,7,0.53,,,,,,Less Than 10Ft,Playoffs,,,,,0.035,,,,,,,,,35.0,53.0,0.66,0.626,,,,
1630241,Sam Merrill,1610612739,CLE,G,30.0,17,17,0.44,,,,,,Less Than 10Ft,Playoffs,,,,,-0.045,,,,,,,,,27.0,51.0,0.529,0.574,,,,
202331,Paul George,1610612755,PHI,F,36.0,11,11,0.329,,,,,,Less Than 10Ft,Playoffs,,,,,-0.034,,,,,,,,,29.0,50.0,0.58,0.614,,,,
1641717,Cason Wallace,1610612760,OKC,G,22.0,15,13,0.338,,,,,,Less Than 10Ft,Playoffs,,,,,0.066,,,,,,,,,33.0,49.0,0.673,0.607,,,,
1629640,Keldon Johnson,1610612759,SAS,F-G,26.0,23,20,0.356,,,,,,Less Than 10Ft,Playoffs,,,,,0.07,,,,,,,,,32.0,48.0,0.667,0.597,,,,
1630191,Isaiah Stewart,1610612765,DET,F-C,25.0,14,14,0.632,,,,,,Less Than 10Ft,Playoffs,,,,,-0.224,,,,,,,,,18.0,48.0,0.375,0.599,,,,
1628379,Luke Kennard,1610612747,LAL,G,30.0,10,9,0.435,,,,,,Less Than 10Ft,Playoffs,,,,,0.064,,,,,,,,,31.0,47.0,0.66,0.596,,,,
1627936,Alex Caruso,1610612760,OKC,G,32.0,15,13,0.379,,,,,,Less Than 10Ft,Playoffs,,,,,-0.081,,,,,,,,,25.0,47.0,0.532,0.613,,,,
1630245,Ayo Dosunmu,1610612750,MIN,G,26.0,10,10,0.451,,,,,,Less Than 10Ft,Playoffs,,,,,-0.115,,,,,,,,,22.0,46.0,0.478,0.594,,,,
1629011,Mitchell Robinson,1610612752,NYK,C-F,28.0,18,18,0.39,,,,,,Less Than 10Ft,Playoffs,,,,,-0.062,,,,,,,,,25.0,46.0,0.543,0.606,,,,
1627751,Jakob Poeltl,1610612761,TOR,C,30.0,7,7,0.643,,,,,,Less Than 10Ft,Playoffs,,,,,-0.106,,,,,,,,,24.0,45.0,0.533,0.64,,,,
1630540,Miles McBride,1610612752,NYK,G,25.0,19,17,0.379,,,,,,Less Than 10Ft,Playoffs,,,,,0.086,,,,,,,,,30.0,44.0,0.682,0.596,,,,
1642845,VJ Edgecombe,1610612755,PHI,G,20.0,11,11,0.321,,,,,,Less Than 10Ft,Playoffs,,,,,-0.095,,,,,,,,,22.0,44.0,0.5,0.595,,,,
1626162,Kelly Oubre Jr.,1610612755,PHI,F-G,30.0,11,11,0.364,,,,,,Less Than 10Ft,Playoffs,,,,,0.186,,,,,,,,,35.0,44.0,0.795,0.609,,,,
1629674,Neemias Queta,1610612738,BOS,C,26.0,7,7,0.473,,,,,,Less Than 10Ft,Playoffs,,,,,-0.126,,,,,,,,,20.0,44.0,0.455,0.58,,,,
1631119,Jaylin Williams,1610612760,OKC,F,24.0,15,14,0.402,,,,,,Less Than 10Ft,Playoffs,,,,,0.003,,,,,,,,,26.0,43.0,0.605,0.601,,,,
1642450,Daniss Jenkins,1610612765,DET,G,24.0,13,12,0.462,,,,,,Less Than 10Ft,Playoffs,,,,,0.085,,,,,,,,,28.0,42.0,0.667,0.582,,,,
1629130,Duncan Robinson,1610612765,DET,F,32.0,13,13,0.393,,,,,,Less Than 10Ft,Playoffs,,,,,-0.023,,,,,,,,,24.0,42.0,0.571,0.595,,,,
1629638,Nickeil Alexander-Walker,1610612737,ATL,G,27.0,6,6,0.532,,,,,,Less Than 10Ft,Playoffs,,,,,0.0,,,,,,,,,25.0,42.0,0.595,0.595,,,,
1642867,Collin Murray-Boyles,1610612761,TOR,F,21.0,7,7,0.519,,,,,,Less Than 10Ft,Playoffs,,,,,0.037,,,,,,,,,28.0,42.0,0.667,0.63,,,,
1630567,Scottie Barnes,1610612761,TOR,F-G,24.0,7,7,0.477,,,,,,Less Than 10Ft,Playoffs,,,,,0.036,,,,,,,,,26.0,41.0,0.634,0.598,,,,
1629013,Landry Shamet,1610612752,NYK,G,29.0,17,14,0.411,,,,,,Less Than 10Ft,Playoffs,,,,,-0.134,,,,,,,,,18.0,39.0,0.462,0.595,,,,
1629628,RJ Barrett,1610612761,TOR,F-G,26.0,7,7,0.386,,,,,,Less Than 10Ft,Playoffs,,,,,-0.022,,,,,,,,,23.0,39.0,0.59,0.612,,,,
1630591,Jalen Suggs,1610612753,ORL,G,25.0,7,7,0.494,,,,,,Less Than 10Ft,Playoffs,,,,,0.023,,,,,,,,,23.0,38.0,0.605,0.582,,,,
1631094,Paolo Banchero,1610612753,ORL,F,23.0,7,7,0.376,,,,,,Less Than 10Ft,Playoffs,,,,,-0.01,,,,,,,,,22.0,38.0,0.579,0.589,,,,
1630168,Onyeka Okongwu,1610612737,ATL,F-C,25.0,6,6,0.587,,,,,,Less Than 10Ft,Playoffs,,,,,0.014,,,,,,,,,23.0,37.0,0.622,0.608,,,,
1629637,Jaxson Hayes,1610612747,LAL,C-F,26.0,10,10,0.521,,,,,,Less Than 10Ft,Playoffs,,,,,-0.176,,,,,,,,,15.0,37.0,0.405,0.581,,,,
202696,Nikola Vučević,1610612738,BOS,C,35.0,6,6,0.587,,,,,,Less Than 10Ft,Playoffs,,,,,-0.012,,,,,,,,,21.0,37.0,0.568,0.58,,,,
1630178,Tyrese Maxey,1610612755,PHI,G,25.0,11,10,0.31,,,,,,Less Than 10Ft,Playoffs,,,,,-0.067,,,,,,,,,19.0,36.0,0.528,0.594,,,,
1642349,Ajay Mitchell,1610612760,OKC,G,24.0,11,11,0.353,,,,,,Less Than 10Ft,Playoffs,,,,,-0.108,,,,,,,,,17.0,36.0,0.472,0.58,,,,
1630559,Austin Reaves,1610612747,LAL,G,28.0,6,6,0.474,,,,,,Less Than 10Ft,Playoffs,,,,,0.098,,,,,,,,,25.0,36.0,0.694,0.596,,,,
1627750,Jamal Murray,1610612743,DEN,G,29.0,6,6,0.438,,,,,,Less Than 10Ft,Playoffs,,,,,0.05,,,,,,,,,22.0,35.0,0.629,0.579,,,,
203935,Marcus Smart,1610612747,LAL,G,32.0,10,10,0.361,,,,,,Less Than 10Ft,Playoffs,,,,,-0.065,,,,,,,,,18.0,35.0,0.514,0.579,,,,
1630552,Jalen Johnson,1610612737,ATL,F,24.0,6,6,0.507,,,,,,Less Than 10Ft,Playoffs,,,,,0.066,,,,,,,,,23.0,34.0,0.676,0.611,,,,
1631106,Tari Eason,1610612745,HOU,F,25.0,6,6,0.54,,,,,,Less Than 10Ft,Playoffs,,,,,-0.136,,,,,,,,,17.0,34.0,0.5,0.636,,,,
1629652,Luguentz Dort,1610612760,OKC,G,27.0,15,11,0.351,,,,,,Less Than 10Ft,Playoffs,,,,,0.193,,,,,,,,,28.0,34.0,0.824,0.63,,,,
1642461,Spencer Jones,1610612743,DEN,F,25.0,6,5,0.552,,,,,,Less Than 10Ft,Playoffs,,,,,-0.152,,,,,,,,,14.0,32.0,0.438,0.59,,,,
1629048,Goga Bitadze,1610612753,ORL,C-F,26.0,6,6,0.744,,,,,,Less Than 10Ft,Playoffs,,,,,-0.082,,,,,,,,,15.0,32.0,0.469,0.55,,,,
201144,Mike Conley,1610612750,MIN,G,38.0,11,11,0.574,,,,,,Less Than 10Ft,Playoffs,,,,,0.119,,,,,,,,,22.0,31.0,0.71,0.59,,,,
1630166,Deni Avdija,1610612757,POR,F,25.0,5,5,0.544,,,,,,Less Than 10Ft,Playoffs,,,,,-0.08,,,,,,,,,16.0,31.0,0.516,0.596,,,,
1631095,Jabari Smith Jr.,1610612745,HOU,F,23.0,6,6,0.437,,,,,,Less Than 10Ft,Playoffs,,,,,-0.181,,,,,,,,,14.0,31.0,0.452,0.632,,,,
1627747,Caris LeVert,1610612765,DET,G,31.0,12,10,0.5,,,,,,Less Than 10Ft,Playoffs,,,,,-0.142,,,,,,,,,13.0,31.0,0.419,0.562,,,,
1642868,Carter Bryant,1610612759,SAS,F,20.0,20,16,0.366,,,,,,Less Than 10Ft,Playoffs,,,,,-0.046,,,,,,,,,16.0,30.0,0.533,0.58,,,,
1642270,Donovan Clingan,1610612757,POR,C,22.0,5,5,0.469,,,,,,Less Than 10Ft,Playoffs,,,,,-0.115,,,,,,,,,15.0,30.0,0.5,0.615,,,,
1627759,Jaylen Brown,1610612738,BOS,G-F,29.0,7,7,0.508,,,,,,Less Than 10Ft,Playoffs,,,,,-0.009,,,,,,,,,17.0,30.0,0.567,0.575,,,,
1630194,Paul Reed,1610612765,DET,F,27.0,8,7,0.698,,,,,,Less Than 10Ft,Playoffs,,,,,-0.16,,,,,,,,,14.0,30.0,0.467,0.627,,,,
1629661,Cameron Johnson,1610612743,DEN,F,30.0,6,6,0.46,,,,,,Less Than 10Ft,Playoffs,,,,,-0.105,,,,,,,,,14.0,29.0,0.483,0.588,,,,
203471,Dennis Schröder,1610612739,CLE,G,32.0,17,13,0.387,,,,,,Less Than 10Ft,Playoffs,,,,,0.06,,,,,,,,,18.0,29.0,0.621,0.561,,,,
1641708,Amen Thompson,1610612745,HOU,G-F,23.0,6,6,0.446,,,,,,Less Than 10Ft,Playoffs,,,,,-0.115,,,,,,,,,15.0,29.0,0.517,0.632,,,,
1642266,Ja'Kobe Walter,1610612761,TOR,G,21.0,7,7,0.377,,,,,,Less Than 10Ft,Playoffs,,,,,0.116,,,,,,,,,21.0,29.0,0.724,0.608,,,,
1642281,Jaylon Tyson,1610612739,CLE,G-F,23.0,16,12,0.406,,,,,,Less Than 10Ft,Playoffs,,,,,0.045,,,,,,,,,18.0,28.0,0.643,0.598,,,,
203083,Andre Drummond,1610612755,PHI,C,32.0,11,7,0.424,,,,,,Less Than 10Ft,Playoffs,,,,,0.07,,,,,,,,,19.0,28.0,0.679,0.609,,,,
2544,LeBron James,1610612747,LAL,F,41.0,10,9,0.373,,,,,,Less Than 10Ft,Playoffs,,,,,-0.015,,,,,,,,,17.0,28.0,0.607,0.622,,,,
1630545,Terrence Shannon Jr,1610612750,MIN,G-F,25.0,9,9,0.412,,,,,,Less Than 10Ft,Playoffs,,,,,0.069,,,,,,,,,19.0,28.0,0.679,0.61,,,,
1630700,Dyson Daniels,1610612737,ATL,G,23.0,6,6,0.491,,,,,,Less Than 10Ft,Playoffs,,,,,0.12,,,,,,,,,19.0,27.0,0.704,0.584,,,,
1631222,Jake LaRavia,1610612747,LAL,F,24.0,8,8,0.5,,,,,,Less Than 10Ft,Playoffs,,,,,-0.015,,,,,,,,,15.0,27.0,0.556,0.571,,,,
1628401,Derrick White,1610612738,BOS,G,31.0,7,6,0.257,,,,,,Less Than 10Ft,Playoffs,,,,,-0.08,,,,,,,,,13.0,26.0,0.5,0.58,,,,
203468,CJ McCollum,1610612737,ATL,G,34.0,6,5,0.321,,,,,,Less Than 10Ft,Playoffs,,,,,-0.134,,,,,,,,,12.0,26.0,0.462,0.595,,,,
1641739,Toumani Camara,1610612757,POR,F,26.0,5,5,0.391,,,,,,Less Than 10Ft,Playoffs,,,,,-0.138,,,,,,,,,12.0,25.0,0.48,0.618,,,,
1630228,Jonathan Kuminga,1610612737,ATL,F,23.0,6,6,0.5,,,,,,Less Than 10Ft,Playoffs,,,,,-0.074,,,,,,,,,13.0,24.0,0.542,0.616,,,,
1642345,Oso Ighodaro,1610612756,PHX,F,23.0,4,4,0.471,,,,,,Less Than 10Ft,Playoffs,,,,,0.03,,,,,,,,,16.0,24.0,0.667,0.636,,,,
1641737,Adem Bona,1610612755,PHI,F,23.0,8,7,0.469,,,,,,Less Than 10Ft,Playoffs,,,,,-0.125,,,,,,,,,11.0,23.0,0.478,0.603,,,,
1630574,Ariel Hukporti,1610612752,NYK,C,24.0,9,9,0.548,,,,,,Less Than 10Ft,Playoffs,,,,,-0.076,,,,,,,,,12.0,23.0,0.522,0.598,,,,
1630573,Sam Hauser,1610612738,BOS,F,28.0,7,7,0.418,,,,,,Less Than 10Ft,Playoffs,,,,,0.076,,,,,,,,,15.0,23.0,0.652,0.576,,,,
1630224,Jalen Green,1610612756,PHX,G,24.0,4,4,0.523,,,,,,Less Than 10Ft,Playoffs,,,,,0.081,,,,,,,,,16.0,23.0,0.696,0.615,,,,
1629057,Robert Williams III,1610612757,POR,C-F,28.0,5,5,0.393,,,,,,Less Than 10Ft,Playoffs,,,,,-0.108,,,,,,,,,11.0,22.0,0.5,0.608,,,,
203932,Aaron Gordon,1610612743,DEN,F,30.0,3,3,0.488,,,,,,Less Than 10Ft,Playoffs,,,,,0.01,,,,,,,,,13.0,21.0,0.619,0.609,,,,
203924,Jerami Grant,1610612757,POR,F,32.0,5,5,0.583,,,,,,Less Than 10Ft,Playoffs,,,,,0.107,,,,,,,,,15.0,21.0,0.714,0.607,,,,
1629216,Gabe Vincent,1610612737,ATL,G,30.0,6,6,0.553,,,,,,Less Than 10Ft,Playoffs,,,,,0.011,,,,,,,,,13.0,21.0,0.619,0.608,,,,
1626164,Devin Booker,1610612756,PHX,G,29.0,4,4,0.438,,,,,,Less Than 10Ft,Playoffs,,,,,0.101,,,,,,,,,15.0,21.0,0.714,0.613,,,,
1628971,Bruce Brown,1610612743,DEN,G-F,29.0,6,6,0.541,,,,,,Less Than 10Ft,Playoffs,,,,,0.211,,,,,,,,,16.0,20.0,0.8,0.589,,,,
1631288,Jamal Cain,1610612753,ORL,F,27.0,7,7,0.476,,,,,,Less Than 10Ft,Playoffs,,,,,-0.06,,,,,,,,,10.0,20.0,0.5,0.56,,,,
1642263,Reed Sheppard,1610612745,HOU,G,22.0,6,6,0.328,,,,,,Less Than 10Ft,Playoffs,,,,,0.152,,,,,,,,,14.0,19.0,0.737,0.585,,,,
1628415,Dillon Brooks,1610612756,PHX,G-F,30.0,4,4,0.322,,,,,,Less Than 10Ft,Playoffs,,,,,-0.032,,,,,,,,,11.0,19.0,0.579,0.611,,,,
1627742,Brandon Ingram,1610612761,TOR,F,28.0,5,5,0.452,,,,,,Less Than 10Ft,Playoffs,,,,,-0.232,,,,,,,,,7.0,19.0,0.368,0.6,,,,
1631128,Christian Braun,1610612743,DEN,G,25.0,6,6,0.353,,,,,,Less Than 10Ft,Playoffs,,,,,-0.033,,,,,,,,,10.0,18.0,0.556,0.589,,,,
1641710,Anthony Black,1610612753,ORL,G,22.0,7,6,0.286,,,,,,Less Than 10Ft,Playoffs,,,,,-0.064,,,,,,,,,9.0,18.0,0.5,0.564,,,,
203501,Tim Hardaway Jr.,1610612743,DEN,G-F,34.0,6,6,0.37,,,,,,Less Than 10Ft,Playoffs,,,,,0.114,,,,,,,,,12.0,17.0,0.706,0.592,,,,
201950,Jrue Holiday,1610612757,POR,G,36.0,5,5,0.315,,,,,,Less Than 10Ft,Playoffs,,,,,0.044,,,,,,,,,11.0,17.0,0.647,0.603,,,,
1629656,Quentin Grimes,1610612755,PHI,G,26.0,11,9,0.254,,,,,,Less Than 10Ft,Playoffs,,,,,0.033,,,,,,,,,11.0,17.0,0.647,0.614,,,,
1628418,Thomas Bryant,1610612739,CLE,C-F,28.0,8,7,0.64,,,,,,Less Than 10Ft,Playoffs,,,,,0.101,,,,,,,,,11.0,16.0,0.688,0.586,,,,
1629750,Javonte Green,1610612765,DET,G,32.0,11,6,0.372,,,,,,Less Than 10Ft,Playoffs,,,,,-0.129,,,,,,,,,7.0,16.0,0.438,0.566,,,,
1631230,Dominick Barlow,1610612755,PHI,F,23.0,8,6,0.327,,,,,,Less Than 10Ft,Playoffs,,,,,-0.033,,,,,,,,,9.0,16.0,0.563,0.596,,,,
1630568,Luka Garza,1610612738,BOS,C,27.0,5,5,0.457,,,,,,Less Than 10Ft,Playoffs,,,,,0.093,,,,,,,,,11.0,16.0,0.688,0.595,,,,
1642272,Jared McCain,1610612760,OKC,G,22.0,13,7,0.235,,,,,,Less Than 10Ft,Playoffs,,,,,0.149,,,,,,,,,12.0,16.0,0.75,0.601,,,,
1631221,Collin Gillespie,1610612756,PHX,G,27.0,4,4,0.327,,,,,,Less Than 10Ft,Playoffs,,,,,0.085,,,,,,,,,11.0,16.0,0.688,0.602,,,,
1628369,Jayson Tatum,1610612738,BOS,F-G,28.0,6,5,0.262,,,,,,Less Than 10Ft,Playoffs,,,,,-0.077,,,,,,,,,8.0,16.0,0.5,0.577,,,,
1630538,Bones Hyland,1610612750,MIN,G,25.0,10,9,0.455,,,,,,Less Than 10Ft,Playoffs,,,,,0.151,,,,,,,,,11.0,15.0,0.733,0.582,,,,
1631114,Jalen Williams,1610612760,OKC,G-F,25.0,5,4,0.484,,,,,,Less Than 10Ft,Playoffs,,,,,0.071,,,,,,,,,10.0,15.0,0.667,0.595,,,,
1630198,Isaiah Joe,1610612760,OKC,G,26.0,10,6,0.349,,,,,,Less Than 10Ft,Playoffs,,,,,0.119,,,,,,,,,11.0,15.0,0.733,0.614,,,,
1630532,Franz Wagner,1610612753,ORL,F,24.0,4,3,0.349,,,,,,Less Than 10Ft,Playoffs,,,,,-0.11,,,,,,,,,7.0,15.0,0.467,0.577,,,,
1630217,Desmond Bane,1610612753,ORL,G,28.0,7,7,0.28,,,,,,Less Than 10Ft,Playoffs,,,,,0.049,,,,,,,,,9.0,14.0,0.643,0.594,,,,
1630598,Aaron Wiggins,1610612760,OKC,G,27.0,9,6,0.467,,,,,,Less Than 10Ft,Playoffs,,,,,-0.061,,,,,,,,,8.0,14.0,0.571,0.632,,,,
1629026,Kenrich Williams,1610612760,OKC,G-F,31.0,8,7,0.583,,,,,,Less Than 10Ft,Playoffs,,,,,-0.052,,,,,,,,,8.0,14.0,0.571,0.623,,,,
1642347,Jamal Shead,1610612761,TOR,G,23.0,7,6,0.233,,,,,,Less Than 10Ft,Playoffs,,,,,-0.01,,,,,,,,,8.0,14.0,0.571,0.582,,,,
1641783,Tristan da Silva,1610612753,ORL,F,25.0,7,6,0.394,,,,,,Less Than 10Ft,Playoffs,,,,,-0.073,,,,,,,,,6.0,13.0,0.462,0.535,,,,
1642419,Jamison Battle,1610612761,TOR,F,25.0,5,4,0.481,,,,,,Less Than 10Ft,Playoffs,,,,,-0.168,,,,,,,,,5.0,13.0,0.385,0.553,,,,
1630703,Scoot Henderson,1610612757,POR,G,22.0,5,4,0.333,,,,,,Less Than 10Ft,Playoffs,,,,,0.146,,,,,,,,,9.0,12.0,0.75,0.604,,,,
1628988,Aaron Holiday,1610612745,HOU,G,29.0,6,6,0.522,,,,,,Less Than 10Ft,Playoffs,,,,,0.048,,,,,,,,,8.0,12.0,0.667,0.618,,,,
1630631,Jose Alvarado,1610612752,NYK,G,28.0,16,9,0.275,,,,,,Less Than 10Ft,Playoffs,,,,,-0.211,,,,,,,,,4.0,11.0,0.364,0.574,,,,
203903,Jordan Clarkson,1610612752,NYK,G,34.0,16,9,0.282,,,,,,Less Than 10Ft,Playoffs,,,,,0.226,,,,,,,,,9.0,11.0,0.818,0.592,,,,
1630557,Corey Kispert,1610612737,ATL,F,27.0,5,4,0.5,,,,,,Less Than 10Ft,Playoffs,,,,,0.039,,,,,,,,,7.0,11.0,0.636,0.597,,,,
1630572,Sandro Mamukelashvili,1610612761,TOR,F-C,27.0,7,6,0.333,,,,,,Less Than 10Ft,Playoffs,,,,,0.112,,,,,,,,,8.0,11.0,0.727,0.616,,,,
1631101,Shaedon Sharpe,1610612757,POR,G,23.0,5,3,0.5,,,,,,Less Than 10Ft,Playoffs,,,,,-0.103,,,,,,,,,5.0,10.0,0.5,0.603,,,,
1642348,Justin Edwards,1610612755,PHI,F,22.0,8,4,0.233,,,,,,Less Than 10Ft,Playoffs,,,,,0.312,,,,,,,,,9.0,10.0,0.9,0.588,,,,
1630202,Payton Pritchard,1610612738,BOS,G,28.0,7,5,0.192,,,,,,Less Than 10Ft,Playoffs,,,,,0.232,,,,,,,,,8.0,10.0,0.8,0.568,,,,
1631248,Baylor Scheierman,1610612738,BOS,G,25.0,6,5,0.417,,,,,,Less Than 10Ft,Playoffs,,,,,0.033,,,,,,,,,6.0,10.0,0.6,0.567,,,,
1629006,Josh Okogie,1610612745,HOU,G,27.0,6,5,0.417,,,,,,Less Than 10Ft,Playoffs,,,,,0.264,,,,,,,,,9.0,10.0,0.9,0.636,,,,
1628396,Tony Bradley,1610612737,ATL,C-F,28.0,4,4,0.643,,,,,,Less Than 10Ft,Playoffs,,,,,-0.298,,,,,,,,,3.0,9.0,0.333,0.632,,,,
202685,Jonas Valanciunas,1610612743,DEN,C,34.0,4,3,0.4,,,,,,Less Than 10Ft,Playoffs,,,,,0.018,,,,,,,,,5.0,8.0,0.625,0.607,,,,
1631165,Keon Ellis,1610612739,CLE,G,26.0,7,5,0.381,,,,,,Less Than 10Ft,Playoffs,,,,,-0.088,,,,,,,,,4.0,8.0,0.5,0.588,,,,
1641842,Ronald Holland II,1610612765,DET,F,20.0,6,5,0.333,,,,,,Less Than 10Ft,Playoffs,,,,,-0.208,,,,,,,,,3.0,8.0,0.375,0.583,,,,
1641775,Jordan Walsh,1610612738,BOS,G,22.0,7,5,0.276,,,,,,Less Than 10Ft,Playoffs,,,,,-0.203,,,,,,,,,3.0,8.0,0.375,0.578,,,,
1631243,Mouhamed Gueye,1610612737,ATL,F,23.0,4,3,0.615,,,,,,Less Than 10Ft,Playoffs,,,,,-0.074,,,,,,,,,4.0,8.0,0.5,0.574,,,,
203486,Mason Plumlee,1610612759,SAS,F-C,36.0,5,5,0.5,,,,,,Less Than 10Ft,Playoffs,,,,,-0.201,,,,,,,,,3.0,8.0,0.375,0.576,,,,
1627827,Dorian Finney-Smith,1610612745,HOU,F,33.0,4,4,0.333,,,,,,Less Than 10Ft,Playoffs,,,,,-0.019,,,,,,,,,5.0,8.0,0.625,0.644,,,,
1628978,Donte DiVincenzo,1610612750,MIN,G,29.0,3,3,0.333,,,,,,Less Than 10Ft,Playoffs,,,,,0.236,,,,,,,,,6.0,7.0,0.857,0.621,,,,
203084,Harrison Barnes,1610612759,SAS,F,34.0,15,7,0.179,,,,,,Less Than 10Ft,Playoffs,,,,,0.16,,,,,,,,,5.0,7.0,0.714,0.554,,,,
1642278,Tyler Kolek,1610612752,NYK,G,25.0,6,4,0.368,,,,,,Less Than 10Ft,Playoffs,,,,,0.013,,,,,,,,,4.0,7.0,0.571,0.559,,,,
1629020,Jarred Vanderbilt,1610612747,LAL,F,27.0,7,4,0.333,,,,,,Less Than 10Ft,Playoffs,,,,,0.117,,,,,,,,,5.0,7.0,0.714,0.598,,,,
203991,Clint Capela,1610612745,HOU,C,32.0,4,4,0.583,,,,,,Less Than 10Ft,Playoffs,,,,,-0.057,,,,,,,,,4.0,7.0,0.571,0.629,,,,
1642863,Khaman Maluach,1610612756,PHX,C,19.0,4,4,0.292,,,,,,Less Than 10Ft,Playoffs,,,,,0.095,,,,,,,,,5.0,7.0,0.714,0.62,,,,
1629680,Matisse Thybulle,1610612757,POR,G-F,29.0,4,3,0.462,,,,,,Less Than 10Ft,Playoffs,,,,,0.069,,,,,,,,,4.0,6.0,0.667,0.598,,,,
203482,Kelly Olynyk,1610612759,SAS,F-C,35.0,8,4,0.333,,,,,,Less Than 10Ft,Playoffs,,,,,0.239,,,,,,,,,5.0,6.0,0.833,0.594,,,,
203937,Kyle Anderson,1610612750,MIN,F-G,32.0,6,4,0.286,,,,,,Less Than 10Ft,Playoffs,,,,,-0.119,,,,,,,,,3.0,6.0,0.5,0.619,,,,
1642258,Zaccharie Risacher,1610612737,ATL,F,21.0,3,3,0.667,,,,,,Less Than 10Ft,Playoffs,,,,,0.391,,,,,,,,,6.0,6.0,1.0,0.609,,,,
1631207,Dalen Terry,1610612755,PHI,F,23.0,6,4,0.429,,,,,,Less Than 10Ft,Playoffs,,,,,0.085,,,,,,,,,4.0,6.0,0.667,0.582,,,,
1631200,Kris Murray,1610612757,POR,F,25.0,3,2,0.625,,,,,,Less Than 10Ft,Playoffs,,,,,-0.005,,,,,,,,,3.0,5.0,0.6,0.605,,,,
1642359,Pacôme Dadiet,1610612752,NYK,F,20.0,6,2,0.313,,,,,,Less Than 10Ft,Playoffs,,,,,0.298,,,,,,,,,4.0,5.0,0.8,0.502,,,,
1629162,Jordan McLaughlin,1610612759,SAS,G,30.0,7,5,0.357,,,,,,Less Than 10Ft,Playoffs,,,,,0.043,,,,,,,,,3.0,5.0,0.6,0.557,,,,
1626220,Royce O'Neale,1610612756,PHX,F,33.0,4,3,0.156,,,,,,Less Than 10Ft,Playoffs,,,,,-0.372,,,,,,,,,1.0,5.0,0.2,0.572,,,,
1631204,Marcus Sasser,1610612765,DET,G,25.0,5,3,0.263,,,,,,Less Than 10Ft,Playoffs,,,,,-0.387,,,,,,,,,1.0,5.0,0.2,0.587,,,,
1641740,Jaylen Clark,1610612750,MIN,G,24.0,5,3,0.417,,,,,,Less Than 10Ft,Playoffs,,,,,0.013,,,,,,,,,3.0,5.0,0.6,0.587,,,,
1642346,Ryan Dunn,1610612756,PHX,F,23.0,1,1,0.556,,,,,,Less Than 10Ft,Playoffs,,,,,0.001,,,,,,,,,3.0,5.0,0.6,0.599,,,,
1642876,Adou Thiero,1610612747,LAL,G,22.0,5,3,0.385,,,,,,Less Than 10Ft,Playoffs,,,,,0.028,,,,,,,,,3.0,5.0,0.6,0.572,,,,
1642866,Joan Beringer,1610612750,MIN,F,19.0,4,2,0.556,,,,,,Less Than 10Ft,Playoffs,,,,,-0.183,,,,,,,,,2.0,5.0,0.4,0.583,,,,
1641763,Julian Phillips,1610612750,MIN,F,22.0,4,3,0.5,,,,,,Less Than 10Ft,Playoffs,,,,,0.315,,,,,,,,,5.0,5.0,1.0,0.685,,,,
202687,Bismack Biyombo,1610612759,SAS,C,33.0,5,4,0.4,,,,,,Less Than 10Ft,Playoffs,,,,,-0.102,,,,,,,,,2.0,4.0,0.5,0.602,,,,
201142,Kevin Durant,1610612745,HOU,F,37.0,1,1,0.364,,,,,,Less Than 10Ft,Playoffs,,,,,-0.104,,,,,,,,,2.0,4.0,0.5,0.604,,,,
1628960,Grayson Allen,1610612756,PHX,G,30.0,2,2,0.235,,,,,,Less Than 10Ft,Playoffs,,,,,-0.298,,,,,,,,,1.0,4.0,0.25,0.548,,,,
1628989,Kevin Huerter,1610612765,DET,G-F,27.0,5,3,0.308,,,,,,Less Than 10Ft,Playoffs,,,,,0.452,,,,,,,,,4.0,4.0,1.0,0.548,,,,
1630192,Zeke Nnaji,1610612743,DEN,F-C,25.0,2,1,0.8,,,,,,Less Than 10Ft,Playoffs,,,,,-0.087,,,,,,,,,2.0,4.0,0.5,0.587,,,,
1629312,Haywood Highsmith,1610612756,PHX,F,29.0,2,2,0.571,,,,,,Less Than 10Ft,Playoffs,,,,,-0.095,,,,,,,,,2.0,4.0,0.5,0.595,,,,
1641733,Nick Smith Jr.,1610612747,LAL,G,22.0,3,2,0.571,,,,,,Less Than 10Ft,Playoffs,,,,,0.165,,,,,,,,,3.0,4.0,0.75,0.585,,,,
1630570,Trendon Watford,1610612755,PHI,G-F,25.0,5,4,0.267,,,,,,Less Than 10Ft,Playoffs,,,,,-0.008,,,,,,,,,2.0,4.0,0.5,0.508,,,,
1631133,Jabari Walker,1610612755,PHI,F,23.0,5,3,0.4,,,,,,Less Than 10Ft,Playoffs,,,,,0.376,,,,,,,,,4.0,4.0,1.0,0.624,,,,
1642864,Hugo González,1610612738,BOS,G,20.0,4,3,0.375,,,,,,Less Than 10Ft,Playoffs,,,,,-0.265,,,,,,,,,1.0,3.0,0.333,0.598,,,,
1630811,Keaton Wallace,1610612737,ATL,G,27.0,2,2,0.6,,,,,,Less Than 10Ft,Playoffs,,,,,0.384,,,,,,,,,3.0,3.0,1.0,0.616,,,,
1631199,Ron Harper Jr.,1610612738,BOS,G-F,26.0,3,2,0.375,,,,,,Less Than 10Ft,Playoffs,,,,,0.415,,,,,,,,,3.0,3.0,1.0,0.585,,,,
1642355,Bronny James,1610612747,LAL,G,21.0,6,2,0.2,,,,,,Less Than 10Ft,Playoffs,,,,,0.378,,,,,,,,,3.0,3.0,1.0,0.622,,,,
1630639,A.J. Lawson,1610612761,TOR,G,25.0,3,3,0.429,,,,,,Less Than 10Ft,Playoffs,,,,,-0.198,,,,,,,,,1.0,3.0,0.333,0.531,,,,
1642853,Rasheer Fleming,1610612756,PHX,F,21.0,2,2,0.375,,,,,,Less Than 10Ft,Playoffs,,,,,-0.252,,,,,,,,,1.0,3.0,0.333,0.586,,,,
1642449,Tolu Smith,1610612765,DET,F,25.0,1,1,0.75,,,,,,Less Than 10Ft,Playoffs,,,,,-0.315,,,,,,,,,1.0,3.0,0.333,0.648,,,,
1628467,Maxi Kleber,1610612747,LAL,F,34.0,2,2,0.429,,,,,,Less Than 10Ft,Playoffs,,,,,-0.245,,,,,,,,,1.0,3.0,0.333,0.578,,,,
1631124,Julian Strawther,1610612743,DEN,G,24.0,2,2,0.6,,,,,,Less Than 10Ft,Playoffs,,,,,0.595,,,,,,,,,3.0,3.0,1.0,0.405,,,,
204060,Joe Ingles,1610612750,MIN,F-G,38.0,2,2,0.75,,,,,,Less Than 10Ft,Playoffs,,,,,0.363,,,,,,,,,3.0,3.0,1.0,0.637,,,,
1631321,Sidy Cissoko,1610612757,POR,G,22.0,2,1,0.4,,,,,,Less Than 10Ft,Playoffs,,,,,0.382,,,,,,,,,2.0,2.0,1.0,0.619,,,,
1631110,Jeremy Sochan,1610612752,NYK,F,23.0,4,2,0.25,,,,,,Less Than 10Ft,Playoffs,,,,,-0.124,,,,,,,,,1.0,2.0,0.5,0.624,,,,
1642885,Mohamed Diawara,1610612752,NYK,F,21.0,5,2,0.286,,,,,,Less Than 10Ft,Playoffs,,,,,-0.56,,,,,,,,,0.0,2.0,0.0,0.56,,,,
1642854,Asa Newell,1610612737,ATL,F,20.0,2,1,0.5,,,,,,Less Than 10Ft,Playoffs,,,,,-0.541,,,,,,,,,0.0,2.0,0.0,0.541,,,,
1626145,Tyus Jones,1610612743,DEN,G,30.0,3,2,0.222,,,,,,Less Than 10Ft,Playoffs,,,,,0.469,,,,,,,,,2.0,2.0,1.0,0.532,,,,
1642260,Nikola Topić,1610612760,OKC,G,20.0,3,2,0.4,,,,,,Less Than 10Ft,Playoffs,,,,,-0.188,,,,,,,,,1.0,2.0,0.5,0.688,,,,
1642261,Dalton Knecht,1610612747,LAL,F,25.0,4,2,0.333,,,,,,Less Than 10Ft,Playoffs,,,,,-0.019,,,,,,,,,1.0,2.0,0.5,0.519,,,,
1631218,Trayce Jackson-Davis,1610612761,TOR,F,26.0,1,1,1.0,,,,,,Less Than 10Ft,Playoffs,,,,,-0.086,,,,,,,,,1.0,2.0,0.5,0.586,,,,
1630322,Lindy Waters III,1610612759,SAS,F,28.0,3,2,0.333,,,,,,Less Than 10Ft,Playoffs,,,,,-0.057,,,,,,,,,1.0,2.0,0.5,0.557,,,,
1630249,Vít Krejčí,1610612757,POR,G,26.0,1,1,0.5,,,,,,Less Than 10Ft,Playoffs,,,,,0.394,,,,,,,,,1.0,1.0,1.0,0.606,,,,
1627741,Buddy Hield,1610612737,ATL,G,33.0,2,1,0.2,,,,,,Less Than 10Ft,Playoffs,,,,,-0.505,,,,,,,,,0.0,1.0,0.0,0.505,,,,
1641854,Craig Porter Jr.,1610612739,CLE,G,26.0,2,1,0.5,,,,,,Less Than 10Ft,Playoffs,,,,,-0.505,,,,,,,,,0.0,1.0,0.0,0.505,,,,
1630256,Jae'Sean Tate,1610612745,HOU,F,30.0,3,1,0.25,,,,,,Less Than 10Ft,Playoffs,,,,,-0.576,,,,,,,,,0.0,1.0,0.0,0.576,,,,
1629021,Moritz Wagner,1610612753,ORL,F-C,29.0,1,1,0.5,,,,,,Less Than 10Ft,Playoffs,,,,,-0.696,,,,,,,,,0.0,1.0,0.0,0.696,,,,
1642404,Chaz Lanier,1610612765,DET,G,24.0,1,1,0.333,,,,,,Less Than 10Ft,Playoffs,,,,,-0.548,,,,,,,,,0.0,1.0,0.0,0.548,,,,
1626204,Larry Nance Jr.,1610612739,CLE,F-C,33.0,1,1,1.0,,,,,,Less Than 10Ft,Playoffs,,,,,0.372,,,,,,,,,1.0,1.0,1.0,0.628,,,,
1642367,Jonathan Mogbo,1610612761,TOR,F,24.0,1,1,1.0,,,,,,Less Than 10Ft,Playoffs,,,,,0.344,,,,,,,,,1.0,1.0,1.0,0.656,,,,
1631104,Blake Wesley,1610612757,POR,G,23.0,1,1,1.0,,,,,,Less Than 10Ft,Playoffs,,,,,0.486,,,,,,,,,1.0,1.0,1.0,0.514,,,,
201145,Jeff Green,1610612745,HOU,F,39.0,2,1,0.2,,,,,,Less Than 10Ft,Playoffs,,,,,0.353,,,,,,,,,1.0,1.0,1.0,0.647,,,,
1641780,Johni Broome,1610612755,PHI,F,23.0,1,1,1.0,,,,,,Less Than 10Ft,Playoffs,,,,,0.329,,,,,,,,,1.0,1.0,1.0,0.671,,,,
1641747,DaRon Holmes II,1610612743,DEN,F,23.0,1,1,0.25,,,,,,Less Than 10Ft,Playoffs,,,,,0.424,,,,,,,,,1.0,1.0,1.0,0.576,,,,
1629618,Jalen Pickett,1610612743,DEN,G,26.0,1,1,0.5,,,,,,Less Than 10Ft,Playoffs,,,,,-0.66,,,,,,,,,0.0,1.0,0.0,0.66,,,,
1642878,Tyrese Proctor,1610612739,CLE,G,22.0,1,1,0.167,,,,,,Less Than 10Ft,Playoffs,,,,,0.405,,,,,,,,,1.0,1.0,1.0,0.595,,,,
1641705,Victor Wembanyama,1610612759,SAS,F-C,22.0,22,22,0.426,,,,,,Greater Than 15Ft,Playoffs,,,,,-0.018,,,,,,,,,,,,,58.0,164.0,0.354,0.372
1642264,Stephon Castle,1610612759,SAS,G,21.0,23,23,0.498,,,,,,Greater Than 15Ft,Playoffs,,,,,-0.041,,,,,,,,,,,,,47.0,139.0,0.338,0.379
1628368,De'Aaron Fox,1610612759,SAS,G,28.0,21,21,0.572,,,,,,Greater Than 15Ft,Playoffs,,,,,-0.025,,,,,,,,,,,,,48.0,135.0,0.356,0.38
1630577,Julian Champagnie,1610612759,SAS,F,25.0,23,22,0.498,,,,,,Greater Than 15Ft,Playoffs,,,,,0.019,,,,,,,,,,,,,52.0,129.0,0.403,0.384
1628973,Jalen Brunson,1610612752,NYK,G,29.0,19,19,0.566,,,,,,Greater Than 15Ft,Playoffs,,,,,-0.02,,,,,,,,,,,,,40.0,116.0,0.345,0.364
1630595,Cade Cunningham,1610612765,DET,G,24.0,14,14,0.574,,,,,,Greater Than 15Ft,Playoffs,,,,,-0.024,,,,,,,,,,,,,39.0,116.0,0.336,0.361
1628404,Josh Hart,1610612752,NYK,G,31.0,19,19,0.542,,,,,,Greater Than 15Ft,Playoffs,,,,,-0.044,,,,,,,,,,,,,38.0,115.0,0.33,0.375
1628384,OG Anunoby,1610612752,NYK,F-G,28.0,17,17,0.518,,,,,,Greater Than 15Ft,Playoffs,,,,,-0.07,,,,,,,,,,,,,34.0,115.0,0.296,0.366
1630170,Devin Vassell,1610612759,SAS,G-F,25.0,23,22,0.447,,,,,,Greater Than 15Ft,Playoffs,,,,,-0.12,,,,,,,,,,,,,30.0,113.0,0.265,0.385
1626157,Karl-Anthony Towns,1610612752,NYK,C-F,30.0,19,19,0.407,,,,,,Greater Than 15Ft,Playoffs,,,,,0.022,,,,,,,,,,,,,42.0,110.0,0.382,0.359
201935,James Harden,1610612739,CLE,G,36.0,18,18,0.459,,,,,,Greater Than 15Ft,Playoffs,,,,,0.03,,,,,,,,,,,,,43.0,107.0,0.402,0.372
1629622,Max Strus,1610612739,CLE,G-F,30.0,18,18,0.554,,,,,,Greater Than 15Ft,Playoffs,,,,,0.048,,,,,,,,,,,,,45.0,107.0,0.421,0.372
1642844,Dylan Harper,1610612759,SAS,G,20.0,23,23,0.503,,,,,,Greater Than 15Ft,Playoffs,,,,,-0.031,,,,,,,,,,,,,35.0,98.0,0.357,0.388
1630596,Evan Mobley,1610612739,CLE,C,25.0,18,18,0.319,,,,,,Greater Than 15Ft,Playoffs,,,,,0.044,,,,,,,,,,,,,37.0,91.0,0.407,0.362
1628969,Mikal Bridges,1610612752,NYK,G-F,29.0,19,19,0.545,,,,,,Greater Than 15Ft,Playoffs,,,,,-0.083,,,,,,,,,,,,,26.0,91.0,0.286,0.369
203497,Rudy Gobert,1610612750,MIN,C,34.0,12,12,0.429,,,,,,Greater Than 15Ft,Playoffs,,,,,-0.102,,,,,,,,,,,,,26.0,91.0,0.286,0.387
1628378,Donovan Mitchell,1610612739,CLE,G,29.0,18,18,0.5,,,,,,Greater Than 15Ft,Playoffs,,,,,0.023,,,,,,,,,,,,,34.0,86.0,0.395,0.373
202331,Paul George,1610612755,PHI,F,36.0,11,11,0.566,,,,,,Greater Than 15Ft,Playoffs,,,,,-0.058,,,,,,,,,,,,,27.0,86.0,0.314,0.372
1628983,Shai Gilgeous-Alexander,1610612760,OKC,G,27.0,15,15,0.555,,,,,,Greater Than 15Ft,Playoffs,,,,,-0.086,,,,,,,,,,,,,25.0,86.0,0.291,0.376
202699,Tobias Harris,1610612765,DET,F,33.0,14,14,0.483,,,,,,Greater Than 15Ft,Playoffs,,,,,0.064,,,,,,,,,,,,,35.0,84.0,0.417,0.353
1630183,Jaden McDaniels,1610612750,MIN,F,25.0,12,12,0.526,,,,,,Greater Than 15Ft,Playoffs,,,,,-0.111,,,,,,,,,,,,,23.0,82.0,0.28,0.391
1641717,Cason Wallace,1610612760,OKC,G,22.0,15,15,0.559,,,,,,Greater Than 15Ft,Playoffs,,,,,0.002,,,,,,,,,,,,,30.0,81.0,0.37,0.368
1642845,VJ Edgecombe,1610612755,PHI,G,20.0,11,11,0.591,,,,,,Greater Than 15Ft,Playoffs,,,,,0.016,,,,,,,,,,,,,31.0,81.0,0.383,0.367
1631096,Chet Holmgren,1610612760,OKC,C-F,24.0,15,15,0.386,,,,,,Greater Than 15Ft,Playoffs,,,,,-0.069,,,,,,,,,,,,,26.0,80.0,0.325,0.394
1629028,Deandre Ayton,1610612747,LAL,C,27.0,10,10,0.433,,,,,,Greater Than 15Ft,Playoffs,,,,,-0.073,,,,,,,,,,,,,20.0,71.0,0.282,0.355
1630178,Tyrese Maxey,1610612755,PHI,G,25.0,11,11,0.603,,,,,,Greater Than 15Ft,Playoffs,,,,,-0.003,,,,,,,,,,,,,26.0,70.0,0.371,0.375
1641709,Ausar Thompson,1610612765,DET,G-F,23.0,14,14,0.515,,,,,,Greater Than 15Ft,Playoffs,,,,,-0.078,,,,,,,,,,,,,20.0,70.0,0.286,0.364
1629640,Keldon Johnson,1610612759,SAS,F-G,26.0,23,23,0.511,,,,,,Greater Than 15Ft,Playoffs,,,,,-0.048,,,,,,,,,,,,,23.0,69.0,0.333,0.382
1628386,Jarrett Allen,1610612739,CLE,C,28.0,18,17,0.282,,,,,,Greater Than 15Ft,Playoffs,,,,,-0.032,,,,,,,,,,,,,23.0,67.0,0.343,0.375
1628392,Isaiah Hartenstein,1610612760,OKC,C-F,28.0,15,15,0.45,,,,,,Greater Than 15Ft,Playoffs,,,,,0.069,,,,,,,,,,,,,29.0,67.0,0.433,0.364
1627936,Alex Caruso,1610612760,OKC,G,32.0,15,15,0.532,,,,,,Greater Than 15Ft,Playoffs,,,,,0.012,,,,,,,,,,,,,25.0,66.0,0.379,0.366
1626162,Kelly Oubre Jr.,1610612755,PHI,F-G,30.0,11,11,0.521,,,,,,Greater Than 15Ft,Playoffs,,,,,0.089,,,,,,,,,,,,,29.0,63.0,0.46,0.372
1628401,Derrick White,1610612738,BOS,G,31.0,7,7,0.624,,,,,,Greater Than 15Ft,Playoffs,,,,,-0.076,,,,,,,,,,,,,19.0,63.0,0.302,0.378
1630540,Miles McBride,1610612752,NYK,G,25.0,19,16,0.534,,,,,,Greater Than 15Ft,Playoffs,,,,,0.065,,,,,,,,,,,,,27.0,62.0,0.435,0.37
1628436,Luke Kornet,1610612759,SAS,C-F,30.0,23,22,0.33,,,,,,Greater Than 15Ft,Playoffs,,,,,0.02,,,,,,,,,,,,,24.0,61.0,0.393,0.373
1629011,Mitchell Robinson,1610612752,NYK,C-F,28.0,18,18,0.508,,,,,,Greater Than 15Ft,Playoffs,,,,,-0.068,,,,,,,,,,,,,17.0,60.0,0.283,0.351
1629060,Rui Hachimura,1610612747,LAL,F,28.0,10,10,0.451,,,,,,Greater Than 15Ft,Playoffs,,,,,-0.028,,,,,,,,,,,,,20.0,60.0,0.333,0.361
1631105,Jalen Duren,1610612765,DET,C,22.0,14,14,0.365,,,,,,Greater Than 15Ft,Playoffs,,,,,0.006,,,,,,,,,,,,,20.0,58.0,0.345,0.339
1629731,Dean Wade,1610612739,CLE,F-C,29.0,18,17,0.448,,,,,,Greater Than 15Ft,Playoffs,,,,,0.016,,,,,,,,,,,,,22.0,56.0,0.393,0.377
1631119,Jaylin Williams,1610612760,OKC,F,24.0,15,15,0.523,,,,,,Greater Than 15Ft,Playoffs,,,,,-0.035,,,,,,,,,,,,,19.0,56.0,0.339,0.374
1629652,Luguentz Dort,1610612760,OKC,G,27.0,15,14,0.567,,,,,,Greater Than 15Ft,Playoffs,,,,,-0.107,,,,,,,,,,,,,15.0,55.0,0.273,0.38
1629130,Duncan Robinson,1610612765,DET,F,32.0,13,13,0.514,,,,,,Greater Than 15Ft,Playoffs,,,,,0.0,,,,,,,,,,,,,20.0,55.0,0.364,0.364
1630241,Sam Merrill,1610612739,CLE,G,30.0,17,16,0.466,,,,,,Greater Than 15Ft,Playoffs,,,,,0.026,,,,,,,,,,,,,22.0,54.0,0.407,0.381
1629675,Naz Reid,1610612750,MIN,C-F,26.0,12,12,0.486,,,,,,Greater Than 15Ft,Playoffs,,,,,0.042,,,,,,,,,,,,,23.0,54.0,0.426,0.384
203935,Marcus Smart,1610612747,LAL,G,32.0,10,10,0.557,,,,,,Greater Than 15Ft,Playoffs,,,,,0.091,,,,,,,,,,,,,25.0,54.0,0.463,0.372
1629628,RJ Barrett,1610612761,TOR,F-G,26.0,7,7,0.535,,,,,,Greater Than 15Ft,Playoffs,,,,,-0.067,,,,,,,,,,,,,16.0,54.0,0.296,0.364
1631094,Paolo Banchero,1610612753,ORL,F,23.0,7,7,0.525,,,,,,Greater Than 15Ft,Playoffs,,,,,-0.136,,,,,,,,,,,,,12.0,53.0,0.226,0.363
1642349,Ajay Mitchell,1610612760,OKC,G,24.0,11,11,0.52,,,,,,Greater Than 15Ft,Playoffs,,,,,0.02,,,,,,,,,,,,,21.0,53.0,0.396,0.376
1628379,Luke Kennard,1610612747,LAL,G,30.0,10,10,0.481,,,,,,Greater Than 15Ft,Playoffs,,,,,0.033,,,,,,,,,,,,,21.0,52.0,0.404,0.371
1629013,Landry Shamet,1610612752,NYK,G,29.0,17,16,0.516,,,,,,Greater Than 15Ft,Playoffs,,,,,-0.079,,,,,,,,,,,,,14.0,49.0,0.286,0.365
1630245,Ayo Dosunmu,1610612750,MIN,G,26.0,10,10,0.48,,,,,,Greater Than 15Ft,Playoffs,,,,,-0.001,,,,,,,,,,,,,19.0,49.0,0.388,0.389
1630162,Anthony Edwards,1610612750,MIN,G,24.0,10,10,0.436,,,,,,Greater Than 15Ft,Playoffs,,,,,-0.089,,,,,,,,,,,,,14.0,48.0,0.292,0.381
1642868,Carter Bryant,1610612759,SAS,F,20.0,20,18,0.573,,,,,,Greater Than 15Ft,Playoffs,,,,,-0.026,,,,,,,,,,,,,17.0,47.0,0.362,0.388
203944,Julius Randle,1610612750,MIN,F-C,31.0,12,11,0.37,,,,,,Greater Than 15Ft,Playoffs,,,,,0.008,,,,,,,,,,,,,17.0,44.0,0.386,0.378
203468,CJ McCollum,1610612737,ATL,G,34.0,6,6,0.543,,,,,,Greater Than 15Ft,Playoffs,,,,,-0.02,,,,,,,,,,,,,16.0,44.0,0.364,0.383
1642272,Jared McCain,1610612760,OKC,G,22.0,13,12,0.632,,,,,,Greater Than 15Ft,Playoffs,,,,,0.039,,,,,,,,,,,,,18.0,43.0,0.419,0.38
1642347,Jamal Shead,1610612761,TOR,G,23.0,7,7,0.717,,,,,,Greater Than 15Ft,Playoffs,,,,,0.044,,,,,,,,,,,,,18.0,43.0,0.419,0.375
1630567,Scottie Barnes,1610612761,TOR,F-G,24.0,7,7,0.488,,,,,,Greater Than 15Ft,Playoffs,,,,,-0.031,,,,,,,,,,,,,14.0,42.0,0.333,0.365
1642450,Daniss Jenkins,1610612765,DET,G,24.0,13,12,0.451,,,,,,Greater Than 15Ft,Playoffs,,,,,-0.097,,,,,,,,,,,,,11.0,41.0,0.268,0.365
1642266,Ja'Kobe Walter,1610612761,TOR,G,21.0,7,7,0.532,,,,,,Greater Than 15Ft,Playoffs,,,,,-0.032,,,,,,,,,,,,,14.0,41.0,0.341,0.374
1628369,Jayson Tatum,1610612738,BOS,F-G,28.0,6,6,0.639,,,,,,Greater Than 15Ft,Playoffs,,,,,0.012,,,,,,,,,,,,,15.0,39.0,0.385,0.372
203954,Joel Embiid,1610612755,PHI,C-F,32.0,7,7,0.38,,,,,,Greater Than 15Ft,Playoffs,,,,,0.022,,,,,,,,,,,,,15.0,38.0,0.395,0.373
1629674,Neemias Queta,1610612738,BOS,C,26.0,7,7,0.409,,,,,,Greater Than 15Ft,Playoffs,,,,,-0.079,,,,,,,,,,,,,12.0,38.0,0.316,0.395
1629656,Quentin Grimes,1610612755,PHI,G,26.0,11,11,0.552,,,,,,Greater Than 15Ft,Playoffs,,,,,0.054,,,,,,,,,,,,,16.0,37.0,0.432,0.378
1641710,Anthony Black,1610612753,ORL,G,22.0,7,7,0.587,,,,,,Greater Than 15Ft,Playoffs,,,,,-0.053,,,,,,,,,,,,,12.0,37.0,0.324,0.377
2544,LeBron James,1610612747,LAL,F,41.0,10,10,0.48,,,,,,Greater Than 15Ft,Playoffs,,,,,-0.162,,,,,,,,,,,,,7.0,36.0,0.194,0.357
1642867,Collin Murray-Boyles,1610612761,TOR,F,21.0,7,6,0.444,,,,,,Greater Than 15Ft,Playoffs,,,,,0.077,,,,,,,,,,,,,16.0,36.0,0.444,0.367
1627750,Jamal Murray,1610612743,DEN,G,29.0,6,6,0.438,,,,,,Greater Than 15Ft,Playoffs,,,,,-0.046,,,,,,,,,,,,,12.0,35.0,0.343,0.388
1630545,Terrence Shannon Jr,1610612750,MIN,G-F,25.0,9,9,0.515,,,,,,Greater Than 15Ft,Playoffs,,,,,0.059,,,,,,,,,,,,,15.0,35.0,0.429,0.369
1631095,Jabari Smith Jr.,1610612745,HOU,F,23.0,6,6,0.493,,,,,,Greater Than 15Ft,Playoffs,,,,,-0.006,,,,,,,,,,,,,14.0,35.0,0.4,0.406
1641708,Amen Thompson,1610612745,HOU,G-F,23.0,6,6,0.538,,,,,,Greater Than 15Ft,Playoffs,,,,,0.073,,,,,,,,,,,,,16.0,35.0,0.457,0.384
1628415,Dillon Brooks,1610612756,PHX,G-F,30.0,4,4,0.593,,,,,,Greater Than 15Ft,Playoffs,,,,,0.055,,,,,,,,,,,,,15.0,35.0,0.429,0.374
1641739,Toumani Camara,1610612757,POR,F,26.0,5,5,0.531,,,,,,Greater Than 15Ft,Playoffs,,,,,0.05,,,,,,,,,,,,,14.0,34.0,0.412,0.361
203471,Dennis Schröder,1610612739,CLE,G,32.0,17,16,0.453,,,,,,Greater Than 15Ft,Playoffs,,,,,-0.217,,,,,,,,,,,,,5.0,34.0,0.147,0.364
1630202,Payton Pritchard,1610612738,BOS,G,28.0,7,7,0.654,,,,,,Greater Than 15Ft,Playoffs,,,,,-0.075,,,,,,,,,,,,,10.0,34.0,0.294,0.369
1642263,Reed Sheppard,1610612745,HOU,G,22.0,6,6,0.586,,,,,,Greater Than 15Ft,Playoffs,,,,,-0.067,,,,,,,,,,,,,12.0,34.0,0.353,0.42
203083,Andre Drummond,1610612755,PHI,C,32.0,11,10,0.5,,,,,,Greater Than 15Ft,Playoffs,,,,,0.112,,,,,,,,,,,,,16.0,33.0,0.485,0.373
201950,Jrue Holiday,1610612757,POR,G,36.0,5,5,0.593,,,,,,Greater Than 15Ft,Playoffs,,,,,-0.021,,,,,,,,,,,,,11.0,32.0,0.344,0.365
1629057,Robert Williams III,1610612757,POR,C-F,28.0,5,5,0.554,,,,,,Greater Than 15Ft,Playoffs,,,,,0.06,,,,,,,,,,,,,13.0,31.0,0.419,0.36
1642270,Donovan Clingan,1610612757,POR,C,22.0,5,5,0.484,,,,,,Greater Than 15Ft,Playoffs,,,,,0.153,,,,,,,,,,,,,16.0,31.0,0.516,0.363
1630591,Jalen Suggs,1610612753,ORL,G,25.0,7,7,0.403,,,,,,Greater Than 15Ft,Playoffs,,,,,-0.048,,,,,,,,,,,,,10.0,31.0,0.323,0.37
1631230,Dominick Barlow,1610612755,PHI,F,23.0,8,8,0.612,,,,,,Greater Than 15Ft,Playoffs,,,,,-0.142,,,,,,,,,,,,,7.0,30.0,0.233,0.376
1642348,Justin Edwards,1610612755,PHI,F,22.0,8,7,0.698,,,,,,Greater Than 15Ft,Playoffs,,,,,-0.027,,,,,,,,,,,,,10.0,30.0,0.333,0.36
1630559,Austin Reaves,1610612747,LAL,G,28.0,6,6,0.395,,,,,,Greater Than 15Ft,Playoffs,,,,,0.025,,,,,,,,,,,,,12.0,30.0,0.4,0.375
1629638,Nickeil Alexander-Walker,1610612737,ATL,G,27.0,6,6,0.367,,,,,,Greater Than 15Ft,Playoffs,,,,,-0.11,,,,,,,,,,,,,8.0,29.0,0.276,0.386
1630573,Sam Hauser,1610612738,BOS,F,28.0,7,7,0.509,,,,,,Greater Than 15Ft,Playoffs,,,,,0.163,,,,,,,,,,,,,15.0,28.0,0.536,0.372
1629661,Cameron Johnson,1610612743,DEN,F,30.0,6,6,0.444,,,,,,Greater Than 15Ft,Playoffs,,,,,-0.074,,,,,,,,,,,,,9.0,28.0,0.321,0.395
203999,Nikola Jokić,1610612743,DEN,C,31.0,6,6,0.267,,,,,,Greater Than 15Ft,Playoffs,,,,,0.067,,,,,,,,,,,,,12.0,28.0,0.429,0.361
1630552,Jalen Johnson,1610612737,ATL,F,24.0,6,6,0.418,,,,,,Greater Than 15Ft,Playoffs,,,,,0.03,,,,,,,,,,,,,12.0,28.0,0.429,0.398
203084,Harrison Barnes,1610612759,SAS,F,34.0,15,15,0.692,,,,,,Greater Than 15Ft,Playoffs,,,,,-0.035,,,,,,,,,,,,,9.0,27.0,0.333,0.369
1628976,Wendell Carter Jr.,1610612753,ORL,C-F,27.0,7,7,0.27,,,,,,Greater Than 15Ft,Playoffs,,,,,0.102,,,,,,,,,,,,,13.0,27.0,0.481,0.38
1631221,Collin Gillespie,1610612756,PHX,G,27.0,4,4,0.551,,,,,,Greater Than 15Ft,Playoffs,,,,,0.092,,,,,,,,,,,,,13.0,27.0,0.481,0.39
1629637,Jaxson Hayes,1610612747,LAL,C-F,26.0,10,9,0.38,,,,,,Greater Than 15Ft,Playoffs,,,,,-0.083,,,,,,,,,,,,,8.0,27.0,0.296,0.379
203903,Jordan Clarkson,1610612752,NYK,G,34.0,16,13,0.667,,,,,,Greater Than 15Ft,Playoffs,,,,,-0.022,,,,,,,,,,,,,9.0,26.0,0.346,0.368
203501,Tim Hardaway Jr.,1610612743,DEN,G-F,34.0,6,6,0.565,,,,,,Greater Than 15Ft,Playoffs,,,,,-0.048,,,,,,,,,,,,,9.0,26.0,0.346,0.394
1630217,Desmond Bane,1610612753,ORL,G,28.0,7,7,0.52,,,,,,Greater Than 15Ft,Playoffs,,,,,0.118,,,,,,,,,,,,,13.0,26.0,0.5,0.382
1642281,Jaylon Tyson,1610612739,CLE,G-F,23.0,16,12,0.362,,,,,,Greater Than 15Ft,Playoffs,,,,,-0.003,,,,,,,,,,,,,9.0,25.0,0.36,0.363
1627759,Jaylen Brown,1610612738,BOS,G-F,29.0,7,7,0.424,,,,,,Greater Than 15Ft,Playoffs,,,,,0.002,,,,,,,,,,,,,10.0,25.0,0.4,0.398
1626220,Royce O'Neale,1610612756,PHX,F,33.0,4,4,0.781,,,,,,Greater Than 15Ft,Playoffs,,,,,-0.013,,,,,,,,,,,,,9.0,25.0,0.36,0.373
1626164,Devin Booker,1610612756,PHX,G,29.0,4,4,0.521,,,,,,Greater Than 15Ft,Playoffs,,,,,-0.014,,,,,,,,,,,,,9.0,25.0,0.36,0.374
1630631,Jose Alvarado,1610612752,NYK,G,28.0,16,14,0.6,,,,,,Greater Than 15Ft,Playoffs,,,,,0.015,,,,,,,,,,,,,9.0,24.0,0.375,0.36
1630168,Onyeka Okongwu,1610612737,ATL,F-C,25.0,6,6,0.381,,,,,,Greater Than 15Ft,Playoffs,,,,,0.109,,,,,,,,,,,,,12.0,24.0,0.5,0.391
1641737,Adem Bona,1610612755,PHI,F,23.0,8,6,0.469,,,,,,Greater Than 15Ft,Playoffs,,,,,0.025,,,,,,,,,,,,,9.0,23.0,0.391,0.367
1631128,Christian Braun,1610612743,DEN,G,25.0,6,6,0.451,,,,,,Greater Than 15Ft,Playoffs,,,,,-0.03,,,,,,,,,,,,,8.0,23.0,0.348,0.378
1630532,Franz Wagner,1610612753,ORL,F,24.0,4,4,0.535,,,,,,Greater Than 15Ft,Playoffs,,,,,-0.186,,,,,,,,,,,,,4.0,23.0,0.174,0.36
1629750,Javonte Green,1610612765,DET,G,32.0,11,9,0.535,,,,,,Greater Than 15Ft,Playoffs,,,,,0.118,,,,,,,,,,,,,11.0,23.0,0.478,0.361
1630191,Isaiah Stewart,1610612765,DET,F-C,25.0,14,13,0.303,,,,,,Greater Than 15Ft,Playoffs,,,,,-0.002,,,,,,,,,,,,,8.0,23.0,0.348,0.35
1630578,Alperen Sengun,1610612745,HOU,C,23.0,6,6,0.25,,,,,,Greater Than 15Ft,Playoffs,,,,,-0.146,,,,,,,,,,,,,6.0,23.0,0.261,0.407
1630198,Isaiah Joe,1610612760,OKC,G,26.0,10,10,0.512,,,,,,Greater Than 15Ft,Playoffs,,,,,-0.121,,,,,,,,,,,,,6.0,22.0,0.273,0.393
1627747,Caris LeVert,1610612765,DET,G,31.0,12,10,0.355,,,,,,Greater Than 15Ft,Playoffs,,,,,0.005,,,,,,,,,,,,,8.0,22.0,0.364,0.359
1631106,Tari Eason,1610612745,HOU,F,25.0,6,6,0.349,,,,,,Greater Than 15Ft,Playoffs,,,,,0.134,,,,,,,,,,,,,12.0,22.0,0.545,0.412
1630228,Jonathan Kuminga,1610612737,ATL,F,23.0,6,6,0.458,,,,,,Greater Than 15Ft,Playoffs,,,,,-0.024,,,,,,,,,,,,,8.0,22.0,0.364,0.388
1642461,Spencer Jones,1610612743,DEN,F,25.0,6,6,0.362,,,,,,Greater Than 15Ft,Playoffs,,,,,0.02,,,,,,,,,,,,,8.0,21.0,0.381,0.361
1642345,Oso Ighodaro,1610612756,PHX,F,23.0,4,4,0.412,,,,,,Greater Than 15Ft,Playoffs,,,,,0.094,,,,,,,,,,,,,10.0,21.0,0.476,0.382
1631222,Jake LaRavia,1610612747,LAL,F,24.0,8,8,0.389,,,,,,Greater Than 15Ft,Playoffs,,,,,0.114,,,,,,,,,,,,,10.0,21.0,0.476,0.362
1627751,Jakob Poeltl,1610612761,TOR,C,30.0,7,6,0.3,,,,,,Greater Than 15Ft,Playoffs,,,,,-0.002,,,,,,,,,,,,,7.0,21.0,0.333,0.336
1627742,Brandon Ingram,1610612761,TOR,F,28.0,5,5,0.5,,,,,,Greater Than 15Ft,Playoffs,,,,,0.006,,,,,,,,,,,,,8.0,21.0,0.381,0.375
1630703,Scoot Henderson,1610612757,POR,G,22.0,5,5,0.556,,,,,,Greater Than 15Ft,Playoffs,,,,,0.024,,,,,,,,,,,,,8.0,20.0,0.4,0.376
202696,Nikola Vučević,1610612738,BOS,C,35.0,6,5,0.317,,,,,,Greater Than 15Ft,Playoffs,,,,,0.11,,,,,,,,,,,,,10.0,20.0,0.5,0.39
1630700,Dyson Daniels,1610612737,ATL,G,23.0,6,6,0.364,,,,,,Greater Than 15Ft,Playoffs,,,,,-0.097,,,,,,,,,,,,,6.0,20.0,0.3,0.397
201144,Mike Conley,1610612750,MIN,G,38.0,11,9,0.352,,,,,,Greater Than 15Ft,Playoffs,,,,,-0.182,,,,,,,,,,,,,4.0,19.0,0.211,0.393
1630572,Sandro Mamukelashvili,1610612761,TOR,F-C,27.0,7,7,0.576,,,,,,Greater Than 15Ft,Playoffs,,,,,-0.064,,,,,,,,,,,,,6.0,19.0,0.316,0.379
1630224,Jalen Green,1610612756,PHX,G,24.0,4,4,0.409,,,,,,Greater Than 15Ft,Playoffs,,,,,0.067,,,,,,,,,,,,,8.0,18.0,0.444,0.377
203932,Aaron Gordon,1610612743,DEN,F,30.0,3,3,0.395,,,,,,Greater Than 15Ft,Playoffs,,,,,-0.15,,,,,,,,,,,,,4.0,17.0,0.235,0.385
1630568,Luka Garza,1610612738,BOS,C,27.0,5,5,0.486,,,,,,Greater Than 15Ft,Playoffs,,,,,-0.143,,,,,,,,,,,,,4.0,17.0,0.235,0.379
1628971,Bruce Brown,1610612743,DEN,G-F,29.0,6,6,0.432,,,,,,Greater Than 15Ft,Playoffs,,,,,-0.19,,,,,,,,,,,,,3.0,16.0,0.188,0.378
1641783,Tristan da Silva,1610612753,ORL,F,25.0,7,6,0.485,,,,,,Greater Than 15Ft,Playoffs,,,,,0.124,,,,,,,,,,,,,8.0,16.0,0.5,0.376
1630166,Deni Avdija,1610612757,POR,F,25.0,5,5,0.263,,,,,,Greater Than 15Ft,Playoffs,,,,,0.094,,,,,,,,,,,,,7.0,15.0,0.467,0.373
1630598,Aaron Wiggins,1610612760,OKC,G,27.0,9,7,0.5,,,,,,Greater Than 15Ft,Playoffs,,,,,-0.018,,,,,,,,,,,,,5.0,15.0,0.333,0.351
1641775,Jordan Walsh,1610612738,BOS,G,22.0,7,6,0.517,,,,,,Greater Than 15Ft,Playoffs,,,,,-0.125,,,,,,,,,,,,,4.0,15.0,0.267,0.391
1630538,Bones Hyland,1610612750,MIN,G,25.0,10,9,0.455,,,,,,Greater Than 15Ft,Playoffs,,,,,0.089,,,,,,,,,,,,,7.0,15.0,0.467,0.377
1631288,Jamal Cain,1610612753,ORL,F,27.0,7,7,0.357,,,,,,Greater Than 15Ft,Playoffs,,,,,-0.169,,,,,,,,,,,,,3.0,15.0,0.2,0.369
1642863,Khaman Maluach,1610612756,PHX,C,19.0,4,4,0.625,,,,,,Greater Than 15Ft,Playoffs,,,,,-0.111,,,,,,,,,,,,,4.0,15.0,0.267,0.377
1629216,Gabe Vincent,1610612737,ATL,G,30.0,6,6,0.395,,,,,,Greater Than 15Ft,Playoffs,,,,,0.138,,,,,,,,,,,,,8.0,15.0,0.533,0.395
203937,Kyle Anderson,1610612750,MIN,F-G,32.0,6,6,0.667,,,,,,Greater Than 15Ft,Playoffs,,,,,-0.065,,,,,,,,,,,,,4.0,14.0,0.286,0.35
1641842,Ronald Holland II,1610612765,DET,F,20.0,6,6,0.583,,,,,,Greater Than 15Ft,Playoffs,,,,,0.142,,,,,,,,,,,,,7.0,14.0,0.5,0.358
1629020,Jarred Vanderbilt,1610612747,LAL,F,27.0,7,6,0.667,,,,,,Greater Than 15Ft,Playoffs,,,,,-0.231,,,,,,,,,,,,,2.0,14.0,0.143,0.374
1628978,Donte DiVincenzo,1610612750,MIN,G,29.0,3,3,0.667,,,,,,Greater Than 15Ft,Playoffs,,,,,-0.034,,,,,,,,,,,,,5.0,14.0,0.357,0.391
1630574,Ariel Hukporti,1610612752,NYK,C,24.0,9,6,0.31,,,,,,Greater Than 15Ft,Playoffs,,,,,0.01,,,,,,,,,,,,,4.0,13.0,0.308,0.298
1627827,Dorian Finney-Smith,1610612745,HOU,F,33.0,4,4,0.542,,,,,,Greater Than 15Ft,Playoffs,,,,,0.146,,,,,,,,,,,,,7.0,13.0,0.538,0.392
1631204,Marcus Sasser,1610612765,DET,G,25.0,5,5,0.684,,,,,,Greater Than 15Ft,Playoffs,,,,,-0.068,,,,,,,,,,,,,4.0,13.0,0.308,0.375
1642419,Jamison Battle,1610612761,TOR,F,25.0,5,5,0.481,,,,,,Greater Than 15Ft,Playoffs,,,,,-0.157,,,,,,,,,,,,,3.0,13.0,0.231,0.388
1631165,Keon Ellis,1610612739,CLE,G,26.0,7,6,0.571,,,,,,Greater Than 15Ft,Playoffs,,,,,0.211,,,,,,,,,,,,,7.0,12.0,0.583,0.373
203924,Jerami Grant,1610612757,POR,F,32.0,5,5,0.333,,,,,,Greater Than 15Ft,Playoffs,,,,,-0.029,,,,,,,,,,,,,4.0,12.0,0.333,0.363
1630194,Paul Reed,1610612765,DET,F,27.0,8,7,0.279,,,,,,Greater Than 15Ft,Playoffs,,,,,-0.095,,,,,,,,,,,,,3.0,12.0,0.25,0.345
1629006,Josh Okogie,1610612745,HOU,G,27.0,6,6,0.5,,,,,,Greater Than 15Ft,Playoffs,,,,,0.167,,,,,,,,,,,,,7.0,12.0,0.583,0.416
1628960,Grayson Allen,1610612756,PHX,G,30.0,2,2,0.706,,,,,,Greater Than 15Ft,Playoffs,,,,,0.019,,,,,,,,,,,,,5.0,12.0,0.417,0.398
1642278,Tyler Kolek,1610612752,NYK,G,25.0,6,6,0.579,,,,,,Greater Than 15Ft,Playoffs,,,,,0.087,,,,,,,,,,,,,5.0,11.0,0.455,0.367
203482,Kelly Olynyk,1610612759,SAS,F-C,35.0,8,8,0.611,,,,,,Greater Than 15Ft,Playoffs,,,,,0.032,,,,,,,,,,,,,4.0,11.0,0.364,0.332
1631114,Jalen Williams,1610612760,OKC,G-F,25.0,5,5,0.355,,,,,,Greater Than 15Ft,Playoffs,,,,,-0.096,,,,,,,,,,,,,3.0,11.0,0.273,0.369
1631248,Baylor Scheierman,1610612738,BOS,G,25.0,6,5,0.458,,,,,,Greater Than 15Ft,Playoffs,,,,,-0.013,,,,,,,,,,,,,4.0,11.0,0.364,0.377
1642355,Bronny James,1610612747,LAL,G,21.0,6,5,0.733,,,,,,Greater Than 15Ft,Playoffs,,,,,-0.089,,,,,,,,,,,,,3.0,11.0,0.273,0.362
1630570,Trendon Watford,1610612755,PHI,G-F,25.0,5,3,0.733,,,,,,Greater Than 15Ft,Playoffs,,,,,-0.024,,,,,,,,,,,,,4.0,11.0,0.364,0.387
1642359,Pacôme Dadiet,1610612752,NYK,F,20.0,6,5,0.625,,,,,,Greater Than 15Ft,Playoffs,,,,,-0.05,,,,,,,,,,,,,3.0,10.0,0.3,0.35
1629048,Goga Bitadze,1610612753,ORL,C-F,26.0,6,4,0.233,,,,,,Greater Than 15Ft,Playoffs,,,,,0.14,,,,,,,,,,,,,5.0,10.0,0.5,0.36
202685,Jonas Valanciunas,1610612743,DEN,C,34.0,4,4,0.5,,,,,,Greater Than 15Ft,Playoffs,,,,,0.017,,,,,,,,,,,,,4.0,10.0,0.4,0.383
1629026,Kenrich Williams,1610612760,OKC,G-F,31.0,8,5,0.375,,,,,,Greater Than 15Ft,Playoffs,,,,,0.079,,,,,,,,,,,,,4.0,9.0,0.444,0.366
1628418,Thomas Bryant,1610612739,CLE,C-F,28.0,8,6,0.32,,,,,,Greater Than 15Ft,Playoffs,,,,,0.025,,,,,,,,,,,,,3.0,8.0,0.375,0.35
1641772,Nae'Qwan Tomlin,1610612739,CLE,F,25.0,3,3,1.0,,,,,,Greater Than 15Ft,Playoffs,,,,,0.071,,,,,,,,,,,,,3.0,8.0,0.375,0.304
203486,Mason Plumlee,1610612759,SAS,F-C,36.0,5,3,0.5,,,,,,Greater Than 15Ft,Playoffs,,,,,-0.014,,,,,,,,,,,,,3.0,8.0,0.375,0.389
1629162,Jordan McLaughlin,1610612759,SAS,G,30.0,7,5,0.571,,,,,,Greater Than 15Ft,Playoffs,,,,,-0.136,,,,,,,,,,,,,2.0,8.0,0.25,0.386
1628988,Aaron Holiday,1610612745,HOU,G,29.0,6,4,0.348,,,,,,Greater Than 15Ft,Playoffs,,,,,-0.231,,,,,,,,,,,,,1.0,8.0,0.125,0.356
1642876,Adou Thiero,1610612747,LAL,G,22.0,5,4,0.615,,,,,,Greater Than 15Ft,Playoffs,,,,,0.112,,,,,,,,,,,,,4.0,8.0,0.5,0.388
1630557,Corey Kispert,1610612737,ATL,F,27.0,5,4,0.364,,,,,,Greater Than 15Ft,Playoffs,,,,,0.011,,,,,,,,,,,,,3.0,8.0,0.375,0.365
1629680,Matisse Thybulle,1610612757,POR,G-F,29.0,4,4,0.538,,,,,,Greater Than 15Ft,Playoffs,,,,,-0.374,,,,,,,,,,,,,0.0,7.0,0.0,0.374
1628989,Kevin Huerter,1610612765,DET,G-F,27.0,5,4,0.538,,,,,,Greater Than 15Ft,Playoffs,,,,,-0.361,,,,,,,,,,,,,0.0,7.0,0.0,0.361
1628975,Jevon Carter,1610612753,ORL,G,30.0,3,3,0.875,,,,,,Greater Than 15Ft,Playoffs,,,,,0.043,,,,,,,,,,,,,3.0,7.0,0.429,0.386
1631207,Dalen Terry,1610612755,PHI,F,23.0,6,4,0.5,,,,,,Greater Than 15Ft,Playoffs,,,,,0.056,,,,,,,,,,,,,3.0,7.0,0.429,0.372
201142,Kevin Durant,1610612745,HOU,F,37.0,1,1,0.636,,,,,,Greater Than 15Ft,Playoffs,,,,,-0.187,,,,,,,,,,,,,2.0,7.0,0.286,0.472
202687,Bismack Biyombo,1610612759,SAS,C,33.0,5,3,0.6,,,,,,Greater Than 15Ft,Playoffs,,,,,-0.322,,,,,,,,,,,,,0.0,6.0,0.0,0.322
1631133,Jabari Walker,1610612755,PHI,F,23.0,5,5,0.6,,,,,,Greater Than 15Ft,Playoffs,,,,,0.128,,,,,,,,,,,,,3.0,6.0,0.5,0.372
1641740,Jaylen Clark,1610612750,MIN,G,24.0,5,4,0.5,,,,,,Greater Than 15Ft,Playoffs,,,,,-0.226,,,,,,,,,,,,,1.0,6.0,0.167,0.393
1631110,Jeremy Sochan,1610612752,NYK,F,23.0,4,4,0.75,,,,,,Greater Than 15Ft,Playoffs,,,,,-0.021,,,,,,,,,,,,,2.0,6.0,0.333,0.355
203991,Clint Capela,1610612745,HOU,C,32.0,4,3,0.417,,,,,,Greater Than 15Ft,Playoffs,,,,,-0.341,,,,,,,,,,,,,0.0,5.0,0.0,0.341
1631243,Mouhamed Gueye,1610612737,ATL,F,23.0,4,2,0.385,,,,,,Greater Than 15Ft,Playoffs,,,,,-0.178,,,,,,,,,,,,,1.0,5.0,0.2,0.378
1631199,Ron Harper Jr.,1610612738,BOS,G-F,26.0,3,2,0.625,,,,,,Greater Than 15Ft,Playoffs,,,,,0.036,,,,,,,,,,,,,2.0,5.0,0.4,0.364
1631101,Shaedon Sharpe,1610612757,POR,G,23.0,5,4,0.2,,,,,,Greater Than 15Ft,Playoffs,,,,,0.137,,,,,,,,,,,,,2.0,4.0,0.5,0.364
1642885,Mohamed Diawara,1610612752,NYK,F,21.0,5,3,0.571,,,,,,Greater Than 15Ft,Playoffs,,,,,-0.039,,,,,,,,,,,,,1.0,4.0,0.25,0.289
1642878,Tyrese Proctor,1610612739,CLE,G,22.0,1,1,0.667,,,,,,Greater Than 15Ft,Playoffs,,,,,0.171,,,,,,,,,,,,,2.0,4.0,0.5,0.329
1642866,Joan Beringer,1610612750,MIN,F,19.0,4,3,0.444,,,,,,Greater Than 15Ft,Playoffs,,,,,0.404,,,,,,,,,,,,,3.0,4.0,0.75,0.346
1641763,Julian Phillips,1610612750,MIN,F,22.0,4,3,0.4,,,,,,Greater Than 15Ft,Playoffs,,,,,0.12,,,,,,,,,,,,,2.0,4.0,0.5,0.38
1642261,Dalton Knecht,1610612747,LAL,F,25.0,4,3,0.667,,,,,,Greater Than 15Ft,Playoffs,,,,,0.184,,,,,,,,,,,,,2.0,4.0,0.5,0.316
201145,Jeff Green,1610612745,HOU,F,39.0,2,2,0.8,,,,,,Greater Than 15Ft,Playoffs,,,,,-0.356,,,,,,,,,,,,,0.0,4.0,0.0,0.356
1642864,Hugo González,1610612738,BOS,G,20.0,4,2,0.5,,,,,,Greater Than 15Ft,Playoffs,,,,,0.143,,,,,,,,,,,,,2.0,4.0,0.5,0.357
1628396,Tony Bradley,1610612737,ATL,C-F,28.0,4,3,0.286,,,,,,Greater Than 15Ft,Playoffs,,,,,0.157,,,,,,,,,,,,,2.0,4.0,0.5,0.343
1626145,Tyus Jones,1610612743,DEN,G,30.0,3,2,0.444,,,,,,Greater Than 15Ft,Playoffs,,,,,-0.393,,,,,,,,,,,,,0.0,4.0,0.0,0.393
1630639,A.J. Lawson,1610612761,TOR,G,25.0,3,1,0.571,,,,,,Greater Than 15Ft,Playoffs,,,,,-0.365,,,,,,,,,,,,,0.0,4.0,0.0,0.365
1627741,Buddy Hield,1610612737,ATL,G,33.0,2,2,0.8,,,,,,Greater Than 15Ft,Playoffs,,,,,0.135,,,,,,,,,,,,,2.0,4.0,0.5,0.365
1630322,Lindy Waters III,1610612759,SAS,F,28.0,3,2,0.5,,,,,,Greater Than 15Ft,Playoffs,,,,,-0.031,,,,,,,,,,,,,1.0,3.0,0.333,0.364
1630256,Jae'Sean Tate,1610612745,HOU,F,30.0,3,3,0.75,,,,,,Greater Than 15Ft,Playoffs,,,,,0.677,,,,,,,,,,,,,3.0,3.0,1.0,0.323
1641747,DaRon Holmes II,1610612743,DEN,F,23.0,1,1,0.75,,,,,,Greater Than 15Ft,Playoffs,,,,,-0.013,,,,,,,,,,,,,1.0,3.0,0.333,0.347
1641733,Nick Smith Jr.,1610612747,LAL,G,22.0,3,3,0.429,,,,,,Greater Than 15Ft,Playoffs,,,,,-0.384,,,,,,,,,,,,,0.0,3.0,0.0,0.384
1628467,Maxi Kleber,1610612747,LAL,F,34.0,2,2,0.429,,,,,,Greater Than 15Ft,Playoffs,,,,,-0.329,,,,,,,,,,,,,0.0,3.0,0.0,0.329
1631321,Sidy Cissoko,1610612757,POR,G,22.0,2,2,0.6,,,,,,Greater Than 15Ft,Playoffs,,,,,0.308,,,,,,,,,,,,,2.0,3.0,0.667,0.358
1630625,Dalano Banton,1610612738,BOS,F,26.0,2,2,1.0,,,,,,Greater Than 15Ft,Playoffs,,,,,-0.321,,,,,,,,,,,,,0.0,3.0,0.0,0.321
1642853,Rasheer Fleming,1610612756,PHX,F,21.0,2,2,0.375,,,,,,Greater Than 15Ft,Playoffs,,,,,-0.053,,,,,,,,,,,,,1.0,3.0,0.333,0.386
1631200,Kris Murray,1610612757,POR,F,25.0,3,2,0.25,,,,,,Greater Than 15Ft,Playoffs,,,,,-0.36,,,,,,,,,,,,,0.0,2.0,0.0,0.36
1642260,Nikola Topić,1610612760,OKC,G,20.0,3,1,0.4,,,,,,Greater Than 15Ft,Playoffs,,,,,-0.387,,,,,,,,,,,,,0.0,2.0,0.0,0.387
1631124,Julian Strawther,1610612743,DEN,G,24.0,2,1,0.4,,,,,,Greater Than 15Ft,Playoffs,,,,,0.128,,,,,,,,,,,,,1.0,2.0,0.5,0.372
1642258,Zaccharie Risacher,1610612737,ATL,F,21.0,3,1,0.222,,,,,,Greater Than 15Ft,Playoffs,,,,,-0.315,,,,,,,,,,,,,0.0,2.0,0.0,0.315
1642854,Asa Newell,1610612737,ATL,F,20.0,2,1,0.5,,,,,,Greater Than 15Ft,Playoffs,,,,,-0.396,,,,,,,,,,,,,0.0,2.0,0.0,0.396
1629312,Haywood Highsmith,1610612756,PHX,F,29.0,2,1,0.286,,,,,,Greater Than 15Ft,Playoffs,,,,,-0.408,,,,,,,,,,,,,0.0,2.0,0.0,0.408
1642869,Noah Penda,1610612753,ORL,G-F,21.0,1,1,1.0,,,,,,Greater Than 15Ft,Playoffs,,,,,0.139,,,,,,,,,,,,,1.0,2.0,0.5,0.362
1630811,Keaton Wallace,1610612737,ATL,G,27.0,2,1,0.4,,,,,,Greater Than 15Ft,Playoffs,,,,,-0.324,,,,,,,,,,,,,0.0,2.0,0.0,0.324
1642404,Chaz Lanier,1610612765,DET,G,24.0,1,1,0.667,,,,,,Greater Than 15Ft,Playoffs,,,,,-0.415,,,,,,,,,,,,,0.0,2.0,0.0,0.415
1630692,Jordan Goodwin,1610612756,PHX,G,27.0,1,1,1.0,,,,,,Greater Than 15Ft,Playoffs,,,,,-0.432,,,,,,,,,,,,,0.0,2.0,0.0,0.432
1642346,Ryan Dunn,1610612756,PHX,F,23.0,1,1,0.222,,,,,,Greater Than 15Ft,Playoffs,,,,,-0.432,,,,,,,,,,,,,0.0,2.0,0.0,0.432
1629599,Amir Coffey,1610612756,PHX,G-F,29.0,1,1,1.0,,,,,,Greater Than 15Ft,Playoffs,,,,,0.108,,,,,,,,,,,,,1.0,2.0,0.5,0.392
1641854,Craig Porter Jr.,1610612739,CLE,G,26.0,2,1,0.5,,,,,,Greater Than 15Ft,Playoffs,,,,,-0.233,,,,,,,,,,,,,0.0,1.0,0.0,0.233
1642917,Max Shulga,1610612738,BOS,G,24.0,1,1,1.0,,,,,,Greater Than 15Ft,Playoffs,,,,,0.621,,,,,,,,,,,,,1.0,1.0,1.0,0.379
204060,Joe Ingles,1610612750,MIN,F-G,38.0,2,1,0.25,,,,,,Greater Than 15Ft,Playoffs,,,,,0.629,,,,,,,,,,,,,1.0,1.0,1.0,0.371
1629618,Jalen Pickett,1610612743,DEN,G,26.0,1,1,0.5,,,,,,Greater Than 15Ft,Playoffs,,,,,-0.382,,,,,,,,,,,,,0.0,1.0,0.0,0.382
1630192,Zeke Nnaji,1610612743,DEN,F-C,25.0,2,1,0.2,,,,,,Greater Than 15Ft,Playoffs,,,,,-0.381,,,,,,,,,,,,,0.0,1.0,0.0,0.381
1631120,JD Davison,1610612745,HOU,G,23.0,1,1,1.0,,,,,,Greater Than 15Ft,Playoffs,,,,,-0.336,,,,,,,,,,,,,0.0,1.0,0.0,0.336
1641724,Jett Howard,1610612753,ORL,G,22.0,1,1,1.0,,,,,,Greater Than 15Ft,Playoffs,,,,,-0.418,,,,,,,,,,,,,0.0,1.0,0.0,0.418
1630249,Vít Krejčí,1610612757,POR,G,26.0,1,1,0.5,,,,,,Greater Than 15Ft,Playoffs,,,,,-0.348,,,,,,,,,,,,,0.0,1.0,0.0,0.348
1629021,Moritz Wagner,1610612753,ORL,F-C,29.0,1,1,0.5,,,,,,Greater Than 15Ft,Playoffs,,,,,0.628,,,,,,,,,,,,,1.0,1.0,1.0,0.372
1642449,Tolu Smith,1610612765,DET,F,25.0,1,1,0.25,,,,,,Greater Than 15Ft,Playoffs,,,,,-0.336,,,,,,,,,,,,,0.0,1.0,0.0,0.336
1642873,Amari Williams,1610612738,BOS,F-C,24.0,1,1,1.0,,,,,,Greater Than 15Ft,Playoffs,,,,,-0.317,,,,,,,,,,,,,0.0,1.0,0.0,0.317
