OFF_PLAYER_ID,OFF_PLAYER_NAME,DEF_PLAYER_ID,DEF_PLAYER_NAME,GP,MATCHUP_MIN,PARTIAL_POSS,PLAYER_PTS,MATCHUP_FGM,MATCHUP_FGA,MATCHUP_FG3M,MATCHUP_FG3A,MATCHUP_TOV,SFL,SEASON_TYPE
1628389,Bam Adebayo,1628976,Wendell Carter Jr.,5,38.7,210.3,46.0,17.0,36.0,1.0,9.0,5.0,9.0,Regular Season
1631230,Dominick Barlow,1630552,Jalen Johnson,4,33.1,169.0,8.0,3.0,10.0,0.0,1.0,2.0,3.0,Regular Season
1642270,Donovan Clingan,203497,Rudy Gobert,4,32.7,163.9,13.0,5.0,13.0,2.0,10.0,3.0,0.0,Regular Season
1628976,Wendell Carter Jr.,1628389,Bam Adebayo,5,32.9,162.7,21.0,8.0,15.0,3.0,8.0,2.0,0.0,Regular Season
203497,Rudy Gobert,1642270,Donovan Clingan,4,30.1,157.8,23.0,7.0,16.0,0.0,0.0,2.0,6.0,Regular Season
201142,Kevin Durant,1641739,Toumani Camara,4,30.6,151.7,49.0,20.0,40.0,5.0,11.0,6.0,3.0,Regular Season
1628983,Shai Gilgeous-Alexander,1641739,Toumani Camara,4,21.6,135.6,49.0,18.0,28.0,2.0,4.0,2.0,5.0,Regular Season
1641739,Toumani Camara,201142,Kevin Durant,4,25.5,132.5,23.0,9.0,16.0,5.0,11.0,3.0,0.0,Regular Season
1631094,Paolo Banchero,1630552,Jalen Johnson,4,24.6,131.6,22.0,7.0,20.0,1.0,5.0,3.0,4.0,Regular Season
1630552,Jalen Johnson,1631094,Paolo Banchero,4,26.4,130.9,24.0,8.0,15.0,2.0,6.0,2.0,3.0,Regular Season
201142,Kevin Durant,1630183,Jaden McDaniels,3,26.8,129.6,33.0,12.0,26.0,1.0,3.0,7.0,2.0,Regular Season
1630178,Tyrese Maxey,1630700,Dyson Daniels,3,25.1,127.4,19.0,7.0,16.0,4.0,10.0,5.0,1.0,Regular Season
1627783,Pascal Siakam,1630567,Scottie Barnes,4,24.6,125.8,30.0,9.0,26.0,6.0,14.0,1.0,4.0,Regular Season
1631109,Mark Williams,1629028,Deandre Ayton,5,24.9,125.1,23.0,8.0,10.0,0.0,0.0,3.0,6.0,Regular Season
1630168,Onyeka Okongwu,1631105,Jalen Duren,4,23.2,124.9,25.0,10.0,18.0,2.0,8.0,3.0,2.0,Regular Season
1631094,Paolo Banchero,1628970,Miles Bridges,4,29.1,124.5,35.0,11.0,23.0,3.0,7.0,1.0,7.0,Regular Season
1630552,Jalen Johnson,1631230,Dominick Barlow,4,21.6,124.2,29.0,10.0,26.0,1.0,8.0,1.0,3.0,Regular Season
1627759,Jaylen Brown,202699,Tobias Harris,4,27.1,121.0,28.0,8.0,30.0,1.0,8.0,1.0,6.0,Regular Season
1629028,Deandre Ayton,1631109,Mark Williams,5,25.8,120.5,30.0,14.0,20.0,0.0,0.0,1.0,1.0,Regular Season
1641705,Victor Wembanyama,203110,Draymond Green,4,23.1,118.9,43.0,16.0,32.0,3.0,10.0,5.0,3.0,Regular Season
202696,Nikola Vučević,1628976,Wendell Carter Jr.,3,22.7,117.3,20.0,9.0,13.0,2.0,3.0,4.0,0.0,Regular Season
203952,Andrew Wiggins,1627742,Brandon Ingram,4,25.9,114.8,18.0,8.0,19.0,1.0,4.0,2.0,0.0,Regular Season
1630567,Scottie Barnes,1627783,Pascal Siakam,4,23.6,114.6,24.0,9.0,19.0,0.0,3.0,5.0,4.0,Regular Season
1628973,Jalen Brunson,1630700,Dyson Daniels,3,24.1,114.6,39.0,15.0,31.0,2.0,9.0,2.0,4.0,Regular Season
1628976,Wendell Carter Jr.,202696,Nikola Vučević,3,21.6,114.4,16.0,5.0,12.0,2.0,4.0,0.0,3.0,Regular Season
201142,Kevin Durant,1629652,Luguentz Dort,3,26.5,114.1,22.0,7.0,13.0,0.0,3.0,4.0,1.0,Regular Season
1631105,Jalen Duren,1630168,Onyeka Okongwu,4,23.2,113.8,35.0,12.0,18.0,0.0,0.0,3.0,7.0,Regular Season
2544,LeBron James,1629023,P.J. Washington,4,21.4,113.6,29.0,12.0,19.0,4.0,8.0,3.0,2.0,Regular Season
1628970,Miles Bridges,1631094,Paolo Banchero,4,23.3,113.6,20.0,7.0,18.0,4.0,11.0,2.0,1.0,Regular Season
201935,James Harden,1630230,Naji Marshall,4,21.7,113.6,18.0,8.0,13.0,2.0,4.0,4.0,0.0,Regular Season
1642270,Donovan Clingan,1642875,Maxime Raynaud,4,23.3,113.6,24.0,9.0,12.0,3.0,5.0,0.0,2.0,Regular Season
1629651,Nic Claxton,1631105,Jalen Duren,4,25.1,113.4,15.0,7.0,12.0,0.0,0.0,3.0,2.0,Regular Season
1627742,Brandon Ingram,1628969,Mikal Bridges,5,22.8,113.3,34.0,13.0,19.0,2.0,3.0,3.0,6.0,Regular Season
203497,Rudy Gobert,201572,Brook Lopez,4,22.7,112.6,8.0,3.0,4.0,0.0,0.0,0.0,0.0,Regular Season
1628970,Miles Bridges,1630552,Jalen Johnson,3,26.9,112.3,18.0,8.0,13.0,0.0,4.0,0.0,0.0,Regular Season
201935,James Harden,1642377,Jaylen Wells,3,22.8,111.6,18.0,5.0,17.0,4.0,12.0,3.0,3.0,Regular Season
203994,Jusuf Nurkić,203497,Rudy Gobert,3,18.8,111.2,10.0,4.0,13.0,1.0,2.0,2.0,2.0,Regular Season
1631109,Mark Williams,1627826,Ivica Zubac,4,21.8,110.8,10.0,2.0,7.0,0.0,0.0,2.0,4.0,Regular Season
1628976,Wendell Carter Jr.,1631105,Jalen Duren,4,21.2,110.5,15.0,6.0,9.0,3.0,5.0,1.0,0.0,Regular Season
1630552,Jalen Johnson,1630567,Scottie Barnes,4,19.9,110.2,18.0,6.0,10.0,1.0,4.0,2.0,3.0,Regular Season
1631260,AJ Green,203468,CJ McCollum,6,24.5,110.1,9.0,3.0,9.0,3.0,9.0,0.0,0.0,Regular Season
1627826,Ivica Zubac,1631109,Mark Williams,4,24.9,109.8,34.0,13.0,17.0,0.0,0.0,3.0,4.0,Regular Season
201939,Stephen Curry,1641739,Toumani Camara,4,19.0,109.7,24.0,8.0,17.0,6.0,13.0,2.0,1.0,Regular Season
1629130,Duncan Robinson,1630202,Payton Pritchard,4,23.9,109.4,15.0,5.0,13.0,5.0,11.0,0.0,0.0,Regular Season
1630241,Sam Merrill,1629130,Duncan Robinson,4,22.2,109.2,9.0,3.0,10.0,3.0,8.0,2.0,0.0,Regular Season
203999,Nikola Jokić,1630578,Alperen Sengun,4,22.3,109.1,46.0,19.0,34.0,6.0,11.0,4.0,3.0,Regular Season
203497,Rudy Gobert,203999,Nikola Jokić,4,23.2,108.2,7.0,3.0,8.0,0.0,0.0,2.0,1.0,Regular Season
201572,Brook Lopez,203497,Rudy Gobert,4,20.1,107.2,16.0,5.0,12.0,4.0,9.0,4.0,1.0,Regular Season
1631105,Jalen Duren,1628976,Wendell Carter Jr.,4,20.2,106.9,16.0,6.0,13.0,0.0,0.0,3.0,4.0,Regular Season
1630217,Desmond Bane,1629638,Nickeil Alexander-Walker,4,21.8,106.9,19.0,7.0,13.0,3.0,3.0,2.0,1.0,Regular Season
1628973,Jalen Brunson,1642845,VJ Edgecombe,4,21.3,106.7,21.0,7.0,23.0,2.0,7.0,1.0,2.0,Regular Season
203110,Draymond Green,1641705,Victor Wembanyama,4,24.9,106.1,30.0,10.0,33.0,5.0,20.0,6.0,2.0,Regular Season
1641705,Victor Wembanyama,203994,Jusuf Nurkić,3,21.1,106.0,50.0,17.0,32.0,6.0,15.0,3.0,6.0,Regular Season
1630567,Scottie Barnes,1630552,Jalen Johnson,4,17.8,105.8,12.0,6.0,13.0,0.0,0.0,0.0,0.0,Regular Season
1628976,Wendell Carter Jr.,1630168,Onyeka Okongwu,4,20.4,105.6,21.0,8.0,16.0,1.0,6.0,1.0,2.0,Regular Season
201935,James Harden,1630700,Dyson Daniels,4,24.4,105.3,24.0,9.0,17.0,6.0,12.0,7.0,0.0,Regular Season
1630162,Anthony Edwards,1627739,Kris Dunn,4,23.6,105.2,19.0,5.0,17.0,1.0,4.0,5.0,4.0,Regular Season
1630581,Josh Giddey,1629614,Andrew Nembhard,3,22.0,105.0,18.0,6.0,10.0,0.0,3.0,2.0,4.0,Regular Season
1629029,Luka Dončić,1627739,Kris Dunn,4,20.6,104.7,46.0,14.0,28.0,6.0,11.0,3.0,9.0,Regular Season
1626181,Norman Powell,1628969,Mikal Bridges,4,19.2,104.4,24.0,9.0,20.0,4.0,10.0,0.0,1.0,Regular Season
1630178,Tyrese Maxey,1642347,Jamal Shead,4,23.1,104.2,17.0,6.0,12.0,3.0,6.0,4.0,2.0,Regular Season
1642270,Donovan Clingan,1628436,Luke Kornet,3,22.9,104.1,34.0,13.0,21.0,4.0,7.0,0.0,3.0,Regular Season
1631095,Jabari Smith Jr.,1629661,Cameron Johnson,4,25.6,104.0,21.0,7.0,14.0,5.0,8.0,4.0,1.0,Regular Season
203999,Nikola Jokić,203944,Julius Randle,4,20.1,104.0,36.0,13.0,17.0,2.0,2.0,7.0,2.0,Regular Season
1628969,Mikal Bridges,1627742,Brandon Ingram,5,21.2,103.9,13.0,5.0,11.0,3.0,7.0,0.0,0.0,Regular Season
1627750,Jamal Murray,1630183,Jaden McDaniels,4,22.5,103.6,28.0,10.0,20.0,4.0,8.0,2.0,4.0,Regular Season
1641739,Toumani Camara,1628983,Shai Gilgeous-Alexander,4,17.7,103.5,7.0,3.0,8.0,1.0,5.0,4.0,1.0,Regular Season
1630578,Alperen Sengun,1642875,Maxime Raynaud,4,19.4,103.4,36.0,16.0,26.0,0.0,3.0,0.0,4.0,Regular Season
1630162,Anthony Edwards,1641739,Toumani Camara,3,19.3,103.1,30.0,11.0,22.0,5.0,10.0,4.0,2.0,Regular Season
201142,Kevin Durant,1630529,Herbert Jones,3,24.4,103.1,34.0,14.0,19.0,2.0,5.0,4.0,1.0,Regular Season
1630178,Tyrese Maxey,1641710,Anthony Black,3,20.3,103.0,21.0,9.0,16.0,3.0,8.0,0.0,0.0,Regular Season
203994,Jusuf Nurkić,1641705,Victor Wembanyama,3,21.2,102.7,26.0,9.0,28.0,4.0,11.0,3.0,3.0,Regular Season
1630183,Jaden McDaniels,201142,Kevin Durant,3,20.2,102.6,19.0,8.0,16.0,1.0,3.0,2.0,1.0,Regular Season
1641718,Keyonte George,1642264,Stephon Castle,3,20.3,102.3,24.0,7.0,14.0,3.0,7.0,3.0,4.0,Regular Season
201572,Brook Lopez,1642270,Donovan Clingan,4,19.9,102.0,33.0,12.0,30.0,5.0,20.0,2.0,2.0,Regular Season
202699,Tobias Harris,1630552,Jalen Johnson,3,21.0,101.9,23.0,9.0,20.0,3.0,7.0,1.0,1.0,Regular Season
1630596,Evan Mobley,1630567,Scottie Barnes,3,20.4,101.7,12.0,5.0,7.0,1.0,3.0,3.0,1.0,Regular Season
1628384,OG Anunoby,1630552,Jalen Johnson,3,22.8,101.6,13.0,5.0,13.0,2.0,9.0,0.0,1.0,Regular Season
1630217,Desmond Bane,1628969,Mikal Bridges,4,22.2,101.2,10.0,4.0,13.0,0.0,4.0,1.0,0.0,Regular Season
1629651,Nic Claxton,1629674,Neemias Queta,4,22.5,101.2,23.0,9.0,21.0,0.0,0.0,1.0,7.0,Regular Season
1631095,Jabari Smith Jr.,201942,DeMar DeRozan,4,21.1,100.9,9.0,4.0,13.0,1.0,7.0,1.0,0.0,Regular Season
1630529,Herbert Jones,1629029,Luka Dončić,3,18.4,100.2,11.0,4.0,14.0,2.0,8.0,3.0,1.0,Regular Season
201935,James Harden,1630558,Davion Mitchell,4,21.1,100.0,17.0,5.0,9.0,2.0,5.0,6.0,1.0,Regular Season
1628983,Shai Gilgeous-Alexander,1642264,Stephon Castle,4,19.6,100.0,29.0,8.0,19.0,2.0,6.0,2.0,6.0,Regular Season
1628983,Shai Gilgeous-Alexander,1630183,Jaden McDaniels,4,17.1,99.8,32.0,11.0,17.0,2.0,3.0,1.0,1.0,Regular Season
1630168,Onyeka Okongwu,202696,Nikola Vučević,3,19.2,99.3,19.0,8.0,19.0,3.0,7.0,0.0,1.0,Regular Season
1629029,Luka Dončić,1630529,Herbert Jones,3,18.4,99.2,24.0,9.0,18.0,3.0,9.0,1.0,3.0,Regular Season
203468,CJ McCollum,1642377,Jaylen Wells,4,20.4,98.9,19.0,6.0,11.0,4.0,9.0,2.0,1.0,Regular Season
1641730,Noah Clowney,1627759,Jaylen Brown,4,20.4,98.9,13.0,5.0,13.0,1.0,6.0,0.0,1.0,Regular Season
1642270,Donovan Clingan,201572,Brook Lopez,4,23.9,98.8,12.0,4.0,12.0,4.0,9.0,1.0,0.0,Regular Season
203497,Rudy Gobert,203994,Jusuf Nurkić,3,20.5,98.7,13.0,6.0,6.0,0.0,0.0,1.0,1.0,Regular Season
1630193,Immanuel Quickley,1631157,Ryan Rollins,4,20.1,98.7,29.0,9.0,19.0,6.0,10.0,3.0,3.0,Regular Season
1630168,Onyeka Okongwu,1628976,Wendell Carter Jr.,4,18.1,98.7,23.0,9.0,11.0,3.0,4.0,0.0,1.0,Regular Season
1642276,Kel'el Ware,1626157,Karl-Anthony Towns,4,19.2,98.6,27.0,11.0,18.0,4.0,7.0,0.0,1.0,Regular Season
1630178,Tyrese Maxey,1631157,Ryan Rollins,3,22.5,98.4,17.0,8.0,17.0,1.0,7.0,4.0,0.0,Regular Season
1629674,Neemias Queta,1631105,Jalen Duren,3,22.4,98.3,11.0,4.0,5.0,0.0,0.0,1.0,0.0,Regular Season
1627759,Jaylen Brown,1626162,Kelly Oubre Jr.,4,21.9,98.1,26.0,10.0,20.0,2.0,5.0,6.0,3.0,Regular Season
1629130,Duncan Robinson,1630241,Sam Merrill,4,17.6,97.9,10.0,4.0,9.0,2.0,6.0,3.0,0.0,Regular Season
1629651,Nic Claxton,1630168,Onyeka Okongwu,4,20.0,97.4,23.0,10.0,17.0,0.0,1.0,2.0,2.0,Regular Season
1642270,Donovan Clingan,203999,Nikola Jokić,4,21.5,97.2,23.0,9.0,21.0,5.0,10.0,1.0,0.0,Regular Season
1630183,Jaden McDaniels,201942,DeMar DeRozan,4,19.6,97.0,19.0,8.0,12.0,1.0,4.0,3.0,0.0,Regular Season
203501,Tim Hardaway Jr.,1628978,Donte DiVincenzo,4,18.8,97.0,24.0,8.0,10.0,4.0,6.0,0.0,2.0,Regular Season
1628378,Donovan Mitchell,1630700,Dyson Daniels,3,17.9,97.0,29.0,9.0,16.0,5.0,8.0,4.0,1.0,Regular Season
1627783,Pascal Siakam,1631094,Paolo Banchero,3,16.7,96.9,26.0,11.0,22.0,3.0,6.0,1.0,1.0,Regular Season
1630178,Tyrese Maxey,1628969,Mikal Bridges,4,18.6,96.9,17.0,6.0,12.0,3.0,7.0,3.0,1.0,Regular Season
1631094,Paolo Banchero,1630567,Scottie Barnes,3,21.1,96.8,14.0,4.0,12.0,0.0,3.0,3.0,4.0,Regular Season
1641750,Ryan Kalkbrenner,1627751,Jakob Poeltl,3,19.3,96.7,16.0,6.0,8.0,0.0,0.0,0.0,3.0,Regular Season
1629029,Luka Dončić,1642377,Jaylen Wells,3,19.5,96.6,30.0,10.0,19.0,3.0,9.0,5.0,5.0,Regular Season
1629029,Luka Dončić,1642264,Stephon Castle,3,19.2,96.3,22.0,8.0,22.0,1.0,8.0,2.0,3.0,Regular Season
1641750,Ryan Kalkbrenner,202696,Nikola Vučević,4,21.9,96.2,11.0,4.0,5.0,0.0,0.0,0.0,2.0,Regular Season
1631094,Paolo Banchero,1627783,Pascal Siakam,3,18.4,96.2,27.0,11.0,23.0,1.0,3.0,2.0,2.0,Regular Season
1628436,Luke Kornet,1642270,Donovan Clingan,3,18.2,96.0,17.0,7.0,10.0,0.0,0.0,0.0,2.0,Regular Season
1630595,Cade Cunningham,1630700,Dyson Daniels,3,20.0,96.0,12.0,5.0,14.0,0.0,2.0,2.0,1.0,Regular Season
1630567,Scottie Barnes,1628970,Miles Bridges,4,19.8,95.7,28.0,13.0,17.0,1.0,2.0,2.0,1.0,Regular Season
1631260,AJ Green,1630241,Sam Merrill,4,19.2,95.5,12.0,3.0,5.0,3.0,5.0,1.0,1.0,Regular Season
1628973,Jalen Brunson,1630591,Jalen Suggs,4,19.2,95.4,46.0,16.0,26.0,2.0,7.0,0.0,8.0,Regular Season
1630217,Desmond Bane,1629614,Andrew Nembhard,3,19.5,95.2,20.0,8.0,14.0,3.0,7.0,1.0,1.0,Regular Season
1628970,Miles Bridges,1627783,Pascal Siakam,3,20.3,95.1,17.0,7.0,15.0,3.0,6.0,2.0,0.0,Regular Season
203999,Nikola Jokić,203497,Rudy Gobert,4,20.9,95.1,34.0,13.0,19.0,3.0,7.0,4.0,3.0,Regular Season
203497,Rudy Gobert,1642852,Derik Queen,3,17.1,95.0,22.0,7.0,11.0,0.0,0.0,0.0,5.0,Regular Season
1630162,Anthony Edwards,1642377,Jaylen Wells,3,18.3,94.9,24.0,6.0,15.0,1.0,6.0,3.0,7.0,Regular Season
1628389,Bam Adebayo,202696,Nikola Vučević,4,19.8,94.9,44.0,16.0,29.0,6.0,13.0,0.0,4.0,Regular Season
1630529,Herbert Jones,1642843,Cooper Flagg,4,18.1,94.7,21.0,9.0,15.0,2.0,3.0,1.0,1.0,Regular Season
1630168,Onyeka Okongwu,1629651,Nic Claxton,4,15.7,94.6,7.0,3.0,10.0,1.0,6.0,1.0,0.0,Regular Season
1630162,Anthony Edwards,1629652,Luguentz Dort,4,20.3,94.6,23.0,8.0,16.0,4.0,9.0,5.0,2.0,Regular Season
1627742,Brandon Ingram,203952,Andrew Wiggins,4,18.8,94.3,10.0,3.0,12.0,1.0,4.0,4.0,2.0,Regular Season
1629028,Deandre Ayton,203497,Rudy Gobert,3,20.7,93.8,20.0,10.0,12.0,0.0,0.0,1.0,1.0,Regular Season
1631157,Ryan Rollins,1630193,Immanuel Quickley,4,18.2,93.8,11.0,4.0,9.0,3.0,7.0,1.0,0.0,Regular Season
1626157,Karl-Anthony Towns,1629651,Nic Claxton,4,19.6,93.3,34.0,10.0,22.0,4.0,6.0,3.0,5.0,Regular Season
1627751,Jakob Poeltl,1641750,Ryan Kalkbrenner,3,17.1,93.0,19.0,9.0,14.0,0.0,0.0,2.0,1.0,Regular Season
1630202,Payton Pritchard,1641709,Ausar Thompson,4,23.4,92.9,20.0,6.0,16.0,6.0,14.0,0.0,0.0,Regular Season
1642852,Derik Queen,203497,Rudy Gobert,3,19.1,92.9,23.0,8.0,18.0,3.0,3.0,1.0,3.0,Regular Season
1629638,Nickeil Alexander-Walker,1642450,Daniss Jenkins,4,20.5,92.9,4.0,1.0,12.0,0.0,7.0,0.0,0.0,Regular Season
1628389,Bam Adebayo,1630191,Isaiah Stewart,3,17.4,92.7,9.0,3.0,15.0,1.0,4.0,1.0,2.0,Regular Season
1629674,Neemias Queta,1626157,Karl-Anthony Towns,4,24.1,92.5,10.0,5.0,7.0,0.0,0.0,1.0,0.0,Regular Season
1630567,Scottie Barnes,1628404,Josh Hart,5,20.5,92.3,27.0,11.0,22.0,5.0,11.0,6.0,0.0,Regular Season
1627750,Jamal Murray,1641708,Amen Thompson,4,19.8,91.9,15.0,4.0,9.0,2.0,5.0,3.0,1.0,Regular Season
1627759,Jaylen Brown,1641730,Noah Clowney,4,17.6,91.9,21.0,8.0,16.0,4.0,8.0,1.0,1.0,Regular Season
1628983,Shai Gilgeous-Alexander,1631128,Christian Braun,2,17.8,91.6,34.0,12.0,22.0,2.0,6.0,1.0,4.0,Regular Season
1627759,Jaylen Brown,1641739,Toumani Camara,2,19.5,91.5,31.0,12.0,21.0,2.0,4.0,3.0,3.0,Regular Season
1628976,Wendell Carter Jr.,1626157,Karl-Anthony Towns,3,17.8,91.5,13.0,5.0,7.0,1.0,2.0,2.0,0.0,Regular Season
1630162,Anthony Edwards,1631212,Peyton Watson,2,17.2,91.4,21.0,6.0,13.0,3.0,8.0,2.0,3.0,Regular Season
1630166,Deni Avdija,1631128,Christian Braun,4,18.7,91.4,21.0,7.0,16.0,0.0,5.0,4.0,4.0,Regular Season
1629651,Nic Claxton,202696,Nikola Vučević,4,20.3,91.3,19.0,9.0,12.0,0.0,0.0,2.0,2.0,Regular Season
1630595,Cade Cunningham,1630558,Davion Mitchell,3,16.4,91.2,12.0,4.0,15.0,2.0,7.0,5.0,1.0,Regular Season
1642347,Jamal Shead,1630178,Tyrese Maxey,4,17.7,91.1,10.0,3.0,11.0,2.0,8.0,2.0,1.0,Regular Season
1628969,Mikal Bridges,1630178,Tyrese Maxey,4,17.5,91.0,20.0,8.0,17.0,1.0,7.0,0.0,1.0,Regular Season
1629614,Andrew Nembhard,1630202,Payton Pritchard,4,18.2,91.0,16.0,5.0,13.0,3.0,6.0,0.0,2.0,Regular Season
1628368,De'Aaron Fox,1641708,Amen Thompson,3,18.6,90.8,9.0,3.0,9.0,2.0,6.0,2.0,0.0,Regular Season
1630217,Desmond Bane,1630558,Davion Mitchell,4,19.1,90.7,28.0,10.0,20.0,3.0,8.0,1.0,3.0,Regular Season
1630183,Jaden McDaniels,202695,Kawhi Leonard,3,17.5,90.5,10.0,4.0,5.0,0.0,0.0,4.0,0.0,Regular Season
1628368,De'Aaron Fox,1641717,Cason Wallace,5,17.5,90.5,21.0,8.0,14.0,3.0,7.0,2.0,1.0,Regular Season
1627750,Jamal Murray,1629652,Luguentz Dort,3,17.6,90.4,14.0,4.0,15.0,1.0,9.0,0.0,1.0,Regular Season
203497,Rudy Gobert,1628392,Isaiah Hartenstein,4,18.8,90.2,6.0,2.0,6.0,0.0,0.0,0.0,1.0,Regular Season
1629029,Luka Dončić,1631128,Christian Braun,2,17.3,90.0,27.0,11.0,18.0,3.0,7.0,1.0,3.0,Regular Season
1628978,Donte DiVincenzo,203501,Tim Hardaway Jr.,4,13.9,89.5,5.0,2.0,8.0,1.0,7.0,0.0,0.0,Regular Season
1642845,VJ Edgecombe,1628973,Jalen Brunson,4,15.8,89.4,21.0,7.0,13.0,3.0,6.0,0.0,1.0,Regular Season
1630579,Jericho Sims,1631105,Jalen Duren,4,22.0,89.4,14.0,6.0,7.0,0.0,0.0,0.0,2.0,Regular Season
1642259,Alex Sarr,1626167,Myles Turner,3,17.5,89.3,18.0,7.0,17.0,0.0,1.0,2.0,3.0,Regular Season
202696,Nikola Vučević,1641750,Ryan Kalkbrenner,4,17.1,89.2,27.0,11.0,23.0,3.0,9.0,0.0,2.0,Regular Season
201942,DeMar DeRozan,1641739,Toumani Camara,3,16.5,89.1,18.0,8.0,18.0,1.0,5.0,3.0,1.0,Regular Season
1630202,Payton Pritchard,1629614,Andrew Nembhard,4,18.1,88.9,8.0,3.0,7.0,0.0,2.0,2.0,0.0,Regular Season
202696,Nikola Vučević,1630168,Onyeka Okongwu,3,19.3,88.8,30.0,14.0,24.0,2.0,12.0,0.0,0.0,Regular Season
1642875,Maxime Raynaud,1630578,Alperen Sengun,4,19.1,88.7,17.0,8.0,19.0,1.0,1.0,1.0,0.0,Regular Season
1629627,Zion Williamson,1628991,Jaren Jackson Jr.,4,19.9,88.7,41.0,14.0,22.0,0.0,0.0,5.0,7.0,Regular Season
1631105,Jalen Duren,1629651,Nic Claxton,4,16.1,88.6,18.0,7.0,11.0,0.0,0.0,1.0,2.0,Regular Season
1642843,Cooper Flagg,1630529,Herbert Jones,4,15.2,88.5,10.0,4.0,8.0,1.0,5.0,3.0,0.0,Regular Season
1628973,Jalen Brunson,1642347,Jamal Shead,5,18.5,88.5,34.0,11.0,23.0,4.0,10.0,4.0,3.0,Regular Season
1642875,Maxime Raynaud,1642270,Donovan Clingan,4,17.2,88.4,34.0,13.0,28.0,3.0,6.0,1.0,3.0,Regular Season
201142,Kevin Durant,1629023,P.J. Washington,4,19.2,88.4,22.0,9.0,18.0,1.0,4.0,2.0,1.0,Regular Season
1629674,Neemias Queta,1629651,Nic Claxton,4,17.4,88.2,10.0,5.0,8.0,0.0,0.0,0.0,0.0,Regular Season
1630578,Alperen Sengun,203999,Nikola Jokić,4,20.7,88.1,22.0,10.0,25.0,0.0,2.0,3.0,1.0,Regular Season
203497,Rudy Gobert,1629028,Deandre Ayton,3,19.2,88.0,2.0,0.0,1.0,0.0,0.0,1.0,2.0,Regular Season
1630596,Evan Mobley,1628963,Marvin Bagley III,4,15.3,87.9,19.0,8.0,19.0,2.0,9.0,0.0,4.0,Regular Season
1628386,Jarrett Allen,202696,Nikola Vučević,3,16.2,87.5,6.0,3.0,7.0,0.0,0.0,1.0,0.0,Regular Season
203497,Rudy Gobert,1629111,Jock Landale,4,18.2,87.1,12.0,6.0,10.0,0.0,0.0,1.0,1.0,Regular Season
1630532,Franz Wagner,1630700,Dyson Daniels,3,16.5,87.1,13.0,4.0,10.0,0.0,3.0,2.0,3.0,Regular Season
1629656,Quentin Grimes,1629638,Nickeil Alexander-Walker,4,17.8,86.7,6.0,2.0,10.0,1.0,6.0,1.0,0.0,Regular Season
1630171,Isaac Okoro,1629130,Duncan Robinson,4,15.2,86.5,4.0,1.0,5.0,0.0,2.0,2.0,1.0,Regular Season
1628392,Isaiah Hartenstein,203497,Rudy Gobert,4,18.9,86.5,11.0,5.0,12.0,0.0,0.0,0.0,1.0,Regular Season
1626157,Karl-Anthony Towns,1630567,Scottie Barnes,5,20.3,86.5,13.0,5.0,15.0,1.0,6.0,3.0,2.0,Regular Season
1630162,Anthony Edwards,1641717,Cason Wallace,4,18.1,86.4,15.0,5.0,15.0,1.0,5.0,3.0,3.0,Regular Season
203468,CJ McCollum,1631108,Max Christie,4,15.6,86.3,19.0,6.0,12.0,1.0,5.0,2.0,5.0,Regular Season
1630193,Immanuel Quickley,1629638,Nickeil Alexander-Walker,4,17.6,86.1,23.0,8.0,14.0,4.0,9.0,2.0,1.0,Regular Season
1630596,Evan Mobley,1630168,Onyeka Okongwu,4,18.7,86.1,20.0,8.0,21.0,2.0,4.0,4.0,1.0,Regular Season
1626157,Karl-Anthony Towns,1628976,Wendell Carter Jr.,3,17.4,86.0,29.0,10.0,19.0,1.0,5.0,0.0,5.0,Regular Season
201942,DeMar DeRozan,1628415,Dillon Brooks,3,16.9,86.0,10.0,5.0,9.0,0.0,2.0,1.0,1.0,Regular Season
1629008,Michael Porter Jr.,203952,Andrew Wiggins,3,19.3,85.9,18.0,6.0,21.0,4.0,14.0,1.0,2.0,Regular Season
1641708,Amen Thompson,1628978,Donte DiVincenzo,3,19.3,85.6,8.0,4.0,6.0,0.0,1.0,1.0,0.0,Regular Season
1629661,Cameron Johnson,1631095,Jabari Smith Jr.,4,15.6,85.2,6.0,2.0,7.0,2.0,2.0,0.0,0.0,Regular Season
1642259,Alex Sarr,1631105,Jalen Duren,3,18.0,85.2,20.0,9.0,19.0,2.0,6.0,3.0,0.0,Regular Season
1642851,Kon Knueppel,1629638,Nickeil Alexander-Walker,4,19.6,85.2,18.0,5.0,14.0,3.0,7.0,1.0,2.0,Regular Season
1630596,Evan Mobley,1628976,Wendell Carter Jr.,4,18.6,84.9,21.0,8.0,14.0,0.0,2.0,1.0,3.0,Regular Season
1629674,Neemias Queta,1630643,Jay Huff,4,17.7,84.9,12.0,5.0,10.0,0.0,0.0,2.0,2.0,Regular Season
1628969,Mikal Bridges,1630217,Desmond Bane,4,14.7,84.9,15.0,6.0,12.0,0.0,4.0,0.0,2.0,Regular Season
1629638,Nickeil Alexander-Walker,1630193,Immanuel Quickley,4,14.6,84.8,13.0,4.0,7.0,3.0,5.0,2.0,0.0,Regular Season
1629060,Rui Hachimura,203944,Julius Randle,3,17.8,84.6,7.0,3.0,6.0,1.0,4.0,0.0,0.0,Regular Season
1627742,Brandon Ingram,1630700,Dyson Daniels,4,17.0,84.3,30.0,11.0,13.0,4.0,5.0,3.0,2.0,Regular Season
1641718,Keyonte George,1642377,Jaylen Wells,2,14.8,84.2,19.0,5.0,9.0,1.0,3.0,1.0,3.0,Regular Season
1630558,Davion Mitchell,1642267,Bub Carrington,3,13.6,84.1,9.0,4.0,10.0,1.0,4.0,2.0,0.0,Regular Season
1627750,Jamal Murray,1641739,Toumani Camara,4,15.5,84.1,21.0,9.0,15.0,3.0,8.0,3.0,0.0,Regular Season
1642852,Derik Queen,1629111,Jock Landale,4,18.4,84.1,19.0,8.0,13.0,0.0,0.0,3.0,1.0,Regular Season
1630567,Scottie Barnes,1631094,Paolo Banchero,3,16.2,84.0,14.0,5.0,11.0,2.0,3.0,3.0,0.0,Regular Season
1627734,Domantas Sabonis,203497,Rudy Gobert,2,16.9,84.0,17.0,7.0,21.0,0.0,1.0,2.0,1.0,Regular Season
1629651,Nic Claxton,1626157,Karl-Anthony Towns,4,18.8,84.0,3.0,1.0,10.0,0.0,0.0,2.0,0.0,Regular Season
1627750,Jamal Murray,1642377,Jaylen Wells,3,14.4,83.9,16.0,6.0,13.0,3.0,5.0,2.0,1.0,Regular Season
1641710,Anthony Black,1628973,Jalen Brunson,4,16.0,83.9,23.0,8.0,13.0,4.0,6.0,2.0,3.0,Regular Season
202696,Nikola Vučević,1629651,Nic Claxton,4,15.7,83.8,17.0,7.0,19.0,1.0,9.0,6.0,0.0,Regular Season
1628386,Jarrett Allen,1631105,Jalen Duren,3,17.9,83.8,15.0,6.0,10.0,0.0,0.0,3.0,1.0,Regular Season
1641824,Matas Buzelis,1630552,Jalen Johnson,3,15.3,83.6,13.0,5.0,6.0,2.0,3.0,0.0,1.0,Regular Season
1630178,Tyrese Maxey,1629611,Terance Mann,3,15.6,83.6,18.0,6.0,10.0,0.0,3.0,1.0,2.0,Regular Season
1629627,Zion Williamson,1630173,Precious Achiuwa,3,15.1,83.5,25.0,11.0,16.0,0.0,0.0,3.0,3.0,Regular Season
1630558,Davion Mitchell,1630178,Tyrese Maxey,3,14.7,83.5,18.0,6.0,9.0,3.0,5.0,2.0,2.0,Regular Season
1631260,AJ Green,1630178,Tyrese Maxey,4,17.4,83.4,12.0,4.0,13.0,4.0,13.0,2.0,0.0,Regular Season
1642276,Kel'el Ware,1631217,Moussa Diabaté,4,15.9,83.3,13.0,3.0,10.0,2.0,8.0,2.0,3.0,Regular Season
1630596,Evan Mobley,1627783,Pascal Siakam,3,17.4,83.0,9.0,4.0,15.0,0.0,4.0,3.0,1.0,Regular Season
1641744,Zach Edey,1627826,Ivica Zubac,2,17.0,83.0,9.0,4.0,10.0,0.0,0.0,2.0,1.0,Regular Season
1628401,Derrick White,1630217,Desmond Bane,3,17.0,82.9,14.0,5.0,14.0,2.0,7.0,1.0,1.0,Regular Season
1630595,Cade Cunningham,1642264,Stephon Castle,2,16.2,82.9,18.0,7.0,23.0,3.0,9.0,2.0,1.0,Regular Season
201142,Kevin Durant,203084,Harrison Barnes,3,16.6,82.8,24.0,9.0,20.0,2.0,3.0,4.0,2.0,Regular Season
1631217,Moussa Diabaté,1642276,Kel'el Ware,4,17.9,82.8,8.0,3.0,7.0,0.0,0.0,0.0,1.0,Regular Season
1626167,Myles Turner,1642259,Alex Sarr,3,15.3,82.7,10.0,3.0,11.0,3.0,8.0,1.0,1.0,Regular Season
203497,Rudy Gobert,1627734,Domantas Sabonis,2,15.1,82.6,9.0,4.0,5.0,0.0,0.0,0.0,1.0,Regular Season
203999,Nikola Jokić,1631119,Jaylin Williams,3,17.2,82.4,28.0,11.0,22.0,2.0,10.0,3.0,2.0,Regular Season
1630700,Dyson Daniels,1629628,RJ Barrett,4,16.6,82.4,14.0,6.0,12.0,0.0,4.0,1.0,1.0,Regular Season
1627739,Kris Dunn,1629029,Luka Dončić,4,15.0,82.2,12.0,5.0,8.0,2.0,5.0,1.0,0.0,Regular Season
1630166,Deni Avdija,1630183,Jaden McDaniels,3,15.9,82.1,25.0,8.0,19.0,1.0,7.0,2.0,5.0,Regular Season
1630183,Jaden McDaniels,1628983,Shai Gilgeous-Alexander,4,16.1,82.1,18.0,6.0,14.0,4.0,9.0,4.0,0.0,Regular Season
202699,Tobias Harris,1627742,Brandon Ingram,3,15.8,81.9,7.0,2.0,3.0,1.0,2.0,0.0,2.0,Regular Season
1631108,Max Christie,203468,CJ McCollum,4,15.1,81.8,6.0,2.0,6.0,2.0,5.0,1.0,0.0,Regular Season
1627759,Jaylen Brown,1630532,Franz Wagner,3,16.4,81.6,15.0,5.0,17.0,0.0,5.0,2.0,3.0,Regular Season
1628973,Jalen Brunson,1641709,Ausar Thompson,3,16.1,81.6,27.0,11.0,21.0,3.0,9.0,3.0,1.0,Regular Season
1642845,VJ Edgecombe,1630193,Immanuel Quickley,4,18.6,81.5,17.0,6.0,9.0,5.0,6.0,2.0,0.0,Regular Season
1641750,Ryan Kalkbrenner,1628386,Jarrett Allen,3,19.0,81.3,11.0,5.0,8.0,0.0,0.0,0.0,0.0,Regular Season
1628401,Derrick White,1642845,VJ Edgecombe,4,19.9,81.3,10.0,3.0,14.0,2.0,9.0,2.0,1.0,Regular Season
1630162,Anthony Edwards,1631121,Bryce McGowens,3,13.3,81.3,23.0,9.0,11.0,2.0,3.0,5.0,2.0,Regular Season
1630193,Immanuel Quickley,1630178,Tyrese Maxey,4,15.6,81.0,24.0,9.0,18.0,5.0,12.0,0.0,0.0,Regular Season
203999,Nikola Jokić,1642270,Donovan Clingan,4,13.2,81.0,40.0,16.0,29.0,7.0,12.0,4.0,1.0,Regular Season
1630178,Tyrese Maxey,1642267,Bub Carrington,4,14.2,80.6,37.0,12.0,14.0,5.0,7.0,2.0,2.0,Regular Season
203497,Rudy Gobert,1642366,Quinten Post,4,15.1,80.6,17.0,8.0,10.0,0.0,0.0,1.0,1.0,Regular Season
202331,Paul George,1628384,OG Anunoby,3,15.8,80.6,7.0,3.0,10.0,1.0,3.0,1.0,0.0,Regular Season
1630178,Tyrese Maxey,1630558,Davion Mitchell,3,15.5,80.6,16.0,5.0,14.0,2.0,6.0,3.0,2.0,Regular Season
203944,Julius Randle,203999,Nikola Jokić,4,14.0,80.6,29.0,12.0,20.0,2.0,6.0,1.0,2.0,Regular Season
1630183,Jaden McDaniels,1630530,Trey Murphy III,3,12.3,80.5,6.0,3.0,6.0,0.0,1.0,0.0,0.0,Regular Season
1641774,Tristan Vukcevic,1630168,Onyeka Okongwu,4,14.2,80.2,24.0,9.0,17.0,3.0,7.0,3.0,2.0,Regular Season
1628976,Wendell Carter Jr.,203999,Nikola Jokić,2,15.9,80.1,24.0,10.0,19.0,4.0,8.0,0.0,0.0,Regular Season
1631094,Paolo Banchero,203952,Andrew Wiggins,4,15.2,80.0,23.0,6.0,20.0,1.0,4.0,1.0,5.0,Regular Season
1642377,Jaylen Wells,1629029,Luka Dončić,3,13.4,80.0,13.0,5.0,9.0,3.0,7.0,1.0,0.0,Regular Season
202696,Nikola Vučević,1630643,Jay Huff,3,16.8,80.0,25.0,10.0,25.0,5.0,10.0,1.0,0.0,Regular Season
202696,Nikola Vučević,1628389,Bam Adebayo,4,15.3,80.0,9.0,4.0,10.0,1.0,2.0,1.0,0.0,Regular Season
1630178,Tyrese Maxey,1642281,Jaylon Tyson,3,17.6,79.9,8.0,4.0,12.0,0.0,5.0,3.0,0.0,Regular Season
1630578,Alperen Sengun,1641705,Victor Wembanyama,4,17.6,79.6,41.0,17.0,23.0,0.0,3.0,4.0,5.0,Regular Season
1641730,Noah Clowney,1630552,Jalen Johnson,4,15.1,79.6,8.0,3.0,6.0,0.0,2.0,1.0,1.0,Regular Season
1642366,Quinten Post,203497,Rudy Gobert,4,17.1,79.6,15.0,5.0,14.0,3.0,8.0,1.0,0.0,Regular Season
1641750,Ryan Kalkbrenner,1642276,Kel'el Ware,4,16.1,79.5,12.0,6.0,8.0,0.0,1.0,0.0,0.0,Regular Season
1628973,Jalen Brunson,1630200,Tre Jones,4,16.0,79.5,24.0,9.0,20.0,2.0,5.0,4.0,1.0,Regular Season
1631109,Mark Williams,1631096,Chet Holmgren,4,16.4,79.5,14.0,6.0,11.0,0.0,0.0,2.0,1.0,Regular Season
1629130,Duncan Robinson,1641767,Ben Sheppard,3,15.2,79.4,7.0,2.0,12.0,1.0,10.0,1.0,0.0,Regular Season
1628378,Donovan Mitchell,1629652,Luguentz Dort,2,14.6,79.4,16.0,6.0,15.0,1.0,9.0,1.0,2.0,Regular Season
1626164,Devin Booker,1630171,Isaac Okoro,2,18.0,79.4,23.0,7.0,17.0,4.0,9.0,0.0,3.0,Regular Season
203944,Julius Randle,1630173,Precious Achiuwa,4,15.0,79.3,17.0,7.0,16.0,0.0,5.0,2.0,2.0,Regular Season
1630552,Jalen Johnson,1628384,OG Anunoby,3,14.6,79.3,21.0,7.0,13.0,2.0,6.0,1.0,4.0,Regular Season
1631170,Jaime Jaquez Jr.,1628404,Josh Hart,4,14.7,79.2,25.0,11.0,18.0,1.0,2.0,3.0,0.0,Regular Season
1628970,Miles Bridges,203507,Giannis Antetokounmpo,3,16.7,79.2,8.0,3.0,10.0,2.0,7.0,2.0,0.0,Regular Season
1642267,Bub Carrington,1630558,Davion Mitchell,3,15.2,79.2,7.0,3.0,5.0,1.0,2.0,4.0,0.0,Regular Season
1627742,Brandon Ingram,1629018,Gary Trent Jr.,4,14.7,79.1,13.0,5.0,11.0,1.0,4.0,1.0,1.0,Regular Season
203507,Giannis Antetokounmpo,1628970,Miles Bridges,3,17.9,79.0,16.0,7.0,13.0,0.0,0.0,1.0,2.0,Regular Season
1630166,Deni Avdija,1630230,Naji Marshall,3,16.2,79.0,17.0,6.0,14.0,0.0,6.0,3.0,4.0,Regular Season
1642276,Kel'el Ware,1641750,Ryan Kalkbrenner,4,15.5,79.0,10.0,4.0,18.0,1.0,10.0,0.0,1.0,Regular Season
1629018,Gary Trent Jr.,1627742,Brandon Ingram,4,15.4,78.9,9.0,3.0,9.0,3.0,8.0,0.0,0.0,Regular Season
1630596,Evan Mobley,1630552,Jalen Johnson,4,13.8,78.9,7.0,3.0,10.0,0.0,1.0,0.0,1.0,Regular Season
1641718,Keyonte George,1641717,Cason Wallace,3,14.6,78.5,8.0,3.0,9.0,0.0,4.0,4.0,0.0,Regular Season
1642845,VJ Edgecombe,1628401,Derrick White,4,15.3,78.5,21.0,8.0,19.0,4.0,11.0,1.0,1.0,Regular Season
1630530,Trey Murphy III,1642363,Nique Clifford,3,13.9,78.1,12.0,4.0,7.0,1.0,4.0,1.0,2.0,Regular Season
1629028,Deandre Ayton,1628392,Isaiah Hartenstein,4,15.6,78.0,6.0,3.0,6.0,0.0,0.0,1.0,0.0,Regular Season
1642281,Jaylon Tyson,1630581,Josh Giddey,4,14.0,77.9,13.0,6.0,10.0,0.0,3.0,1.0,2.0,Regular Season
1630183,Jaden McDaniels,1630166,Deni Avdija,3,12.9,77.9,13.0,4.0,11.0,2.0,2.0,1.0,2.0,Regular Season
1629637,Jaxson Hayes,1630643,Jay Huff,2,15.0,77.8,2.0,1.0,2.0,0.0,0.0,0.0,0.0,Regular Season
1642461,Spencer Jones,201142,Kevin Durant,4,13.5,77.8,9.0,3.0,7.0,2.0,5.0,0.0,1.0,Regular Season
1629638,Nickeil Alexander-Walker,1630217,Desmond Bane,4,12.8,77.7,12.0,4.0,12.0,1.0,8.0,3.0,0.0,Regular Season
1628976,Wendell Carter Jr.,1630596,Evan Mobley,4,16.4,77.6,15.0,5.0,12.0,1.0,7.0,2.0,3.0,Regular Season
1629111,Jock Landale,203497,Rudy Gobert,4,13.9,77.6,14.0,5.0,11.0,4.0,10.0,1.0,0.0,Regular Season
203110,Draymond Green,203999,Nikola Jokić,3,17.5,77.6,23.0,8.0,18.0,6.0,15.0,5.0,1.0,Regular Season
1631094,Paolo Banchero,1641731,Bilal Coulibaly,4,14.2,77.6,11.0,3.0,9.0,1.0,5.0,5.0,2.0,Regular Season
1629638,Nickeil Alexander-Walker,1629656,Quentin Grimes,4,14.9,77.5,21.0,7.0,11.0,2.0,3.0,3.0,1.0,Regular Season
1642258,Zaccharie Risacher,1627742,Brandon Ingram,4,14.7,77.5,17.0,6.0,13.0,2.0,7.0,0.0,1.0,Regular Season
201142,Kevin Durant,1630173,Precious Achiuwa,4,15.5,77.4,15.0,5.0,16.0,1.0,8.0,0.0,2.0,Regular Season
1628976,Wendell Carter Jr.,1642259,Alex Sarr,3,13.3,77.4,22.0,9.0,12.0,4.0,5.0,0.0,0.0,Regular Season
1642875,Maxime Raynaud,201572,Brook Lopez,4,16.1,77.4,17.0,8.0,11.0,0.0,1.0,0.0,1.0,Regular Season
1631105,Jalen Duren,1628386,Jarrett Allen,3,14.4,77.3,22.0,7.0,9.0,0.0,0.0,2.0,6.0,Regular Season
1627783,Pascal Siakam,1628970,Miles Bridges,3,16.1,77.2,25.0,11.0,16.0,3.0,6.0,0.0,0.0,Regular Season
1631105,Jalen Duren,1629674,Neemias Queta,3,16.8,77.1,16.0,7.0,13.0,0.0,0.0,4.0,2.0,Regular Season
1629130,Duncan Robinson,1630171,Isaac Okoro,4,15.0,77.0,21.0,7.0,13.0,7.0,10.0,2.0,0.0,Regular Season
1642345,Oso Ighodaro,203999,Nikola Jokić,3,17.4,76.9,6.0,3.0,6.0,0.0,0.0,0.0,0.0,Regular Season
1630643,Jay Huff,1642875,Maxime Raynaud,2,14.5,76.9,10.0,3.0,11.0,2.0,9.0,1.0,0.0,Regular Season
1628969,Mikal Bridges,1626181,Norman Powell,4,14.1,76.8,10.0,3.0,5.0,2.0,4.0,0.0,0.0,Regular Season
1626157,Karl-Anthony Towns,1642259,Alex Sarr,2,14.3,76.8,38.0,15.0,29.0,4.0,11.0,3.0,3.0,Regular Season
1630530,Trey Murphy III,1630183,Jaden McDaniels,3,15.9,76.7,7.0,3.0,6.0,0.0,2.0,2.0,1.0,Regular Season
1631095,Jabari Smith Jr.,1628381,John Collins,4,17.4,76.7,19.0,6.0,14.0,5.0,9.0,0.0,1.0,Regular Season
1628436,Luke Kornet,203999,Nikola Jokić,3,16.8,76.7,4.0,1.0,1.0,0.0,0.0,1.0,1.0,Regular Season
1630170,Devin Vassell,1630530,Trey Murphy III,4,12.5,76.7,9.0,3.0,12.0,3.0,10.0,1.0,0.0,Regular Season
1628973,Jalen Brunson,1629614,Andrew Nembhard,3,16.3,76.6,27.0,12.0,20.0,2.0,6.0,1.0,1.0,Regular Season
203084,Harrison Barnes,1631096,Chet Holmgren,4,15.2,76.6,14.0,6.0,16.0,0.0,8.0,0.0,1.0,Regular Season
201942,DeMar DeRozan,203944,Julius Randle,4,15.9,76.6,12.0,5.0,11.0,1.0,1.0,1.0,0.0,Regular Season
201942,DeMar DeRozan,1626220,Royce O'Neale,4,13.4,76.5,18.0,7.0,10.0,0.0,1.0,2.0,3.0,Regular Season
203944,Julius Randle,1630180,Saddiq Bey,3,12.2,76.4,11.0,4.0,11.0,1.0,3.0,0.0,1.0,Regular Season
1630558,Davion Mitchell,1630193,Immanuel Quickley,4,18.0,76.4,15.0,6.0,9.0,3.0,5.0,2.0,0.0,Regular Season
1626167,Myles Turner,1630552,Jalen Johnson,3,15.2,76.4,16.0,6.0,12.0,4.0,7.0,1.0,0.0,Regular Season
1631105,Jalen Duren,1642259,Alex Sarr,3,14.4,76.4,18.0,5.0,9.0,0.0,0.0,1.0,5.0,Regular Season
1642875,Maxime Raynaud,1630643,Jay Huff,2,14.0,76.3,10.0,4.0,7.0,0.0,0.0,3.0,2.0,Regular Season
1626220,Royce O'Neale,201942,DeMar DeRozan,4,14.7,76.3,5.0,2.0,8.0,1.0,7.0,0.0,0.0,Regular Season
1641730,Noah Clowney,1627742,Brandon Ingram,3,17.9,76.3,8.0,3.0,10.0,1.0,5.0,2.0,1.0,Regular Season
202696,Nikola Vučević,1628386,Jarrett Allen,3,14.7,76.3,17.0,8.0,18.0,1.0,8.0,1.0,0.0,Regular Season
203954,Joel Embiid,1628386,Jarrett Allen,2,16.2,76.3,27.0,10.0,24.0,2.0,4.0,4.0,3.0,Regular Season
1628389,Bam Adebayo,1629674,Neemias Queta,4,15.0,76.1,33.0,12.0,23.0,5.0,10.0,2.0,2.0,Regular Season
203999,Nikola Jokić,1628976,Wendell Carter Jr.,2,14.5,76.0,18.0,6.0,13.0,0.0,2.0,3.0,2.0,Regular Season
1626162,Kelly Oubre Jr.,1627759,Jaylen Brown,4,15.1,75.8,8.0,2.0,9.0,0.0,6.0,3.0,2.0,Regular Season
203935,Marcus Smart,1629630,Ja Morant,2,15.5,75.8,17.0,7.0,9.0,3.0,5.0,3.0,0.0,Regular Season
1628368,De'Aaron Fox,1641739,Toumani Camara,3,16.4,75.8,24.0,10.0,19.0,3.0,5.0,4.0,1.0,Regular Season
1631221,Collin Gillespie,1641717,Cason Wallace,4,13.9,75.7,16.0,6.0,14.0,4.0,9.0,3.0,0.0,Regular Season
1630183,Jaden McDaniels,1627750,Jamal Murray,4,12.9,75.7,14.0,6.0,9.0,2.0,3.0,2.0,0.0,Regular Season
1629611,Terance Mann,203468,CJ McCollum,5,15.4,75.7,14.0,3.0,8.0,2.0,6.0,1.0,3.0,Regular Season
1630230,Naji Marshall,201935,James Harden,4,13.2,75.6,16.0,7.0,10.0,1.0,2.0,0.0,1.0,Regular Season
1630166,Deni Avdija,1629652,Luguentz Dort,3,15.2,75.6,14.0,2.0,13.0,1.0,9.0,2.0,2.0,Regular Season
1631217,Moussa Diabaté,1630643,Jay Huff,3,18.9,75.6,12.0,3.0,10.0,0.0,0.0,1.0,1.0,Regular Season
1629638,Nickeil Alexander-Walker,1631157,Ryan Rollins,3,14.2,75.6,25.0,9.0,15.0,5.0,11.0,0.0,1.0,Regular Season
1631157,Ryan Rollins,1641709,Ausar Thompson,4,17.0,75.5,18.0,7.0,16.0,2.0,7.0,4.0,1.0,Regular Season
203468,CJ McCollum,1631157,Ryan Rollins,6,14.0,75.4,29.0,9.0,16.0,5.0,9.0,1.0,5.0,Regular Season
1630180,Saddiq Bey,203084,Harrison Barnes,4,14.3,75.3,11.0,4.0,9.0,3.0,5.0,0.0,0.0,Regular Season
1630530,Trey Murphy III,1630170,Devin Vassell,4,16.2,75.2,11.0,4.0,14.0,1.0,4.0,0.0,1.0,Regular Season
1628978,Donte DiVincenzo,1630559,Austin Reaves,3,15.4,75.2,12.0,4.0,7.0,4.0,6.0,2.0,0.0,Regular Season
1631114,Jalen Williams,1628368,De'Aaron Fox,4,16.8,75.2,21.0,7.0,12.0,3.0,5.0,3.0,1.0,Regular Season
1628436,Luke Kornet,1628392,Isaiah Hartenstein,3,14.2,75.1,8.0,3.0,5.0,0.0,0.0,0.0,0.0,Regular Season
202695,Kawhi Leonard,1630183,Jaden McDaniels,3,15.7,75.1,28.0,10.0,15.0,4.0,5.0,0.0,2.0,Regular Season
1630581,Josh Giddey,1642281,Jaylon Tyson,4,15.7,75.1,13.0,5.0,10.0,1.0,4.0,2.0,1.0,Regular Season
1630700,Dyson Daniels,1630532,Franz Wagner,3,13.0,75.0,8.0,3.0,5.0,2.0,2.0,1.0,1.0,Regular Season
202699,Tobias Harris,1627759,Jaylen Brown,4,13.2,75.0,12.0,4.0,11.0,2.0,7.0,1.0,1.0,Regular Season
203952,Andrew Wiggins,1631094,Paolo Banchero,4,11.8,74.7,16.0,6.0,10.0,1.0,2.0,0.0,1.0,Regular Season
1641708,Amen Thompson,1642264,Stephon Castle,4,15.8,74.7,15.0,5.0,7.0,1.0,1.0,1.0,2.0,Regular Season
203944,Julius Randle,1629023,P.J. Washington,3,13.8,74.6,17.0,7.0,15.0,0.0,2.0,2.0,1.0,Regular Season
201942,DeMar DeRozan,201142,Kevin Durant,4,16.0,74.5,17.0,5.0,9.0,0.0,1.0,3.0,4.0,Regular Season
1629651,Nic Claxton,1628976,Wendell Carter Jr.,3,16.6,74.5,10.0,4.0,8.0,0.0,1.0,2.0,1.0,Regular Season
1628973,Jalen Brunson,1641710,Anthony Black,4,15.3,74.5,27.0,11.0,18.0,2.0,4.0,3.0,3.0,Regular Season
1628976,Wendell Carter Jr.,1642875,Maxime Raynaud,2,14.7,74.5,8.0,4.0,9.0,0.0,2.0,1.0,0.0,Regular Season
1629028,Deandre Ayton,1642875,Maxime Raynaud,3,13.6,74.3,11.0,5.0,9.0,0.0,0.0,0.0,1.0,Regular Season
1630700,Dyson Daniels,201935,James Harden,4,13.6,74.2,3.0,1.0,7.0,0.0,4.0,4.0,1.0,Regular Season
1627783,Pascal Siakam,1630700,Dyson Daniels,3,15.5,74.2,19.0,7.0,14.0,2.0,6.0,3.0,2.0,Regular Season
1641796,Pelle Larsson,1630217,Desmond Bane,4,13.4,74.2,11.0,3.0,7.0,1.0,2.0,0.0,2.0,Regular Season
1630191,Isaiah Stewart,1628389,Bam Adebayo,3,13.7,74.2,10.0,5.0,7.0,0.0,0.0,0.0,0.0,Regular Season
1630180,Saddiq Bey,1642907,Cedric Coward,4,16.1,74.1,22.0,9.0,17.0,4.0,8.0,0.0,0.0,Regular Season
1628991,Jaren Jackson Jr.,1629627,Zion Williamson,4,13.4,73.9,17.0,7.0,12.0,3.0,5.0,1.0,0.0,Regular Season
1630173,Precious Achiuwa,1629627,Zion Williamson,3,15.7,73.9,8.0,4.0,11.0,0.0,4.0,1.0,0.0,Regular Season
203468,CJ McCollum,1629611,Terance Mann,5,11.7,73.9,12.0,5.0,9.0,2.0,4.0,1.0,0.0,Regular Season
1627742,Brandon Ingram,1629652,Luguentz Dort,2,16.3,73.8,12.0,5.0,16.0,1.0,5.0,0.0,2.0,Regular Season
1628973,Jalen Brunson,1631157,Ryan Rollins,3,14.5,73.8,28.0,10.0,14.0,1.0,1.0,2.0,5.0,Regular Season
1641708,Amen Thompson,1631097,Bennedict Mathurin,4,16.1,73.8,5.0,2.0,3.0,0.0,0.0,2.0,0.0,Regular Season
1641710,Anthony Black,1626181,Norman Powell,4,14.9,73.5,10.0,5.0,10.0,0.0,2.0,0.0,1.0,Regular Season
1631094,Paolo Banchero,1628389,Bam Adebayo,5,15.0,73.5,15.0,5.0,14.0,2.0,4.0,2.0,2.0,Regular Season
203952,Andrew Wiggins,1629008,Michael Porter Jr.,3,11.6,73.4,6.0,2.0,5.0,0.0,2.0,1.0,1.0,Regular Season
1642875,Maxime Raynaud,1628976,Wendell Carter Jr.,2,15.5,73.3,11.0,4.0,6.0,0.0,0.0,1.0,2.0,Regular Season
1642377,Jaylen Wells,201935,James Harden,3,13.8,73.3,17.0,4.0,7.0,3.0,5.0,1.0,2.0,Regular Season
2544,LeBron James,1626220,Royce O'Neale,5,13.8,73.3,7.0,3.0,10.0,1.0,5.0,2.0,0.0,Regular Season
1630241,Sam Merrill,1631260,AJ Green,4,13.6,73.3,22.0,7.0,11.0,6.0,9.0,0.0,0.0,Regular Season
1626157,Karl-Anthony Towns,1631217,Moussa Diabaté,3,15.4,73.2,22.0,7.0,15.0,2.0,4.0,2.0,3.0,Regular Season
1631157,Ryan Rollins,1630700,Dyson Daniels,3,14.3,73.2,21.0,9.0,15.0,2.0,6.0,0.0,0.0,Regular Season
201142,Kevin Durant,1628415,Dillon Brooks,3,15.0,73.2,18.0,7.0,17.0,1.0,1.0,4.0,2.0,Regular Season
1628963,Marvin Bagley III,1630596,Evan Mobley,4,15.1,73.2,14.0,6.0,14.0,2.0,3.0,2.0,0.0,Regular Season
1642377,Jaylen Wells,201942,DeMar DeRozan,4,14.1,73.1,21.0,7.0,9.0,4.0,5.0,0.0,1.0,Regular Season
1630558,Davion Mitchell,1630595,Cade Cunningham,3,14.4,73.0,16.0,7.0,13.0,1.0,3.0,1.0,0.0,Regular Season
203110,Draymond Green,1642270,Donovan Clingan,4,14.5,73.0,20.0,7.0,18.0,3.0,12.0,3.0,1.0,Regular Season
1626164,Devin Booker,1630183,Jaden McDaniels,2,15.2,73.0,10.0,1.0,14.0,0.0,5.0,1.0,2.0,Regular Season
201939,Stephen Curry,1630183,Jaden McDaniels,2,15.3,73.0,29.0,11.0,24.0,5.0,13.0,0.0,1.0,Regular Season
1642843,Cooper Flagg,201935,James Harden,4,15.4,72.9,6.0,3.0,9.0,0.0,3.0,4.0,0.0,Regular Season
1630595,Cade Cunningham,1642281,Jaylon Tyson,4,13.0,72.9,18.0,5.0,12.0,1.0,2.0,2.0,3.0,Regular Season
1630530,Trey Murphy III,1631108,Max Christie,3,15.5,72.7,10.0,4.0,6.0,0.0,1.0,0.0,1.0,Regular Season
1631095,Jabari Smith Jr.,1630170,Devin Vassell,3,16.6,72.6,7.0,3.0,6.0,1.0,1.0,0.0,0.0,Regular Season
1631108,Max Christie,1630170,Devin Vassell,4,14.3,72.5,9.0,4.0,8.0,1.0,4.0,1.0,0.0,Regular Season
203471,Dennis Schröder,1631157,Ryan Rollins,4,15.1,72.5,7.0,2.0,6.0,0.0,2.0,1.0,1.0,Regular Season
1642377,Jaylen Wells,203468,CJ McCollum,4,10.8,72.5,6.0,2.0,8.0,1.0,4.0,0.0,0.0,Regular Season
1628436,Luke Kornet,1641744,Zach Edey,2,14.5,72.5,4.0,1.0,3.0,0.0,0.0,0.0,1.0,Regular Season
1641731,Bilal Coulibaly,1641783,Tristan da Silva,4,16.9,72.4,25.0,9.0,25.0,4.0,12.0,1.0,2.0,Regular Season
1642270,Donovan Clingan,1630168,Onyeka Okongwu,2,14.5,72.4,15.0,5.0,8.0,2.0,5.0,2.0,2.0,Regular Season
1641739,Toumani Camara,202695,Kawhi Leonard,4,16.1,72.3,11.0,4.0,14.0,3.0,10.0,0.0,0.0,Regular Season
1628404,Josh Hart,1627742,Brandon Ingram,5,14.9,72.3,14.0,6.0,9.0,2.0,5.0,1.0,0.0,Regular Season
1642347,Jamal Shead,1628973,Jalen Brunson,5,13.7,72.2,13.0,5.0,7.0,3.0,5.0,2.0,0.0,Regular Season
1627751,Jakob Poeltl,1631105,Jalen Duren,2,17.5,72.2,11.0,5.0,8.0,0.0,0.0,0.0,1.0,Regular Season
1629674,Neemias Queta,1628389,Bam Adebayo,4,15.8,72.1,6.0,2.0,4.0,0.0,0.0,0.0,1.0,Regular Season
1629614,Andrew Nembhard,1642845,VJ Edgecombe,3,16.2,72.1,21.0,8.0,16.0,2.0,5.0,2.0,2.0,Regular Season
1627751,Jakob Poeltl,1626157,Karl-Anthony Towns,3,14.8,72.1,12.0,6.0,8.0,0.0,0.0,0.0,0.0,Regular Season
203944,Julius Randle,203114,Khris Middleton,4,15.3,72.0,9.0,3.0,13.0,1.0,6.0,0.0,2.0,Regular Season
1641739,Toumani Camara,201939,Stephen Curry,4,13.1,72.0,8.0,3.0,6.0,2.0,5.0,2.0,0.0,Regular Season
1630581,Josh Giddey,1630700,Dyson Daniels,2,14.2,72.0,10.0,3.0,6.0,3.0,4.0,2.0,1.0,Regular Season
1626167,Myles Turner,1631217,Moussa Diabaté,3,14.5,72.0,27.0,8.0,14.0,7.0,10.0,0.0,2.0,Regular Season
1628368,De'Aaron Fox,1629652,Luguentz Dort,3,14.8,72.0,9.0,2.0,10.0,2.0,5.0,1.0,4.0,Regular Season
1628389,Bam Adebayo,1630172,Patrick Williams,4,12.2,71.9,15.0,6.0,18.0,1.0,8.0,1.0,3.0,Regular Season
1628978,Donte DiVincenzo,1642907,Cedric Coward,4,12.3,71.9,22.0,7.0,9.0,6.0,8.0,0.0,1.0,Regular Season
1630552,Jalen Johnson,1641709,Ausar Thompson,4,15.5,71.9,13.0,6.0,10.0,1.0,2.0,4.0,0.0,Regular Season
1628386,Jarrett Allen,1641750,Ryan Kalkbrenner,3,14.8,71.9,30.0,14.0,21.0,0.0,0.0,2.0,2.0,Regular Season
203507,Giannis Antetokounmpo,1630567,Scottie Barnes,2,13.6,71.9,7.0,3.0,5.0,1.0,1.0,2.0,0.0,Regular Season
1628389,Bam Adebayo,1630264,Anthony Gill,3,12.2,71.6,21.0,3.0,16.0,3.0,12.0,4.0,4.0,Regular Season
1628971,Bruce Brown,1642263,Reed Sheppard,4,13.2,71.6,12.0,3.0,7.0,1.0,5.0,2.0,4.0,Regular Season
203944,Julius Randle,1631095,Jabari Smith Jr.,2,13.7,71.5,16.0,6.0,14.0,1.0,2.0,3.0,2.0,Regular Season
1631217,Moussa Diabaté,1626167,Myles Turner,3,16.8,71.4,8.0,2.0,2.0,0.0,0.0,0.0,2.0,Regular Season
1629661,Cameron Johnson,1630166,Deni Avdija,4,14.7,71.4,15.0,6.0,10.0,1.0,5.0,0.0,0.0,Regular Season
1629023,P.J. Washington,1630166,Deni Avdija,3,15.0,71.4,14.0,5.0,10.0,3.0,5.0,1.0,1.0,Regular Season
1642875,Maxime Raynaud,1631109,Mark Williams,4,14.1,71.1,10.0,4.0,9.0,0.0,0.0,2.0,1.0,Regular Season
1631109,Mark Williams,1642875,Maxime Raynaud,4,14.3,71.1,12.0,2.0,4.0,0.0,0.0,1.0,4.0,Regular Season
1629639,Tyler Herro,1629614,Andrew Nembhard,2,14.1,71.0,11.0,4.0,10.0,3.0,7.0,0.0,0.0,Regular Season
1642270,Donovan Clingan,203500,Steven Adams,3,13.4,71.0,16.0,7.0,14.0,2.0,9.0,0.0,0.0,Regular Season
1630573,Sam Hauser,203468,CJ McCollum,6,19.3,71.0,21.0,7.0,10.0,5.0,7.0,0.0,1.0,Regular Season
1630168,Onyeka Okongwu,1630572,Sandro Mamukelashvili,4,12.5,71.0,8.0,4.0,11.0,0.0,1.0,0.0,0.0,Regular Season
1629652,Luguentz Dort,1630166,Deni Avdija,3,10.1,70.9,8.0,3.0,6.0,2.0,5.0,0.0,0.0,Regular Season
1642852,Derik Queen,1628436,Luke Kornet,3,14.3,70.9,22.0,10.0,21.0,0.0,2.0,2.0,1.0,Regular Season
1630168,Onyeka Okongwu,1641774,Tristan Vukcevic,4,12.9,70.9,14.0,5.0,18.0,2.0,9.0,3.0,0.0,Regular Season
1629029,Luka Dončić,1630700,Dyson Daniels,2,14.2,70.9,10.0,3.0,9.0,2.0,5.0,2.0,1.0,Regular Season
1629638,Nickeil Alexander-Walker,1642851,Kon Knueppel,4,12.1,70.8,6.0,2.0,10.0,2.0,8.0,1.0,0.0,Regular Season
1628436,Luke Kornet,1642852,Derik Queen,3,15.8,70.8,8.0,4.0,8.0,0.0,0.0,1.0,0.0,Regular Season
1628969,Mikal Bridges,1641824,Matas Buzelis,4,15.1,70.8,15.0,4.0,11.0,1.0,5.0,0.0,2.0,Regular Season
1630180,Saddiq Bey,201142,Kevin Durant,4,16.2,70.8,18.0,6.0,12.0,2.0,3.0,0.0,2.0,Regular Season
1629638,Nickeil Alexander-Walker,1628401,Derrick White,4,12.9,70.8,17.0,6.0,16.0,3.0,6.0,0.0,1.0,Regular Season
1627826,Ivica Zubac,1641744,Zach Edey,2,15.3,70.7,4.0,2.0,6.0,0.0,0.0,0.0,0.0,Regular Season
1641764,Brandin Podziemski,1631128,Christian Braun,4,14.6,70.6,11.0,4.0,9.0,3.0,5.0,3.0,0.0,Regular Season
1627826,Ivica Zubac,1628389,Bam Adebayo,2,13.4,70.6,0.0,0.0,4.0,0.0,0.0,2.0,0.0,Regular Season
203999,Nikola Jokić,203110,Draymond Green,3,14.7,70.6,21.0,9.0,20.0,3.0,8.0,1.0,0.0,Regular Season
1631096,Chet Holmgren,203944,Julius Randle,4,16.6,70.5,8.0,3.0,11.0,0.0,3.0,0.0,0.0,Regular Season
1642377,Jaylen Wells,1630530,Trey Murphy III,4,13.6,70.5,7.0,3.0,5.0,1.0,3.0,3.0,0.0,Regular Season
1642450,Daniss Jenkins,1629638,Nickeil Alexander-Walker,4,12.9,70.5,12.0,5.0,9.0,1.0,3.0,4.0,0.0,Regular Season
1641744,Zach Edey,1628436,Luke Kornet,2,15.9,70.5,16.0,8.0,15.0,0.0,0.0,3.0,0.0,Regular Season
1628389,Bam Adebayo,1631096,Chet Holmgren,2,12.9,70.5,18.0,7.0,15.0,4.0,5.0,0.0,0.0,Regular Season
1626164,Devin Booker,1631108,Max Christie,3,14.9,70.4,11.0,3.0,15.0,0.0,0.0,2.0,2.0,Regular Season
1628389,Bam Adebayo,1631109,Mark Williams,2,13.8,70.4,36.0,11.0,19.0,3.0,6.0,1.0,6.0,Regular Season
1629614,Andrew Nembhard,1630581,Josh Giddey,3,12.5,70.4,11.0,5.0,11.0,0.0,4.0,0.0,0.0,Regular Season
203999,Nikola Jokić,1642345,Oso Ighodaro,3,14.6,70.4,16.0,5.0,8.0,1.0,3.0,1.0,2.0,Regular Season
1629627,Zion Williamson,1629023,P.J. Washington,3,14.0,70.4,20.0,10.0,12.0,0.0,0.0,0.0,0.0,Regular Season
203468,CJ McCollum,1629645,Kevin Porter Jr.,5,15.1,70.3,17.0,6.0,17.0,4.0,10.0,1.0,1.0,Regular Season
1630578,Alperen Sengun,201572,Brook Lopez,4,17.9,70.3,29.0,12.0,23.0,1.0,1.0,3.0,3.0,Regular Season
1630183,Jaden McDaniels,1627742,Brandon Ingram,2,13.3,70.3,9.0,4.0,7.0,1.0,4.0,1.0,0.0,Regular Season
1630567,Scottie Barnes,1628384,OG Anunoby,4,13.7,70.3,8.0,4.0,10.0,0.0,2.0,2.0,1.0,Regular Season
1628389,Bam Adebayo,1627826,Ivica Zubac,2,11.2,70.3,35.0,13.0,22.0,4.0,6.0,2.0,3.0,Regular Season
1626157,Karl-Anthony Towns,1628389,Bam Adebayo,2,15.0,70.2,7.0,3.0,6.0,1.0,3.0,2.0,1.0,Regular Season
1628983,Shai Gilgeous-Alexander,1630162,Anthony Edwards,4,14.0,70.2,19.0,5.0,11.0,1.0,1.0,1.0,3.0,Regular Season
201572,Brook Lopez,1642875,Maxime Raynaud,4,12.7,70.2,15.0,5.0,10.0,3.0,6.0,0.0,1.0,Regular Season
1629636,Darius Garland,1629614,Andrew Nembhard,4,13.3,70.1,29.0,12.0,19.0,5.0,9.0,0.0,0.0,Regular Season
1627750,Jamal Murray,203935,Marcus Smart,3,15.4,70.1,9.0,3.0,7.0,3.0,6.0,1.0,0.0,Regular Season
2544,LeBron James,1630567,Scottie Barnes,2,15.2,70.0,16.0,7.0,14.0,2.0,4.0,0.0,0.0,Regular Season
1642450,Daniss Jenkins,1630200,Tre Jones,3,14.0,69.9,4.0,2.0,5.0,0.0,1.0,0.0,0.0,Regular Season
1630200,Tre Jones,1628973,Jalen Brunson,4,12.8,69.9,12.0,3.0,9.0,1.0,2.0,0.0,2.0,Regular Season
1626164,Devin Booker,1629652,Luguentz Dort,2,12.9,69.9,12.0,2.0,7.0,1.0,6.0,3.0,4.0,Regular Season
1642843,Cooper Flagg,1630170,Devin Vassell,4,12.4,69.9,9.0,3.0,11.0,2.0,3.0,3.0,1.0,Regular Season
1627750,Jamal Murray,1629006,Josh Okogie,4,11.2,69.8,16.0,5.0,11.0,2.0,5.0,1.0,3.0,Regular Season
201142,Kevin Durant,1642461,Spencer Jones,4,15.3,69.8,19.0,6.0,10.0,2.0,4.0,2.0,2.0,Regular Season
1642281,Jaylon Tyson,1630595,Cade Cunningham,4,13.4,69.7,17.0,6.0,9.0,4.0,7.0,1.0,1.0,Regular Season
1628415,Dillon Brooks,1631095,Jabari Smith Jr.,4,11.5,69.7,14.0,6.0,16.0,0.0,8.0,2.0,1.0,Regular Season
1631095,Jabari Smith Jr.,1629627,Zion Williamson,4,15.8,69.7,9.0,2.0,8.0,1.0,6.0,0.0,2.0,Regular Season
1629023,P.J. Washington,2544,LeBron James,4,13.6,69.7,14.0,6.0,11.0,2.0,4.0,0.0,0.0,Regular Season
1630552,Jalen Johnson,1630596,Evan Mobley,4,12.5,69.6,15.0,6.0,14.0,2.0,7.0,1.0,1.0,Regular Season
1628973,Jalen Brunson,1641739,Toumani Camara,2,14.5,69.6,15.0,6.0,11.0,1.0,3.0,2.0,1.0,Regular Season
1630217,Desmond Bane,1641796,Pelle Larsson,4,13.6,69.6,4.0,2.0,5.0,0.0,2.0,0.0,0.0,Regular Season
1642259,Alex Sarr,1626157,Karl-Anthony Towns,2,12.4,69.5,7.0,3.0,12.0,0.0,2.0,2.0,1.0,Regular Season
1628401,Derrick White,1629638,Nickeil Alexander-Walker,4,14.8,69.5,7.0,3.0,6.0,1.0,3.0,0.0,0.0,Regular Season
1629060,Rui Hachimura,1630180,Saddiq Bey,3,12.2,69.4,0.0,0.0,3.0,0.0,3.0,0.0,0.0,Regular Season
1628970,Miles Bridges,202699,Tobias Harris,3,17.1,69.4,3.0,1.0,6.0,0.0,4.0,0.0,1.0,Regular Season
1641767,Ben Sheppard,1628379,Luke Kennard,5,15.2,69.4,6.0,2.0,2.0,2.0,2.0,1.0,0.0,Regular Season
203468,CJ McCollum,1641775,Jordan Walsh,6,15.5,69.3,13.0,4.0,16.0,1.0,7.0,1.0,2.0,Regular Season
1630700,Dyson Daniels,1630595,Cade Cunningham,3,14.4,69.3,6.0,3.0,9.0,0.0,0.0,3.0,0.0,Regular Season
1628976,Wendell Carter Jr.,1629651,Nic Claxton,3,13.5,69.3,12.0,5.0,8.0,1.0,3.0,2.0,1.0,Regular Season
1631105,Jalen Duren,1630579,Jericho Sims,4,14.5,69.2,4.0,1.0,2.0,0.0,0.0,1.0,3.0,Regular Season
1641716,Jarace Walker,1630552,Jalen Johnson,3,13.2,69.2,14.0,6.0,9.0,2.0,3.0,1.0,0.0,Regular Season
1630543,Isaiah Jackson,1631105,Jalen Duren,3,12.7,69.2,9.0,3.0,4.0,0.0,0.0,1.0,1.0,Regular Season
201142,Kevin Durant,203110,Draymond Green,2,16.1,69.1,17.0,6.0,10.0,2.0,5.0,3.0,1.0,Regular Season
1630530,Trey Murphy III,1642377,Jaylen Wells,4,13.2,69.0,12.0,3.0,9.0,2.0,7.0,1.0,2.0,Regular Season
203954,Joel Embiid,1630168,Onyeka Okongwu,2,15.8,69.0,21.0,7.0,17.0,1.0,4.0,4.0,3.0,Regular Season
1627759,Jaylen Brown,1629614,Andrew Nembhard,3,13.8,68.9,22.0,9.0,15.0,2.0,2.0,3.0,1.0,Regular Season
1628381,John Collins,201142,Kevin Durant,4,14.9,68.9,12.0,5.0,10.0,2.0,5.0,2.0,0.0,Regular Season
1629008,Michael Porter Jr.,1631108,Max Christie,3,14.8,68.9,27.0,11.0,17.0,5.0,8.0,3.0,0.0,Regular Season
1629029,Luka Dončić,1631106,Tari Eason,3,12.9,68.8,23.0,8.0,16.0,2.0,7.0,7.0,2.0,Regular Season
1629618,Jalen Pickett,1631157,Ryan Rollins,2,14.8,68.8,5.0,2.0,7.0,1.0,3.0,0.0,0.0,Regular Season
1642267,Bub Carrington,1630178,Tyrese Maxey,4,13.2,68.8,7.0,2.0,4.0,1.0,3.0,1.0,1.0,Regular Season
1628983,Shai Gilgeous-Alexander,1630529,Herbert Jones,3,13.7,68.8,16.0,5.0,9.0,0.0,2.0,2.0,3.0,Regular Season
1630700,Dyson Daniels,1630581,Josh Giddey,2,12.4,68.8,4.0,2.0,6.0,0.0,0.0,0.0,1.0,Regular Season
1630163,LaMelo Ball,1630558,Davion Mitchell,3,13.9,68.7,24.0,7.0,13.0,4.0,8.0,4.0,2.0,Regular Season
1628401,Derrick White,1630595,Cade Cunningham,4,16.3,68.7,17.0,5.0,11.0,4.0,9.0,0.0,2.0,Regular Season
1630552,Jalen Johnson,1641739,Toumani Camara,2,12.0,68.7,2.0,1.0,3.0,0.0,1.0,3.0,1.0,Regular Season
1631105,Jalen Duren,203497,Rudy Gobert,2,14.3,68.7,16.0,5.0,10.0,0.0,0.0,5.0,4.0,Regular Season
1630549,Day'Ron Sharpe,202696,Nikola Vučević,4,15.7,68.7,13.0,5.0,10.0,0.0,1.0,0.0,2.0,Regular Season
1630193,Immanuel Quickley,1642845,VJ Edgecombe,4,15.1,68.7,22.0,8.0,24.0,5.0,11.0,0.0,1.0,Regular Season
1631095,Jabari Smith Jr.,1642846,Ace Bailey,4,12.4,68.6,18.0,5.0,9.0,2.0,5.0,3.0,4.0,Regular Season
1626157,Karl-Anthony Towns,1630168,Onyeka Okongwu,2,16.6,68.6,34.0,11.0,13.0,5.0,7.0,0.0,4.0,Regular Season
1642848,Tre Johnson,1630217,Desmond Bane,4,13.1,68.5,4.0,2.0,10.0,0.0,4.0,4.0,0.0,Regular Season
1627750,Jamal Murray,1642264,Stephon Castle,2,13.8,68.5,18.0,5.0,8.0,3.0,5.0,4.0,2.0,Regular Season
1628415,Dillon Brooks,1629652,Luguentz Dort,4,11.6,68.4,12.0,3.0,14.0,1.0,8.0,1.0,3.0,Regular Season
1629651,Nic Claxton,1628389,Bam Adebayo,3,14.8,68.4,6.0,2.0,6.0,0.0,0.0,4.0,2.0,Regular Season
1630581,Josh Giddey,1631157,Ryan Rollins,3,11.4,68.4,12.0,4.0,8.0,1.0,3.0,3.0,3.0,Regular Season
203076,Anthony Davis,203999,Nikola Jokić,2,14.7,68.4,20.0,7.0,15.0,2.0,3.0,1.0,2.0,Regular Season
1628991,Jaren Jackson Jr.,203084,Harrison Barnes,3,13.6,68.4,10.0,5.0,13.0,0.0,5.0,1.0,0.0,Regular Season
1628389,Bam Adebayo,203954,Joel Embiid,2,12.3,68.4,24.0,8.0,13.0,2.0,3.0,1.0,3.0,Regular Season
1630202,Payton Pritchard,1642845,VJ Edgecombe,4,14.8,68.4,11.0,5.0,10.0,1.0,3.0,0.0,0.0,Regular Season
1630171,Isaac Okoro,1628973,Jalen Brunson,4,11.8,68.3,8.0,3.0,8.0,1.0,5.0,1.0,1.0,Regular Season
1629028,Deandre Ayton,1642852,Derik Queen,4,14.5,68.2,21.0,10.0,17.0,0.0,0.0,0.0,1.0,Regular Season
203999,Nikola Jokić,1629057,Robert Williams III,4,12.9,68.2,19.0,7.0,18.0,1.0,7.0,2.0,1.0,Regular Season
202695,Kawhi Leonard,201950,Jrue Holiday,3,15.0,68.2,21.0,7.0,15.0,3.0,8.0,1.0,2.0,Regular Season
1630529,Herbert Jones,1628983,Shai Gilgeous-Alexander,3,12.7,68.0,15.0,4.0,12.0,3.0,8.0,2.0,2.0,Regular Season
201942,DeMar DeRozan,1628374,Lauri Markkanen,3,15.1,68.0,5.0,2.0,6.0,1.0,1.0,1.0,0.0,Regular Season
1626167,Myles Turner,1631094,Paolo Banchero,3,14.1,68.0,8.0,3.0,8.0,2.0,6.0,1.0,2.0,Regular Season
1641708,Amen Thompson,203468,CJ McCollum,3,12.8,67.9,9.0,4.0,9.0,1.0,1.0,1.0,0.0,Regular Season
1628401,Derrick White,1628969,Mikal Bridges,4,16.2,67.9,5.0,2.0,6.0,1.0,4.0,0.0,0.0,Regular Season
1626181,Norman Powell,1630591,Jalen Suggs,5,11.0,67.9,37.0,10.0,17.0,4.0,9.0,2.0,5.0,Regular Season
1631094,Paolo Banchero,1630596,Evan Mobley,4,13.5,67.8,38.0,12.0,22.0,5.0,9.0,1.0,6.0,Regular Season
1631095,Jabari Smith Jr.,1642843,Cooper Flagg,3,15.7,67.8,14.0,5.0,13.0,2.0,8.0,0.0,1.0,Regular Season
1631105,Jalen Duren,203083,Andre Drummond,2,13.1,67.8,12.0,4.0,5.0,0.0,0.0,0.0,3.0,Regular Season
203999,Nikola Jokić,203076,Anthony Davis,2,10.7,67.7,16.0,7.0,16.0,2.0,8.0,2.0,0.0,Regular Season
1629655,Daniel Gafford,203497,Rudy Gobert,3,12.3,67.7,16.0,7.0,12.0,0.0,0.0,2.0,1.0,Regular Season
1628386,Jarrett Allen,1631109,Mark Williams,2,11.3,67.7,14.0,6.0,10.0,0.0,0.0,1.0,1.0,Regular Season
1630217,Desmond Bane,1628401,Derrick White,3,13.2,67.7,10.0,4.0,8.0,2.0,3.0,0.0,1.0,Regular Season
1630202,Payton Pritchard,1629638,Nickeil Alexander-Walker,3,15.7,67.7,13.0,4.0,9.0,3.0,6.0,2.0,0.0,Regular Season
1627742,Brandon Ingram,202699,Tobias Harris,3,13.3,67.6,13.0,5.0,11.0,1.0,5.0,1.0,1.0,Regular Season
1630163,LaMelo Ball,1641710,Anthony Black,3,14.6,67.6,14.0,6.0,17.0,2.0,8.0,2.0,0.0,Regular Season
1630217,Desmond Bane,1641709,Ausar Thompson,4,13.3,67.5,12.0,4.0,8.0,2.0,2.0,1.0,1.0,Regular Season
203507,Giannis Antetokounmpo,1641731,Bilal Coulibaly,2,14.8,67.4,13.0,5.0,13.0,0.0,1.0,3.0,5.0,Regular Season
202696,Nikola Vučević,1626157,Karl-Anthony Towns,4,12.4,67.4,18.0,7.0,11.0,3.0,7.0,2.0,1.0,Regular Season
203944,Julius Randle,1629060,Rui Hachimura,3,13.2,67.4,23.0,8.0,14.0,3.0,4.0,1.0,2.0,Regular Season
1631128,Christian Braun,1629029,Luka Dončić,2,12.9,67.4,8.0,3.0,6.0,1.0,4.0,2.0,1.0,Regular Season
1628969,Mikal Bridges,203952,Andrew Wiggins,4,13.1,67.3,19.0,7.0,14.0,5.0,10.0,1.0,0.0,Regular Season
1630567,Scottie Barnes,1630596,Evan Mobley,3,14.2,67.3,9.0,4.0,14.0,0.0,4.0,3.0,1.0,Regular Season
1631094,Paolo Banchero,1628991,Jaren Jackson Jr.,3,13.6,67.3,22.0,8.0,18.0,5.0,8.0,2.0,1.0,Regular Season
1628378,Donovan Mitchell,1628969,Mikal Bridges,3,13.2,67.2,36.0,13.0,25.0,2.0,7.0,2.0,4.0,Regular Season
1629652,Luguentz Dort,1630162,Anthony Edwards,4,9.8,67.2,0.0,0.0,5.0,0.0,5.0,1.0,0.0,Regular Season
1626220,Royce O'Neale,1630530,Trey Murphy III,4,12.9,67.2,11.0,4.0,9.0,3.0,8.0,0.0,0.0,Regular Season
1631109,Mark Williams,1628389,Bam Adebayo,2,13.1,67.0,13.0,5.0,6.0,0.0,0.0,0.0,2.0,Regular Season
1631095,Jabari Smith Jr.,1641783,Tristan da Silva,2,17.0,67.0,9.0,4.0,6.0,1.0,3.0,1.0,0.0,Regular Season
1631221,Collin Gillespie,1628978,Donte DiVincenzo,3,14.1,66.9,15.0,6.0,10.0,3.0,6.0,1.0,0.0,Regular Season
203999,Nikola Jokić,202696,Nikola Vučević,2,12.9,66.9,30.0,11.0,22.0,3.0,9.0,0.0,3.0,Regular Season
1642271,Kyle Filipowski,203939,Dwight Powell,3,13.2,66.9,10.0,4.0,5.0,1.0,2.0,3.0,1.0,Regular Season
1629057,Robert Williams III,203999,Nikola Jokić,4,16.7,66.8,12.0,5.0,7.0,0.0,0.0,0.0,2.0,Regular Season
1630643,Jay Huff,202696,Nikola Vučević,3,13.0,66.8,10.0,3.0,7.0,2.0,5.0,0.0,1.0,Regular Season
1641708,Amen Thompson,1627750,Jamal Murray,4,13.7,66.8,10.0,5.0,9.0,0.0,2.0,1.0,0.0,Regular Season
202695,Kawhi Leonard,1641708,Amen Thompson,4,13.5,66.8,15.0,6.0,12.0,1.0,3.0,0.0,1.0,Regular Season
1630552,Jalen Johnson,1641730,Noah Clowney,4,11.2,66.8,13.0,5.0,13.0,0.0,5.0,2.0,1.0,Regular Season
1630200,Tre Jones,1642450,Daniss Jenkins,3,11.4,66.8,2.0,1.0,2.0,0.0,0.0,3.0,0.0,Regular Season
1628973,Jalen Brunson,1630558,Davion Mitchell,2,13.8,66.7,32.0,10.0,17.0,4.0,8.0,1.0,3.0,Regular Season
1630230,Naji Marshall,201142,Kevin Durant,4,13.1,66.7,9.0,4.0,7.0,1.0,4.0,0.0,2.0,Regular Season
1630572,Sandro Mamukelashvili,1630168,Onyeka Okongwu,4,13.3,66.7,9.0,3.0,7.0,1.0,3.0,1.0,2.0,Regular Season
1628368,De'Aaron Fox,1630183,Jaden McDaniels,3,15.3,66.7,22.0,9.0,16.0,1.0,4.0,3.0,1.0,Regular Season
203897,Zach LaVine,1630183,Jaden McDaniels,4,14.8,66.6,14.0,6.0,12.0,2.0,4.0,1.0,0.0,Regular Season
202695,Kawhi Leonard,1630174,Aaron Nesmith,2,14.8,66.6,23.0,9.0,17.0,2.0,4.0,0.0,1.0,Regular Season
1628978,Donte DiVincenzo,1630193,Immanuel Quickley,2,12.8,66.5,15.0,5.0,9.0,5.0,7.0,0.0,0.0,Regular Season
1627884,Derrick Jones Jr.,1630530,Trey Murphy III,4,12.4,66.5,16.0,7.0,11.0,2.0,4.0,0.0,0.0,Regular Season
1630264,Anthony Gill,1628389,Bam Adebayo,3,13.0,66.5,6.0,3.0,5.0,0.0,0.0,1.0,0.0,Regular Season
1628392,Isaiah Hartenstein,1628436,Luke Kornet,3,13.2,66.5,22.0,10.0,15.0,0.0,0.0,1.0,1.0,Regular Season
1626157,Karl-Anthony Towns,202696,Nikola Vučević,4,14.0,66.5,21.0,7.0,13.0,2.0,4.0,3.0,3.0,Regular Season
203084,Harrison Barnes,201142,Kevin Durant,3,10.8,66.4,15.0,5.0,5.0,3.0,3.0,0.0,0.0,Regular Season
1628389,Bam Adebayo,1630572,Sandro Mamukelashvili,4,13.7,66.4,8.0,3.0,10.0,1.0,3.0,1.0,1.0,Regular Season
1629637,Jaxson Hayes,1629655,Daniel Gafford,4,14.2,66.4,8.0,3.0,6.0,0.0,0.0,0.0,1.0,Regular Season
1642263,Reed Sheppard,1628971,Bruce Brown,4,14.9,66.4,20.0,5.0,19.0,4.0,12.0,1.0,3.0,Regular Season
201566,Russell Westbrook,1641708,Amen Thompson,3,13.1,66.4,14.0,5.0,11.0,4.0,9.0,3.0,0.0,Regular Season
1631105,Jalen Duren,1627751,Jakob Poeltl,2,13.6,66.3,20.0,8.0,9.0,0.0,0.0,1.0,3.0,Regular Season
1631094,Paolo Banchero,1630173,Precious Achiuwa,2,14.0,66.3,22.0,8.0,17.0,4.0,6.0,2.0,1.0,Regular Season
1628378,Donovan Mitchell,1642851,Kon Knueppel,4,12.7,66.2,19.0,6.0,20.0,3.0,11.0,2.0,2.0,Regular Season
1628983,Shai Gilgeous-Alexander,1630700,Dyson Daniels,2,12.8,66.2,18.0,8.0,13.0,1.0,2.0,4.0,1.0,Regular Season
1630166,Deni Avdija,1629023,P.J. Washington,3,11.6,66.1,6.0,2.0,11.0,0.0,6.0,2.0,2.0,Regular Season
1629004,Svi Mykhailiuk,1628983,Shai Gilgeous-Alexander,3,12.4,66.1,8.0,3.0,11.0,2.0,9.0,0.0,0.0,Regular Season
1627742,Brandon Ingram,1628404,Josh Hart,5,11.4,66.0,20.0,8.0,16.0,2.0,4.0,2.0,2.0,Regular Season
203497,Rudy Gobert,1631105,Jalen Duren,2,15.8,66.0,8.0,3.0,6.0,0.0,0.0,1.0,1.0,Regular Season
1630578,Alperen Sengun,1631096,Chet Holmgren,3,15.5,66.0,22.0,8.0,19.0,0.0,2.0,2.0,3.0,Regular Season
203083,Andre Drummond,1631105,Jalen Duren,2,14.8,66.0,11.0,4.0,7.0,2.0,4.0,0.0,1.0,Regular Season
1628389,Bam Adebayo,1629651,Nic Claxton,3,12.8,66.0,8.0,4.0,17.0,0.0,4.0,1.0,0.0,Regular Season
203497,Rudy Gobert,1629655,Daniel Gafford,3,12.1,65.8,11.0,5.0,8.0,0.0,0.0,0.0,2.0,Regular Season
1630180,Saddiq Bey,1630166,Deni Avdija,3,13.3,65.8,18.0,6.0,14.0,2.0,7.0,1.0,3.0,Regular Season
1629011,Mitchell Robinson,202696,Nikola Vučević,4,15.7,65.8,7.0,3.0,4.0,0.0,0.0,0.0,0.0,Regular Season
1628384,OG Anunoby,201142,Kevin Durant,2,13.2,65.8,2.0,1.0,3.0,0.0,2.0,0.0,0.0,Regular Season
1626164,Devin Booker,1631128,Christian Braun,2,13.0,65.8,11.0,4.0,6.0,1.0,3.0,5.0,1.0,Regular Season
1629636,Darius Garland,1641739,Toumani Camara,3,13.5,65.8,8.0,2.0,13.0,1.0,5.0,2.0,1.0,Regular Season
1630532,Franz Wagner,1641824,Matas Buzelis,3,12.5,65.8,10.0,4.0,11.0,1.0,2.0,4.0,1.0,Regular Season
1629029,Luka Dončić,1641718,Keyonte George,3,12.4,65.7,19.0,5.0,12.0,3.0,8.0,2.0,3.0,Regular Season
1630643,Jay Huff,1629637,Jaxson Hayes,2,11.0,65.7,13.0,5.0,8.0,3.0,6.0,0.0,0.0,Regular Season
1629656,Quentin Grimes,1629014,Anfernee Simons,3,13.6,65.7,17.0,5.0,13.0,4.0,9.0,1.0,2.0,Regular Season
1629627,Zion Williamson,1631094,Paolo Banchero,2,11.9,65.7,14.0,5.0,8.0,0.0,0.0,1.0,2.0,Regular Season
202696,Nikola Vučević,1626167,Myles Turner,3,13.0,65.7,7.0,3.0,11.0,1.0,3.0,3.0,0.0,Regular Season
1630549,Day'Ron Sharpe,1628386,Jarrett Allen,3,14.7,65.6,8.0,3.0,5.0,0.0,0.0,3.0,1.0,Regular Season
1629029,Luka Dončić,1629004,Svi Mykhailiuk,3,10.7,65.5,17.0,7.0,16.0,0.0,7.0,0.0,2.0,Regular Season
1628973,Jalen Brunson,1630171,Isaac Okoro,4,14.0,65.5,4.0,1.0,5.0,0.0,1.0,0.0,0.0,Regular Season
203500,Steven Adams,1642270,Donovan Clingan,3,14.8,65.5,6.0,3.0,4.0,0.0,0.0,1.0,0.0,Regular Season
1631105,Jalen Duren,1630543,Isaiah Jackson,3,14.2,65.5,17.0,6.0,11.0,0.0,0.0,1.0,5.0,Regular Season
1626181,Norman Powell,1630202,Payton Pritchard,3,11.6,65.4,9.0,3.0,8.0,1.0,3.0,0.0,1.0,Regular Season
1641718,Keyonte George,1630230,Naji Marshall,4,11.9,65.4,10.0,4.0,9.0,2.0,6.0,0.0,0.0,Regular Season
1626181,Norman Powell,1641710,Anthony Black,4,10.3,65.4,13.0,5.0,10.0,3.0,3.0,2.0,1.0,Regular Season
1628415,Dillon Brooks,1630180,Saddiq Bey,3,13.3,65.4,4.0,1.0,5.0,0.0,2.0,2.0,1.0,Regular Season
1630643,Jay Huff,203954,Joel Embiid,3,13.8,65.4,9.0,3.0,8.0,3.0,8.0,0.0,0.0,Regular Season
1627783,Pascal Siakam,1631230,Dominick Barlow,2,13.0,65.4,10.0,4.0,10.0,1.0,2.0,1.0,2.0,Regular Season
1642843,Cooper Flagg,1641739,Toumani Camara,3,13.9,65.3,17.0,6.0,12.0,0.0,1.0,3.0,3.0,Regular Season
203999,Nikola Jokić,1641989,Elijah Harkless,2,13.6,65.3,23.0,8.0,10.0,2.0,2.0,3.0,1.0,Regular Season
1628389,Bam Adebayo,1627751,Jakob Poeltl,3,15.7,65.3,13.0,5.0,10.0,2.0,3.0,2.0,1.0,Regular Season
202696,Nikola Vučević,1629011,Mitchell Robinson,4,14.4,65.3,20.0,8.0,15.0,4.0,6.0,1.0,0.0,Regular Season
203497,Rudy Gobert,1628963,Marvin Bagley III,3,14.7,65.2,9.0,4.0,4.0,0.0,0.0,2.0,1.0,Regular Season
1630166,Deni Avdija,1641708,Amen Thompson,3,11.7,65.2,10.0,2.0,5.0,0.0,2.0,2.0,3.0,Regular Season
1630180,Saddiq Bey,203944,Julius Randle,3,13.2,65.2,17.0,6.0,8.0,0.0,1.0,0.0,2.0,Regular Season
1641824,Matas Buzelis,203952,Andrew Wiggins,3,13.1,65.2,8.0,3.0,11.0,2.0,6.0,2.0,0.0,Regular Season
1627759,Jaylen Brown,203952,Andrew Wiggins,3,16.6,65.1,28.0,11.0,24.0,4.0,12.0,5.0,1.0,Regular Season
1626181,Norman Powell,1630217,Desmond Bane,5,11.4,65.1,17.0,7.0,15.0,2.0,8.0,1.0,1.0,Regular Season
1631217,Moussa Diabaté,1630168,Onyeka Okongwu,3,17.1,65.1,6.0,2.0,2.0,0.0,0.0,1.0,1.0,Regular Season
1627751,Jakob Poeltl,1628389,Bam Adebayo,3,14.6,65.0,2.0,1.0,2.0,0.0,0.0,2.0,0.0,Regular Season
1642843,Cooper Flagg,1642461,Spencer Jones,4,12.4,65.0,16.0,7.0,14.0,2.0,6.0,1.0,1.0,Regular Season
1628384,OG Anunoby,202331,Paul George,3,11.9,64.9,13.0,5.0,8.0,3.0,5.0,1.0,0.0,Regular Season
203999,Nikola Jokić,1628392,Isaiah Hartenstein,2,12.1,64.9,18.0,7.0,15.0,1.0,3.0,2.0,1.0,Regular Season
1629630,Ja Morant,203935,Marcus Smart,2,11.8,64.8,4.0,2.0,8.0,0.0,5.0,3.0,0.0,Regular Season
203924,Jerami Grant,203944,Julius Randle,4,13.1,64.8,19.0,7.0,11.0,3.0,5.0,2.0,0.0,Regular Season
1631094,Paolo Banchero,1641739,Toumani Camara,2,11.3,64.8,6.0,3.0,6.0,0.0,0.0,1.0,0.0,Regular Season
1629060,Rui Hachimura,1642846,Ace Bailey,4,12.4,64.7,14.0,4.0,9.0,1.0,3.0,0.0,3.0,Regular Season
1630700,Dyson Daniels,1628973,Jalen Brunson,3,11.9,64.7,5.0,2.0,3.0,0.0,0.0,2.0,1.0,Regular Season
201572,Brook Lopez,1628963,Marvin Bagley III,4,13.5,64.7,14.0,5.0,13.0,2.0,8.0,0.0,1.0,Regular Season
1627742,Brandon Ingram,1630529,Herbert Jones,2,12.8,64.7,6.0,2.0,10.0,0.0,4.0,0.0,1.0,Regular Season
1630193,Immanuel Quickley,1630558,Davion Mitchell,4,14.0,64.6,7.0,2.0,6.0,0.0,3.0,1.0,2.0,Regular Season
1628970,Miles Bridges,1630567,Scottie Barnes,4,12.6,64.6,9.0,3.0,7.0,1.0,5.0,0.0,2.0,Regular Season
1630559,Austin Reaves,1641708,Amen Thompson,3,14.6,64.6,5.0,2.0,9.0,1.0,4.0,2.0,0.0,Regular Season
1629651,Nic Claxton,1631109,Mark Williams,2,15.4,64.6,7.0,2.0,7.0,0.0,0.0,1.0,2.0,Regular Season
1627739,Kris Dunn,1628978,Donte DiVincenzo,4,15.3,64.6,5.0,1.0,8.0,1.0,2.0,0.0,0.0,Regular Season
1630591,Jalen Suggs,1626181,Norman Powell,5,12.8,64.6,18.0,7.0,14.0,3.0,8.0,1.0,1.0,Regular Season
1641708,Amen Thompson,203501,Tim Hardaway Jr.,4,15.3,64.6,6.0,3.0,11.0,0.0,1.0,0.0,0.0,Regular Season
1628386,Jarrett Allen,1626157,Karl-Anthony Towns,3,12.7,64.5,9.0,4.0,5.0,0.0,0.0,1.0,0.0,Regular Season
1628970,Miles Bridges,203114,Khris Middleton,3,14.7,64.4,10.0,2.0,10.0,1.0,6.0,0.0,2.0,Regular Season
1642264,Stephon Castle,1630530,Trey Murphy III,4,12.2,64.4,6.0,2.0,6.0,1.0,2.0,2.0,1.0,Regular Season
1642867,Collin Murray-Boyles,1630552,Jalen Johnson,3,13.0,64.3,8.0,4.0,6.0,0.0,0.0,0.0,0.0,Regular Season
201566,Russell Westbrook,1627739,Kris Dunn,3,13.3,64.3,9.0,2.0,7.0,0.0,5.0,2.0,4.0,Regular Season
1629639,Tyler Herro,1641708,Amen Thompson,2,12.2,64.3,14.0,6.0,10.0,2.0,6.0,0.0,0.0,Regular Season
201935,James Harden,1641739,Toumani Camara,2,12.8,64.3,10.0,3.0,5.0,0.0,1.0,2.0,2.0,Regular Season
202696,Nikola Vučević,1630191,Isaiah Stewart,2,12.2,64.3,19.0,8.0,18.0,3.0,7.0,0.0,0.0,Regular Season
1628392,Isaiah Hartenstein,1629028,Deandre Ayton,4,12.1,64.3,11.0,4.0,6.0,0.0,0.0,1.0,2.0,Regular Season
1628404,Josh Hart,1630163,LaMelo Ball,3,13.6,64.3,10.0,3.0,4.0,2.0,3.0,0.0,1.0,Regular Season
1630567,Scottie Barnes,1630168,Onyeka Okongwu,4,13.0,64.2,24.0,10.0,18.0,0.0,2.0,1.0,3.0,Regular Season
1627750,Jamal Murray,1630230,Naji Marshall,4,13.3,64.2,19.0,7.0,10.0,3.0,5.0,0.0,0.0,Regular Season
1627734,Domantas Sabonis,203999,Nikola Jokić,2,13.0,64.2,25.0,10.0,13.0,1.0,2.0,0.0,2.0,Regular Season
1628963,Marvin Bagley III,203497,Rudy Gobert,3,13.0,64.1,16.0,6.0,12.0,1.0,2.0,1.0,1.0,Regular Season
1629023,P.J. Washington,203944,Julius Randle,3,11.4,64.1,8.0,2.0,6.0,1.0,1.0,2.0,2.0,Regular Season
1631121,Bryce McGowens,1630162,Anthony Edwards,3,12.1,64.1,5.0,2.0,4.0,1.0,1.0,0.0,0.0,Regular Season
1627742,Brandon Ingram,1630183,Jaden McDaniels,2,11.7,64.1,20.0,8.0,17.0,1.0,5.0,0.0,2.0,Regular Season
1629652,Luguentz Dort,201142,Kevin Durant,3,11.3,64.0,2.0,0.0,4.0,0.0,4.0,1.0,1.0,Regular Season
1629013,Landry Shamet,1626181,Norman Powell,3,12.6,64.0,15.0,5.0,11.0,4.0,8.0,1.0,1.0,Regular Season
1630217,Desmond Bane,1642848,Tre Johnson,4,10.7,64.0,10.0,3.0,6.0,0.0,2.0,0.0,2.0,Regular Season
1631094,Paolo Banchero,1630172,Patrick Williams,3,13.0,63.9,1.0,0.0,13.0,0.0,4.0,3.0,1.0,Regular Season
1629656,Quentin Grimes,203468,CJ McCollum,3,12.7,63.9,6.0,2.0,8.0,2.0,8.0,1.0,0.0,Regular Season
1629234,Drew Eubanks,1628392,Isaiah Hartenstein,3,11.8,63.9,4.0,2.0,4.0,0.0,0.0,2.0,0.0,Regular Season
1641705,Victor Wembanyama,1628389,Bam Adebayo,2,12.9,63.8,16.0,6.0,16.0,2.0,6.0,0.0,1.0,Regular Season
203497,Rudy Gobert,1642276,Kel'el Ware,2,13.9,63.8,19.0,8.0,9.0,0.0,1.0,0.0,2.0,Regular Season
1628973,Jalen Brunson,1630567,Scottie Barnes,5,13.1,63.8,17.0,8.0,18.0,0.0,4.0,2.0,1.0,Regular Season
202696,Nikola Vučević,203497,Rudy Gobert,2,13.9,63.8,11.0,5.0,13.0,1.0,3.0,2.0,0.0,Regular Season
201939,Stephen Curry,1631108,Max Christie,2,12.1,63.8,24.0,9.0,17.0,4.0,10.0,3.0,1.0,Regular Season
201566,Russell Westbrook,1631221,Collin Gillespie,4,12.7,63.7,8.0,3.0,4.0,1.0,1.0,6.0,1.0,Regular Season
1629006,Josh Okogie,1627750,Jamal Murray,4,12.7,63.7,3.0,1.0,3.0,1.0,3.0,0.0,1.0,Regular Season
1630172,Patrick Williams,1628389,Bam Adebayo,4,10.8,63.7,10.0,3.0,12.0,2.0,9.0,1.0,0.0,Regular Season
1630171,Isaac Okoro,1626164,Devin Booker,2,9.6,63.7,4.0,2.0,5.0,0.0,2.0,2.0,0.0,Regular Season
1628976,Wendell Carter Jr.,1626167,Myles Turner,3,14.9,63.6,8.0,1.0,6.0,0.0,2.0,1.0,3.0,Regular Season
1627742,Brandon Ingram,1626162,Kelly Oubre Jr.,2,12.7,63.6,8.0,4.0,16.0,0.0,4.0,0.0,0.0,Regular Season
1642363,Nique Clifford,1642263,Reed Sheppard,4,13.0,63.6,9.0,4.0,8.0,1.0,3.0,1.0,1.0,Regular Season
203497,Rudy Gobert,1628386,Jarrett Allen,2,13.6,63.6,9.0,4.0,5.0,0.0,0.0,1.0,0.0,Regular Season
1641709,Ausar Thompson,1630217,Desmond Bane,4,12.6,63.6,8.0,4.0,8.0,0.0,0.0,1.0,0.0,Regular Season
1630174,Aaron Nesmith,1630217,Desmond Bane,3,12.4,63.6,7.0,2.0,6.0,1.0,4.0,2.0,0.0,Regular Season
1629023,P.J. Washington,1630180,Saddiq Bey,4,10.7,63.6,9.0,4.0,5.0,1.0,2.0,2.0,0.0,Regular Season
1628978,Donte DiVincenzo,1629636,Darius Garland,3,13.0,63.5,16.0,6.0,7.0,4.0,5.0,2.0,0.0,Regular Season
1628381,John Collins,1642843,Cooper Flagg,4,12.6,63.5,11.0,5.0,9.0,1.0,4.0,0.0,0.0,Regular Season
1628976,Wendell Carter Jr.,1642270,Donovan Clingan,2,12.8,63.5,20.0,7.0,11.0,1.0,3.0,2.0,3.0,Regular Season
1641708,Amen Thompson,201566,Russell Westbrook,3,12.2,63.4,17.0,7.0,11.0,1.0,2.0,2.0,1.0,Regular Season
1630530,Trey Murphy III,1627884,Derrick Jones Jr.,4,12.1,63.4,9.0,2.0,4.0,2.0,3.0,2.0,1.0,Regular Season
201142,Kevin Durant,1629640,Keldon Johnson,4,12.8,63.3,14.0,5.0,10.0,1.0,1.0,4.0,2.0,Regular Season
1642875,Maxime Raynaud,1629028,Deandre Ayton,3,13.8,63.2,6.0,3.0,4.0,0.0,0.0,2.0,0.0,Regular Season
1630596,Evan Mobley,1641737,Adem Bona,4,14.7,63.2,18.0,7.0,13.0,3.0,5.0,1.0,1.0,Regular Season
203897,Zach LaVine,1642377,Jaylen Wells,3,12.2,63.2,20.0,7.0,12.0,4.0,5.0,0.0,1.0,Regular Season
201935,James Harden,1642883,Sion James,3,11.8,63.2,18.0,7.0,16.0,2.0,3.0,2.0,0.0,Regular Season
1630202,Payton Pritchard,1642347,Jamal Shead,4,15.2,63.2,9.0,3.0,6.0,0.0,1.0,0.0,1.0,Regular Season
1642843,Cooper Flagg,1641708,Amen Thompson,4,13.0,63.1,6.0,2.0,5.0,2.0,4.0,2.0,0.0,Regular Season
1631095,Jabari Smith Jr.,1630577,Julian Champagnie,4,12.6,63.1,11.0,4.0,9.0,2.0,4.0,1.0,1.0,Regular Season
1641737,Adem Bona,1630596,Evan Mobley,4,12.8,63.1,10.0,4.0,8.0,0.0,0.0,0.0,1.0,Regular Season
1641783,Tristan da Silva,1628973,Jalen Brunson,4,13.8,63.0,7.0,3.0,7.0,1.0,4.0,2.0,0.0,Regular Season
1629674,Neemias Queta,203083,Andre Drummond,4,15.0,63.0,17.0,6.0,9.0,0.0,0.0,0.0,3.0,Regular Season
1630530,Trey Murphy III,1630577,Julian Champagnie,4,13.0,62.9,19.0,7.0,11.0,2.0,3.0,1.0,2.0,Regular Season
203083,Andre Drummond,1629674,Neemias Queta,4,13.0,62.9,13.0,4.0,6.0,2.0,4.0,1.0,1.0,Regular Season
1641739,Toumani Camara,1627759,Jaylen Brown,2,9.4,62.9,4.0,1.0,3.0,0.0,1.0,1.0,1.0,Regular Season
1627884,Derrick Jones Jr.,1642843,Cooper Flagg,3,12.8,62.9,7.0,3.0,7.0,1.0,3.0,1.0,0.0,Regular Season
1631157,Ryan Rollins,1630558,Davion Mitchell,3,12.7,62.8,8.0,3.0,7.0,0.0,3.0,0.0,2.0,Regular Season
1628378,Donovan Mitchell,1630171,Isaac Okoro,2,10.9,62.8,13.0,5.0,9.0,2.0,3.0,0.0,1.0,Regular Season
1630578,Alperen Sengun,1642271,Kyle Filipowski,4,12.5,62.7,18.0,9.0,13.0,0.0,1.0,4.0,1.0,Regular Season
1631097,Bennedict Mathurin,1641708,Amen Thompson,4,11.2,62.7,11.0,2.0,4.0,0.0,1.0,0.0,3.0,Regular Season
1629651,Nic Claxton,1641750,Ryan Kalkbrenner,3,14.6,62.7,18.0,7.0,15.0,1.0,3.0,1.0,2.0,Regular Season
1631096,Chet Holmgren,1628389,Bam Adebayo,2,10.9,62.6,9.0,4.0,7.0,0.0,2.0,0.0,1.0,Regular Season
1642271,Kyle Filipowski,1630578,Alperen Sengun,4,11.0,62.6,16.0,6.0,12.0,1.0,4.0,5.0,2.0,Regular Season
201142,Kevin Durant,1631099,Keegan Murray,3,13.1,62.5,14.0,5.0,9.0,2.0,4.0,1.0,1.0,Regular Season
1627826,Ivica Zubac,203999,Nikola Jokić,2,12.1,62.5,14.0,7.0,10.0,0.0,0.0,1.0,0.0,Regular Season
1627742,Brandon Ingram,1628384,OG Anunoby,4,13.9,62.5,21.0,9.0,14.0,2.0,2.0,1.0,2.0,Regular Season
1630230,Naji Marshall,1628381,John Collins,4,12.5,62.5,20.0,5.0,13.0,1.0,3.0,1.0,4.0,Regular Season
203994,Jusuf Nurkić,1629674,Neemias Queta,2,12.9,62.5,18.0,8.0,14.0,1.0,2.0,2.0,1.0,Regular Season
1641767,Ben Sheppard,1629130,Duncan Robinson,3,11.4,62.5,3.0,1.0,7.0,1.0,7.0,0.0,0.0,Regular Season
1626157,Karl-Anthony Towns,1629674,Neemias Queta,4,12.4,62.5,26.0,10.0,19.0,3.0,8.0,0.0,1.0,Regular Season
1628401,Derrick White,1642266,Ja'Kobe Walter,4,13.8,62.5,15.0,6.0,9.0,2.0,4.0,2.0,1.0,Regular Season
202695,Kawhi Leonard,1631106,Tari Eason,3,13.6,62.4,26.0,10.0,18.0,2.0,3.0,1.0,3.0,Regular Season
1631222,Jake LaRavia,1642843,Cooper Flagg,3,12.2,62.4,12.0,4.0,6.0,2.0,3.0,1.0,2.0,Regular Season
1631119,Jaylin Williams,203999,Nikola Jokić,3,9.6,62.4,12.0,5.0,8.0,2.0,4.0,1.0,0.0,Regular Season
203999,Nikola Jokić,201143,Al Horford,2,12.4,62.4,16.0,6.0,16.0,3.0,10.0,3.0,1.0,Regular Season
202699,Tobias Harris,1628401,Derrick White,4,13.9,62.4,20.0,9.0,15.0,2.0,7.0,0.0,0.0,Regular Season
1628384,OG Anunoby,1628378,Donovan Mitchell,3,12.9,62.3,0.0,0.0,2.0,0.0,2.0,2.0,0.0,Regular Season
1629029,Luka Dončić,1641709,Ausar Thompson,2,12.1,62.3,21.0,7.0,18.0,1.0,7.0,5.0,3.0,Regular Season
1629627,Zion Williamson,1630567,Scottie Barnes,2,13.5,62.3,11.0,4.0,11.0,0.0,0.0,0.0,2.0,Regular Season
1642845,VJ Edgecombe,1642848,Tre Johnson,3,11.4,62.3,4.0,2.0,10.0,0.0,4.0,0.0,0.0,Regular Season
1642270,Donovan Clingan,1641765,Olivier-Maxence Prosper,3,11.8,62.2,23.0,10.0,14.0,1.0,4.0,3.0,2.0,Regular Season
1628983,Shai Gilgeous-Alexander,1629004,Svi Mykhailiuk,3,9.0,62.2,19.0,7.0,11.0,1.0,2.0,0.0,3.0,Regular Season
203954,Joel Embiid,1630643,Jay Huff,3,12.8,62.2,40.0,13.0,24.0,3.0,8.0,2.0,7.0,Regular Season
1630567,Scottie Barnes,203944,Julius Randle,2,12.7,62.2,11.0,4.0,6.0,1.0,1.0,0.0,1.0,Regular Season
1629637,Jaxson Hayes,203994,Jusuf Nurkić,3,11.8,62.2,12.0,6.0,6.0,0.0,0.0,1.0,0.0,Regular Season
1630168,Onyeka Okongwu,203954,Joel Embiid,2,10.8,62.1,14.0,5.0,11.0,3.0,6.0,0.0,0.0,Regular Season
1628973,Jalen Brunson,1631128,Christian Braun,2,13.6,62.1,14.0,4.0,10.0,2.0,4.0,0.0,2.0,Regular Season
203954,Joel Embiid,1628389,Bam Adebayo,2,10.6,62.1,24.0,10.0,22.0,2.0,6.0,0.0,1.0,Regular Season
1631246,Vince Williams Jr.,1628368,De'Aaron Fox,3,13.9,62.0,11.0,3.0,8.0,2.0,5.0,1.0,1.0,Regular Season
1630552,Jalen Johnson,202699,Tobias Harris,3,11.9,62.0,15.0,4.0,12.0,1.0,4.0,1.0,4.0,Regular Season
1626220,Royce O'Neale,2544,LeBron James,5,11.8,62.0,14.0,5.0,10.0,4.0,9.0,1.0,0.0,Regular Season
202710,Jimmy Butler III,203924,Jerami Grant,3,10.7,61.9,8.0,2.0,5.0,0.0,0.0,1.0,2.0,Regular Season
1628386,Jarrett Allen,203497,Rudy Gobert,2,11.2,61.9,10.0,4.0,8.0,0.0,0.0,0.0,1.0,Regular Season
1642270,Donovan Clingan,1628976,Wendell Carter Jr.,2,13.4,61.9,2.0,1.0,6.0,0.0,1.0,0.0,0.0,Regular Season
1642851,Kon Knueppel,1629731,Dean Wade,4,14.8,61.9,12.0,5.0,10.0,2.0,5.0,2.0,0.0,Regular Season
1642845,VJ Edgecombe,1629638,Nickeil Alexander-Walker,3,12.2,61.8,13.0,5.0,11.0,3.0,9.0,3.0,0.0,Regular Season
1631222,Jake LaRavia,1630577,Julian Champagnie,4,12.2,61.8,8.0,3.0,7.0,2.0,4.0,0.0,0.0,Regular Season
1630540,Miles McBride,1630558,Davion Mitchell,2,13.5,61.7,16.0,6.0,13.0,4.0,8.0,0.0,0.0,Regular Season
1630552,Jalen Johnson,1630573,Sam Hauser,4,12.3,61.7,13.0,5.0,18.0,3.0,10.0,3.0,1.0,Regular Season
202696,Nikola Vučević,203999,Nikola Jokić,2,11.6,61.7,7.0,3.0,16.0,1.0,8.0,1.0,0.0,Regular Season
1630170,Devin Vassell,1628983,Shai Gilgeous-Alexander,3,12.5,61.7,10.0,2.0,5.0,2.0,4.0,0.0,1.0,Regular Season
1642259,Alex Sarr,1628976,Wendell Carter Jr.,3,11.8,61.6,16.0,5.0,10.0,1.0,2.0,2.0,3.0,Regular Season
1642843,Cooper Flagg,1627884,Derrick Jones Jr.,3,11.9,61.6,15.0,6.0,12.0,1.0,2.0,3.0,1.0,Regular Season
1631109,Mark Williams,1628386,Jarrett Allen,2,12.3,61.6,6.0,3.0,5.0,0.0,0.0,0.0,0.0,Regular Season
1642907,Cedric Coward,1628978,Donte DiVincenzo,4,11.6,61.6,9.0,2.0,6.0,0.0,4.0,3.0,2.0,Regular Season
1630578,Alperen Sengun,203497,Rudy Gobert,2,13.9,61.6,25.0,11.0,23.0,0.0,2.0,3.0,0.0,Regular Season
1631109,Mark Williams,1631105,Jalen Duren,2,12.3,61.6,4.0,2.0,4.0,0.0,0.0,1.0,0.0,Regular Season
1629023,P.J. Washington,1629060,Rui Hachimura,4,12.1,61.6,10.0,4.0,7.0,2.0,3.0,0.0,0.0,Regular Season
1642875,Maxime Raynaud,1629111,Jock Landale,3,12.9,61.5,11.0,3.0,7.0,0.0,0.0,0.0,3.0,Regular Season
1641737,Adem Bona,1630168,Onyeka Okongwu,3,13.8,61.5,2.0,1.0,3.0,0.0,1.0,0.0,0.0,Regular Season
202695,Kawhi Leonard,1628384,OG Anunoby,2,12.1,61.5,22.0,8.0,13.0,4.0,6.0,2.0,2.0,Regular Season
1642266,Ja'Kobe Walter,1628973,Jalen Brunson,5,13.6,61.5,11.0,4.0,10.0,2.0,7.0,0.0,1.0,Regular Season
1630552,Jalen Johnson,1628970,Miles Bridges,3,10.4,61.5,18.0,7.0,15.0,3.0,6.0,2.0,1.0,Regular Season
1627751,Jakob Poeltl,204001,Kristaps Porziņģis,2,10.9,61.5,8.0,4.0,5.0,0.0,0.0,0.0,0.0,Regular Season
1628378,Donovan Mitchell,1626162,Kelly Oubre Jr.,4,12.7,61.4,12.0,3.0,9.0,2.0,6.0,1.0,2.0,Regular Season
1630178,Tyrese Maxey,1630529,Herbert Jones,2,11.1,61.4,7.0,3.0,6.0,1.0,4.0,2.0,0.0,Regular Season
201142,Kevin Durant,1642264,Stephon Castle,4,12.9,61.4,22.0,7.0,11.0,1.0,3.0,4.0,2.0,Regular Season
202695,Kawhi Leonard,1642264,Stephon Castle,2,13.1,61.4,18.0,6.0,9.0,4.0,5.0,0.0,0.0,Regular Season
1629111,Jock Landale,1642875,Maxime Raynaud,3,13.1,61.4,12.0,4.0,6.0,2.0,3.0,0.0,1.0,Regular Season
2544,LeBron James,1628374,Lauri Markkanen,2,10.8,61.4,6.0,2.0,5.0,1.0,2.0,0.0,2.0,Regular Season
1630558,Davion Mitchell,1628973,Jalen Brunson,2,12.0,61.4,12.0,4.0,8.0,2.0,3.0,1.0,1.0,Regular Season
1626164,Devin Booker,1628969,Mikal Bridges,2,11.4,61.3,14.0,4.0,11.0,0.0,0.0,1.0,3.0,Regular Season
1630202,Payton Pritchard,1630540,Miles McBride,3,13.9,61.3,10.0,4.0,12.0,2.0,5.0,1.0,0.0,Regular Season
1630170,Devin Vassell,1642843,Cooper Flagg,4,9.3,61.3,7.0,3.0,7.0,1.0,2.0,0.0,0.0,Regular Season
1628978,Donte DiVincenzo,1642847,Jeremiah Fears,4,9.0,61.3,7.0,2.0,7.0,2.0,7.0,0.0,1.0,Regular Season
1642846,Ace Bailey,1631095,Jabari Smith Jr.,4,9.6,61.3,2.0,1.0,5.0,0.0,0.0,2.0,0.0,Regular Season
1631217,Moussa Diabaté,1641705,Victor Wembanyama,2,16.5,61.3,12.0,6.0,9.0,0.0,0.0,1.0,0.0,Regular Season
1642259,Alex Sarr,1629674,Neemias Queta,2,11.8,61.3,15.0,5.0,16.0,3.0,8.0,3.0,1.0,Regular Season
1629638,Nickeil Alexander-Walker,1630174,Aaron Nesmith,3,10.4,61.2,15.0,5.0,13.0,3.0,8.0,2.0,1.0,Regular Season
1629023,P.J. Washington,1629675,Naz Reid,3,11.8,61.2,4.0,2.0,12.0,0.0,4.0,0.0,1.0,Regular Season
1631128,Christian Braun,1641764,Brandin Podziemski,4,11.6,61.2,8.0,4.0,5.0,0.0,1.0,1.0,0.0,Regular Season
1630202,Payton Pritchard,1630178,Tyrese Maxey,4,13.2,61.1,5.0,2.0,11.0,0.0,8.0,0.0,1.0,Regular Season
1626167,Myles Turner,1628389,Bam Adebayo,3,11.3,61.1,4.0,2.0,6.0,0.0,2.0,0.0,0.0,Regular Season
1642845,VJ Edgecombe,1630202,Payton Pritchard,4,12.7,61.1,9.0,3.0,7.0,2.0,4.0,1.0,0.0,Regular Season
203084,Harrison Barnes,1630166,Deni Avdija,3,12.7,61.0,14.0,5.0,7.0,1.0,3.0,0.0,2.0,Regular Season
1641750,Ryan Kalkbrenner,1629651,Nic Claxton,3,11.2,61.0,4.0,2.0,2.0,0.0,0.0,0.0,0.0,Regular Season
201939,Stephen Curry,1641718,Keyonte George,3,12.1,61.0,29.0,10.0,17.0,7.0,13.0,1.0,1.0,Regular Season
1641730,Noah Clowney,1631094,Paolo Banchero,2,12.7,61.0,2.0,1.0,7.0,0.0,5.0,1.0,0.0,Regular Season
1629048,Goga Bitadze,1631105,Jalen Duren,3,13.1,60.9,6.0,3.0,4.0,0.0,0.0,0.0,0.0,Regular Season
1628378,Donovan Mitchell,1631157,Ryan Rollins,3,12.6,60.9,17.0,5.0,11.0,1.0,4.0,1.0,1.0,Regular Season
1626167,Myles Turner,1626157,Karl-Anthony Towns,3,13.3,60.9,6.0,2.0,9.0,2.0,7.0,0.0,0.0,Regular Season
1629027,Trae Young,1630200,Tre Jones,3,10.7,60.9,19.0,6.0,13.0,3.0,4.0,0.0,0.0,Regular Season
1628973,Jalen Brunson,1641731,Bilal Coulibaly,3,10.7,60.9,6.0,2.0,8.0,1.0,4.0,1.0,1.0,Regular Season
201142,Kevin Durant,1628384,OG Anunoby,2,13.6,60.9,26.0,10.0,17.0,4.0,6.0,1.0,0.0,Regular Season
1641717,Cason Wallace,1628368,De'Aaron Fox,5,11.6,60.8,14.0,6.0,10.0,2.0,6.0,0.0,0.0,Regular Season
1641709,Ausar Thompson,1628973,Jalen Brunson,3,11.5,60.8,8.0,3.0,5.0,0.0,0.0,1.0,1.0,Regular Season
1629674,Neemias Queta,1642259,Alex Sarr,2,12.9,60.8,22.0,11.0,12.0,0.0,0.0,0.0,0.0,Regular Season
1629012,Collin Sexton,1642267,Bub Carrington,5,11.8,60.8,11.0,2.0,4.0,0.0,1.0,1.0,2.0,Regular Season
2544,LeBron James,201935,James Harden,4,10.8,60.7,5.0,2.0,7.0,1.0,3.0,3.0,1.0,Regular Season
1626162,Kelly Oubre Jr.,1630163,LaMelo Ball,3,12.5,60.7,4.0,1.0,1.0,0.0,0.0,1.0,1.0,Regular Season
203083,Andre Drummond,1630168,Onyeka Okongwu,4,12.7,60.7,3.0,1.0,4.0,1.0,1.0,0.0,0.0,Regular Season
1626164,Devin Booker,1627884,Derrick Jones Jr.,3,11.6,60.7,19.0,7.0,15.0,2.0,5.0,2.0,2.0,Regular Season
203083,Andre Drummond,1628976,Wendell Carter Jr.,3,11.7,60.7,7.0,3.0,8.0,1.0,2.0,1.0,0.0,Regular Season
203952,Andrew Wiggins,1628969,Mikal Bridges,4,10.5,60.7,2.0,1.0,10.0,0.0,2.0,0.0,0.0,Regular Season
1641731,Bilal Coulibaly,1628973,Jalen Brunson,3,12.2,60.6,10.0,4.0,8.0,2.0,4.0,4.0,1.0,Regular Season
1626157,Karl-Anthony Towns,1627751,Jakob Poeltl,3,14.1,60.6,26.0,11.0,15.0,2.0,4.0,0.0,1.0,Regular Season
1627750,Jamal Murray,1631108,Max Christie,2,11.3,60.6,8.0,2.0,5.0,2.0,3.0,3.0,1.0,Regular Season
1629130,Duncan Robinson,1630163,LaMelo Ball,3,11.3,60.6,27.0,10.0,11.0,3.0,4.0,1.0,4.0,Regular Season
1629674,Neemias Queta,1630168,Onyeka Okongwu,2,15.1,60.5,5.0,2.0,2.0,0.0,0.0,1.0,1.0,Regular Season
1630193,Immanuel Quickley,1630163,LaMelo Ball,4,12.0,60.5,13.0,5.0,8.0,2.0,4.0,2.0,1.0,Regular Season
1629014,Anfernee Simons,1630193,Immanuel Quickley,5,13.2,60.5,15.0,6.0,15.0,3.0,9.0,1.0,0.0,Regular Season
1627742,Brandon Ingram,1641716,Jarace Walker,4,13.3,60.5,20.0,7.0,16.0,1.0,5.0,2.0,3.0,Regular Season
1630168,Onyeka Okongwu,1642270,Donovan Clingan,2,9.9,60.5,25.0,9.0,21.0,6.0,17.0,0.0,1.0,Regular Season
1642264,Stephon Castle,202695,Kawhi Leonard,2,12.6,60.5,11.0,4.0,8.0,2.0,5.0,1.0,0.0,Regular Season
203497,Rudy Gobert,1631096,Chet Holmgren,4,13.0,60.5,6.0,2.0,3.0,0.0,0.0,3.0,1.0,Regular Season
201142,Kevin Durant,1630230,Naji Marshall,4,12.2,60.5,23.0,10.0,16.0,1.0,3.0,0.0,1.0,Regular Season
1626157,Karl-Anthony Towns,1630596,Evan Mobley,3,10.8,60.4,9.0,2.0,9.0,0.0,4.0,1.0,3.0,Regular Season
1630162,Anthony Edwards,1641718,Keyonte George,3,10.9,60.4,13.0,4.0,16.0,2.0,10.0,2.0,2.0,Regular Season
1628976,Wendell Carter Jr.,1628386,Jarrett Allen,2,12.6,60.4,7.0,2.0,6.0,1.0,5.0,0.0,1.0,Regular Season
1630532,Franz Wagner,1627759,Jaylen Brown,3,11.8,60.4,20.0,7.0,10.0,2.0,3.0,1.0,0.0,Regular Season
1630578,Alperen Sengun,1629028,Deandre Ayton,2,12.9,60.4,14.0,6.0,7.0,0.0,0.0,2.0,1.0,Regular Season
1630172,Patrick Williams,1631094,Paolo Banchero,3,12.1,60.4,12.0,5.0,6.0,2.0,2.0,1.0,0.0,Regular Season
1630532,Franz Wagner,203952,Andrew Wiggins,2,12.7,60.4,16.0,6.0,12.0,1.0,4.0,2.0,3.0,Regular Season
1630643,Jay Huff,1642276,Kel'el Ware,3,11.1,60.4,7.0,3.0,8.0,1.0,5.0,0.0,0.0,Regular Season
1628384,OG Anunoby,1627742,Brandon Ingram,4,10.8,60.3,10.0,4.0,6.0,1.0,2.0,0.0,1.0,Regular Season
1642264,Stephon Castle,1641708,Amen Thompson,4,9.7,60.3,6.0,1.0,5.0,1.0,2.0,1.0,2.0,Regular Season
1630567,Scottie Barnes,203507,Giannis Antetokounmpo,2,11.8,60.3,13.0,5.0,9.0,3.0,4.0,1.0,0.0,Regular Season
1628970,Miles Bridges,203944,Julius Randle,2,13.4,60.3,17.0,6.0,9.0,3.0,6.0,1.0,1.0,Regular Season
2544,LeBron James,1630173,Precious Achiuwa,3,11.8,60.3,19.0,7.0,12.0,1.0,4.0,3.0,2.0,Regular Season
1629655,Daniel Gafford,1629637,Jaxson Hayes,4,11.1,60.2,2.0,1.0,1.0,0.0,0.0,1.0,0.0,Regular Season
203084,Harrison Barnes,1630180,Saddiq Bey,4,10.1,60.2,2.0,1.0,3.0,0.0,2.0,0.0,0.0,Regular Season
1628389,Bam Adebayo,203497,Rudy Gobert,2,12.1,60.2,15.0,6.0,18.0,2.0,4.0,2.0,1.0,Regular Season
1627750,Jamal Murray,1642267,Bub Carrington,2,12.7,60.2,17.0,6.0,11.0,2.0,4.0,1.0,2.0,Regular Season
1630168,Onyeka Okongwu,1641737,Adem Bona,3,11.1,60.2,0.0,0.0,6.0,0.0,1.0,2.0,0.0,Regular Season
1630552,Jalen Johnson,1628415,Dillon Brooks,2,11.8,60.1,6.0,3.0,4.0,0.0,0.0,5.0,0.0,Regular Season
1630162,Anthony Edwards,1628368,De'Aaron Fox,3,11.9,60.1,32.0,11.0,18.0,6.0,8.0,1.0,0.0,Regular Season
1630217,Desmond Bane,1642851,Kon Knueppel,4,12.5,60.1,19.0,8.0,15.0,1.0,2.0,1.0,1.0,Regular Season
1628386,Jarrett Allen,203954,Joel Embiid,2,11.1,60.1,8.0,4.0,5.0,0.0,0.0,0.0,0.0,Regular Season
1628386,Jarrett Allen,1626167,Myles Turner,3,13.1,60.1,8.0,3.0,8.0,0.0,0.0,1.0,1.0,Regular Season
1628389,Bam Adebayo,1641705,Victor Wembanyama,2,11.0,60.1,32.0,12.0,25.0,6.0,13.0,0.0,1.0,Regular Season
1641739,Toumani Camara,1631094,Paolo Banchero,2,12.0,60.0,7.0,3.0,9.0,0.0,6.0,0.0,1.0,Regular Season
1642843,Cooper Flagg,1628415,Dillon Brooks,3,11.4,60.0,6.0,3.0,9.0,0.0,1.0,0.0,0.0,Regular Season
1626167,Myles Turner,202696,Nikola Vučević,3,10.7,60.0,12.0,4.0,8.0,3.0,6.0,1.0,1.0,Regular Season
1641718,Keyonte George,1630183,Jaden McDaniels,3,10.0,60.0,12.0,4.0,13.0,1.0,8.0,6.0,1.0,Regular Season
1630700,Dyson Daniels,1630178,Tyrese Maxey,3,10.8,60.0,4.0,2.0,4.0,0.0,1.0,0.0,0.0,Regular Season
1629130,Duncan Robinson,1629638,Nickeil Alexander-Walker,3,11.7,59.9,3.0,1.0,3.0,1.0,3.0,0.0,0.0,Regular Season
1630643,Jay Huff,1631217,Moussa Diabaté,3,11.4,59.9,15.0,6.0,6.0,3.0,3.0,2.0,0.0,Regular Season
1631157,Ryan Rollins,1642883,Sion James,4,13.6,59.9,12.0,5.0,8.0,2.0,3.0,1.0,0.0,Regular Season
1630568,Luka Garza,1630168,Onyeka Okongwu,4,15.6,59.8,15.0,6.0,9.0,3.0,5.0,3.0,0.0,Regular Season
1630178,Tyrese Maxey,1629638,Nickeil Alexander-Walker,3,10.2,59.8,24.0,8.0,13.0,2.0,4.0,1.0,4.0,Regular Season
201942,DeMar DeRozan,1630183,Jaden McDaniels,4,11.2,59.8,15.0,6.0,12.0,0.0,0.0,0.0,2.0,Regular Season
1628978,Donte DiVincenzo,1630577,Julian Champagnie,3,12.3,59.8,6.0,2.0,9.0,2.0,8.0,1.0,0.0,Regular Season
1641706,Brandon Miller,1630595,Cade Cunningham,3,13.2,59.8,18.0,7.0,10.0,2.0,4.0,3.0,1.0,Regular Season
201935,James Harden,1641709,Ausar Thompson,3,12.7,59.8,17.0,3.0,6.0,3.0,5.0,3.0,2.0,Regular Season
1626164,Devin Booker,1630700,Dyson Daniels,2,10.1,59.8,16.0,5.0,7.0,2.0,3.0,2.0,1.0,Regular Season
1630595,Cade Cunningham,1631212,Peyton Watson,2,11.1,59.8,15.0,6.0,12.0,1.0,3.0,1.0,2.0,Regular Season
201939,Stephen Curry,1631157,Ryan Rollins,2,11.9,59.7,22.0,8.0,16.0,3.0,8.0,1.0,1.0,Regular Season
1631109,Mark Williams,1629651,Nic Claxton,2,12.8,59.7,11.0,5.0,6.0,0.0,0.0,0.0,1.0,Regular Season
1631217,Moussa Diabaté,1642259,Alex Sarr,3,13.4,59.7,12.0,5.0,5.0,0.0,0.0,2.0,1.0,Regular Season
203999,Nikola Jokić,1641707,Taylor Hendricks,4,10.2,59.7,24.0,9.0,13.0,0.0,1.0,5.0,3.0,Regular Season
1629029,Luka Dončić,201566,Russell Westbrook,3,11.5,59.7,8.0,3.0,6.0,0.0,1.0,3.0,1.0,Regular Season
1628983,Shai Gilgeous-Alexander,201566,Russell Westbrook,3,10.8,59.7,14.0,6.0,11.0,2.0,5.0,2.0,0.0,Regular Season
1630191,Isaiah Stewart,202696,Nikola Vučević,2,13.8,59.7,18.0,9.0,15.0,0.0,1.0,0.0,0.0,Regular Season
202695,Kawhi Leonard,203952,Andrew Wiggins,2,12.7,59.7,15.0,4.0,17.0,0.0,5.0,1.0,2.0,Regular Season
1628415,Dillon Brooks,1631114,Jalen Williams,4,13.1,59.6,17.0,6.0,13.0,1.0,4.0,2.0,2.0,Regular Season
201935,James Harden,1631094,Paolo Banchero,2,12.9,59.6,22.0,8.0,11.0,3.0,3.0,0.0,2.0,Regular Season
203994,Jusuf Nurkić,1629637,Jaxson Hayes,3,12.5,59.6,10.0,4.0,6.0,1.0,2.0,4.0,2.0,Regular Season
1629651,Nic Claxton,203083,Andre Drummond,3,11.7,59.5,13.0,5.0,7.0,0.0,2.0,0.0,3.0,Regular Season
203084,Harrison Barnes,203944,Julius Randle,3,12.8,59.5,6.0,2.0,6.0,2.0,5.0,0.0,0.0,Regular Season
203497,Rudy Gobert,202696,Nikola Vučević,2,13.0,59.5,12.0,5.0,7.0,0.0,0.0,1.0,3.0,Regular Season
1628381,John Collins,1626220,Royce O'Neale,4,14.4,59.5,7.0,3.0,9.0,0.0,3.0,0.0,1.0,Regular Season
1629048,Goga Bitadze,1642276,Kel'el Ware,3,12.2,59.5,9.0,4.0,6.0,0.0,1.0,0.0,1.0,Regular Season
1630166,Deni Avdija,1628384,OG Anunoby,2,11.2,59.5,8.0,2.0,6.0,1.0,4.0,2.0,2.0,Regular Season
1628392,Isaiah Hartenstein,203999,Nikola Jokić,2,12.2,59.4,11.0,5.0,9.0,0.0,0.0,1.0,1.0,Regular Season
1642848,Tre Johnson,1629130,Duncan Robinson,3,12.7,59.4,18.0,8.0,13.0,2.0,2.0,1.0,0.0,Regular Season
1628384,OG Anunoby,1629627,Zion Williamson,2,11.7,59.4,15.0,4.0,11.0,1.0,8.0,0.0,2.0,Regular Season
1631248,Baylor Scheierman,1630552,Jalen Johnson,4,12.9,59.3,3.0,1.0,4.0,1.0,4.0,0.0,0.0,Regular Season
1629637,Jaxson Hayes,1642345,Oso Ighodaro,4,11.8,59.3,4.0,1.0,1.0,0.0,0.0,1.0,1.0,Regular Season
1630170,Devin Vassell,1631108,Max Christie,4,9.4,59.3,6.0,2.0,8.0,1.0,5.0,0.0,1.0,Regular Season
1630643,Jay Huff,1629674,Neemias Queta,4,10.7,59.2,11.0,4.0,9.0,3.0,8.0,0.0,0.0,Regular Season
1629627,Zion Williamson,1630172,Patrick Williams,3,11.8,59.2,13.0,4.0,6.0,0.0,0.0,1.0,3.0,Regular Season
202331,Paul George,1628398,Kyle Kuzma,3,12.3,59.2,16.0,5.0,13.0,5.0,11.0,0.0,1.0,Regular Season
1628970,Miles Bridges,1627742,Brandon Ingram,4,12.2,59.2,10.0,4.0,11.0,1.0,7.0,1.0,1.0,Regular Season
1629674,Neemias Queta,1628976,Wendell Carter Jr.,2,12.7,59.2,1.0,0.0,5.0,0.0,0.0,0.0,1.0,Regular Season
1627750,Jamal Murray,203471,Dennis Schröder,4,12.3,59.2,12.0,4.0,10.0,1.0,6.0,0.0,1.0,Regular Season
1629651,Nic Claxton,203497,Rudy Gobert,2,13.4,59.2,11.0,4.0,6.0,0.0,0.0,0.0,2.0,Regular Season
1642843,Cooper Flagg,1642264,Stephon Castle,3,11.0,59.2,15.0,6.0,10.0,1.0,2.0,3.0,1.0,Regular Season
201935,James Harden,1642262,Cody Williams,3,10.8,59.2,10.0,3.0,6.0,0.0,3.0,1.0,2.0,Regular Season
1627750,Jamal Murray,1641710,Anthony Black,2,12.2,59.1,9.0,3.0,12.0,2.0,5.0,1.0,1.0,Regular Season
1630178,Tyrese Maxey,1641731,Bilal Coulibaly,3,11.9,59.1,10.0,4.0,9.0,2.0,4.0,0.0,0.0,Regular Season
1628368,De'Aaron Fox,1631246,Vince Williams Jr.,3,11.1,59.1,5.0,2.0,11.0,1.0,5.0,1.0,0.0,Regular Season
1642276,Kel'el Ware,1629048,Goga Bitadze,3,10.9,59.1,13.0,4.0,6.0,1.0,2.0,0.0,1.0,Regular Season
1631128,Christian Braun,1626164,Devin Booker,2,11.5,59.1,7.0,3.0,5.0,1.0,2.0,0.0,0.0,Regular Season
1630541,Moses Moody,1626164,Devin Booker,3,13.4,59.1,8.0,3.0,8.0,2.0,5.0,0.0,0.0,Regular Season
1628384,OG Anunoby,1630581,Josh Giddey,4,12.4,59.1,16.0,6.0,11.0,4.0,8.0,0.0,0.0,Regular Season
1642267,Bub Carrington,1630200,Tre Jones,3,11.7,59.1,10.0,4.0,7.0,2.0,5.0,2.0,0.0,Regular Season
1626164,Devin Booker,1631099,Keegan Murray,2,11.3,59.0,11.0,4.0,9.0,0.0,3.0,1.0,2.0,Regular Season
202331,Paul George,1642258,Zaccharie Risacher,2,11.2,59.0,15.0,3.0,10.0,2.0,6.0,1.0,3.0,Regular Season
1629655,Daniel Gafford,1641765,Olivier-Maxence Prosper,3,10.4,59.0,16.0,8.0,8.0,0.0,0.0,2.0,2.0,Regular Season
1631260,AJ Green,1641824,Matas Buzelis,4,11.4,59.0,9.0,3.0,11.0,3.0,11.0,1.0,0.0,Regular Season
1642851,Kon Knueppel,203468,CJ McCollum,4,12.6,59.0,16.0,6.0,13.0,4.0,8.0,1.0,0.0,Regular Season
1641750,Ryan Kalkbrenner,203497,Rudy Gobert,2,11.2,59.0,2.0,1.0,2.0,0.0,0.0,0.0,0.0,Regular Season
1630558,Davion Mitchell,201935,James Harden,4,9.7,59.0,8.0,3.0,6.0,1.0,4.0,1.0,0.0,Regular Season
1642263,Reed Sheppard,1642844,Dylan Harper,3,11.7,59.0,7.0,3.0,10.0,1.0,4.0,1.0,0.0,Regular Season
203952,Andrew Wiggins,1630532,Franz Wagner,2,9.3,58.9,10.0,3.0,7.0,1.0,3.0,0.0,3.0,Regular Season
201142,Kevin Durant,202695,Kawhi Leonard,4,13.3,58.9,2.0,1.0,5.0,0.0,3.0,2.0,0.0,Regular Season
1629060,Rui Hachimura,201942,DeMar DeRozan,3,11.4,58.9,7.0,2.0,4.0,1.0,2.0,0.0,1.0,Regular Season
1628973,Jalen Brunson,1641708,Amen Thompson,2,13.5,58.9,2.0,1.0,7.0,0.0,2.0,1.0,0.0,Regular Season
1627759,Jaylen Brown,1630700,Dyson Daniels,2,13.2,58.8,15.0,5.0,14.0,2.0,7.0,3.0,3.0,Regular Season
1641717,Cason Wallace,1631221,Collin Gillespie,4,9.2,58.8,4.0,2.0,2.0,0.0,0.0,0.0,0.0,Regular Season
1629674,Neemias Queta,1629028,Deandre Ayton,2,12.3,58.8,4.0,2.0,4.0,0.0,0.0,0.0,0.0,Regular Season
201942,DeMar DeRozan,1630567,Scottie Barnes,2,12.1,58.8,18.0,6.0,11.0,2.0,5.0,0.0,1.0,Regular Season
1628970,Miles Bridges,1630172,Patrick Williams,4,12.2,58.7,16.0,6.0,12.0,4.0,7.0,0.0,0.0,Regular Season
203944,Julius Randle,203924,Jerami Grant,4,9.9,58.7,13.0,4.0,8.0,2.0,3.0,1.0,2.0,Regular Season
203076,Anthony Davis,203991,Clint Capela,2,11.8,58.7,15.0,7.0,14.0,0.0,3.0,1.0,1.0,Regular Season
1630596,Evan Mobley,1631094,Paolo Banchero,4,12.6,58.7,10.0,5.0,8.0,0.0,2.0,1.0,0.0,Regular Season
1630166,Deni Avdija,1631099,Keegan Murray,2,11.7,58.7,16.0,5.0,11.0,2.0,4.0,2.0,3.0,Regular Season
203468,CJ McCollum,1641708,Amen Thompson,3,10.0,58.6,9.0,3.0,11.0,2.0,9.0,1.0,1.0,Regular Season
1628381,John Collins,2544,LeBron James,4,13.6,58.6,15.0,6.0,6.0,2.0,2.0,0.0,1.0,Regular Season
1631212,Peyton Watson,1630595,Cade Cunningham,2,11.5,58.6,7.0,2.0,6.0,0.0,3.0,2.0,2.0,Regular Season
1631157,Ryan Rollins,1630178,Tyrese Maxey,3,11.1,58.6,13.0,5.0,11.0,3.0,6.0,1.0,0.0,Regular Season
201566,Russell Westbrook,1629661,Cameron Johnson,4,12.4,58.6,13.0,5.0,11.0,3.0,7.0,0.0,0.0,Regular Season
1630559,Austin Reaves,1641718,Keyonte George,2,10.2,58.5,2.0,1.0,5.0,0.0,4.0,1.0,0.0,Regular Season
1631094,Paolo Banchero,202699,Tobias Harris,2,10.3,58.5,7.0,2.0,7.0,0.0,3.0,3.0,3.0,Regular Season
1628963,Marvin Bagley III,201572,Brook Lopez,4,12.1,58.5,11.0,4.0,4.0,1.0,1.0,1.0,1.0,Regular Season
1630573,Sam Hauser,1629008,Michael Porter Jr.,4,13.5,58.4,14.0,5.0,7.0,3.0,5.0,0.0,1.0,Regular Season
203939,Dwight Powell,1642271,Kyle Filipowski,3,12.3,58.4,6.0,3.0,4.0,0.0,0.0,1.0,0.0,Regular Season
1627750,Jamal Murray,1630558,Davion Mitchell,2,11.6,58.4,13.0,5.0,11.0,2.0,5.0,3.0,1.0,Regular Season
202691,Klay Thompson,203501,Tim Hardaway Jr.,3,11.2,58.3,12.0,4.0,7.0,4.0,6.0,0.0,0.0,Regular Season
1641705,Victor Wembanyama,1642875,Maxime Raynaud,2,9.1,58.3,23.0,8.0,18.0,2.0,8.0,0.0,2.0,Regular Season
1631260,AJ Green,1642851,Kon Knueppel,3,12.6,58.3,12.0,3.0,6.0,3.0,5.0,0.0,1.0,Regular Season
203468,CJ McCollum,1631248,Baylor Scheierman,6,10.4,58.2,18.0,7.0,12.0,1.0,4.0,0.0,3.0,Regular Season
1629652,Luguentz Dort,1627750,Jamal Murray,3,9.9,58.2,0.0,0.0,7.0,0.0,5.0,1.0,0.0,Regular Season
203924,Jerami Grant,1628970,Miles Bridges,2,9.9,58.1,14.0,5.0,8.0,4.0,7.0,1.0,0.0,Regular Season
1631128,Christian Braun,1628983,Shai Gilgeous-Alexander,2,9.6,58.1,3.0,1.0,3.0,1.0,3.0,0.0,0.0,Regular Season
203944,Julius Randle,1628991,Jaren Jackson Jr.,2,11.8,58.1,18.0,7.0,12.0,2.0,4.0,1.0,1.0,Regular Season
1629028,Deandre Ayton,1628436,Luke Kornet,2,10.2,58.1,9.0,4.0,7.0,0.0,0.0,0.0,1.0,Regular Season
1631105,Jalen Duren,1631109,Mark Williams,2,12.2,58.1,20.0,9.0,14.0,0.0,0.0,0.0,2.0,Regular Season
1628976,Wendell Carter Jr.,1629674,Neemias Queta,2,11.3,58.1,13.0,4.0,7.0,3.0,4.0,2.0,1.0,Regular Season
1631128,Christian Braun,1630166,Deni Avdija,4,9.1,58.1,9.0,4.0,6.0,0.0,2.0,0.0,1.0,Regular Season
1629014,Anfernee Simons,1629656,Quentin Grimes,3,12.3,58.1,19.0,6.0,12.0,5.0,10.0,0.0,1.0,Regular Season
203468,CJ McCollum,1629614,Andrew Nembhard,3,11.7,58.1,13.0,6.0,9.0,1.0,2.0,1.0,0.0,Regular Season
1626164,Devin Booker,1642377,Jaylen Wells,2,11.4,58.0,12.0,5.0,13.0,0.0,3.0,1.0,1.0,Regular Season
1642259,Alex Sarr,203932,Aaron Gordon,2,10.2,58.0,10.0,4.0,9.0,0.0,0.0,0.0,2.0,Regular Season
201935,James Harden,203935,Marcus Smart,3,13.6,58.0,20.0,6.0,12.0,3.0,9.0,2.0,1.0,Regular Season
1641739,Toumani Camara,1630552,Jalen Johnson,2,11.4,58.0,4.0,2.0,8.0,0.0,5.0,1.0,0.0,Regular Season
1627826,Ivica Zubac,1629011,Mitchell Robinson,3,12.9,58.0,16.0,7.0,10.0,0.0,0.0,0.0,1.0,Regular Season
1629631,De'Andre Hunter,1627759,Jaylen Brown,2,11.2,57.9,10.0,3.0,11.0,2.0,9.0,0.0,1.0,Regular Season
203999,Nikola Jokić,1627734,Domantas Sabonis,2,11.4,57.9,31.0,13.0,20.0,3.0,8.0,1.0,1.0,Regular Season
1630173,Precious Achiuwa,1629675,Naz Reid,4,11.2,57.9,10.0,4.0,5.0,0.0,0.0,2.0,2.0,Regular Season
1630700,Dyson Daniels,1629656,Quentin Grimes,4,8.6,57.9,18.0,8.0,11.0,1.0,4.0,0.0,1.0,Regular Season
1631109,Mark Williams,1630168,Onyeka Okongwu,2,11.2,57.9,8.0,4.0,5.0,0.0,0.0,0.0,0.0,Regular Season
1641708,Amen Thompson,1642845,VJ Edgecombe,2,13.6,57.9,6.0,2.0,4.0,0.0,1.0,2.0,2.0,Regular Season
1629011,Mitchell Robinson,1641750,Ryan Kalkbrenner,2,10.9,57.9,2.0,1.0,1.0,0.0,0.0,0.0,0.0,Regular Season
1631095,Jabari Smith Jr.,1631101,Shaedon Sharpe,3,12.9,57.9,12.0,5.0,7.0,2.0,3.0,0.0,0.0,Regular Season
1627742,Brandon Ingram,1641824,Matas Buzelis,3,10.8,57.8,16.0,6.0,12.0,2.0,5.0,3.0,1.0,Regular Season
1629611,Terance Mann,1629639,Tyler Herro,2,12.5,57.7,7.0,3.0,6.0,1.0,2.0,0.0,0.0,Regular Season
1629674,Neemias Queta,203994,Jusuf Nurkić,2,13.6,57.7,15.0,7.0,7.0,0.0,0.0,0.0,2.0,Regular Season
1641824,Matas Buzelis,1631260,AJ Green,4,10.7,57.7,9.0,4.0,8.0,1.0,4.0,2.0,0.0,Regular Season
1631170,Jaime Jaquez Jr.,1631094,Paolo Banchero,5,11.2,57.7,10.0,5.0,10.0,0.0,2.0,3.0,0.0,Regular Season
203497,Rudy Gobert,1630578,Alperen Sengun,2,11.8,57.7,8.0,4.0,7.0,0.0,0.0,2.0,1.0,Regular Season
1641708,Amen Thompson,1630230,Naji Marshall,4,12.7,57.7,4.0,2.0,7.0,0.0,2.0,1.0,0.0,Regular Season
1627783,Pascal Siakam,1642864,Hugo González,4,11.2,57.7,8.0,2.0,12.0,0.0,4.0,0.0,1.0,Regular Season
1629011,Mitchell Robinson,1642276,Kel'el Ware,3,14.7,57.7,6.0,2.0,4.0,0.0,0.0,0.0,0.0,Regular Season
1630183,Jaden McDaniels,1629660,Ty Jerome,3,11.1,57.6,13.0,5.0,8.0,2.0,3.0,0.0,1.0,Regular Season
1642907,Cedric Coward,1630180,Saddiq Bey,4,9.8,57.6,0.0,0.0,1.0,0.0,1.0,0.0,0.0,Regular Season
1629023,P.J. Washington,1629627,Zion Williamson,3,10.1,57.6,17.0,6.0,6.0,5.0,5.0,1.0,0.0,Regular Season
202695,Kawhi Leonard,1641739,Toumani Camara,4,11.9,57.6,16.0,6.0,11.0,0.0,1.0,1.0,2.0,Regular Season
1642271,Kyle Filipowski,203999,Nikola Jokić,4,10.4,57.6,27.0,11.0,17.0,2.0,7.0,0.0,2.0,Regular Season
1628978,Donte DiVincenzo,203897,Zach LaVine,4,11.0,57.6,6.0,2.0,6.0,2.0,6.0,1.0,0.0,Regular Season
1630173,Precious Achiuwa,1631094,Paolo Banchero,2,11.0,57.6,6.0,3.0,4.0,0.0,0.0,0.0,0.0,Regular Season
1628381,John Collins,1631095,Jabari Smith Jr.,4,10.8,57.6,5.0,2.0,5.0,0.0,0.0,0.0,1.0,Regular Season
1631106,Tari Eason,1642843,Cooper Flagg,3,13.3,57.5,11.0,4.0,11.0,3.0,7.0,0.0,0.0,Regular Season
1630596,Evan Mobley,202699,Tobias Harris,3,13.9,57.5,22.0,8.0,12.0,4.0,7.0,0.0,1.0,Regular Season
1629028,Deandre Ayton,203110,Draymond Green,3,11.6,57.5,13.0,5.0,6.0,0.0,0.0,1.0,3.0,Regular Season
1630202,Payton Pritchard,1641710,Anthony Black,3,12.0,57.5,19.0,7.0,11.0,4.0,6.0,3.0,1.0,Regular Season
203952,Andrew Wiggins,1641824,Matas Buzelis,3,10.3,57.4,14.0,4.0,10.0,3.0,7.0,1.0,3.0,Regular Season
1630643,Jay Huff,1641750,Ryan Kalkbrenner,3,12.2,57.4,15.0,6.0,19.0,3.0,15.0,1.0,0.0,Regular Season
1631217,Moussa Diabaté,1642270,Donovan Clingan,2,14.7,57.4,7.0,2.0,7.0,0.0,0.0,0.0,2.0,Regular Season
1631105,Jalen Duren,1641705,Victor Wembanyama,2,11.2,57.4,13.0,5.0,11.0,0.0,0.0,2.0,4.0,Regular Season
1642450,Daniss Jenkins,1630700,Dyson Daniels,4,12.8,57.4,7.0,2.0,4.0,1.0,2.0,1.0,0.0,Regular Season
1631222,Jake LaRavia,1631101,Shaedon Sharpe,3,12.3,57.4,4.0,2.0,3.0,0.0,0.0,0.0,0.0,Regular Season
1629011,Mitchell Robinson,1628976,Wendell Carter Jr.,4,12.6,57.4,10.0,5.0,6.0,0.0,0.0,0.0,0.0,Regular Season
1642345,Oso Ighodaro,1629637,Jaxson Hayes,4,12.8,57.4,2.0,1.0,4.0,0.0,0.0,0.0,0.0,Regular Season
201142,Kevin Durant,203935,Marcus Smart,3,12.3,57.4,17.0,6.0,7.0,3.0,3.0,3.0,0.0,Regular Season
1627751,Jakob Poeltl,1626167,Myles Turner,3,11.5,57.4,6.0,3.0,5.0,0.0,0.0,0.0,0.0,Regular Season
1642346,Ryan Dunn,2544,LeBron James,5,11.8,57.4,8.0,4.0,9.0,0.0,5.0,1.0,0.0,Regular Season
1628976,Wendell Carter Jr.,1630643,Jay Huff,3,11.5,57.4,14.0,5.0,10.0,0.0,2.0,1.0,4.0,Regular Season
1629674,Neemias Queta,202696,Nikola Vučević,2,12.9,57.3,6.0,3.0,8.0,0.0,0.0,0.0,0.0,Regular Season
1629234,Drew Eubanks,203999,Nikola Jokić,4,11.4,57.3,19.0,9.0,11.0,0.0,0.0,2.0,0.0,Regular Season
1631157,Ryan Rollins,203471,Dennis Schröder,4,13.0,57.3,2.0,1.0,7.0,0.0,6.0,2.0,0.0,Regular Season
1630558,Davion Mitchell,1630163,LaMelo Ball,3,10.6,57.3,10.0,4.0,6.0,2.0,3.0,1.0,0.0,Regular Season
1627739,Kris Dunn,1642848,Tre Johnson,2,11.8,57.3,2.0,0.0,1.0,0.0,0.0,0.0,1.0,Regular Season
1626162,Kelly Oubre Jr.,1628973,Jalen Brunson,2,11.1,57.2,5.0,2.0,6.0,1.0,4.0,1.0,0.0,Regular Season
202695,Kawhi Leonard,1631222,Jake LaRavia,4,14.5,57.2,25.0,9.0,22.0,4.0,11.0,3.0,2.0,Regular Season
203468,CJ McCollum,1630178,Tyrese Maxey,4,12.6,57.2,12.0,4.0,11.0,2.0,6.0,2.0,0.0,Regular Season
1642377,Jaylen Wells,1630162,Anthony Edwards,3,9.4,57.2,14.0,5.0,10.0,3.0,5.0,2.0,0.0,Regular Season
1628368,De'Aaron Fox,1630529,Herbert Jones,3,11.9,57.2,9.0,2.0,4.0,1.0,2.0,1.0,0.0,Regular Season
1642276,Kel'el Ware,1630643,Jay Huff,3,11.0,57.1,10.0,4.0,11.0,2.0,6.0,1.0,0.0,Regular Season
201572,Brook Lopez,1630578,Alperen Sengun,4,11.5,57.1,10.0,4.0,6.0,2.0,4.0,1.0,0.0,Regular Season
1630168,Onyeka Okongwu,1630596,Evan Mobley,4,8.6,57.1,5.0,2.0,6.0,0.0,2.0,1.0,2.0,Regular Season
1630581,Josh Giddey,1628384,OG Anunoby,4,12.1,57.1,11.0,5.0,12.0,1.0,4.0,1.0,1.0,Regular Season
1629004,Svi Mykhailiuk,1629130,Duncan Robinson,2,10.1,57.1,19.0,7.0,11.0,3.0,5.0,0.0,2.0,Regular Season
1630178,Tyrese Maxey,1630171,Isaac Okoro,2,12.1,57.0,10.0,3.0,5.0,2.0,3.0,1.0,1.0,Regular Season
1629028,Deandre Ayton,1630578,Alperen Sengun,2,12.3,57.0,10.0,5.0,6.0,0.0,0.0,1.0,0.0,Regular Season
1628378,Donovan Mitchell,1642883,Sion James,4,13.0,57.0,18.0,6.0,13.0,1.0,6.0,2.0,1.0,Regular Season
1630174,Aaron Nesmith,1628969,Mikal Bridges,3,11.3,57.0,14.0,5.0,8.0,2.0,4.0,0.0,1.0,Regular Season
1626220,Royce O'Neale,1628983,Shai Gilgeous-Alexander,3,10.5,57.0,0.0,0.0,2.0,0.0,1.0,1.0,0.0,Regular Season
1629028,Deandre Ayton,1631217,Moussa Diabaté,2,11.8,57.0,14.0,7.0,11.0,0.0,0.0,1.0,0.0,Regular Season
1628978,Donte DiVincenzo,1631221,Collin Gillespie,3,11.9,57.0,3.0,1.0,5.0,1.0,5.0,1.0,0.0,Regular Season
1626157,Karl-Anthony Towns,203944,Julius Randle,2,12.5,57.0,21.0,7.0,13.0,3.0,6.0,1.0,3.0,Regular Season
1631217,Moussa Diabaté,1626157,Karl-Anthony Towns,3,13.5,57.0,6.0,3.0,4.0,0.0,0.0,1.0,1.0,Regular Season
1630529,Herbert Jones,201142,Kevin Durant,3,8.6,57.0,10.0,3.0,8.0,2.0,5.0,0.0,1.0,Regular Season
201142,Kevin Durant,1627739,Kris Dunn,4,13.5,56.9,23.0,7.0,15.0,4.0,7.0,6.0,3.0,Regular Season
1628398,Kyle Kuzma,202331,Paul George,3,9.9,56.9,8.0,3.0,9.0,1.0,2.0,2.0,1.0,Regular Season
1631157,Ryan Rollins,1641739,Toumani Camara,2,10.0,56.9,16.0,6.0,12.0,2.0,3.0,4.0,1.0,Regular Season
1629628,RJ Barrett,1642258,Zaccharie Risacher,4,12.3,56.9,10.0,4.0,12.0,1.0,5.0,1.0,2.0,Regular Season
203497,Rudy Gobert,1629674,Neemias Queta,2,11.4,56.9,5.0,2.0,2.0,0.0,0.0,0.0,1.0,Regular Season
1628384,OG Anunoby,1630172,Patrick Williams,4,11.8,56.9,19.0,6.0,10.0,5.0,7.0,0.0,1.0,Regular Season
203994,Jusuf Nurkić,1631105,Jalen Duren,2,11.6,56.9,2.0,1.0,3.0,0.0,0.0,2.0,0.0,Regular Season
1642875,Maxime Raynaud,1641705,Victor Wembanyama,2,11.9,56.8,14.0,4.0,17.0,0.0,2.0,0.0,3.0,Regular Season
1630552,Jalen Johnson,203507,Giannis Antetokounmpo,2,11.6,56.8,4.0,1.0,8.0,1.0,2.0,0.0,1.0,Regular Season
1642266,Ja'Kobe Walter,1628401,Derrick White,4,11.2,56.8,6.0,2.0,6.0,2.0,5.0,0.0,1.0,Regular Season
1629627,Zion Williamson,1628384,OG Anunoby,2,10.3,56.8,14.0,4.0,7.0,0.0,0.0,2.0,4.0,Regular Season
203114,Khris Middleton,1628970,Miles Bridges,3,10.3,56.7,5.0,1.0,4.0,0.0,1.0,2.0,1.0,Regular Season
1629655,Daniel Gafford,1641705,Victor Wembanyama,2,13.3,56.7,6.0,3.0,7.0,0.0,0.0,0.0,0.0,Regular Season
1642270,Donovan Clingan,1631217,Moussa Diabaté,2,11.2,56.7,7.0,3.0,9.0,1.0,4.0,0.0,1.0,Regular Season
1630540,Miles McBride,1630202,Payton Pritchard,3,12.7,56.7,9.0,2.0,6.0,2.0,5.0,1.0,2.0,Regular Season
203991,Clint Capela,203076,Anthony Davis,2,12.7,56.7,4.0,2.0,6.0,0.0,0.0,1.0,0.0,Regular Season
1630573,Sam Hauser,1642277,Johnny Furphy,4,13.9,56.7,11.0,3.0,8.0,3.0,8.0,1.0,0.0,Regular Season
1626157,Karl-Anthony Towns,1642276,Kel'el Ware,4,10.0,56.6,27.0,9.0,23.0,5.0,15.0,0.0,3.0,Regular Season
1631212,Peyton Watson,1642843,Cooper Flagg,4,11.7,56.6,8.0,3.0,5.0,0.0,1.0,0.0,0.0,Regular Season
1642363,Nique Clifford,1641764,Brandin Podziemski,4,11.8,56.6,0.0,0.0,6.0,0.0,2.0,2.0,0.0,Regular Season
1631095,Jabari Smith Jr.,1630530,Trey Murphy III,3,13.2,56.6,18.0,6.0,9.0,5.0,7.0,0.0,1.0,Regular Season
1641744,Zach Edey,1629234,Drew Eubanks,2,10.8,56.6,13.0,6.0,6.0,0.0,0.0,2.0,1.0,Regular Season
201942,DeMar DeRozan,1642377,Jaylen Wells,4,9.6,56.5,12.0,4.0,7.0,1.0,1.0,0.0,2.0,Regular Season
1642276,Kel'el Ware,1628386,Jarrett Allen,2,9.5,56.5,11.0,5.0,6.0,1.0,1.0,0.0,0.0,Regular Season
1631108,Max Christie,201939,Stephen Curry,2,10.2,56.5,9.0,3.0,6.0,3.0,6.0,1.0,0.0,Regular Season
1630314,Brandon Williams,1642377,Jaylen Wells,4,11.6,56.4,23.0,6.0,11.0,3.0,6.0,2.0,4.0,Regular Season
1630552,Jalen Johnson,1630174,Aaron Nesmith,3,8.7,56.4,17.0,5.0,9.0,2.0,2.0,2.0,3.0,Regular Season
1641705,Victor Wembanyama,1631105,Jalen Duren,2,11.2,56.4,16.0,4.0,8.0,3.0,4.0,3.0,3.0,Regular Season
1641796,Pelle Larsson,1628970,Miles Bridges,4,10.1,56.4,4.0,2.0,5.0,0.0,2.0,1.0,0.0,Regular Season
1630162,Anthony Edwards,1628969,Mikal Bridges,2,11.2,56.4,17.0,7.0,14.0,3.0,7.0,0.0,0.0,Regular Season
1626157,Karl-Anthony Towns,1627826,Ivica Zubac,2,11.1,56.4,25.0,8.0,17.0,2.0,6.0,1.0,5.0,Regular Season
1629655,Daniel Gafford,1642270,Donovan Clingan,2,10.4,56.4,18.0,7.0,9.0,0.0,0.0,0.0,3.0,Regular Season
203999,Nikola Jokić,1630173,Precious Achiuwa,3,10.6,56.3,30.0,11.0,16.0,2.0,4.0,1.0,4.0,Regular Season
1630178,Tyrese Maxey,1630193,Immanuel Quickley,4,10.1,56.3,12.0,5.0,9.0,2.0,3.0,1.0,0.0,Regular Season
1642270,Donovan Clingan,1629655,Daniel Gafford,2,11.3,56.3,8.0,3.0,5.0,2.0,4.0,0.0,0.0,Regular Season
1642377,Jaylen Wells,1627750,Jamal Murray,3,9.3,56.3,10.0,3.0,5.0,3.0,5.0,0.0,0.0,Regular Season
1630700,Dyson Daniels,1628378,Donovan Mitchell,3,7.9,56.3,2.0,1.0,3.0,0.0,1.0,1.0,0.0,Regular Season
201935,James Harden,1641775,Jordan Walsh,2,10.8,56.2,16.0,3.0,6.0,0.0,2.0,0.0,5.0,Regular Season
1628415,Dillon Brooks,201942,DeMar DeRozan,3,8.7,56.2,12.0,4.0,9.0,0.0,2.0,0.0,1.0,Regular Season
1630217,Desmond Bane,1629731,Dean Wade,4,10.8,56.2,15.0,6.0,12.0,3.0,6.0,1.0,0.0,Regular Season
1630559,Austin Reaves,1629614,Andrew Nembhard,2,10.8,56.2,7.0,2.0,8.0,1.0,5.0,0.0,1.0,Regular Season
1631107,Nikola Jović,1629675,Naz Reid,2,11.6,56.1,5.0,1.0,5.0,0.0,1.0,2.0,1.0,Regular Season
1626164,Devin Booker,1641731,Bilal Coulibaly,2,11.4,56.1,9.0,3.0,14.0,0.0,4.0,1.0,2.0,Regular Season
1627884,Derrick Jones Jr.,1627783,Pascal Siakam,2,12.6,56.1,3.0,1.0,8.0,1.0,4.0,1.0,0.0,Regular Season
1629004,Svi Mykhailiuk,1628978,Donte DiVincenzo,3,11.6,56.1,8.0,2.0,6.0,2.0,6.0,0.0,1.0,Regular Season
1626220,Royce O'Neale,1628374,Lauri Markkanen,2,11.7,56.1,2.0,1.0,5.0,0.0,3.0,1.0,0.0,Regular Season
1631108,Max Christie,1626164,Devin Booker,3,10.4,56.1,5.0,2.0,7.0,1.0,4.0,0.0,0.0,Regular Season
1630530,Trey Murphy III,1631212,Peyton Watson,3,8.9,56.1,20.0,7.0,11.0,3.0,6.0,1.0,2.0,Regular Season
1642270,Donovan Clingan,1631109,Mark Williams,3,11.1,56.0,18.0,7.0,13.0,4.0,6.0,2.0,0.0,Regular Season
1629614,Andrew Nembhard,1630193,Immanuel Quickley,3,11.7,56.0,13.0,4.0,10.0,3.0,7.0,2.0,1.0,Regular Season
1627826,Ivica Zubac,1626157,Karl-Anthony Towns,2,10.7,56.0,14.0,7.0,10.0,0.0,0.0,1.0,0.0,Regular Season
1630574,Ariel Hukporti,1630643,Jay Huff,3,12.8,56.0,1.0,0.0,3.0,0.0,0.0,0.0,1.0,Regular Season
1626167,Myles Turner,1628963,Marvin Bagley III,3,10.4,56.0,14.0,5.0,10.0,4.0,7.0,0.0,0.0,Regular Season
1642883,Sion James,1628973,Jalen Brunson,3,12.1,55.9,6.0,1.0,3.0,1.0,3.0,0.0,1.0,Regular Season
1628378,Donovan Mitchell,1628384,OG Anunoby,3,9.6,55.9,7.0,3.0,9.0,1.0,4.0,0.0,0.0,Regular Season
203932,Aaron Gordon,1642259,Alex Sarr,2,10.9,55.9,7.0,3.0,10.0,1.0,5.0,0.0,0.0,Regular Season
1631157,Ryan Rollins,1630200,Tre Jones,3,10.3,55.9,10.0,3.0,4.0,2.0,3.0,2.0,0.0,Regular Season
1627884,Derrick Jones Jr.,201942,DeMar DeRozan,4,9.3,55.9,0.0,0.0,1.0,0.0,1.0,1.0,0.0,Regular Season
203954,Joel Embiid,202696,Nikola Vučević,2,12.0,55.8,22.0,8.0,24.0,2.0,6.0,2.0,2.0,Regular Season
1631109,Mark Williams,1631117,Walker Kessler,2,11.0,55.8,9.0,3.0,7.0,0.0,0.0,0.0,2.0,Regular Season
1631096,Chet Holmgren,203084,Harrison Barnes,4,10.4,55.7,12.0,4.0,6.0,0.0,1.0,0.0,2.0,Regular Season
1630591,Jalen Suggs,1628978,Donte DiVincenzo,2,10.1,55.7,3.0,1.0,3.0,1.0,3.0,1.0,0.0,Regular Season
1630581,Josh Giddey,1642845,VJ Edgecombe,3,10.6,55.7,14.0,5.0,8.0,1.0,1.0,3.0,2.0,Regular Season
1641739,Toumani Camara,1642843,Cooper Flagg,3,10.6,55.7,8.0,3.0,5.0,2.0,4.0,0.0,0.0,Regular Season
1630163,LaMelo Ball,1630193,Immanuel Quickley,4,11.1,55.7,11.0,4.0,15.0,0.0,6.0,3.0,2.0,Regular Season
1628436,Luke Kornet,1629028,Deandre Ayton,2,10.2,55.7,1.0,0.0,1.0,0.0,0.0,1.0,0.0,Regular Season
203999,Nikola Jokić,1629640,Keldon Johnson,4,9.9,55.6,11.0,2.0,8.0,0.0,1.0,1.0,2.0,Regular Season
202699,Tobias Harris,1641706,Brandon Miller,3,11.6,55.6,1.0,0.0,3.0,0.0,2.0,2.0,1.0,Regular Season
1628386,Jarrett Allen,1630549,Day'Ron Sharpe,3,11.3,55.6,10.0,4.0,7.0,0.0,0.0,1.0,1.0,Regular Season
201572,Brook Lopez,1630643,Jay Huff,2,12.6,55.5,24.0,9.0,15.0,3.0,7.0,0.0,3.0,Regular Season
1631105,Jalen Duren,1629048,Goga Bitadze,3,11.3,55.5,16.0,4.0,5.0,0.0,0.0,1.0,4.0,Regular Season
1626181,Norman Powell,1628978,Donte DiVincenzo,2,10.6,55.5,11.0,4.0,8.0,1.0,4.0,0.0,1.0,Regular Season
203939,Dwight Powell,203497,Rudy Gobert,3,10.9,55.5,3.0,0.0,2.0,0.0,0.0,0.0,2.0,Regular Season
203114,Khris Middleton,1631094,Paolo Banchero,4,9.9,55.5,12.0,4.0,6.0,2.0,2.0,1.0,2.0,Regular Season
1631096,Chet Holmgren,1627783,Pascal Siakam,2,10.6,55.4,9.0,4.0,7.0,0.0,2.0,2.0,0.0,Regular Season
1642843,Cooper Flagg,1630530,Trey Murphy III,4,9.5,55.4,14.0,6.0,10.0,0.0,0.0,2.0,1.0,Regular Season
1641730,Noah Clowney,203114,Khris Middleton,3,12.1,55.4,4.0,1.0,5.0,1.0,4.0,3.0,2.0,Regular Season
1642875,Maxime Raynaud,203110,Draymond Green,3,12.3,55.4,11.0,5.0,7.0,1.0,1.0,1.0,0.0,Regular Season
1629023,P.J. Washington,201142,Kevin Durant,4,10.2,55.3,14.0,6.0,14.0,0.0,5.0,3.0,2.0,Regular Season
1630178,Tyrese Maxey,1627739,Kris Dunn,2,11.3,55.3,11.0,3.0,7.0,2.0,5.0,1.0,1.0,Regular Season
1642962,Drake Powell,1628973,Jalen Brunson,4,11.5,55.3,3.0,1.0,4.0,1.0,4.0,1.0,0.0,Regular Season
1630529,Herbert Jones,1627742,Brandon Ingram,2,11.2,55.3,3.0,1.0,4.0,1.0,3.0,0.0,0.0,Regular Season
1642849,Nolan Traore,1630700,Dyson Daniels,2,11.1,55.3,6.0,2.0,6.0,1.0,2.0,1.0,1.0,Regular Season
1641717,Cason Wallace,1641718,Keyonte George,3,8.6,55.3,6.0,2.0,2.0,2.0,2.0,0.0,0.0,Regular Season
201935,James Harden,1641717,Cason Wallace,2,11.9,55.3,19.0,7.0,10.0,3.0,4.0,3.0,1.0,Regular Season
1631101,Shaedon Sharpe,1641708,Amen Thompson,3,10.4,55.2,7.0,3.0,7.0,0.0,1.0,1.0,2.0,Regular Season
1629234,Drew Eubanks,1641744,Zach Edey,2,10.5,55.2,4.0,2.0,3.0,0.0,0.0,1.0,0.0,Regular Season
204001,Kristaps Porziņģis,1642259,Alex Sarr,2,10.9,55.2,26.0,9.0,19.0,5.0,12.0,0.0,2.0,Regular Season
1627759,Jaylen Brown,1628969,Mikal Bridges,3,11.7,55.2,13.0,5.0,13.0,0.0,3.0,1.0,2.0,Regular Season
1630183,Jaden McDaniels,1626220,Royce O'Neale,3,11.4,55.2,0.0,0.0,4.0,0.0,4.0,1.0,0.0,Regular Season
2544,LeBron James,202695,Kawhi Leonard,4,11.6,55.2,8.0,3.0,6.0,0.0,0.0,2.0,1.0,Regular Season
1642852,Derik Queen,202696,Nikola Vučević,3,10.9,55.2,14.0,6.0,9.0,0.0,1.0,3.0,0.0,Regular Season
1628384,OG Anunoby,1630166,Deni Avdija,2,10.6,55.2,7.0,2.0,6.0,1.0,4.0,1.0,1.0,Regular Season
1630180,Saddiq Bey,1629060,Rui Hachimura,3,10.1,55.2,6.0,2.0,5.0,1.0,3.0,0.0,1.0,Regular Season
1631117,Walker Kessler,1631109,Mark Williams,2,12.3,55.2,4.0,1.0,1.0,0.0,0.0,1.0,1.0,Regular Season
1629628,RJ Barrett,1630700,Dyson Daniels,4,8.5,55.1,17.0,6.0,11.0,2.0,6.0,2.0,2.0,Regular Season
1630595,Cade Cunningham,1631157,Ryan Rollins,4,10.2,55.1,17.0,5.0,12.0,3.0,6.0,0.0,2.0,Regular Season
1630183,Jaden McDaniels,203501,Tim Hardaway Jr.,4,9.8,55.1,7.0,3.0,8.0,1.0,3.0,0.0,0.0,Regular Season
1630162,Anthony Edwards,1641731,Bilal Coulibaly,2,12.6,55.1,22.0,8.0,15.0,3.0,6.0,0.0,2.0,Regular Season
1630558,Davion Mitchell,1642263,Reed Sheppard,2,11.1,55.1,8.0,4.0,11.0,0.0,5.0,2.0,0.0,Regular Season
1628978,Donte DiVincenzo,1641708,Amen Thompson,3,10.6,55.1,4.0,1.0,4.0,1.0,2.0,0.0,1.0,Regular Season
1631170,Jaime Jaquez Jr.,1642867,Collin Murray-Boyles,4,11.1,55.1,13.0,6.0,13.0,1.0,3.0,4.0,1.0,Regular Season
1630559,Austin Reaves,1630558,Davion Mitchell,2,9.9,55.1,2.0,1.0,7.0,0.0,5.0,0.0,0.0,Regular Season
1628368,De'Aaron Fox,1630591,Jalen Suggs,2,10.7,55.1,11.0,3.0,10.0,1.0,5.0,3.0,1.0,Regular Season
1641739,Toumani Camara,201942,DeMar DeRozan,3,10.0,55.0,15.0,5.0,7.0,3.0,4.0,2.0,1.0,Regular Season
1642843,Cooper Flagg,1630700,Dyson Daniels,2,13.2,55.0,6.0,3.0,5.0,0.0,0.0,3.0,0.0,Regular Season
1630567,Scottie Barnes,1631230,Dominick Barlow,3,11.1,55.0,10.0,5.0,14.0,0.0,2.0,1.0,0.0,Regular Season
1631101,Shaedon Sharpe,1628969,Mikal Bridges,2,10.1,55.0,10.0,3.0,4.0,1.0,2.0,2.0,2.0,Regular Season
1642848,Tre Johnson,1642845,VJ Edgecombe,3,9.4,55.0,7.0,3.0,7.0,1.0,4.0,2.0,0.0,Regular Season
1629028,Deandre Ayton,1629674,Neemias Queta,2,10.9,55.0,4.0,2.0,8.0,0.0,0.0,0.0,0.0,Regular Season
1627759,Jaylen Brown,1629652,Luguentz Dort,2,14.3,54.9,17.0,5.0,9.0,1.0,2.0,3.0,2.0,Regular Season
203507,Giannis Antetokounmpo,1630168,Onyeka Okongwu,2,11.2,54.9,26.0,10.0,16.0,0.0,1.0,1.0,5.0,Regular Season
201935,James Harden,1630529,Herbert Jones,2,10.6,54.9,5.0,2.0,9.0,1.0,6.0,2.0,0.0,Regular Season
1627742,Brandon Ingram,1627759,Jaylen Brown,2,11.7,54.9,13.0,6.0,13.0,1.0,2.0,4.0,0.0,Regular Season
1630700,Dyson Daniels,1627783,Pascal Siakam,3,7.2,54.9,12.0,5.0,8.0,0.0,0.0,0.0,1.0,Regular Season
1629636,Darius Garland,1628978,Donte DiVincenzo,3,9.0,54.8,9.0,4.0,8.0,1.0,4.0,0.0,0.0,Regular Season
1631128,Christian Braun,1628973,Jalen Brunson,2,11.1,54.8,3.0,1.0,3.0,0.0,1.0,0.0,1.0,Regular Season
1629614,Andrew Nembhard,1629638,Nickeil Alexander-Walker,2,8.6,54.8,5.0,2.0,6.0,1.0,2.0,0.0,0.0,Regular Season
1631212,Peyton Watson,1630162,Anthony Edwards,2,10.2,54.8,0.0,0.0,1.0,0.0,1.0,2.0,0.0,Regular Season
1631128,Christian Braun,1630170,Devin Vassell,2,11.2,54.8,9.0,3.0,10.0,3.0,7.0,0.0,0.0,Regular Season
1642271,Kyle Filipowski,1629651,Nic Claxton,2,10.1,54.8,11.0,4.0,6.0,3.0,4.0,0.0,1.0,Regular Season
1629012,Collin Sexton,1631157,Ryan Rollins,5,12.2,54.8,10.0,4.0,11.0,1.0,3.0,3.0,1.0,Regular Season
201942,DeMar DeRozan,1631212,Peyton Watson,4,11.5,54.8,15.0,5.0,10.0,1.0,2.0,0.0,3.0,Regular Season
1628384,OG Anunoby,1630567,Scottie Barnes,4,10.3,54.8,7.0,3.0,9.0,1.0,5.0,1.0,0.0,Regular Season
1641824,Matas Buzelis,1627783,Pascal Siakam,4,12.1,54.7,9.0,3.0,8.0,1.0,5.0,2.0,1.0,Regular Season
1629008,Michael Porter Jr.,1628969,Mikal Bridges,3,11.9,54.7,4.0,2.0,8.0,0.0,2.0,2.0,0.0,Regular Season
203944,Julius Randle,1628415,Dillon Brooks,2,12.1,54.7,12.0,4.0,7.0,2.0,4.0,3.0,1.0,Regular Season
1642845,VJ Edgecombe,1628969,Mikal Bridges,4,10.0,54.7,10.0,4.0,9.0,1.0,3.0,1.0,0.0,Regular Season
1631095,Jabari Smith Jr.,203944,Julius Randle,2,11.6,54.7,2.0,1.0,4.0,0.0,1.0,0.0,0.0,Regular Season
1631109,Mark Williams,203497,Rudy Gobert,2,10.6,54.7,14.0,5.0,7.0,0.0,0.0,0.0,2.0,Regular Season
1630591,Jalen Suggs,203468,CJ McCollum,3,10.6,54.7,4.0,2.0,8.0,0.0,4.0,4.0,0.0,Regular Season
1631221,Collin Gillespie,1631157,Ryan Rollins,2,11.1,54.7,9.0,3.0,6.0,3.0,6.0,1.0,0.0,Regular Season
1628983,Shai Gilgeous-Alexander,1627884,Derrick Jones Jr.,2,8.8,54.6,11.0,3.0,5.0,1.0,1.0,2.0,2.0,Regular Season
1630595,Cade Cunningham,1630171,Isaac Okoro,2,11.8,54.6,17.0,6.0,19.0,3.0,8.0,1.0,2.0,Regular Season
1642857,Kasparas Jakučionis,1630536,Sharife Cooper,4,8.8,54.6,17.0,5.0,6.0,5.0,6.0,2.0,1.0,Regular Season
1630217,Desmond Bane,1630245,Ayo Dosunmu,4,10.4,54.6,19.0,6.0,8.0,0.0,1.0,3.0,3.0,Regular Season
1642848,Tre Johnson,1642851,Kon Knueppel,4,9.8,54.6,7.0,3.0,10.0,1.0,7.0,1.0,0.0,Regular Season
1630529,Herbert Jones,1642285,Cam Spencer,3,11.6,54.5,6.0,3.0,5.0,0.0,2.0,1.0,0.0,Regular Season
1642258,Zaccharie Risacher,1630163,LaMelo Ball,3,11.3,54.5,13.0,5.0,10.0,2.0,4.0,0.0,1.0,Regular Season
1628378,Donovan Mitchell,1629614,Andrew Nembhard,2,10.8,54.5,13.0,5.0,14.0,2.0,7.0,2.0,1.0,Regular Season
1642851,Kon Knueppel,1630178,Tyrese Maxey,3,11.3,54.5,5.0,2.0,8.0,1.0,5.0,1.0,0.0,Regular Season
1629611,Terance Mann,1630193,Immanuel Quickley,3,12.1,54.5,5.0,2.0,3.0,1.0,2.0,2.0,0.0,Regular Season
203944,Julius Randle,1628970,Miles Bridges,2,11.4,54.5,25.0,10.0,15.0,2.0,4.0,0.0,2.0,Regular Season
1630191,Isaiah Stewart,1630596,Evan Mobley,3,11.3,54.5,2.0,1.0,6.0,0.0,2.0,1.0,0.0,Regular Season
1630162,Anthony Edwards,201566,Russell Westbrook,3,9.8,54.5,8.0,4.0,12.0,0.0,6.0,2.0,0.0,Regular Season
1631108,Max Christie,1641718,Keyonte George,3,10.4,54.5,10.0,4.0,5.0,2.0,3.0,1.0,0.0,Regular Season
1631170,Jaime Jaquez Jr.,1641783,Tristan da Silva,5,10.5,54.5,18.0,8.0,13.0,2.0,2.0,4.0,0.0,Regular Season
203468,CJ McCollum,1641767,Ben Sheppard,3,10.5,54.5,8.0,4.0,11.0,0.0,3.0,0.0,0.0,Regular Season
1628973,Jalen Brunson,1642266,Ja'Kobe Walter,5,11.4,54.4,23.0,8.0,16.0,2.0,4.0,1.0,3.0,Regular Season
1642928,Dylan Cardwell,1642270,Donovan Clingan,4,11.0,54.4,9.0,4.0,10.0,0.0,0.0,0.0,2.0,Regular Season
1628386,Jarrett Allen,1630168,Onyeka Okongwu,2,11.1,54.4,7.0,2.0,5.0,0.0,0.0,0.0,2.0,Regular Season
1631217,Moussa Diabaté,1642875,Maxime Raynaud,2,10.5,54.4,4.0,2.0,4.0,0.0,0.0,0.0,0.0,Regular Season
1629614,Andrew Nembhard,1628969,Mikal Bridges,3,9.6,54.4,5.0,2.0,8.0,1.0,4.0,3.0,0.0,Regular Season
1629652,Luguentz Dort,1628378,Donovan Mitchell,2,9.0,54.3,8.0,3.0,3.0,2.0,2.0,1.0,0.0,Regular Season
1628969,Mikal Bridges,1628401,Derrick White,4,12.6,54.3,11.0,5.0,10.0,1.0,4.0,1.0,0.0,Regular Season
1642347,Jamal Shead,1629012,Collin Sexton,5,11.3,54.3,5.0,2.0,5.0,1.0,3.0,1.0,0.0,Regular Season
1629627,Zion Williamson,1628389,Bam Adebayo,2,9.9,54.3,8.0,4.0,4.0,0.0,0.0,2.0,0.0,Regular Season
1627759,Jaylen Brown,1628398,Kyle Kuzma,3,15.3,54.3,21.0,7.0,9.0,4.0,4.0,2.0,1.0,Regular Season
1629611,Terance Mann,1630178,Tyrese Maxey,3,9.5,54.3,6.0,2.0,7.0,0.0,3.0,1.0,1.0,Regular Season
1629029,Luka Dončić,1631094,Paolo Banchero,2,12.7,54.3,13.0,5.0,16.0,1.0,8.0,1.0,2.0,Regular Season
203110,Draymond Green,1642875,Maxime Raynaud,3,9.1,54.3,6.0,2.0,4.0,2.0,3.0,4.0,0.0,Regular Season
1642852,Derik Queen,1642276,Kel'el Ware,2,10.5,54.3,17.0,6.0,10.0,0.0,0.0,1.0,3.0,Regular Season
1631095,Jabari Smith Jr.,1626164,Devin Booker,3,12.1,54.3,2.0,1.0,4.0,0.0,3.0,0.0,0.0,Regular Season
1630163,LaMelo Ball,1630540,Miles McBride,3,12.0,54.3,24.0,9.0,21.0,3.0,10.0,2.0,2.0,Regular Season
1641750,Ryan Kalkbrenner,1630643,Jay Huff,3,11.7,54.3,5.0,2.0,3.0,0.0,0.0,0.0,0.0,Regular Season
1641709,Ausar Thompson,1630596,Evan Mobley,4,10.4,54.2,16.0,7.0,12.0,0.0,1.0,1.0,2.0,Regular Season
1631157,Ryan Rollins,1629618,Jalen Pickett,2,10.4,54.2,5.0,2.0,6.0,1.0,5.0,1.0,0.0,Regular Season
1629011,Mitchell Robinson,1627826,Ivica Zubac,3,13.1,54.2,4.0,2.0,8.0,0.0,0.0,1.0,0.0,Regular Season
1627783,Pascal Siakam,1631212,Peyton Watson,2,10.5,54.2,11.0,3.0,9.0,2.0,3.0,1.0,2.0,Regular Season
201950,Jrue Holiday,1628978,Donte DiVincenzo,4,11.1,54.1,5.0,2.0,7.0,1.0,4.0,1.0,0.0,Regular Season
1629011,Mitchell Robinson,203497,Rudy Gobert,2,12.7,54.1,2.0,1.0,4.0,0.0,0.0,1.0,0.0,Regular Season
203114,Khris Middleton,203944,Julius Randle,4,8.7,54.1,12.0,5.0,7.0,1.0,2.0,1.0,1.0,Regular Season
203507,Giannis Antetokounmpo,203932,Aaron Gordon,2,11.1,54.1,21.0,8.0,14.0,1.0,2.0,2.0,2.0,Regular Season
1628963,Marvin Bagley III,1626167,Myles Turner,3,9.7,54.1,15.0,7.0,10.0,0.0,1.0,0.0,1.0,Regular Season
1630578,Alperen Sengun,1642852,Derik Queen,3,11.1,54.1,18.0,8.0,18.0,2.0,5.0,3.0,0.0,Regular Season
1641739,Toumani Camara,1630162,Anthony Edwards,3,9.1,54.0,0.0,0.0,1.0,0.0,1.0,0.0,0.0,Regular Season
1631094,Paolo Banchero,1629627,Zion Williamson,2,10.3,54.0,14.0,4.0,5.0,0.0,0.0,5.0,3.0,Regular Season
1642264,Stephon Castle,1641718,Keyonte George,3,8.3,54.0,2.0,0.0,6.0,0.0,4.0,1.0,2.0,Regular Season
2544,LeBron James,201142,Kevin Durant,3,12.3,54.0,5.0,2.0,5.0,1.0,3.0,0.0,0.0,Regular Season
1630170,Devin Vassell,201939,Stephen Curry,2,10.1,54.0,9.0,3.0,3.0,3.0,3.0,0.0,0.0,Regular Season
1630595,Cade Cunningham,201566,Russell Westbrook,2,9.6,54.0,5.0,2.0,5.0,1.0,2.0,3.0,0.0,Regular Season
203897,Zach LaVine,203935,Marcus Smart,2,8.8,54.0,0.0,0.0,2.0,0.0,1.0,1.0,0.0,Regular Season
1630530,Trey Murphy III,1631095,Jabari Smith Jr.,3,10.8,54.0,18.0,6.0,10.0,3.0,4.0,1.0,1.0,Regular Season
1641783,Tristan da Silva,1631323,Simone Fontecchio,4,10.5,53.9,15.0,5.0,8.0,3.0,5.0,0.0,1.0,Regular Season
1628976,Wendell Carter Jr.,1631217,Moussa Diabaté,3,10.9,53.9,11.0,4.0,8.0,2.0,5.0,0.0,1.0,Regular Season
1631222,Jake LaRavia,1631260,AJ Green,2,10.5,53.9,3.0,1.0,5.0,1.0,4.0,0.0,0.0,Regular Season
1629060,Rui Hachimura,1630230,Naji Marshall,4,12.2,53.9,8.0,4.0,9.0,0.0,3.0,0.0,0.0,Regular Season
1630631,Jose Alvarado,204456,T.J. McConnell,4,10.7,53.9,10.0,3.0,4.0,2.0,3.0,1.0,1.0,Regular Season
203471,Dennis Schröder,1627750,Jamal Murray,4,11.6,53.9,8.0,3.0,6.0,0.0,3.0,1.0,1.0,Regular Season
1628978,Donte DiVincenzo,1627750,Jamal Murray,4,11.6,53.9,10.0,3.0,7.0,2.0,6.0,0.0,1.0,Regular Season
1641783,Tristan da Silva,1628989,Kevin Huerter,4,9.9,53.8,16.0,7.0,10.0,1.0,1.0,0.0,1.0,Regular Season
1628969,Mikal Bridges,1630193,Immanuel Quickley,3,10.8,53.8,2.0,0.0,0.0,0.0,0.0,1.0,1.0,Regular Season
1628983,Shai Gilgeous-Alexander,1642377,Jaylen Wells,2,9.8,53.8,21.0,7.0,10.0,2.0,2.0,1.0,3.0,Regular Season
1631157,Ryan Rollins,1642267,Bub Carrington,4,9.8,53.8,4.0,0.0,4.0,0.0,3.0,2.0,1.0,Regular Season
1642377,Jaylen Wells,1641718,Keyonte George,2,9.2,53.8,13.0,4.0,8.0,2.0,3.0,0.0,1.0,Regular Season
203110,Draymond Green,1630567,Scottie Barnes,2,10.3,53.8,17.0,7.0,15.0,3.0,9.0,3.0,1.0,Regular Season
1631108,Max Christie,1630530,Trey Murphy III,3,7.8,53.7,6.0,2.0,2.0,2.0,2.0,0.0,0.0,Regular Season
203083,Andre Drummond,1629651,Nic Claxton,3,9.9,53.7,6.0,2.0,6.0,1.0,1.0,2.0,1.0,Regular Season
1641731,Bilal Coulibaly,1631094,Paolo Banchero,4,8.1,53.7,12.0,4.0,6.0,1.0,2.0,2.0,2.0,Regular Season
1629674,Neemias Queta,1627751,Jakob Poeltl,2,10.8,53.7,11.0,5.0,5.0,0.0,0.0,0.0,1.0,Regular Season
1630581,Josh Giddey,1628969,Mikal Bridges,4,10.1,53.6,15.0,7.0,10.0,1.0,1.0,2.0,0.0,Regular Season
1626167,Myles Turner,1627751,Jakob Poeltl,3,10.2,53.6,15.0,6.0,10.0,1.0,4.0,3.0,1.0,Regular Season
1628404,Josh Hart,1631170,Jaime Jaquez Jr.,4,11.3,53.6,8.0,4.0,6.0,0.0,0.0,1.0,0.0,Regular Season
1642852,Derik Queen,1629028,Deandre Ayton,4,9.4,53.6,8.0,4.0,15.0,0.0,0.0,3.0,0.0,Regular Season
1629628,RJ Barrett,1629638,Nickeil Alexander-Walker,4,9.0,53.6,13.0,6.0,11.0,1.0,3.0,1.0,1.0,Regular Season
1642270,Donovan Clingan,1629674,Neemias Queta,2,8.9,53.6,13.0,6.0,9.0,1.0,4.0,0.0,1.0,Regular Season
1629628,RJ Barrett,1629130,Duncan Robinson,3,11.8,53.6,12.0,4.0,5.0,1.0,1.0,1.0,2.0,Regular Season
203944,Julius Randle,1641739,Toumani Camara,4,10.6,53.6,13.0,6.0,12.0,0.0,0.0,1.0,1.0,Regular Season
1629627,Zion Williamson,203110,Draymond Green,2,11.5,53.6,18.0,7.0,19.0,1.0,3.0,2.0,2.0,Regular Season
1630173,Precious Achiuwa,203944,Julius Randle,4,13.1,53.6,11.0,5.0,6.0,1.0,2.0,0.0,0.0,Regular Season
1629029,Luka Dončić,201935,James Harden,4,9.9,53.6,11.0,5.0,17.0,1.0,5.0,1.0,0.0,Regular Season
1642270,Donovan Clingan,203083,Andre Drummond,2,10.8,53.5,11.0,4.0,9.0,3.0,5.0,0.0,0.0,Regular Season
202696,Nikola Vučević,1630549,Day'Ron Sharpe,4,10.3,53.5,15.0,5.0,10.0,1.0,4.0,1.0,0.0,Regular Season
1641705,Victor Wembanyama,1630578,Alperen Sengun,4,8.7,53.5,24.0,7.0,17.0,1.0,6.0,5.0,3.0,Regular Season
1642263,Reed Sheppard,1630558,Davion Mitchell,2,10.4,53.5,6.0,2.0,3.0,2.0,3.0,0.0,0.0,Regular Season
1630172,Patrick Williams,1629627,Zion Williamson,3,9.4,53.5,6.0,2.0,7.0,2.0,6.0,0.0,0.0,Regular Season
1630541,Moses Moody,1642846,Ace Bailey,2,10.5,53.5,19.0,6.0,12.0,4.0,9.0,0.0,2.0,Regular Season
1630536,Sharife Cooper,1642857,Kasparas Jakučionis,4,10.9,53.4,18.0,7.0,9.0,2.0,3.0,2.0,1.0,Regular Season
1630183,Jaden McDaniels,1626164,Devin Booker,2,10.3,53.4,7.0,2.0,3.0,0.0,1.0,0.0,1.0,Regular Season
1630202,Payton Pritchard,1631157,Ryan Rollins,3,13.5,53.4,2.0,1.0,6.0,0.0,5.0,0.0,0.0,Regular Season
1642267,Bub Carrington,1628969,Mikal Bridges,3,10.6,53.4,11.0,3.0,5.0,1.0,3.0,3.0,2.0,Regular Season
203999,Nikola Jokić,1628436,Luke Kornet,3,8.8,53.4,19.0,8.0,15.0,2.0,5.0,2.0,1.0,Regular Season
1629639,Tyler Herro,1629611,Terance Mann,2,8.7,53.4,16.0,7.0,13.0,1.0,5.0,3.0,1.0,Regular Season
1642851,Kon Knueppel,1629130,Duncan Robinson,3,10.5,53.4,4.0,0.0,3.0,0.0,3.0,0.0,1.0,Regular Season
203468,CJ McCollum,1630193,Immanuel Quickley,2,10.5,53.4,9.0,3.0,9.0,3.0,5.0,0.0,0.0,Regular Season
201942,DeMar DeRozan,1629652,Luguentz Dort,2,10.1,53.4,7.0,1.0,7.0,0.0,2.0,0.0,3.0,Regular Season
203944,Julius Randle,1642271,Kyle Filipowski,4,9.9,53.4,23.0,6.0,10.0,0.0,3.0,5.0,2.0,Regular Season
1628973,Jalen Brunson,1641717,Cason Wallace,2,12.5,53.4,20.0,7.0,14.0,3.0,5.0,1.0,0.0,Regular Season
1630598,Aaron Wiggins,1630530,Trey Murphy III,2,8.9,53.4,12.0,5.0,8.0,2.0,3.0,0.0,0.0,Regular Season
1642846,Ace Bailey,1630552,Jalen Johnson,2,11.1,53.3,7.0,3.0,4.0,1.0,1.0,0.0,0.0,Regular Season
1630591,Jalen Suggs,1630595,Cade Cunningham,3,11.2,53.3,5.0,2.0,12.0,1.0,7.0,1.0,0.0,Regular Season
1626220,Royce O'Neale,1631114,Jalen Williams,4,10.2,53.3,5.0,2.0,3.0,1.0,2.0,1.0,0.0,Regular Season
1629638,Nickeil Alexander-Walker,1642845,VJ Edgecombe,3,10.2,53.3,14.0,4.0,11.0,3.0,7.0,0.0,1.0,Regular Season
1628973,Jalen Brunson,1627739,Kris Dunn,2,10.0,53.3,13.0,4.0,8.0,2.0,3.0,2.0,2.0,Regular Season
1628374,Lauri Markkanen,1626220,Royce O'Neale,2,10.8,53.3,23.0,7.0,11.0,4.0,8.0,1.0,0.0,Regular Season
1628976,Wendell Carter Jr.,1629011,Mitchell Robinson,4,10.9,53.3,4.0,1.0,3.0,1.0,2.0,0.0,1.0,Regular Season
1628991,Jaren Jackson Jr.,1628976,Wendell Carter Jr.,3,10.9,53.3,20.0,8.0,13.0,2.0,4.0,3.0,1.0,Regular Season
1626162,Kelly Oubre Jr.,1628378,Donovan Mitchell,4,10.4,53.3,5.0,2.0,6.0,1.0,4.0,0.0,0.0,Regular Season
1642851,Kon Knueppel,1628973,Jalen Brunson,3,12.2,53.2,8.0,2.0,11.0,1.0,8.0,3.0,3.0,Regular Season
2544,LeBron James,1642346,Ryan Dunn,5,10.7,53.2,15.0,4.0,7.0,1.0,2.0,2.0,3.0,Regular Season
1642383,Walter Clayton Jr.,1642948,Ryan Nembhard,4,9.9,53.2,8.0,3.0,7.0,2.0,5.0,2.0,0.0,Regular Season
1629651,Nic Claxton,1641705,Victor Wembanyama,2,11.4,53.2,10.0,5.0,9.0,0.0,2.0,1.0,0.0,Regular Season
1641705,Victor Wembanyama,1631217,Moussa Diabaté,2,10.1,53.2,19.0,8.0,20.0,3.0,7.0,3.0,0.0,Regular Season
1642846,Ace Bailey,201142,Kevin Durant,4,10.4,53.2,14.0,5.0,8.0,4.0,7.0,2.0,0.0,Regular Season
1642271,Kyle Filipowski,202696,Nikola Vučević,2,10.3,53.2,11.0,5.0,11.0,1.0,2.0,0.0,0.0,Regular Season
1630578,Alperen Sengun,203994,Jusuf Nurkić,2,10.1,53.2,18.0,6.0,14.0,1.0,3.0,2.0,5.0,Regular Season
1629674,Neemias Queta,1626167,Myles Turner,3,14.3,53.2,17.0,8.0,10.0,0.0,0.0,1.0,1.0,Regular Season
1630700,Dyson Daniels,1629130,Duncan Robinson,3,11.2,53.2,2.0,1.0,2.0,0.0,0.0,0.0,0.0,Regular Season
1628378,Donovan Mitchell,1629638,Nickeil Alexander-Walker,3,8.5,53.1,27.0,9.0,19.0,5.0,11.0,1.0,2.0,Regular Season
1631094,Paolo Banchero,1629731,Dean Wade,4,11.1,53.1,8.0,1.0,7.0,0.0,3.0,1.0,3.0,Regular Season
1629656,Quentin Grimes,1628989,Kevin Huerter,4,11.8,53.1,0.0,0.0,5.0,0.0,4.0,2.0,0.0,Regular Season
1629023,P.J. Washington,1630552,Jalen Johnson,2,12.1,53.1,8.0,2.0,7.0,1.0,4.0,1.0,1.0,Regular Season
1630208,Nick Richards,201572,Brook Lopez,4,12.7,53.1,11.0,4.0,8.0,1.0,3.0,1.0,1.0,Regular Season
1642845,VJ Edgecombe,1631260,AJ Green,4,11.6,53.1,6.0,2.0,8.0,2.0,3.0,0.0,0.0,Regular Season
1642267,Bub Carrington,1631157,Ryan Rollins,4,9.2,53.0,9.0,3.0,8.0,3.0,5.0,1.0,0.0,Regular Season
2544,LeBron James,1628415,Dillon Brooks,4,10.7,53.0,19.0,4.0,8.0,1.0,2.0,1.0,3.0,Regular Season
1628389,Bam Adebayo,1628991,Jaren Jackson Jr.,2,8.8,53.0,6.0,3.0,15.0,0.0,5.0,2.0,0.0,Regular Season
1628378,Donovan Mitchell,1642347,Jamal Shead,2,9.8,53.0,17.0,5.0,13.0,4.0,10.0,3.0,2.0,Regular Season
201142,Kevin Durant,1626220,Royce O'Neale,3,10.1,53.0,16.0,6.0,12.0,3.0,7.0,0.0,1.0,Regular Season
1626157,Karl-Anthony Towns,1641737,Adem Bona,4,9.8,53.0,18.0,6.0,11.0,1.0,4.0,4.0,5.0,Regular Season
1631094,Paolo Banchero,1641775,Jordan Walsh,3,9.7,53.0,16.0,5.0,9.0,0.0,1.0,2.0,3.0,Regular Season
203924,Jerami Grant,1641713,GG Jackson,3,9.6,52.9,14.0,5.0,9.0,2.0,5.0,0.0,1.0,Regular Season
1628969,Mikal Bridges,1642267,Bub Carrington,3,8.0,52.9,12.0,5.0,7.0,2.0,2.0,0.0,0.0,Regular Season
1628404,Josh Hart,1630567,Scottie Barnes,5,9.2,52.9,13.0,5.0,5.0,2.0,2.0,1.0,1.0,Regular Season
201572,Brook Lopez,1630208,Nick Richards,4,9.8,52.9,4.0,2.0,4.0,0.0,1.0,0.0,0.0,Regular Season
1628976,Wendell Carter Jr.,1630568,Luka Garza,3,10.8,52.8,5.0,1.0,7.0,0.0,6.0,2.0,1.0,Regular Season
1630591,Jalen Suggs,1628973,Jalen Brunson,4,8.7,52.8,24.0,8.0,13.0,2.0,7.0,2.0,2.0,Regular Season
1627750,Jamal Murray,1629611,Terance Mann,2,9.8,52.8,12.0,5.0,5.0,2.0,2.0,1.0,0.0,Regular Season
1631217,Moussa Diabaté,1629028,Deandre Ayton,2,12.5,52.8,6.0,3.0,4.0,0.0,0.0,2.0,0.0,Regular Season
1629028,Deandre Ayton,1642345,Oso Ighodaro,5,11.8,52.8,8.0,4.0,4.0,0.0,0.0,1.0,0.0,Regular Season
1628386,Jarrett Allen,1642276,Kel'el Ware,2,11.3,52.8,13.0,6.0,15.0,0.0,1.0,1.0,1.0,Regular Season
1641739,Toumani Camara,1642285,Cam Spencer,3,8.7,52.7,2.0,1.0,3.0,0.0,1.0,0.0,0.0,Regular Season
1641764,Brandin Podziemski,1642363,Nique Clifford,4,10.2,52.7,8.0,2.0,5.0,2.0,5.0,1.0,1.0,Regular Season
201566,Russell Westbrook,1628368,De'Aaron Fox,3,10.7,52.7,5.0,2.0,8.0,1.0,3.0,2.0,0.0,Regular Season
1628386,Jarrett Allen,1628976,Wendell Carter Jr.,2,10.9,52.7,11.0,5.0,7.0,0.0,1.0,1.0,1.0,Regular Season
1630202,Payton Pritchard,1629611,Terance Mann,3,10.6,52.7,3.0,1.0,3.0,1.0,2.0,1.0,0.0,Regular Season
1641730,Noah Clowney,203944,Julius Randle,2,12.0,52.7,4.0,2.0,8.0,0.0,6.0,2.0,0.0,Regular Season
1630162,Anthony Edwards,1630558,Davion Mitchell,2,10.7,52.6,18.0,5.0,7.0,3.0,4.0,0.0,3.0,Regular Season
1641718,Keyonte George,1630559,Austin Reaves,2,10.4,52.6,18.0,8.0,10.0,2.0,3.0,3.0,0.0,Regular Season
202695,Kawhi Leonard,1631246,Vince Williams Jr.,3,11.6,52.6,28.0,12.0,19.0,2.0,5.0,0.0,1.0,Regular Season
203999,Nikola Jokić,1629234,Drew Eubanks,4,11.2,52.6,26.0,10.0,14.0,2.0,5.0,3.0,2.0,Regular Season
1627750,Jamal Murray,1642262,Cody Williams,4,9.6,52.6,9.0,2.0,6.0,1.0,4.0,1.0,2.0,Regular Season
201142,Kevin Durant,1641824,Matas Buzelis,2,10.2,52.6,24.0,10.0,17.0,3.0,6.0,1.0,0.0,Regular Season
1627742,Brandon Ingram,1642258,Zaccharie Risacher,4,8.5,52.5,16.0,6.0,12.0,0.0,2.0,2.0,3.0,Regular Season
1642271,Kyle Filipowski,203944,Julius Randle,4,9.5,52.5,6.0,2.0,4.0,2.0,4.0,1.0,0.0,Regular Season
1630173,Precious Achiuwa,201142,Kevin Durant,4,8.8,52.5,5.0,1.0,4.0,0.0,1.0,1.0,2.0,Regular Season
1627751,Jakob Poeltl,1629674,Neemias Queta,2,12.6,52.5,14.0,7.0,10.0,0.0,0.0,1.0,0.0,Regular Season
203897,Zach LaVine,1631128,Christian Braun,2,10.5,52.5,6.0,1.0,5.0,1.0,3.0,1.0,2.0,Regular Season
1641796,Pelle Larsson,1628378,Donovan Mitchell,3,11.1,52.5,7.0,2.0,3.0,1.0,2.0,1.0,0.0,Regular Season
1628401,Derrick White,1628368,De'Aaron Fox,2,10.6,52.5,12.0,5.0,10.0,2.0,6.0,1.0,0.0,Regular Season
1630530,Trey Murphy III,1628415,Dillon Brooks,3,10.8,52.4,14.0,5.0,12.0,2.0,4.0,1.0,0.0,Regular Season
203501,Tim Hardaway Jr.,1641708,Amen Thompson,4,9.9,52.4,4.0,1.0,7.0,1.0,5.0,0.0,0.0,Regular Season
1642461,Spencer Jones,1642843,Cooper Flagg,4,8.7,52.4,7.0,3.0,5.0,1.0,1.0,0.0,0.0,Regular Season
1629731,Dean Wade,1630217,Desmond Bane,4,10.3,52.4,7.0,3.0,4.0,1.0,2.0,1.0,0.0,Regular Season
203468,CJ McCollum,1631260,AJ Green,6,8.5,52.4,33.0,13.0,19.0,5.0,8.0,0.0,1.0,Regular Season
1630162,Anthony Edwards,1629638,Nickeil Alexander-Walker,2,11.1,52.4,19.0,6.0,10.0,2.0,5.0,4.0,4.0,Regular Season
1627826,Ivica Zubac,1629637,Jaxson Hayes,3,13.5,52.4,12.0,6.0,10.0,0.0,0.0,1.0,0.0,Regular Season
1630168,Onyeka Okongwu,1629028,Deandre Ayton,2,9.4,52.4,2.0,1.0,4.0,0.0,2.0,2.0,0.0,Regular Season
1641705,Victor Wembanyama,1629651,Nic Claxton,2,9.6,52.4,19.0,6.0,16.0,1.0,4.0,0.0,1.0,Regular Season
1631157,Ryan Rollins,1629638,Nickeil Alexander-Walker,3,10.1,52.3,3.0,0.0,1.0,0.0,1.0,2.0,1.0,Regular Season
1630230,Naji Marshall,1628368,De'Aaron Fox,2,9.7,52.3,13.0,4.0,10.0,1.0,3.0,0.0,2.0,Regular Season
1641717,Cason Wallace,1627750,Jamal Murray,3,9.1,52.3,15.0,4.0,9.0,3.0,6.0,1.0,1.0,Regular Season
1629661,Cameron Johnson,1641716,Jarace Walker,2,10.4,52.3,4.0,2.0,5.0,0.0,0.0,1.0,0.0,Regular Season
1626181,Norman Powell,1642266,Ja'Kobe Walter,4,11.0,52.3,9.0,2.0,9.0,1.0,3.0,0.0,2.0,Regular Season
1642285,Cam Spencer,1641739,Toumani Camara,3,10.2,52.3,2.0,1.0,5.0,0.0,2.0,0.0,0.0,Regular Season
1642271,Kyle Filipowski,1631096,Chet Holmgren,4,9.2,52.3,5.0,2.0,9.0,1.0,4.0,0.0,0.0,Regular Season
1630558,Davion Mitchell,1630540,Miles McBride,2,9.0,52.3,5.0,2.0,4.0,1.0,3.0,1.0,0.0,Regular Season
1641710,Anthony Black,1630200,Tre Jones,4,9.1,52.2,10.0,4.0,6.0,0.0,1.0,1.0,1.0,Regular Season
1631230,Dominick Barlow,1628970,Miles Bridges,3,11.6,52.2,0.0,0.0,3.0,0.0,2.0,0.0,0.0,Regular Season
1631095,Jabari Smith Jr.,1627742,Brandon Ingram,2,10.8,52.2,5.0,1.0,6.0,0.0,3.0,0.0,2.0,Regular Season
1641710,Anthony Black,1630178,Tyrese Maxey,3,9.8,52.2,2.0,1.0,5.0,0.0,2.0,2.0,0.0,Regular Season
1641705,Victor Wembanyama,1629026,Kenrich Williams,4,10.9,52.2,11.0,5.0,6.0,0.0,0.0,1.0,1.0,Regular Season
1642363,Nique Clifford,1629130,Duncan Robinson,2,9.7,52.2,5.0,2.0,5.0,1.0,3.0,0.0,1.0,Regular Season
1627826,Ivica Zubac,1631217,Moussa Diabaté,2,10.9,52.2,6.0,3.0,5.0,0.0,0.0,0.0,0.0,Regular Season
1642848,Tre Johnson,1631260,AJ Green,3,9.1,52.2,3.0,1.0,7.0,1.0,4.0,0.0,0.0,Regular Season
201566,Russell Westbrook,1631101,Shaedon Sharpe,3,10.1,52.2,10.0,4.0,5.0,1.0,2.0,1.0,1.0,Regular Season
1631221,Collin Gillespie,1641708,Amen Thompson,4,11.9,52.2,4.0,2.0,6.0,0.0,3.0,2.0,0.0,Regular Season
1628983,Shai Gilgeous-Alexander,1641708,Amen Thompson,2,11.2,52.2,20.0,8.0,15.0,1.0,4.0,3.0,2.0,Regular Season
1631109,Mark Williams,1642270,Donovan Clingan,3,10.9,52.2,13.0,6.0,12.0,0.0,0.0,0.0,1.0,Regular Season
203497,Rudy Gobert,1641750,Ryan Kalkbrenner,2,11.9,52.2,4.0,2.0,3.0,0.0,0.0,1.0,0.0,Regular Season
1629636,Darius Garland,1641767,Ben Sheppard,4,8.7,52.1,9.0,2.0,6.0,1.0,2.0,0.0,1.0,Regular Season
1641730,Noah Clowney,1641824,Matas Buzelis,4,12.0,52.1,16.0,6.0,21.0,2.0,7.0,2.0,2.0,Regular Season
1630178,Tyrese Maxey,1642450,Daniss Jenkins,2,10.3,52.1,10.0,4.0,13.0,2.0,5.0,2.0,0.0,Regular Season
1630178,Tyrese Maxey,1630202,Payton Pritchard,4,10.7,52.1,10.0,3.0,10.0,0.0,1.0,1.0,1.0,Regular Season
1628401,Derrick White,1631170,Jaime Jaquez Jr.,3,13.3,52.1,15.0,6.0,13.0,3.0,9.0,0.0,0.0,Regular Season
1631095,Jabari Smith Jr.,202695,Kawhi Leonard,4,11.6,52.1,7.0,3.0,11.0,1.0,7.0,0.0,0.0,Regular Season
1642856,Egor Dëmin,1630178,Tyrese Maxey,3,10.9,52.1,15.0,5.0,9.0,4.0,7.0,0.0,1.0,Regular Season
1626164,Devin Booker,1630170,Devin Vassell,4,13.1,52.1,17.0,6.0,14.0,2.0,6.0,3.0,2.0,Regular Season
1630552,Jalen Johnson,1630191,Isaiah Stewart,3,9.7,52.0,13.0,4.0,15.0,3.0,9.0,2.0,1.0,Regular Season
1641739,Toumani Camara,1627750,Jamal Murray,4,9.5,52.0,12.0,4.0,6.0,4.0,6.0,2.0,1.0,Regular Season
1627739,Kris Dunn,1628973,Jalen Brunson,2,10.8,52.0,0.0,0.0,4.0,0.0,4.0,0.0,0.0,Regular Season
1628973,Jalen Brunson,1642962,Drake Powell,4,9.3,52.0,14.0,6.0,11.0,1.0,3.0,0.0,1.0,Regular Season
1628970,Miles Bridges,1628404,Josh Hart,3,11.7,51.9,11.0,4.0,10.0,2.0,6.0,1.0,1.0,Regular Season
1642864,Hugo González,1627783,Pascal Siakam,4,11.2,51.9,4.0,2.0,4.0,0.0,2.0,2.0,0.0,Regular Season
1629614,Andrew Nembhard,1629636,Darius Garland,4,9.6,51.9,8.0,3.0,8.0,2.0,4.0,0.0,0.0,Regular Season
1642274,Yves Missi,1642875,Maxime Raynaud,3,9.6,51.9,15.0,6.0,8.0,0.0,0.0,1.0,3.0,Regular Season
1629674,Neemias Queta,1642270,Donovan Clingan,2,12.2,51.9,9.0,4.0,12.0,0.0,0.0,0.0,1.0,Regular Season
203468,CJ McCollum,1630591,Jalen Suggs,3,9.9,51.9,7.0,2.0,7.0,1.0,4.0,3.0,1.0,Regular Season
1629637,Jaxson Hayes,1641705,Victor Wembanyama,3,12.3,51.9,13.0,5.0,5.0,1.0,1.0,1.0,0.0,Regular Season
1627742,Brandon Ingram,1642883,Sion James,4,11.3,51.8,18.0,7.0,15.0,2.0,4.0,1.0,1.0,Regular Season
1641750,Ryan Kalkbrenner,1629011,Mitchell Robinson,2,12.7,51.8,4.0,2.0,2.0,0.0,0.0,0.0,1.0,Regular Season
1630230,Naji Marshall,1629661,Cameron Johnson,3,11.4,51.8,7.0,3.0,7.0,1.0,4.0,1.0,0.0,Regular Season
1630559,Austin Reaves,1630183,Jaden McDaniels,3,10.4,51.8,16.0,5.0,11.0,3.0,7.0,1.0,2.0,Regular Season
201942,DeMar DeRozan,1630162,Anthony Edwards,3,10.9,51.8,9.0,4.0,6.0,1.0,1.0,0.0,0.0,Regular Season
1629028,Deandre Ayton,1629111,Jock Landale,3,10.7,51.8,4.0,2.0,4.0,0.0,0.0,0.0,0.0,Regular Season
1628976,Wendell Carter Jr.,1629028,Deandre Ayton,2,11.1,51.8,7.0,3.0,6.0,1.0,3.0,0.0,0.0,Regular Season
1631230,Dominick Barlow,1630567,Scottie Barnes,3,11.1,51.8,5.0,1.0,2.0,1.0,2.0,1.0,1.0,Regular Season
1641709,Ausar Thompson,1630245,Ayo Dosunmu,3,9.3,51.8,5.0,2.0,7.0,0.0,0.0,1.0,1.0,Regular Season
203501,Tim Hardaway Jr.,1630198,Isaiah Joe,3,11.7,51.8,13.0,5.0,8.0,3.0,5.0,1.0,0.0,Regular Season
1629731,Dean Wade,1630552,Jalen Johnson,4,11.9,51.8,3.0,1.0,5.0,1.0,3.0,0.0,0.0,Regular Season
203944,Julius Randle,203932,Aaron Gordon,2,10.3,51.8,9.0,2.0,6.0,0.0,1.0,0.0,3.0,Regular Season
1641707,Taylor Hendricks,203999,Nikola Jokić,4,10.4,51.8,17.0,7.0,18.0,3.0,10.0,1.0,0.0,Regular Season
1630193,Immanuel Quickley,1641717,Cason Wallace,2,10.8,51.8,11.0,3.0,6.0,3.0,4.0,3.0,2.0,Regular Season
1629723,John Konchar,1642263,Reed Sheppard,3,9.1,51.8,3.0,1.0,5.0,1.0,3.0,1.0,0.0,Regular Season
1630166,Deni Avdija,1641709,Ausar Thompson,2,10.8,51.7,15.0,5.0,9.0,1.0,3.0,1.0,2.0,Regular Season
203952,Andrew Wiggins,1627783,Pascal Siakam,3,8.3,51.7,8.0,3.0,7.0,2.0,3.0,2.0,0.0,Regular Season
204001,Kristaps Porziņģis,1627751,Jakob Poeltl,2,9.6,51.7,13.0,3.0,12.0,3.0,6.0,0.0,1.0,Regular Season
1630168,Onyeka Okongwu,1631109,Mark Williams,2,9.9,51.7,21.0,8.0,12.0,3.0,7.0,1.0,1.0,Regular Season
1631096,Chet Holmgren,1631109,Mark Williams,4,8.1,51.7,19.0,8.0,14.0,3.0,7.0,0.0,0.0,Regular Season
1628991,Jaren Jackson Jr.,1642274,Yves Missi,4,10.4,51.7,18.0,6.0,21.0,2.0,10.0,1.0,2.0,Regular Season
1627826,Ivica Zubac,1642345,Oso Ighodaro,4,11.8,51.7,10.0,3.0,6.0,0.0,0.0,0.0,1.0,Regular Season
1630168,Onyeka Okongwu,1626167,Myles Turner,3,11.3,51.7,7.0,2.0,5.0,1.0,3.0,1.0,1.0,Regular Season
1629652,Luguentz Dort,201942,DeMar DeRozan,2,10.8,51.7,7.0,2.0,4.0,1.0,3.0,0.0,1.0,Regular Season
1630578,Alperen Sengun,203110,Draymond Green,3,13.4,51.7,14.0,6.0,17.0,0.0,4.0,1.0,2.0,Regular Season
1631106,Tari Eason,202695,Kawhi Leonard,3,11.3,51.7,5.0,2.0,7.0,1.0,5.0,1.0,0.0,Regular Season
1642843,Cooper Flagg,1630541,Moses Moody,3,9.2,51.7,18.0,7.0,14.0,2.0,6.0,4.0,0.0,Regular Season
1631323,Simone Fontecchio,1641783,Tristan da Silva,4,9.1,51.6,15.0,5.0,10.0,3.0,6.0,1.0,1.0,Regular Season
1629023,P.J. Washington,1627783,Pascal Siakam,2,10.4,51.6,4.0,1.0,7.0,0.0,3.0,0.0,1.0,Regular Season
1628970,Miles Bridges,1628369,Jayson Tatum,2,11.7,51.6,7.0,2.0,5.0,1.0,2.0,0.0,1.0,Regular Season
1630166,Deni Avdija,1627884,Derrick Jones Jr.,3,11.1,51.6,23.0,5.0,9.0,0.0,3.0,1.0,5.0,Regular Season
1631108,Max Christie,201935,James Harden,4,8.3,51.6,0.0,0.0,3.0,0.0,3.0,2.0,0.0,Regular Season
1628384,OG Anunoby,202695,Kawhi Leonard,2,8.9,51.6,12.0,4.0,7.0,1.0,3.0,1.0,2.0,Regular Season
1629029,Luka Dončić,1642346,Ryan Dunn,3,8.4,51.6,25.0,8.0,13.0,3.0,7.0,2.0,3.0,Regular Season
1629111,Jock Landale,1642852,Derik Queen,4,9.3,51.5,13.0,6.0,14.0,1.0,4.0,0.0,0.0,Regular Season
1642851,Kon Knueppel,1641796,Pelle Larsson,4,9.5,51.5,9.0,3.0,6.0,2.0,4.0,0.0,1.0,Regular Season
1627759,Jaylen Brown,1630171,Isaac Okoro,2,11.1,51.5,7.0,3.0,12.0,1.0,6.0,0.0,0.0,Regular Season
1628374,Lauri Markkanen,1629652,Luguentz Dort,2,9.8,51.5,11.0,3.0,8.0,2.0,5.0,0.0,2.0,Regular Season
1631095,Jabari Smith Jr.,1628415,Dillon Brooks,4,10.2,51.5,29.0,10.0,11.0,6.0,7.0,2.0,1.0,Regular Season
1629130,Duncan Robinson,1628960,Grayson Allen,2,9.6,51.5,7.0,3.0,5.0,1.0,2.0,0.0,0.0,Regular Season
1631260,AJ Green,1628969,Mikal Bridges,3,12.8,51.5,15.0,5.0,8.0,5.0,8.0,0.0,0.0,Regular Season
1629637,Jaxson Hayes,1627826,Ivica Zubac,3,11.1,51.5,4.0,1.0,3.0,0.0,0.0,1.0,1.0,Regular Season
203999,Nikola Jokić,1627826,Ivica Zubac,2,9.9,51.4,29.0,10.0,14.0,4.0,5.0,0.0,1.0,Regular Season
1629111,Jock Landale,1642382,Branden Carlson,2,10.3,51.4,13.0,5.0,8.0,3.0,5.0,0.0,0.0,Regular Season
1628973,Jalen Brunson,1642883,Sion James,3,10.7,51.4,18.0,7.0,14.0,1.0,3.0,1.0,1.0,Regular Season
1642461,Spencer Jones,1631094,Paolo Banchero,2,10.7,51.4,8.0,3.0,6.0,2.0,5.0,0.0,0.0,Regular Season
1631108,Max Christie,1630217,Desmond Bane,2,10.4,51.4,0.0,0.0,3.0,0.0,3.0,0.0,0.0,Regular Season
1628973,Jalen Brunson,1629731,Dean Wade,3,9.7,51.4,6.0,1.0,15.0,0.0,5.0,0.0,3.0,Regular Season
1630579,Jericho Sims,1630191,Isaiah Stewart,4,12.7,51.4,4.0,2.0,2.0,0.0,0.0,1.0,0.0,Regular Season
1630168,Onyeka Okongwu,203083,Andre Drummond,4,9.2,51.4,9.0,4.0,8.0,1.0,4.0,1.0,0.0,Regular Season
1628976,Wendell Carter Jr.,203083,Andre Drummond,3,9.8,51.4,11.0,4.0,8.0,1.0,3.0,0.0,0.0,Regular Season
1642907,Cedric Coward,202695,Kawhi Leonard,4,10.4,51.4,11.0,3.0,7.0,2.0,4.0,2.0,2.0,Regular Season
1629750,Javonte Green,1641824,Matas Buzelis,4,9.4,51.4,2.0,1.0,4.0,0.0,1.0,1.0,0.0,Regular Season
1630162,Anthony Edwards,1631108,Max Christie,3,10.1,51.3,12.0,5.0,11.0,2.0,2.0,2.0,0.0,Regular Season
1642948,Ryan Nembhard,1631165,Keon Ellis,4,10.2,51.3,3.0,1.0,4.0,1.0,4.0,2.0,0.0,Regular Season
203468,CJ McCollum,1630700,Dyson Daniels,2,10.4,51.3,17.0,6.0,8.0,5.0,6.0,1.0,1.0,Regular Season
1630577,Julian Champagnie,1628983,Shai Gilgeous-Alexander,4,10.9,51.3,0.0,0.0,2.0,0.0,2.0,0.0,0.0,Regular Season
1628368,De'Aaron Fox,1642377,Jaylen Wells,3,9.3,51.3,22.0,7.0,17.0,2.0,5.0,1.0,1.0,Regular Season
1629674,Neemias Queta,203497,Rudy Gobert,2,11.1,51.3,10.0,4.0,7.0,0.0,0.0,0.0,0.0,Regular Season
1630183,Jaden McDaniels,201939,Stephen Curry,2,8.8,51.3,8.0,3.0,8.0,2.0,4.0,2.0,0.0,Regular Season
1629008,Michael Porter Jr.,1628415,Dillon Brooks,2,11.3,51.2,14.0,6.0,11.0,2.0,6.0,0.0,0.0,Regular Season
1631108,Max Christie,1627750,Jamal Murray,2,7.6,51.2,6.0,2.0,3.0,2.0,3.0,1.0,0.0,Regular Season
1629008,Michael Porter Jr.,1641710,Anthony Black,3,11.2,51.2,20.0,6.0,14.0,5.0,10.0,3.0,1.0,Regular Season
1627750,Jamal Murray,1641717,Cason Wallace,3,8.9,51.2,16.0,7.0,13.0,2.0,4.0,1.0,0.0,Regular Season
1630217,Desmond Bane,1642266,Ja'Kobe Walter,3,10.3,51.2,5.0,2.0,7.0,1.0,2.0,1.0,0.0,Regular Season
1631094,Paolo Banchero,1631170,Jaime Jaquez Jr.,5,11.4,51.2,15.0,4.0,8.0,1.0,2.0,3.0,4.0,Regular Season
1627742,Brandon Ingram,1631095,Jabari Smith Jr.,2,10.1,51.2,12.0,5.0,8.0,2.0,4.0,4.0,0.0,Regular Season
1642851,Kon Knueppel,1642848,Tre Johnson,4,10.3,51.2,5.0,1.0,6.0,1.0,4.0,0.0,1.0,Regular Season
1629651,Nic Claxton,1642276,Kel'el Ware,3,11.3,51.2,16.0,7.0,16.0,0.0,0.0,0.0,2.0,Regular Season
1630567,Scottie Barnes,1629627,Zion Williamson,2,9.7,51.2,9.0,4.0,7.0,1.0,2.0,2.0,0.0,Regular Season
1641767,Ben Sheppard,1630163,LaMelo Ball,4,9.8,51.2,6.0,2.0,2.0,1.0,1.0,0.0,1.0,Regular Season
1629675,Naz Reid,1629023,P.J. Washington,3,10.6,51.2,19.0,7.0,15.0,3.0,8.0,2.0,1.0,Regular Season
1630170,Devin Vassell,1629636,Darius Garland,3,10.3,51.1,13.0,5.0,11.0,3.0,8.0,1.0,0.0,Regular Season
1629130,Duncan Robinson,1630178,Tyrese Maxey,3,10.1,51.1,11.0,3.0,5.0,2.0,4.0,0.0,1.0,Regular Season
201942,DeMar DeRozan,203507,Giannis Antetokounmpo,2,10.4,51.1,4.0,1.0,2.0,0.0,0.0,0.0,1.0,Regular Season
1641708,Amen Thompson,1628374,Lauri Markkanen,3,10.1,51.1,6.0,2.0,4.0,0.0,1.0,3.0,1.0,Regular Season
1628969,Mikal Bridges,1628378,Donovan Mitchell,3,8.6,51.1,5.0,2.0,4.0,1.0,2.0,0.0,0.0,Regular Season
1642852,Derik Queen,1642875,Maxime Raynaud,3,9.4,51.1,8.0,4.0,12.0,0.0,2.0,2.0,0.0,Regular Season
1642948,Ryan Nembhard,1642383,Walter Clayton Jr.,4,9.6,51.1,8.0,3.0,6.0,1.0,4.0,2.0,0.0,Regular Season
1630168,Onyeka Okongwu,1630568,Luka Garza,4,10.4,51.1,10.0,4.0,12.0,2.0,8.0,1.0,0.0,Regular Season
1630180,Saddiq Bey,1626164,Devin Booker,4,9.1,51.0,7.0,1.0,10.0,0.0,4.0,0.0,2.0,Regular Season
203994,Jusuf Nurkić,1642270,Donovan Clingan,2,7.9,51.0,13.0,6.0,9.0,1.0,2.0,1.0,0.0,Regular Season
201566,Russell Westbrook,1641709,Ausar Thompson,2,9.5,51.0,10.0,4.0,9.0,1.0,6.0,2.0,1.0,Regular Season
1629130,Duncan Robinson,1641783,Tristan da Silva,3,9.7,51.0,3.0,1.0,6.0,1.0,5.0,0.0,0.0,Regular Season
1631105,Jalen Duren,1629028,Deandre Ayton,2,9.9,51.0,10.0,4.0,4.0,0.0,0.0,1.0,2.0,Regular Season
1630581,Josh Giddey,1629731,Dean Wade,4,9.0,51.0,4.0,2.0,8.0,0.0,2.0,1.0,0.0,Regular Season
1630643,Jay Huff,1628976,Wendell Carter Jr.,3,8.7,51.0,5.0,2.0,3.0,1.0,2.0,0.0,1.0,Regular Season
1630591,Jalen Suggs,1628368,De'Aaron Fox,2,9.9,51.0,13.0,5.0,13.0,2.0,7.0,1.0,1.0,Regular Season
1630568,Luka Garza,1628976,Wendell Carter Jr.,3,10.5,51.0,10.0,4.0,7.0,2.0,3.0,0.0,0.0,Regular Season
1628983,Shai Gilgeous-Alexander,1631108,Max Christie,3,9.0,51.0,21.0,10.0,12.0,0.0,1.0,1.0,1.0,Regular Season
1628969,Mikal Bridges,1631101,Shaedon Sharpe,2,10.0,50.9,2.0,1.0,4.0,0.0,1.0,1.0,0.0,Regular Season
1629651,Nic Claxton,1642270,Donovan Clingan,2,11.1,50.9,17.0,7.0,17.0,0.0,1.0,1.0,2.0,Regular Season
1628378,Donovan Mitchell,1641710,Anthony Black,2,10.9,50.9,19.0,6.0,13.0,3.0,6.0,1.0,1.0,Regular Season
1630552,Jalen Johnson,1641706,Brandon Miller,3,9.8,50.9,20.0,7.0,14.0,2.0,6.0,2.0,1.0,Regular Season
1630217,Desmond Bane,1630577,Julian Champagnie,2,10.2,50.9,13.0,6.0,12.0,1.0,2.0,1.0,0.0,Regular Season
1629060,Rui Hachimura,203084,Harrison Barnes,3,10.3,50.9,9.0,4.0,8.0,1.0,3.0,0.0,0.0,Regular Season
1642262,Cody Williams,1627750,Jamal Murray,4,7.4,50.9,11.0,5.0,9.0,1.0,1.0,1.0,0.0,Regular Season
1631097,Bennedict Mathurin,1627759,Jaylen Brown,2,10.7,50.9,2.0,1.0,7.0,0.0,3.0,0.0,0.0,Regular Season
1629029,Luka Dončić,1630183,Jaden McDaniels,2,10.3,50.9,27.0,9.0,14.0,3.0,6.0,3.0,3.0,Regular Season
1642276,Kel'el Ware,1630168,Onyeka Okongwu,2,9.6,50.9,7.0,3.0,8.0,1.0,4.0,1.0,0.0,Regular Season
1631108,Max Christie,1630162,Anthony Edwards,3,8.8,50.8,1.0,0.0,3.0,0.0,3.0,2.0,1.0,Regular Season
1630230,Naji Marshall,1630183,Jaden McDaniels,3,8.9,50.8,4.0,2.0,6.0,0.0,0.0,4.0,0.0,Regular Season
1628976,Wendell Carter Jr.,1630572,Sandro Mamukelashvili,3,10.2,50.8,11.0,4.0,7.0,2.0,3.0,0.0,1.0,Regular Season
1629111,Jock Landale,203944,Julius Randle,4,8.1,50.8,9.0,3.0,8.0,1.0,2.0,0.0,0.0,Regular Season
203944,Julius Randle,201950,Jrue Holiday,4,9.2,50.8,15.0,6.0,9.0,1.0,1.0,2.0,1.0,Regular Season
1642263,Reed Sheppard,201144,Mike Conley,3,11.4,50.7,7.0,2.0,5.0,1.0,4.0,1.0,1.0,Regular Season
1642270,Donovan Clingan,1642928,Dylan Cardwell,4,11.1,50.7,5.0,1.0,3.0,0.0,0.0,1.0,2.0,Regular Season
1630700,Dyson Daniels,1641750,Ryan Kalkbrenner,3,10.7,50.7,11.0,4.0,10.0,0.0,3.0,2.0,3.0,Regular Season
1642851,Kon Knueppel,1630217,Desmond Bane,4,10.3,50.7,13.0,4.0,6.0,3.0,5.0,0.0,1.0,Regular Season
1627742,Brandon Ingram,1628970,Miles Bridges,4,8.0,50.7,7.0,3.0,9.0,1.0,3.0,1.0,0.0,Regular Season
1630241,Sam Merrill,1628973,Jalen Brunson,3,9.3,50.7,6.0,2.0,8.0,2.0,8.0,1.0,0.0,Regular Season
1631221,Collin Gillespie,1628368,De'Aaron Fox,3,12.8,50.7,13.0,4.0,9.0,3.0,6.0,2.0,1.0,Regular Season
1630578,Alperen Sengun,1628436,Luke Kornet,3,10.8,50.7,17.0,6.0,19.0,1.0,5.0,3.0,2.0,Regular Season
1627750,Jamal Murray,1627884,Derrick Jones Jr.,2,9.2,50.6,6.0,1.0,7.0,1.0,3.0,3.0,2.0,Regular Season
1642377,Jaylen Wells,1628983,Shai Gilgeous-Alexander,2,9.0,50.6,2.0,1.0,5.0,0.0,0.0,2.0,0.0,Regular Season
203084,Harrison Barnes,1628991,Jaren Jackson Jr.,3,9.8,50.6,7.0,3.0,7.0,1.0,5.0,1.0,0.0,Regular Season
1630168,Onyeka Okongwu,1628970,Miles Bridges,3,10.5,50.6,2.0,1.0,4.0,0.0,1.0,2.0,0.0,Regular Season
1629731,Dean Wade,1628973,Jalen Brunson,3,9.9,50.6,5.0,2.0,4.0,1.0,3.0,0.0,0.0,Regular Season
201942,DeMar DeRozan,1631095,Jabari Smith Jr.,4,8.2,50.6,20.0,8.0,13.0,0.0,0.0,0.0,2.0,Regular Season
1629656,Quentin Grimes,1630700,Dyson Daniels,4,10.2,50.6,7.0,3.0,10.0,1.0,5.0,5.0,0.0,Regular Season
203952,Andrew Wiggins,201935,James Harden,4,10.2,50.6,17.0,6.0,9.0,5.0,5.0,0.0,0.0,Regular Season
1642276,Kel'el Ware,1642852,Derik Queen,2,10.5,50.6,10.0,5.0,13.0,0.0,3.0,1.0,0.0,Regular Season
1630567,Scottie Barnes,1631170,Jaime Jaquez Jr.,4,9.6,50.5,14.0,5.0,10.0,1.0,1.0,0.0,3.0,Regular Season
1629060,Rui Hachimura,1628381,John Collins,3,7.9,50.5,14.0,6.0,9.0,2.0,5.0,0.0,0.0,Regular Season
1642848,Tre Johnson,1627739,Kris Dunn,2,10.1,50.5,11.0,4.0,7.0,3.0,6.0,0.0,0.0,Regular Season
1642270,Donovan Clingan,203994,Jusuf Nurkić,2,9.8,50.5,13.0,5.0,8.0,2.0,3.0,2.0,1.0,Regular Season
203114,Khris Middleton,1641716,Jarace Walker,2,9.6,50.5,9.0,4.0,7.0,1.0,2.0,2.0,0.0,Regular Season
1630230,Naji Marshall,1641718,Keyonte George,4,8.1,50.5,2.0,1.0,3.0,0.0,1.0,1.0,0.0,Regular Season
1627742,Brandon Ingram,1641731,Bilal Coulibaly,3,7.8,50.4,14.0,2.0,3.0,1.0,1.0,1.0,4.0,Regular Season
1630532,Franz Wagner,1641709,Ausar Thompson,2,10.8,50.4,10.0,2.0,5.0,1.0,1.0,0.0,3.0,Regular Season
1627783,Pascal Siakam,1641824,Matas Buzelis,4,10.1,50.4,10.0,5.0,15.0,0.0,2.0,0.0,0.0,Regular Season
1641718,Keyonte George,1641739,Toumani Camara,2,7.8,50.4,14.0,5.0,8.0,1.0,3.0,3.0,2.0,Regular Season
1630552,Jalen Johnson,1629023,P.J. Washington,2,9.4,50.4,5.0,2.0,6.0,1.0,2.0,0.0,0.0,Regular Season
1642270,Donovan Clingan,1629651,Nic Claxton,2,9.3,50.4,3.0,1.0,4.0,0.0,1.0,0.0,0.0,Regular Season
203952,Andrew Wiggins,201942,DeMar DeRozan,2,9.8,50.4,9.0,3.0,5.0,1.0,1.0,1.0,1.0,Regular Season
1642271,Kyle Filipowski,201142,Kevin Durant,4,9.0,50.4,2.0,0.0,3.0,0.0,1.0,2.0,1.0,Regular Season
1642276,Kel'el Ware,203497,Rudy Gobert,2,8.1,50.4,5.0,2.0,8.0,1.0,5.0,0.0,0.0,Regular Season
1631099,Keegan Murray,1626164,Devin Booker,2,10.1,50.4,10.0,4.0,9.0,2.0,6.0,1.0,0.0,Regular Season
203944,Julius Randle,201942,DeMar DeRozan,4,6.8,50.4,11.0,5.0,10.0,0.0,0.0,0.0,1.0,Regular Season
1628389,Bam Adebayo,1626167,Myles Turner,3,8.9,50.4,25.0,10.0,23.0,3.0,9.0,0.0,1.0,Regular Season
1641708,Amen Thompson,1627739,Kris Dunn,4,11.6,50.4,12.0,5.0,6.0,1.0,1.0,0.0,1.0,Regular Season
1631230,Dominick Barlow,1627783,Pascal Siakam,2,9.3,50.3,4.0,2.0,6.0,0.0,2.0,0.0,0.0,Regular Season
1626157,Karl-Anthony Towns,1628386,Jarrett Allen,3,8.0,50.3,9.0,4.0,7.0,1.0,1.0,4.0,0.0,Regular Season
1630530,Trey Murphy III,1628969,Mikal Bridges,2,9.2,50.3,0.0,0.0,4.0,0.0,4.0,2.0,0.0,Regular Season
1628970,Miles Bridges,203952,Andrew Wiggins,2,8.7,50.3,6.0,2.0,10.0,0.0,6.0,1.0,1.0,Regular Season
1641713,GG Jackson,203924,Jerami Grant,3,9.6,50.3,10.0,3.0,6.0,2.0,4.0,0.0,1.0,Regular Season
1627783,Pascal Siakam,203952,Andrew Wiggins,3,10.6,50.3,18.0,7.0,15.0,1.0,5.0,0.0,2.0,Regular Season
1631108,Max Christie,1629639,Tyler Herro,2,9.9,50.3,7.0,2.0,5.0,1.0,1.0,0.0,1.0,Regular Season
1628389,Bam Adebayo,1629627,Zion Williamson,2,9.9,50.3,10.0,4.0,10.0,1.0,4.0,1.0,1.0,Regular Season
1642345,Oso Ighodaro,1629028,Deandre Ayton,5,10.3,50.2,2.0,1.0,3.0,0.0,0.0,1.0,1.0,Regular Season
1641765,Olivier-Maxence Prosper,1642270,Donovan Clingan,3,10.7,50.2,25.0,7.0,19.0,6.0,11.0,0.0,2.0,Regular Season
1642875,Maxime Raynaud,1631217,Moussa Diabaté,2,9.7,50.2,9.0,4.0,9.0,1.0,2.0,0.0,0.0,Regular Season
1626157,Karl-Anthony Towns,203952,Andrew Wiggins,4,10.2,50.2,18.0,7.0,13.0,0.0,1.0,2.0,2.0,Regular Season
1630530,Trey Murphy III,202695,Kawhi Leonard,3,10.2,50.2,13.0,5.0,8.0,3.0,5.0,0.0,0.0,Regular Season
1642845,VJ Edgecombe,1630245,Ayo Dosunmu,3,9.9,50.2,7.0,3.0,9.0,1.0,3.0,0.0,0.0,Regular Season
1642377,Jaylen Wells,1630314,Brandon Williams,4,10.2,50.2,2.0,1.0,7.0,0.0,2.0,1.0,0.0,Regular Season
1642845,VJ Edgecombe,1630217,Desmond Bane,2,10.7,50.2,9.0,3.0,6.0,0.0,2.0,0.0,1.0,Regular Season
1642363,Nique Clifford,1630530,Trey Murphy III,3,9.2,50.2,6.0,3.0,7.0,0.0,3.0,1.0,0.0,Regular Season
1631217,Moussa Diabaté,1628976,Wendell Carter Jr.,3,11.9,50.2,10.0,2.0,3.0,0.0,0.0,0.0,4.0,Regular Season
1629029,Luka Dončić,1641708,Amen Thompson,3,10.8,50.1,7.0,3.0,10.0,1.0,6.0,2.0,1.0,Regular Season
1628374,Lauri Markkanen,1629023,P.J. Washington,1,8.5,50.1,15.0,6.0,10.0,1.0,5.0,0.0,2.0,Regular Season
1642856,Egor Dëmin,1630245,Ayo Dosunmu,3,10.2,50.1,3.0,1.0,4.0,1.0,3.0,1.0,0.0,Regular Season
203110,Draymond Green,1631105,Jalen Duren,2,9.5,50.1,9.0,3.0,7.0,2.0,6.0,4.0,1.0,Regular Season
1641718,Keyonte George,1631108,Max Christie,3,9.5,50.1,11.0,4.0,8.0,1.0,3.0,1.0,1.0,Regular Season
1641775,Jordan Walsh,1631094,Paolo Banchero,3,10.8,50.1,7.0,2.0,5.0,1.0,4.0,0.0,0.0,Regular Season
203497,Rudy Gobert,1631109,Mark Williams,2,12.0,50.1,9.0,4.0,7.0,0.0,0.0,1.0,0.0,Regular Season
1630170,Devin Vassell,1631095,Jabari Smith Jr.,3,8.3,50.0,6.0,2.0,6.0,2.0,5.0,0.0,0.0,Regular Season
201935,James Harden,1631108,Max Christie,4,9.8,50.0,12.0,3.0,8.0,2.0,4.0,3.0,2.0,Regular Season
202695,Kawhi Leonard,1631200,Kris Murray,4,10.3,50.0,4.0,2.0,7.0,0.0,3.0,3.0,0.0,Regular Season
1631109,Mark Williams,1641705,Victor Wembanyama,2,12.3,50.0,6.0,2.0,10.0,0.0,0.0,0.0,1.0,Regular Season
1629645,Kevin Porter Jr.,1641709,Ausar Thompson,2,10.4,50.0,15.0,4.0,8.0,3.0,5.0,4.0,2.0,Regular Season
203994,Jusuf Nurkić,1628389,Bam Adebayo,2,9.4,50.0,13.0,6.0,10.0,1.0,1.0,1.0,0.0,Regular Season
1630193,Immanuel Quickley,1630202,Payton Pritchard,3,11.4,50.0,3.0,1.0,8.0,1.0,5.0,0.0,0.0,Regular Season
1629661,Cameron Johnson,201942,DeMar DeRozan,4,10.5,50.0,4.0,2.0,3.0,0.0,1.0,0.0,0.0,Regular Season
203999,Nikola Jokić,203500,Steven Adams,3,10.2,50.0,21.0,8.0,17.0,2.0,6.0,3.0,2.0,Regular Season
1641767,Ben Sheppard,203468,CJ McCollum,3,9.2,49.9,3.0,1.0,3.0,1.0,3.0,2.0,0.0,Regular Season
1630180,Saddiq Bey,1641757,Jordan Miller,3,11.6,49.9,6.0,2.0,8.0,2.0,4.0,0.0,0.0,Regular Season
1627742,Brandon Ingram,1641739,Toumani Camara,2,8.7,49.9,10.0,4.0,12.0,0.0,3.0,1.0,1.0,Regular Season
1630595,Cade Cunningham,1641718,Keyonte George,2,9.3,49.9,15.0,6.0,11.0,2.0,4.0,1.0,1.0,Regular Season
1629627,Zion Williamson,1631095,Jabari Smith Jr.,4,8.6,49.9,15.0,4.0,7.0,0.0,0.0,2.0,5.0,Regular Season
1642345,Oso Ighodaro,1641705,Victor Wembanyama,3,12.7,49.9,11.0,5.0,9.0,0.0,0.0,0.0,1.0,Regular Season
1641708,Amen Thompson,1631108,Max Christie,4,10.6,49.9,11.0,4.0,6.0,0.0,1.0,1.0,2.0,Regular Season
1631157,Ryan Rollins,1630581,Josh Giddey,3,10.1,49.9,16.0,6.0,9.0,4.0,5.0,0.0,0.0,Regular Season
1629645,Kevin Porter Jr.,1629614,Andrew Nembhard,2,11.9,49.9,15.0,5.0,6.0,2.0,3.0,0.0,2.0,Regular Season
202695,Kawhi Leonard,1629652,Luguentz Dort,2,9.9,49.9,18.0,8.0,13.0,2.0,4.0,3.0,0.0,Regular Season
1626162,Kelly Oubre Jr.,1628401,Derrick White,4,11.0,49.9,11.0,4.0,11.0,1.0,4.0,1.0,0.0,Regular Season
1629060,Rui Hachimura,1627742,Brandon Ingram,2,9.8,49.9,5.0,2.0,5.0,1.0,3.0,0.0,0.0,Regular Season
1630579,Jericho Sims,1628976,Wendell Carter Jr.,3,11.1,49.9,11.0,5.0,6.0,0.0,0.0,0.0,1.0,Regular Season
1642875,Maxime Raynaud,1628963,Marvin Bagley III,3,10.7,49.9,4.0,1.0,3.0,0.0,0.0,2.0,1.0,Regular Season
1626220,Royce O'Neale,1628381,John Collins,4,9.6,49.8,12.0,4.0,12.0,4.0,12.0,0.0,0.0,Regular Season
1628368,De'Aaron Fox,1628971,Bruce Brown,4,10.0,49.8,12.0,5.0,9.0,1.0,3.0,0.0,1.0,Regular Season
1628379,Luke Kennard,1641767,Ben Sheppard,5,8.7,49.8,9.0,2.0,2.0,1.0,1.0,1.0,2.0,Regular Season
1630643,Jay Huff,1641774,Tristan Vukcevic,4,7.8,49.8,17.0,6.0,8.0,3.0,5.0,1.0,1.0,Regular Season
203083,Andre Drummond,1642270,Donovan Clingan,2,11.7,49.8,8.0,4.0,8.0,0.0,1.0,1.0,0.0,Regular Season
1628415,Dillon Brooks,2544,LeBron James,4,9.1,49.8,9.0,4.0,10.0,1.0,5.0,3.0,0.0,Regular Season
1631101,Shaedon Sharpe,1642847,Jeremiah Fears,3,8.7,49.8,25.0,11.0,14.0,3.0,5.0,1.0,1.0,Regular Season
202695,Kawhi Leonard,1631095,Jabari Smith Jr.,4,9.6,49.8,8.0,3.0,9.0,2.0,4.0,2.0,0.0,Regular Season
1642264,Stephon Castle,1631114,Jalen Williams,4,9.0,49.8,13.0,4.0,5.0,1.0,1.0,3.0,3.0,Regular Season
203994,Jusuf Nurkić,1631096,Chet Holmgren,3,9.6,49.8,9.0,4.0,14.0,0.0,1.0,1.0,1.0,Regular Season
1629028,Deandre Ayton,1631105,Jalen Duren,2,11.2,49.8,4.0,2.0,5.0,0.0,0.0,1.0,0.0,Regular Season
1628976,Wendell Carter Jr.,1630695,Micah Potter,3,10.2,49.7,10.0,3.0,6.0,0.0,2.0,1.0,2.0,Regular Season
1631157,Ryan Rollins,203468,CJ McCollum,6,8.5,49.7,19.0,6.0,9.0,3.0,5.0,1.0,2.0,Regular Season
1631095,Jabari Smith Jr.,1628969,Mikal Bridges,2,12.2,49.7,13.0,5.0,8.0,3.0,5.0,1.0,0.0,Regular Season
1629029,Luka Dončić,1630174,Aaron Nesmith,2,9.0,49.7,18.0,5.0,15.0,3.0,7.0,4.0,3.0,Regular Season
1630230,Naji Marshall,1629060,Rui Hachimura,4,8.8,49.7,8.0,3.0,4.0,0.0,1.0,1.0,2.0,Regular Season
201950,Jrue Holiday,1630162,Anthony Edwards,3,9.5,49.6,20.0,8.0,14.0,4.0,7.0,1.0,0.0,Regular Season
1631101,Shaedon Sharpe,201566,Russell Westbrook,3,8.1,49.6,13.0,6.0,10.0,1.0,2.0,2.0,0.0,Regular Season
1630314,Brandon Williams,1631157,Ryan Rollins,2,9.1,49.6,6.0,2.0,4.0,0.0,1.0,2.0,1.0,Regular Season
1631101,Shaedon Sharpe,1631108,Max Christie,2,8.7,49.6,16.0,7.0,14.0,2.0,3.0,0.0,0.0,Regular Season
1630163,LaMelo Ball,1641709,Ausar Thompson,3,11.5,49.6,3.0,1.0,9.0,1.0,5.0,3.0,0.0,Regular Season
1627759,Jaylen Brown,1628970,Miles Bridges,2,11.9,49.6,14.0,6.0,12.0,2.0,5.0,0.0,0.0,Regular Season
1628983,Shai Gilgeous-Alexander,1628415,Dillon Brooks,3,8.5,49.6,7.0,2.0,6.0,0.0,1.0,2.0,2.0,Regular Season
1629638,Nickeil Alexander-Walker,1628969,Mikal Bridges,3,10.7,49.6,11.0,5.0,7.0,1.0,2.0,0.0,0.0,Regular Season
1630162,Anthony Edwards,1630567,Scottie Barnes,2,10.6,49.6,6.0,2.0,3.0,1.0,1.0,2.0,0.0,Regular Season
204456,T.J. McConnell,1630631,Jose Alvarado,4,8.7,49.6,15.0,7.0,10.0,0.0,1.0,3.0,1.0,Regular Season
201142,Kevin Durant,1631212,Peyton Watson,2,12.0,49.5,9.0,4.0,10.0,1.0,3.0,1.0,0.0,Regular Season
203944,Julius Randle,1631099,Keegan Murray,2,10.4,49.5,11.0,4.0,10.0,3.0,4.0,1.0,0.0,Regular Season
1628392,Isaiah Hartenstein,1629234,Drew Eubanks,3,10.3,49.5,9.0,4.0,6.0,0.0,0.0,1.0,1.0,Regular Season
1628389,Bam Adebayo,1626157,Karl-Anthony Towns,2,9.1,49.5,13.0,5.0,10.0,1.0,3.0,1.0,1.0,Regular Season
1629627,Zion Williamson,1627783,Pascal Siakam,2,9.3,49.5,27.0,12.0,14.0,0.0,0.0,1.0,2.0,Regular Season
203471,Dennis Schröder,1628978,Donte DiVincenzo,4,10.5,49.5,6.0,2.0,4.0,1.0,2.0,2.0,0.0,Regular Season
1642851,Kon Knueppel,1642281,Jaylon Tyson,4,10.0,49.5,4.0,1.0,5.0,0.0,2.0,0.0,0.0,Regular Season
1630162,Anthony Edwards,1642845,VJ Edgecombe,2,9.6,49.5,2.0,1.0,8.0,0.0,3.0,3.0,0.0,Regular Season
203944,Julius Randle,1629640,Keldon Johnson,3,10.6,49.4,5.0,1.0,6.0,0.0,1.0,1.0,2.0,Regular Season
203497,Rudy Gobert,1630168,Onyeka Okongwu,2,11.0,49.4,4.0,2.0,3.0,0.0,0.0,1.0,1.0,Regular Season
201142,Kevin Durant,1630700,Dyson Daniels,2,10.8,49.4,8.0,3.0,9.0,0.0,3.0,2.0,1.0,Regular Season
1629661,Cameron Johnson,1628368,De'Aaron Fox,3,10.5,49.4,13.0,4.0,6.0,4.0,6.0,0.0,1.0,Regular Season
1628983,Shai Gilgeous-Alexander,1628384,OG Anunoby,2,10.0,49.4,11.0,4.0,9.0,1.0,2.0,1.0,1.0,Regular Season
1630230,Naji Marshall,1627750,Jamal Murray,4,8.2,49.4,6.0,1.0,4.0,0.0,1.0,2.0,2.0,Regular Season
1630198,Isaiah Joe,203501,Tim Hardaway Jr.,3,9.0,49.4,3.0,1.0,3.0,1.0,2.0,0.0,0.0,Regular Season
203999,Nikola Jokić,201572,Brook Lopez,3,9.2,49.3,27.0,9.0,13.0,2.0,3.0,1.0,2.0,Regular Season
1641729,Brice Sensabaugh,201935,James Harden,4,8.4,49.3,2.0,0.0,3.0,0.0,2.0,2.0,1.0,Regular Season
1628398,Kyle Kuzma,203952,Andrew Wiggins,2,10.1,49.3,15.0,6.0,12.0,2.0,3.0,0.0,1.0,Regular Season
1627739,Kris Dunn,1630178,Tyrese Maxey,2,9.0,49.3,5.0,1.0,3.0,1.0,1.0,2.0,1.0,Regular Season
203954,Joel Embiid,1629028,Deandre Ayton,2,8.7,49.3,12.0,6.0,9.0,0.0,1.0,1.0,0.0,Regular Season
1642347,Jamal Shead,1630202,Payton Pritchard,4,9.7,49.3,7.0,3.0,5.0,1.0,2.0,1.0,0.0,Regular Season
1628381,John Collins,1630583,Santi Aldama,3,10.3,49.3,14.0,6.0,8.0,0.0,1.0,0.0,1.0,Regular Season
1628378,Donovan Mitchell,1631108,Max Christie,2,9.2,49.3,9.0,4.0,11.0,1.0,3.0,0.0,0.0,Regular Season
1630180,Saddiq Bey,1629023,P.J. Washington,4,10.6,49.2,4.0,1.0,5.0,0.0,0.0,2.0,1.0,Regular Season
1629060,Rui Hachimura,1630166,Deni Avdija,2,8.5,49.2,7.0,3.0,7.0,1.0,2.0,0.0,1.0,Regular Season
1630171,Isaac Okoro,1629027,Trae Young,3,9.2,49.2,7.0,3.0,6.0,1.0,3.0,1.0,0.0,Regular Season
1631105,Jalen Duren,1629111,Jock Landale,2,11.4,49.2,10.0,5.0,7.0,0.0,0.0,1.0,0.0,Regular Season
201143,Al Horford,203999,Nikola Jokić,2,9.6,49.2,16.0,6.0,7.0,4.0,5.0,1.0,0.0,Regular Season
1626220,Royce O'Neale,201142,Kevin Durant,3,9.3,49.2,0.0,0.0,5.0,0.0,5.0,1.0,0.0,Regular Season
1631170,Jaime Jaquez Jr.,1630567,Scottie Barnes,4,9.9,49.2,10.0,5.0,6.0,0.0,0.0,1.0,0.0,Regular Season
1641739,Toumani Camara,1627742,Brandon Ingram,2,8.8,49.2,3.0,1.0,6.0,1.0,4.0,2.0,0.0,Regular Season
1642276,Kel'el Ware,1629011,Mitchell Robinson,3,8.5,49.2,8.0,3.0,6.0,2.0,3.0,0.0,0.0,Regular Season
1630578,Alperen Sengun,1628976,Wendell Carter Jr.,2,12.1,49.2,8.0,4.0,13.0,0.0,0.0,1.0,1.0,Regular Season
1641824,Matas Buzelis,1628970,Miles Bridges,4,9.6,49.2,3.0,1.0,10.0,0.0,9.0,1.0,1.0,Regular Season
1628389,Bam Adebayo,1642259,Alex Sarr,2,8.1,49.2,39.0,15.0,27.0,5.0,12.0,0.0,3.0,Regular Season
1629012,Collin Sexton,1641717,Cason Wallace,4,9.2,49.2,18.0,6.0,10.0,3.0,6.0,1.0,1.0,Regular Season
1631217,Moussa Diabaté,1629674,Neemias Queta,3,11.8,49.1,2.0,1.0,2.0,0.0,0.0,1.0,0.0,Regular Season
1629660,Ty Jerome,1630183,Jaden McDaniels,3,9.4,49.1,13.0,5.0,12.0,2.0,7.0,1.0,1.0,Regular Season
1641783,Tristan da Silva,1630163,LaMelo Ball,4,11.3,49.1,5.0,1.0,4.0,1.0,2.0,1.0,1.0,Regular Season
1642259,Alex Sarr,1631217,Moussa Diabaté,3,8.3,49.1,13.0,6.0,9.0,1.0,2.0,0.0,0.0,Regular Season
1631094,Paolo Banchero,1628404,Josh Hart,3,10.0,49.1,15.0,4.0,8.0,2.0,4.0,2.0,2.0,Regular Season
1630193,Immanuel Quickley,1628978,Donte DiVincenzo,2,10.8,49.1,6.0,2.0,6.0,1.0,3.0,1.0,1.0,Regular Season
1630573,Sam Hauser,1627742,Brandon Ingram,3,11.3,49.1,5.0,2.0,5.0,1.0,3.0,1.0,0.0,Regular Season
1641710,Anthony Black,1628378,Donovan Mitchell,2,9.5,49.1,8.0,3.0,6.0,2.0,5.0,0.0,0.0,Regular Season
1629640,Keldon Johnson,201142,Kevin Durant,4,10.8,49.1,2.0,1.0,3.0,0.0,1.0,0.0,0.0,Regular Season
1628976,Wendell Carter Jr.,1630578,Alperen Sengun,2,10.9,49.1,20.0,7.0,10.0,2.0,3.0,2.0,3.0,Regular Season
1631094,Paolo Banchero,1630579,Jericho Sims,3,11.5,49.1,14.0,4.0,8.0,2.0,2.0,0.0,4.0,Regular Season
1630559,Austin Reaves,1630530,Trey Murphy III,2,10.0,49.0,9.0,3.0,3.0,1.0,1.0,2.0,0.0,Regular Season
1630579,Jericho Sims,1630286,Trevon Scott,2,10.9,49.0,6.0,3.0,3.0,0.0,0.0,0.0,0.0,Regular Season
1630193,Immanuel Quickley,1629614,Andrew Nembhard,3,10.8,49.0,12.0,5.0,10.0,2.0,5.0,1.0,0.0,Regular Season
1642875,Maxime Raynaud,1642274,Yves Missi,3,10.7,49.0,7.0,3.0,5.0,0.0,0.0,0.0,1.0,Regular Season
1641729,Brice Sensabaugh,201950,Jrue Holiday,2,8.0,49.0,17.0,6.0,12.0,4.0,5.0,0.0,1.0,Regular Season
201942,DeMar DeRozan,1627884,Derrick Jones Jr.,4,10.0,49.0,17.0,7.0,10.0,0.0,1.0,1.0,2.0,Regular Season
1628415,Dillon Brooks,1628384,OG Anunoby,2,9.9,49.0,12.0,4.0,7.0,4.0,6.0,0.0,0.0,Regular Season
1628368,De'Aaron Fox,1627884,Derrick Jones Jr.,3,10.9,49.0,8.0,4.0,9.0,0.0,4.0,1.0,0.0,Regular Season
1642345,Oso Ighodaro,1628963,Marvin Bagley III,4,10.4,48.9,7.0,3.0,4.0,0.0,0.0,0.0,1.0,Regular Season
1626181,Norman Powell,1628401,Derrick White,3,8.1,48.9,15.0,6.0,15.0,0.0,7.0,0.0,0.0,Regular Season
1641796,Pelle Larsson,1630178,Tyrese Maxey,3,9.1,48.9,5.0,2.0,3.0,0.0,0.0,1.0,1.0,Regular Season
1628368,De'Aaron Fox,1630692,Jordan Goodwin,3,10.2,48.9,6.0,1.0,4.0,0.0,1.0,1.0,1.0,Regular Season
1631221,Collin Gillespie,201566,Russell Westbrook,4,8.8,48.9,8.0,3.0,9.0,1.0,6.0,1.0,1.0,Regular Season
1628401,Derrick White,203468,CJ McCollum,6,9.6,48.9,9.0,4.0,8.0,0.0,0.0,1.0,1.0,Regular Season
1630180,Saddiq Bey,1626220,Royce O'Neale,4,11.5,48.9,12.0,3.0,4.0,1.0,1.0,0.0,3.0,Regular Season
203944,Julius Randle,203084,Harrison Barnes,3,8.1,48.8,10.0,4.0,8.0,1.0,3.0,0.0,1.0,Regular Season
1628401,Derrick White,1630178,Tyrese Maxey,4,10.4,48.8,18.0,6.0,14.0,4.0,7.0,1.0,1.0,Regular Season
1627826,Ivica Zubac,1629674,Neemias Queta,2,9.0,48.8,4.0,2.0,4.0,0.0,0.0,0.0,0.0,Regular Season
1641783,Tristan da Silva,1629130,Duncan Robinson,3,9.2,48.8,10.0,5.0,6.0,0.0,1.0,1.0,0.0,Regular Season
1630166,Deni Avdija,1630173,Precious Achiuwa,4,9.8,48.8,15.0,6.0,13.0,3.0,4.0,0.0,0.0,Regular Season
203471,Dennis Schröder,1641709,Ausar Thompson,4,9.7,48.8,11.0,3.0,7.0,1.0,2.0,5.0,1.0,Regular Season
1642274,Yves Missi,1628991,Jaren Jackson Jr.,4,10.3,48.8,10.0,5.0,8.0,0.0,0.0,0.0,0.0,Regular Season
202695,Kawhi Leonard,1628415,Dillon Brooks,2,10.3,48.8,10.0,3.0,9.0,1.0,3.0,0.0,1.0,Regular Season
1628378,Donovan Mitchell,1630591,Jalen Suggs,3,10.6,48.8,8.0,3.0,7.0,0.0,4.0,2.0,0.0,Regular Season
1641730,Noah Clowney,1641796,Pelle Larsson,2,11.4,48.7,10.0,3.0,5.0,1.0,1.0,2.0,1.0,Regular Season
1628983,Shai Gilgeous-Alexander,1642262,Cody Williams,3,7.7,48.7,14.0,5.0,8.0,1.0,1.0,2.0,2.0,Regular Season
1630595,Cade Cunningham,1628384,OG Anunoby,2,10.6,48.7,14.0,5.0,13.0,1.0,4.0,2.0,2.0,Regular Season
1642270,Donovan Clingan,1628392,Isaiah Hartenstein,2,10.1,48.7,2.0,1.0,4.0,0.0,3.0,0.0,0.0,Regular Season
1630578,Alperen Sengun,1628389,Bam Adebayo,2,10.0,48.6,14.0,7.0,10.0,0.0,0.0,1.0,0.0,Regular Season
1630191,Isaiah Stewart,1630552,Jalen Johnson,3,8.5,48.6,7.0,2.0,2.0,1.0,1.0,2.0,0.0,Regular Season
203952,Andrew Wiggins,202695,Kawhi Leonard,2,7.2,48.6,4.0,2.0,3.0,0.0,0.0,0.0,0.0,Regular Season
1630578,Alperen Sengun,1626157,Karl-Anthony Towns,2,13.3,48.6,13.0,5.0,10.0,1.0,2.0,2.0,1.0,Regular Season
1626157,Karl-Anthony Towns,1630194,Paul Reed,2,10.7,48.6,12.0,3.0,9.0,1.0,4.0,3.0,3.0,Regular Season
1641750,Ryan Kalkbrenner,1630168,Onyeka Okongwu,3,12.5,48.6,0.0,0.0,3.0,0.0,0.0,1.0,0.0,Regular Season
1629636,Darius Garland,1642267,Bub Carrington,2,7.4,48.6,2.0,1.0,5.0,0.0,4.0,0.0,0.0,Regular Season
1629028,Deandre Ayton,1642270,Donovan Clingan,2,8.2,48.6,16.0,8.0,16.0,0.0,0.0,0.0,0.0,Regular Season
1630530,Trey Murphy III,1642264,Stephon Castle,4,10.0,48.6,25.0,10.0,15.0,4.0,8.0,0.0,1.0,Regular Season
203999,Nikola Jokić,1641765,Olivier-Maxence Prosper,2,7.0,48.6,14.0,5.0,8.0,2.0,2.0,3.0,1.0,Regular Season
1629048,Goga Bitadze,1630695,Micah Potter,3,9.5,48.6,4.0,1.0,2.0,0.0,0.0,1.0,1.0,Regular Season
1641764,Brandin Podziemski,1631126,Caleb Love,3,9.9,48.6,9.0,2.0,3.0,1.0,2.0,0.0,2.0,Regular Season
1630558,Davion Mitchell,1631157,Ryan Rollins,3,9.4,48.6,6.0,2.0,3.0,2.0,3.0,0.0,0.0,Regular Season
1629028,Deandre Ayton,1641705,Victor Wembanyama,2,12.2,48.6,11.0,5.0,11.0,0.0,0.0,0.0,1.0,Regular Season
1641710,Anthony Black,1642856,Egor Dëmin,2,9.3,48.6,5.0,2.0,5.0,0.0,1.0,2.0,1.0,Regular Season
1629639,Tyler Herro,1642845,VJ Edgecombe,2,9.1,48.6,17.0,7.0,14.0,3.0,9.0,0.0,1.0,Regular Season
1630541,Moses Moody,1642843,Cooper Flagg,3,10.8,48.6,13.0,5.0,13.0,3.0,9.0,0.0,0.0,Regular Season
1642266,Ja'Kobe Walter,1626181,Norman Powell,4,10.1,48.5,0.0,0.0,3.0,0.0,3.0,0.0,1.0,Regular Season
1627759,Jaylen Brown,201935,James Harden,3,10.2,48.5,15.0,7.0,10.0,1.0,3.0,0.0,0.0,Regular Season
1630162,Anthony Edwards,1628997,Caleb Martin,2,10.4,48.5,14.0,5.0,9.0,2.0,2.0,2.0,1.0,Regular Season
1642847,Jeremiah Fears,1628978,Donte DiVincenzo,4,9.8,48.5,16.0,5.0,11.0,3.0,3.0,0.0,2.0,Regular Season
203944,Julius Randle,1629111,Jock Landale,4,9.0,48.5,17.0,6.0,14.0,1.0,3.0,1.0,1.0,Regular Season
1630596,Evan Mobley,1630191,Isaiah Stewart,3,10.0,48.5,14.0,4.0,10.0,2.0,5.0,2.0,2.0,Regular Season
1642268,Isaiah Collier,1641739,Toumani Camara,3,7.1,48.5,7.0,2.0,5.0,0.0,0.0,1.0,2.0,Regular Season
1630245,Ayo Dosunmu,1641709,Ausar Thompson,3,9.0,48.4,9.0,3.0,7.0,3.0,6.0,0.0,0.0,Regular Season
1641764,Brandin Podziemski,1641717,Cason Wallace,4,9.7,48.4,7.0,2.0,8.0,1.0,5.0,1.0,1.0,Regular Season
1631108,Max Christie,1641708,Amen Thompson,4,8.4,48.4,9.0,3.0,3.0,1.0,1.0,1.0,1.0,Regular Season
1631096,Chet Holmgren,1642271,Kyle Filipowski,4,7.8,48.4,19.0,8.0,13.0,3.0,6.0,1.0,0.0,Regular Season
1630579,Jericho Sims,203083,Andre Drummond,3,11.2,48.4,4.0,2.0,2.0,0.0,0.0,1.0,0.0,Regular Season
202699,Tobias Harris,201942,DeMar DeRozan,2,8.7,48.4,17.0,7.0,14.0,3.0,8.0,0.0,0.0,Regular Season
1642851,Kon Knueppel,201144,Mike Conley,2,10.6,48.4,1.0,0.0,8.0,0.0,3.0,2.0,1.0,Regular Season
1628963,Marvin Bagley III,1642345,Oso Ighodaro,4,9.7,48.4,8.0,4.0,6.0,0.0,1.0,1.0,1.0,Regular Season
1630558,Davion Mitchell,1630217,Desmond Bane,4,7.4,48.4,6.0,2.0,8.0,0.0,3.0,0.0,1.0,Regular Season
1630230,Naji Marshall,1630180,Saddiq Bey,4,8.1,48.4,7.0,3.0,4.0,0.0,1.0,1.0,1.0,Regular Season
1641718,Keyonte George,1630162,Anthony Edwards,3,8.2,48.4,12.0,4.0,9.0,4.0,7.0,2.0,0.0,Regular Season
1627759,Jaylen Brown,1631230,Dominick Barlow,2,10.5,48.4,15.0,6.0,10.0,1.0,2.0,1.0,1.0,Regular Season
203952,Andrew Wiggins,1627759,Jaylen Brown,3,8.5,48.4,20.0,7.0,10.0,5.0,7.0,1.0,1.0,Regular Season
1630178,Tyrese Maxey,1628401,Derrick White,4,9.3,48.3,19.0,7.0,12.0,2.0,3.0,1.0,2.0,Regular Season
1631108,Max Christie,1642847,Jeremiah Fears,3,7.2,48.3,13.0,4.0,7.0,3.0,5.0,1.0,0.0,Regular Season
1630559,Austin Reaves,1641764,Brandin Podziemski,3,9.7,48.3,4.0,2.0,5.0,0.0,2.0,4.0,0.0,Regular Season
1629614,Andrew Nembhard,1641710,Anthony Black,2,8.7,48.3,6.0,3.0,8.0,0.0,2.0,2.0,1.0,Regular Season
1628991,Jaren Jackson Jr.,203944,Julius Randle,2,9.4,48.3,12.0,4.0,9.0,0.0,1.0,0.0,1.0,Regular Season
1642264,Stephon Castle,1631095,Jabari Smith Jr.,4,10.2,48.3,17.0,7.0,10.0,2.0,2.0,0.0,1.0,Regular Season
1630533,Ziaire Williams,1630217,Desmond Bane,3,9.2,48.3,0.0,0.0,4.0,0.0,4.0,1.0,0.0,Regular Season
1628436,Luke Kornet,1630578,Alperen Sengun,3,11.8,48.3,4.0,2.0,2.0,0.0,0.0,0.0,1.0,Regular Season
1630217,Desmond Bane,1630533,Ziaire Williams,3,9.9,48.3,7.0,3.0,7.0,1.0,3.0,2.0,0.0,Regular Season
201587,Nicolas Batum,1629675,Naz Reid,4,10.7,48.3,6.0,2.0,3.0,2.0,3.0,0.0,0.0,Regular Season
1628969,Mikal Bridges,1630174,Aaron Nesmith,3,8.9,48.3,14.0,6.0,10.0,2.0,4.0,0.0,0.0,Regular Season
1626157,Karl-Anthony Towns,1630188,Jalen Smith,3,10.3,48.2,10.0,1.0,5.0,0.0,0.0,3.0,5.0,Regular Season
1642285,Cam Spencer,1641708,Amen Thompson,3,9.0,48.2,6.0,2.0,2.0,2.0,2.0,1.0,0.0,Regular Season
1630163,LaMelo Ball,1641767,Ben Sheppard,4,9.4,48.2,11.0,5.0,14.0,1.0,8.0,1.0,0.0,Regular Season
1631217,Moussa Diabaté,1627826,Ivica Zubac,2,9.9,48.2,10.0,4.0,7.0,0.0,0.0,0.0,1.0,Regular Season
1631212,Peyton Watson,1627783,Pascal Siakam,2,8.8,48.2,6.0,2.0,6.0,1.0,4.0,0.0,1.0,Regular Season
1626145,Tyus Jones,1642278,Tyler Kolek,4,10.4,48.2,3.0,1.0,3.0,1.0,2.0,1.0,0.0,Regular Season
1631217,Moussa Diabaté,1642345,Oso Ighodaro,2,11.2,48.2,0.0,0.0,0.0,0.0,0.0,1.0,0.0,Regular Season
1631105,Jalen Duren,1626167,Myles Turner,3,9.2,48.2,15.0,6.0,9.0,0.0,0.0,1.0,3.0,Regular Season
1630194,Paul Reed,1626157,Karl-Anthony Towns,2,9.8,48.2,6.0,2.0,5.0,0.0,2.0,0.0,0.0,Regular Season
1630168,Onyeka Okongwu,1626157,Karl-Anthony Towns,2,8.8,48.2,22.0,8.0,13.0,6.0,7.0,0.0,0.0,Regular Season
1631128,Christian Braun,203897,Zach LaVine,2,9.6,48.2,11.0,3.0,6.0,1.0,4.0,0.0,0.0,Regular Season
1641706,Brandon Miller,1630700,Dyson Daniels,3,12.1,48.2,13.0,5.0,8.0,3.0,5.0,0.0,0.0,Regular Season
1627826,Ivica Zubac,1631096,Chet Holmgren,2,11.1,48.2,8.0,3.0,6.0,0.0,0.0,0.0,1.0,Regular Season
1630178,Tyrese Maxey,1631260,AJ Green,4,7.9,48.1,20.0,6.0,11.0,3.0,7.0,2.0,1.0,Regular Season
1641716,Jarace Walker,1627742,Brandon Ingram,4,8.8,48.1,5.0,1.0,4.0,1.0,3.0,0.0,1.0,Regular Season
1627884,Derrick Jones Jr.,1630170,Devin Vassell,3,11.1,48.1,6.0,2.0,5.0,2.0,2.0,0.0,0.0,Regular Season
1630552,Jalen Johnson,1630171,Isaac Okoro,3,8.1,48.1,17.0,6.0,11.0,1.0,3.0,0.0,3.0,Regular Season
1629057,Robert Williams III,1642928,Dylan Cardwell,3,11.0,48.1,2.0,1.0,2.0,0.0,1.0,0.0,0.0,Regular Season
1641718,Keyonte George,1641710,Anthony Black,2,8.7,48.1,13.0,4.0,11.0,2.0,6.0,3.0,1.0,Regular Season
1642859,Jase Richardson,204456,T.J. McConnell,3,8.9,48.1,6.0,3.0,4.0,0.0,1.0,0.0,0.0,Regular Season
1629008,Michael Porter Jr.,1630573,Sam Hauser,4,9.3,48.1,17.0,5.0,11.0,3.0,5.0,2.0,2.0,Regular Season
1629130,Duncan Robinson,1642363,Nique Clifford,2,8.0,48.1,5.0,2.0,4.0,1.0,3.0,0.0,0.0,Regular Season
1630577,Julian Champagnie,1642285,Cam Spencer,4,9.2,48.0,6.0,2.0,4.0,1.0,2.0,0.0,0.0,Regular Season
1642270,Donovan Clingan,1642366,Quinten Post,4,10.1,48.0,10.0,4.0,5.0,1.0,2.0,0.0,1.0,Regular Season
1630577,Julian Champagnie,1628978,Donte DiVincenzo,3,10.5,48.0,8.0,2.0,6.0,1.0,4.0,1.0,1.0,Regular Season
1641750,Ryan Kalkbrenner,1631105,Jalen Duren,3,9.7,48.0,4.0,1.0,1.0,0.0,0.0,0.0,1.0,Regular Season
1641708,Amen Thompson,1630180,Saddiq Bey,4,11.2,48.0,5.0,2.0,4.0,1.0,2.0,0.0,0.0,Regular Season
1630166,Deni Avdija,1630170,Devin Vassell,2,10.5,48.0,14.0,5.0,11.0,2.0,3.0,3.0,1.0,Regular Season
1627750,Jamal Murray,1641709,Ausar Thompson,2,8.8,48.0,7.0,2.0,9.0,1.0,6.0,0.0,1.0,Regular Season
1628989,Kevin Huerter,1641783,Tristan da Silva,4,8.0,48.0,7.0,3.0,7.0,1.0,3.0,3.0,0.0,Regular Season
1631131,Oscar Tshiebwe,203999,Nikola Jokić,3,10.7,48.0,14.0,7.0,10.0,0.0,0.0,0.0,0.0,Regular Season
1628415,Dillon Brooks,201142,Kevin Durant,3,7.5,48.0,7.0,3.0,10.0,0.0,4.0,0.0,1.0,Regular Season
1641731,Bilal Coulibaly,203507,Giannis Antetokounmpo,2,8.2,47.9,8.0,2.0,4.0,1.0,3.0,0.0,4.0,Regular Season
1629627,Zion Williamson,1641705,Victor Wembanyama,2,11.4,47.9,25.0,11.0,15.0,0.0,0.0,1.0,5.0,Regular Season
1628978,Donte DiVincenzo,1628983,Shai Gilgeous-Alexander,4,10.0,47.9,10.0,4.0,10.0,2.0,8.0,1.0,0.0,Regular Season
1630572,Sandro Mamukelashvili,1627824,Guerschon Yabusele,6,9.3,47.9,10.0,4.0,7.0,2.0,2.0,1.0,0.0,Regular Season
1630595,Cade Cunningham,1641775,Jordan Walsh,3,10.3,47.9,17.0,4.0,10.0,2.0,2.0,1.0,3.0,Regular Season
1628991,Jaren Jackson Jr.,1642259,Alex Sarr,2,9.1,47.9,18.0,5.0,16.0,1.0,4.0,1.0,4.0,Regular Season
1628368,De'Aaron Fox,1630230,Naji Marshall,2,6.6,47.9,2.0,1.0,5.0,0.0,2.0,3.0,0.0,Regular Season
1630695,Micah Potter,1630264,Anthony Gill,2,9.3,47.9,10.0,3.0,7.0,2.0,4.0,1.0,1.0,Regular Season
1629018,Gary Trent Jr.,1629636,Darius Garland,2,10.4,47.9,8.0,3.0,7.0,2.0,4.0,2.0,0.0,Regular Season
1630202,Payton Pritchard,1630193,Immanuel Quickley,3,12.0,47.8,7.0,2.0,5.0,1.0,3.0,0.0,0.0,Regular Season
1629111,Jock Landale,1629028,Deandre Ayton,3,8.6,47.8,19.0,7.0,9.0,2.0,3.0,0.0,1.0,Regular Season
1642845,VJ Edgecombe,1629614,Andrew Nembhard,3,8.3,47.8,7.0,3.0,6.0,1.0,4.0,0.0,0.0,Regular Season
1628368,De'Aaron Fox,1631128,Christian Braun,2,11.2,47.8,8.0,3.0,10.0,1.0,5.0,1.0,1.0,Regular Season
1642273,Kyshawn George,1631212,Peyton Watson,2,8.7,47.8,15.0,5.0,11.0,1.0,4.0,1.0,2.0,Regular Season
1641737,Adem Bona,1626157,Karl-Anthony Towns,4,8.9,47.8,2.0,1.0,3.0,0.0,0.0,0.0,0.0,Regular Season
1641731,Bilal Coulibaly,1626164,Devin Booker,2,8.6,47.8,9.0,3.0,6.0,3.0,5.0,1.0,0.0,Regular Season
1628392,Isaiah Hartenstein,1626157,Karl-Anthony Towns,2,10.2,47.8,4.0,2.0,4.0,0.0,0.0,3.0,0.0,Regular Season
1641709,Ausar Thompson,1628970,Miles Bridges,3,10.0,47.8,6.0,2.0,3.0,0.0,0.0,2.0,1.0,Regular Season
1629636,Darius Garland,1628969,Mikal Bridges,2,9.4,47.8,6.0,2.0,6.0,2.0,4.0,1.0,0.0,Regular Season
1642851,Kon Knueppel,1642266,Ja'Kobe Walter,4,10.1,47.8,8.0,2.0,6.0,0.0,3.0,2.0,1.0,Regular Season
1628983,Shai Gilgeous-Alexander,1641731,Bilal Coulibaly,2,8.8,47.7,10.0,5.0,7.0,0.0,0.0,0.0,0.0,Regular Season
1630163,LaMelo Ball,1642267,Bub Carrington,4,8.9,47.7,29.0,11.0,16.0,7.0,11.0,2.0,0.0,Regular Season
1629004,Svi Mykhailiuk,1629029,Luka Dončić,3,9.0,47.7,10.0,4.0,6.0,2.0,3.0,0.0,0.0,Regular Season
1630700,Dyson Daniels,1627742,Brandon Ingram,4,7.9,47.7,5.0,2.0,3.0,0.0,0.0,1.0,1.0,Regular Season
1641716,Jarace Walker,203114,Khris Middleton,2,9.1,47.7,4.0,1.0,3.0,1.0,3.0,0.0,3.0,Regular Season
1642271,Kyle Filipowski,203497,Rudy Gobert,4,9.2,47.7,0.0,0.0,5.0,0.0,3.0,2.0,1.0,Regular Season
1641739,Toumani Camara,203944,Julius Randle,4,8.4,47.7,4.0,2.0,6.0,0.0,1.0,1.0,0.0,Regular Season
1631172,Ousmane Dieng,1626164,Devin Booker,2,9.8,47.7,12.0,5.0,7.0,2.0,3.0,0.0,0.0,Regular Season
1642264,Stephon Castle,203935,Marcus Smart,3,8.3,47.6,3.0,1.0,3.0,0.0,1.0,1.0,1.0,Regular Season
1628389,Bam Adebayo,203994,Jusuf Nurkić,2,7.5,47.6,25.0,6.0,13.0,4.0,5.0,2.0,4.0,Regular Season
1630530,Trey Murphy III,1626164,Devin Booker,4,9.2,47.6,6.0,1.0,5.0,0.0,2.0,2.0,1.0,Regular Season
1629638,Nickeil Alexander-Walker,1642267,Bub Carrington,3,9.1,47.6,16.0,6.0,8.0,4.0,6.0,1.0,0.0,Regular Season
1628378,Donovan Mitchell,1641708,Amen Thompson,2,8.6,47.6,2.0,1.0,3.0,0.0,0.0,0.0,0.0,Regular Season
1628991,Jaren Jackson Jr.,1642852,Derik Queen,4,9.5,47.6,23.0,9.0,20.0,2.0,6.0,2.0,2.0,Regular Season
1641854,Craig Porter Jr.,1642450,Daniss Jenkins,4,8.7,47.6,0.0,0.0,3.0,0.0,1.0,0.0,0.0,Regular Season
1629639,Tyler Herro,1631108,Max Christie,2,9.8,47.6,12.0,6.0,12.0,0.0,2.0,0.0,0.0,Regular Season
1630596,Evan Mobley,1631105,Jalen Duren,3,8.8,47.6,8.0,2.0,6.0,1.0,2.0,0.0,2.0,Regular Season
1626164,Devin Booker,1631121,Bryce McGowens,3,8.5,47.6,20.0,7.0,11.0,3.0,4.0,0.0,2.0,Regular Season
1630172,Patrick Williams,1628970,Miles Bridges,4,8.8,47.6,14.0,5.0,10.0,4.0,9.0,3.0,0.0,Regular Season
1630172,Patrick Williams,1627783,Pascal Siakam,4,9.1,47.6,2.0,1.0,5.0,0.0,2.0,2.0,0.0,Regular Season
203114,Khris Middleton,1628398,Kyle Kuzma,5,9.3,47.6,7.0,2.0,6.0,1.0,3.0,1.0,1.0,Regular Season
1628973,Jalen Brunson,1630241,Sam Merrill,3,8.2,47.6,12.0,2.0,5.0,1.0,1.0,0.0,3.0,Regular Season
1626167,Myles Turner,1629674,Neemias Queta,3,9.0,47.6,2.0,0.0,6.0,0.0,3.0,1.0,1.0,Regular Season
1630202,Payton Pritchard,1629130,Duncan Robinson,4,6.7,47.5,18.0,6.0,7.0,2.0,3.0,1.0,3.0,Regular Season
1630643,Jay Huff,201572,Brook Lopez,2,9.2,47.5,14.0,5.0,8.0,4.0,7.0,1.0,0.0,Regular Season
1631109,Mark Williams,203500,Steven Adams,2,9.2,47.5,8.0,3.0,7.0,0.0,0.0,1.0,1.0,Regular Season
1630530,Trey Murphy III,1641824,Matas Buzelis,3,9.2,47.5,15.0,6.0,10.0,3.0,6.0,1.0,0.0,Regular Season
1629029,Luka Dončić,1641717,Cason Wallace,2,7.4,47.5,7.0,3.0,10.0,0.0,3.0,1.0,2.0,Regular Season
1627742,Brandon Ingram,1641710,Anthony Black,2,9.2,47.5,11.0,4.0,12.0,1.0,4.0,0.0,1.0,Regular Season
1630579,Jericho Sims,1630643,Jay Huff,4,11.0,47.5,3.0,1.0,3.0,0.0,0.0,1.0,1.0,Regular Season
203500,Steven Adams,1631109,Mark Williams,2,9.1,47.5,8.0,4.0,5.0,0.0,0.0,2.0,0.0,Regular Season
1630174,Aaron Nesmith,1629013,Landry Shamet,3,11.2,47.5,8.0,3.0,7.0,2.0,4.0,1.0,0.0,Regular Season
1629652,Luguentz Dort,1627742,Brandon Ingram,2,8.9,47.5,8.0,3.0,8.0,1.0,5.0,0.0,1.0,Regular Season
1630168,Onyeka Okongwu,1627826,Ivica Zubac,2,8.9,47.5,2.0,1.0,3.0,0.0,2.0,2.0,0.0,Regular Season
203500,Steven Adams,1628386,Jarrett Allen,2,10.6,47.4,8.0,3.0,4.0,0.0,0.0,2.0,1.0,Regular Season
1629028,Deandre Ayton,1628976,Wendell Carter Jr.,2,11.1,47.4,6.0,3.0,5.0,0.0,0.0,0.0,0.0,Regular Season
1629637,Jaxson Hayes,203999,Nikola Jokić,2,8.8,47.4,10.0,3.0,3.0,0.0,0.0,0.0,3.0,Regular Season
1641739,Toumani Camara,1629636,Darius Garland,3,10.3,47.4,6.0,2.0,7.0,0.0,4.0,0.0,2.0,Regular Season
1641764,Brandin Podziemski,1641708,Amen Thompson,3,10.8,47.4,7.0,3.0,7.0,1.0,3.0,0.0,0.0,Regular Season
1629130,Duncan Robinson,1630249,Vít Krejčí,2,9.0,47.4,12.0,4.0,6.0,4.0,6.0,0.0,0.0,Regular Season
1642377,Jaylen Wells,1626164,Devin Booker,2,8.3,47.3,4.0,1.0,5.0,1.0,4.0,0.0,1.0,Regular Season
1641824,Matas Buzelis,201142,Kevin Durant,2,7.9,47.3,5.0,1.0,5.0,1.0,3.0,0.0,1.0,Regular Season
1628389,Bam Adebayo,1642875,Maxime Raynaud,2,8.8,47.3,10.0,5.0,10.0,0.0,1.0,1.0,0.0,Regular Season
1627783,Pascal Siakam,1627884,Derrick Jones Jr.,2,8.3,47.3,7.0,2.0,8.0,0.0,1.0,1.0,2.0,Regular Season
203501,Tim Hardaway Jr.,1628370,Malik Monk,3,9.2,47.3,5.0,2.0,4.0,1.0,3.0,0.0,0.0,Regular Season
1629130,Duncan Robinson,1642267,Bub Carrington,4,7.0,47.3,5.0,2.0,5.0,1.0,3.0,0.0,0.0,Regular Season
1630558,Davion Mitchell,1631245,Quenton Jackson,3,8.6,47.3,5.0,2.0,3.0,0.0,0.0,1.0,1.0,Regular Season
203935,Marcus Smart,1631221,Collin Gillespie,4,8.1,47.3,4.0,1.0,5.0,0.0,4.0,1.0,1.0,Regular Season
203468,CJ McCollum,1630183,Jaden McDaniels,2,7.5,47.3,7.0,3.0,8.0,1.0,2.0,2.0,0.0,Regular Season
1627783,Pascal Siakam,1630172,Patrick Williams,4,10.7,47.2,22.0,7.0,15.0,4.0,7.0,0.0,3.0,Regular Season
1642272,Jared McCain,1642856,Egor Dëmin,3,9.4,47.2,7.0,3.0,6.0,1.0,2.0,0.0,0.0,Regular Season
1642267,Bub Carrington,1642281,Jaylon Tyson,4,8.3,47.2,13.0,5.0,8.0,2.0,3.0,1.0,1.0,Regular Season
203084,Harrison Barnes,1630552,Jalen Johnson,2,9.6,47.2,0.0,0.0,4.0,0.0,3.0,0.0,0.0,Regular Season
1630178,Tyrese Maxey,1630200,Tre Jones,2,8.7,47.2,13.0,5.0,11.0,3.0,5.0,1.0,0.0,Regular Season
1629638,Nickeil Alexander-Walker,1630202,Payton Pritchard,3,8.8,47.2,9.0,4.0,5.0,1.0,1.0,0.0,0.0,Regular Season
1631096,Chet Holmgren,203994,Jusuf Nurkić,3,6.4,47.2,3.0,1.0,5.0,0.0,3.0,1.0,1.0,Regular Season
1631108,Max Christie,201942,DeMar DeRozan,3,7.5,47.2,5.0,2.0,8.0,1.0,4.0,1.0,0.0,Regular Season
1627750,Jamal Murray,201950,Jrue Holiday,4,8.9,47.2,30.0,9.0,15.0,4.0,10.0,0.0,3.0,Regular Season
1631094,Paolo Banchero,1631243,Mouhamed Gueye,4,9.8,47.2,5.0,1.0,9.0,0.0,3.0,1.0,3.0,Regular Season
1630170,Devin Vassell,1627750,Jamal Murray,3,9.8,47.2,19.0,4.0,6.0,4.0,6.0,1.0,2.0,Regular Season
1642263,Reed Sheppard,1642267,Bub Carrington,2,10.8,47.2,17.0,6.0,7.0,5.0,5.0,1.0,0.0,Regular Season
203114,Khris Middleton,1642258,Zaccharie Risacher,3,8.7,47.1,7.0,2.0,3.0,1.0,1.0,0.0,1.0,Regular Season
1629636,Darius Garland,1642264,Stephon Castle,3,9.5,47.1,15.0,5.0,12.0,2.0,7.0,3.0,2.0,Regular Season
1628368,De'Aaron Fox,1630631,Jose Alvarado,4,9.3,47.1,11.0,4.0,7.0,2.0,5.0,1.0,2.0,Regular Season
1627826,Ivica Zubac,1630168,Onyeka Okongwu,2,12.4,47.1,2.0,1.0,2.0,0.0,0.0,0.0,1.0,Regular Season
1631165,Keon Ellis,1642948,Ryan Nembhard,4,8.6,47.1,13.0,5.0,7.0,3.0,3.0,0.0,0.0,Regular Season
203497,Rudy Gobert,1642345,Oso Ighodaro,3,9.7,47.1,5.0,2.0,3.0,0.0,0.0,3.0,1.0,Regular Season
1641708,Amen Thompson,1628415,Dillon Brooks,4,9.3,47.1,12.0,6.0,8.0,0.0,0.0,2.0,0.0,Regular Season
1642852,Derik Queen,1630643,Jay Huff,2,9.6,47.0,6.0,3.0,6.0,0.0,0.0,1.0,0.0,Regular Season
1642847,Jeremiah Fears,1630200,Tre Jones,3,9.6,47.0,9.0,2.0,7.0,1.0,2.0,1.0,0.0,Regular Season
1641796,Pelle Larsson,1630245,Ayo Dosunmu,4,7.5,47.0,8.0,2.0,5.0,0.0,3.0,1.0,2.0,Regular Season
1630530,Trey Murphy III,1641739,Toumani Camara,3,8.9,47.0,10.0,4.0,8.0,2.0,5.0,0.0,0.0,Regular Season
1627742,Brandon Ingram,1641730,Noah Clowney,3,7.7,47.0,12.0,5.0,12.0,2.0,4.0,0.0,0.0,Regular Season
2544,LeBron James,1629627,Zion Williamson,2,9.4,47.0,8.0,2.0,3.0,1.0,1.0,1.0,1.0,Regular Season
203999,Nikola Jokić,1629637,Jaxson Hayes,2,8.7,47.0,17.0,7.0,11.0,1.0,3.0,3.0,1.0,Regular Season
1629060,Rui Hachimura,1630170,Devin Vassell,3,8.6,47.0,8.0,3.0,6.0,2.0,3.0,0.0,1.0,Regular Season
1630577,Julian Champagnie,1629029,Luka Dončić,3,8.9,47.0,7.0,3.0,7.0,1.0,5.0,0.0,0.0,Regular Season
1630567,Scottie Barnes,1626157,Karl-Anthony Towns,5,7.5,47.0,11.0,4.0,14.0,1.0,4.0,0.0,1.0,Regular Season
1641739,Toumani Camara,1626181,Norman Powell,2,8.1,47.0,6.0,2.0,3.0,2.0,3.0,0.0,0.0,Regular Season
1630596,Evan Mobley,203944,Julius Randle,2,8.8,47.0,2.0,1.0,4.0,0.0,3.0,0.0,0.0,Regular Season
1630178,Tyrese Maxey,1631245,Quenton Jackson,3,9.3,47.0,18.0,7.0,12.0,0.0,3.0,1.0,2.0,Regular Season
1631096,Chet Holmgren,1631095,Jabari Smith Jr.,3,9.1,46.9,15.0,5.0,7.0,1.0,2.0,0.0,3.0,Regular Season
1631217,Moussa Diabaté,1631105,Jalen Duren,3,9.8,46.9,2.0,1.0,1.0,0.0,0.0,2.0,0.0,Regular Season
203114,Khris Middleton,1627742,Brandon Ingram,3,9.3,46.9,4.0,1.0,7.0,0.0,3.0,0.0,1.0,Regular Season
1629652,Luguentz Dort,1628415,Dillon Brooks,4,7.0,46.9,8.0,3.0,4.0,1.0,2.0,2.0,1.0,Regular Season
1629628,RJ Barrett,1628969,Mikal Bridges,2,10.4,46.9,8.0,4.0,7.0,0.0,1.0,1.0,0.0,Regular Season
1630180,Saddiq Bey,1630230,Naji Marshall,4,8.9,46.9,7.0,3.0,9.0,1.0,5.0,0.0,0.0,Regular Season
1627824,Guerschon Yabusele,1630572,Sandro Mamukelashvili,6,10.3,46.9,19.0,8.0,11.0,3.0,5.0,2.0,0.0,Regular Season
1629661,Cameron Johnson,1630577,Julian Champagnie,3,7.0,46.9,5.0,2.0,3.0,1.0,1.0,0.0,0.0,Regular Season
1628379,Luke Kennard,1630198,Isaiah Joe,4,9.5,46.9,7.0,2.0,4.0,2.0,3.0,0.0,1.0,Regular Season
1642273,Kyshawn George,1630567,Scottie Barnes,3,9.3,46.9,12.0,5.0,10.0,2.0,5.0,0.0,0.0,Regular Season
1642270,Donovan Clingan,202696,Nikola Vučević,1,10.1,46.9,4.0,1.0,5.0,0.0,1.0,0.0,2.0,Regular Season
1642345,Oso Ighodaro,203497,Rudy Gobert,3,10.6,46.9,8.0,3.0,6.0,0.0,0.0,1.0,1.0,Regular Season
203935,Marcus Smart,203897,Zach LaVine,2,7.1,46.9,4.0,2.0,6.0,0.0,2.0,0.0,0.0,Regular Season
1630202,Payton Pritchard,1627739,Kris Dunn,2,10.7,46.9,11.0,4.0,6.0,3.0,5.0,0.0,0.0,Regular Season
1630530,Trey Murphy III,1642843,Cooper Flagg,4,7.2,46.9,5.0,1.0,6.0,1.0,6.0,1.0,1.0,Regular Season
1642363,Nique Clifford,1642285,Cam Spencer,4,9.2,46.9,8.0,3.0,6.0,2.0,2.0,1.0,0.0,Regular Season
1630596,Evan Mobley,1642276,Kel'el Ware,3,11.2,46.9,20.0,7.0,12.0,2.0,3.0,1.0,4.0,Regular Season
1627739,Kris Dunn,1630162,Anthony Edwards,4,8.8,46.9,4.0,2.0,7.0,0.0,3.0,0.0,0.0,Regular Season
1630180,Saddiq Bey,1630170,Devin Vassell,4,10.1,46.9,8.0,3.0,7.0,0.0,1.0,0.0,1.0,Regular Season
1642276,Kel'el Ware,1629651,Nic Claxton,3,7.1,46.8,8.0,3.0,3.0,2.0,2.0,0.0,0.0,Regular Season
1642262,Cody Williams,1628983,Shai Gilgeous-Alexander,3,8.6,46.8,2.0,1.0,2.0,0.0,0.0,1.0,0.0,Regular Season
1642874,Danny Wolf,1641824,Matas Buzelis,4,8.9,46.8,8.0,3.0,5.0,2.0,2.0,3.0,0.0,Regular Season
1630264,Anthony Gill,1630695,Micah Potter,2,8.9,46.8,9.0,4.0,5.0,1.0,1.0,0.0,0.0,Regular Season
1629731,Dean Wade,1630581,Josh Giddey,4,9.3,46.8,0.0,0.0,4.0,0.0,3.0,0.0,0.0,Regular Season
1629028,Deandre Ayton,203994,Jusuf Nurkić,2,8.2,46.8,12.0,6.0,8.0,0.0,0.0,0.0,0.0,Regular Season
1629028,Deandre Ayton,1626157,Karl-Anthony Towns,2,10.2,46.7,6.0,3.0,4.0,0.0,0.0,1.0,0.0,Regular Season
1630643,Jay Huff,1626167,Myles Turner,4,9.3,46.7,0.0,0.0,5.0,0.0,5.0,0.0,0.0,Regular Season
1628983,Shai Gilgeous-Alexander,203471,Dennis Schröder,3,8.0,46.7,8.0,3.0,6.0,0.0,0.0,0.0,1.0,Regular Season
1641709,Ausar Thompson,1641824,Matas Buzelis,3,10.5,46.7,9.0,4.0,11.0,0.0,1.0,2.0,1.0,Regular Season
1630245,Ayo Dosunmu,1641796,Pelle Larsson,4,8.1,46.7,4.0,2.0,2.0,0.0,0.0,1.0,1.0,Regular Season
1630166,Deni Avdija,1630180,Saddiq Bey,3,8.3,46.7,5.0,2.0,3.0,1.0,1.0,0.0,0.0,Regular Season
202695,Kawhi Leonard,1642907,Cedric Coward,4,9.1,46.7,22.0,8.0,13.0,1.0,2.0,0.0,3.0,Regular Season
1631106,Tari Eason,1628973,Jalen Brunson,2,11.0,46.7,0.0,0.0,4.0,0.0,3.0,1.0,0.0,Regular Season
203952,Andrew Wiggins,1628398,Kyle Kuzma,2,9.0,46.7,5.0,1.0,2.0,1.0,1.0,0.0,1.0,Regular Season
1641709,Ausar Thompson,1628401,Derrick White,4,8.9,46.7,12.0,4.0,6.0,0.0,0.0,1.0,3.0,Regular Season
1641783,Tristan da Silva,1642860,Will Riley,3,10.3,46.7,4.0,1.0,6.0,0.0,1.0,1.0,0.0,Regular Season
1642857,Kasparas Jakučionis,1642860,Will Riley,4,7.8,46.7,6.0,2.0,3.0,2.0,2.0,1.0,0.0,Regular Season
1630168,Onyeka Okongwu,1642276,Kel'el Ware,2,8.6,46.7,6.0,2.0,6.0,0.0,3.0,0.0,1.0,Regular Season
1631126,Caleb Love,1642349,Ajay Mitchell,3,9.3,46.7,16.0,5.0,8.0,3.0,5.0,1.0,1.0,Regular Season
203952,Andrew Wiggins,1642258,Zaccharie Risacher,3,8.2,46.6,13.0,5.0,9.0,1.0,4.0,0.0,1.0,Regular Season
1630577,Julian Champagnie,201142,Kevin Durant,4,9.9,46.6,9.0,3.0,4.0,3.0,4.0,1.0,0.0,Regular Season
1641708,Amen Thompson,2544,LeBron James,3,11.9,46.6,7.0,3.0,3.0,0.0,0.0,1.0,1.0,Regular Season
1629008,Michael Porter Jr.,1629130,Duncan Robinson,3,9.1,46.6,21.0,7.0,15.0,3.0,7.0,3.0,3.0,Regular Season
1627739,Kris Dunn,1629130,Duncan Robinson,2,9.8,46.6,2.0,1.0,1.0,0.0,0.0,0.0,0.0,Regular Season
203944,Julius Randle,1629628,RJ Barrett,2,8.5,46.6,7.0,2.0,9.0,0.0,4.0,2.0,2.0,Regular Season
1630573,Sam Hauser,1630178,Tyrese Maxey,4,11.1,46.6,12.0,4.0,8.0,4.0,8.0,0.0,0.0,Regular Season
1629130,Duncan Robinson,1629656,Quentin Grimes,4,9.3,46.6,11.0,3.0,5.0,3.0,5.0,0.0,0.0,Regular Season
1641731,Bilal Coulibaly,1630162,Anthony Edwards,2,6.8,46.6,0.0,0.0,2.0,0.0,2.0,0.0,0.0,Regular Season
1641717,Cason Wallace,1629012,Collin Sexton,4,9.1,46.6,8.0,2.0,4.0,2.0,3.0,0.0,0.0,Regular Season
1642264,Stephon Castle,1628983,Shai Gilgeous-Alexander,4,6.6,46.6,14.0,5.0,6.0,3.0,4.0,1.0,2.0,Regular Season
1641774,Tristan Vukcevic,1630643,Jay Huff,4,8.7,46.6,11.0,5.0,8.0,1.0,4.0,0.0,0.0,Regular Season
1642345,Oso Ighodaro,1631217,Moussa Diabaté,2,9.5,46.6,6.0,3.0,4.0,0.0,0.0,0.0,0.0,Regular Season
1629674,Neemias Queta,1631217,Moussa Diabaté,3,11.1,46.6,6.0,3.0,5.0,0.0,0.0,0.0,0.0,Regular Season
1642883,Sion James,1631260,AJ Green,4,9.3,46.5,6.0,2.0,6.0,2.0,4.0,0.0,0.0,Regular Season
201939,Stephen Curry,1631221,Collin Gillespie,3,9.1,46.5,9.0,3.0,8.0,0.0,4.0,3.0,1.0,Regular Season
201142,Kevin Durant,1642377,Jaylen Wells,2,9.1,46.5,7.0,2.0,6.0,0.0,2.0,1.0,3.0,Regular Season
1641824,Matas Buzelis,1630567,Scottie Barnes,3,9.8,46.5,2.0,1.0,4.0,0.0,3.0,1.0,0.0,Regular Season
1641764,Brandin Podziemski,1630183,Jaden McDaniels,4,10.2,46.5,10.0,3.0,7.0,2.0,2.0,0.0,1.0,Regular Season
1641824,Matas Buzelis,1629750,Javonte Green,4,8.9,46.5,2.0,1.0,2.0,0.0,1.0,3.0,0.0,Regular Season
1641796,Pelle Larsson,1628983,Shai Gilgeous-Alexander,2,9.1,46.5,11.0,4.0,9.0,1.0,2.0,1.0,2.0,Regular Season
1630193,Immanuel Quickley,1629014,Anfernee Simons,5,9.6,46.5,17.0,7.0,14.0,1.0,7.0,1.0,1.0,Regular Season
1641739,Toumani Camara,1628978,Donte DiVincenzo,4,10.7,46.4,8.0,3.0,8.0,2.0,4.0,1.0,1.0,Regular Season
1630578,Alperen Sengun,1627936,Alex Caruso,3,11.2,46.4,17.0,5.0,8.0,3.0,4.0,2.0,1.0,Regular Season
1630168,Onyeka Okongwu,1631217,Moussa Diabaté,3,7.5,46.4,11.0,4.0,11.0,3.0,6.0,0.0,0.0,Regular Season
1642267,Bub Carrington,1630700,Dyson Daniels,4,7.6,46.4,3.0,1.0,3.0,1.0,2.0,1.0,0.0,Regular Season
1641709,Ausar Thompson,1631157,Ryan Rollins,4,7.3,46.4,6.0,3.0,4.0,0.0,0.0,0.0,0.0,Regular Season
1630162,Anthony Edwards,203897,Zach LaVine,3,9.2,46.4,22.0,6.0,8.0,5.0,7.0,0.0,2.0,Regular Season
1629651,Nic Claxton,1626167,Myles Turner,2,10.7,46.4,7.0,3.0,6.0,0.0,0.0,2.0,1.0,Regular Season
1641708,Amen Thompson,1641710,Anthony Black,2,11.6,46.4,5.0,1.0,3.0,0.0,0.0,1.0,2.0,Regular Season
201942,DeMar DeRozan,1629060,Rui Hachimura,3,7.8,46.4,12.0,4.0,8.0,1.0,2.0,0.0,2.0,Regular Season
1630551,Justin Champagnie,1630552,Jalen Johnson,2,9.3,46.4,4.0,2.0,2.0,0.0,0.0,0.0,0.0,Regular Season
1641708,Amen Thompson,1630692,Jordan Goodwin,4,10.3,46.4,12.0,4.0,5.0,2.0,2.0,2.0,0.0,Regular Season
1630577,Julian Champagnie,1630217,Desmond Bane,2,7.2,46.3,14.0,4.0,5.0,3.0,4.0,0.0,1.0,Regular Season
1626162,Kelly Oubre Jr.,203468,CJ McCollum,3,7.9,46.3,8.0,3.0,9.0,2.0,4.0,1.0,0.0,Regular Season
1631248,Baylor Scheierman,203468,CJ McCollum,6,8.2,46.3,8.0,3.0,7.0,1.0,5.0,1.0,1.0,Regular Season
1630530,Trey Murphy III,1626220,Royce O'Neale,4,7.7,46.3,18.0,6.0,10.0,4.0,6.0,0.0,1.0,Regular Season
201950,Jrue Holiday,1627750,Jamal Murray,4,8.2,46.3,11.0,4.0,9.0,3.0,6.0,0.0,0.0,Regular Season
203507,Giannis Antetokounmpo,1629028,Deandre Ayton,2,12.1,46.3,26.0,9.0,14.0,0.0,0.0,2.0,5.0,Regular Season
1642258,Zaccharie Risacher,1630178,Tyrese Maxey,3,8.7,46.3,6.0,3.0,4.0,0.0,0.0,0.0,0.0,Regular Season
1641705,Victor Wembanyama,1642345,Oso Ighodaro,3,8.3,46.3,14.0,5.0,9.0,1.0,4.0,1.0,1.0,Regular Season
1630217,Desmond Bane,1642377,Jaylen Wells,2,9.4,46.3,2.0,1.0,5.0,0.0,1.0,0.0,0.0,Regular Season
1629632,Coby White,1641796,Pelle Larsson,4,8.2,46.3,10.0,3.0,6.0,1.0,4.0,1.0,1.0,Regular Season
1626164,Devin Booker,1642264,Stephon Castle,2,10.1,46.2,13.0,5.0,12.0,0.0,0.0,1.0,2.0,Regular Season
203932,Aaron Gordon,201566,Russell Westbrook,2,9.8,46.2,7.0,3.0,7.0,1.0,3.0,0.0,0.0,Regular Season
203935,Marcus Smart,1631095,Jabari Smith Jr.,3,9.9,46.2,4.0,2.0,6.0,0.0,4.0,1.0,0.0,Regular Season
1629651,Nic Claxton,1627826,Ivica Zubac,2,10.2,46.2,11.0,4.0,7.0,1.0,1.0,1.0,1.0,Regular Season
1628401,Derrick White,1630174,Aaron Nesmith,2,10.3,46.2,13.0,4.0,11.0,1.0,4.0,0.0,2.0,Regular Season
1629028,Deandre Ayton,1630168,Onyeka Okongwu,2,10.2,46.2,6.0,3.0,3.0,0.0,0.0,1.0,0.0,Regular Season
201935,James Harden,1629656,Quentin Grimes,2,9.7,46.2,8.0,2.0,14.0,2.0,10.0,3.0,1.0,Regular Season
1630541,Moses Moody,1630180,Saddiq Bey,3,8.4,46.2,11.0,4.0,6.0,3.0,5.0,0.0,0.0,Regular Season
202695,Kawhi Leonard,202710,Jimmy Butler III,2,10.7,46.1,11.0,5.0,12.0,1.0,5.0,4.0,0.0,Regular Season
201572,Brook Lopez,203999,Nikola Jokić,3,8.0,46.1,5.0,2.0,3.0,1.0,1.0,0.0,0.0,Regular Season
1630579,Jericho Sims,201572,Brook Lopez,2,11.0,46.1,4.0,2.0,4.0,0.0,0.0,0.0,0.0,Regular Season
1630217,Desmond Bane,1630200,Tre Jones,4,9.6,46.1,6.0,3.0,7.0,0.0,1.0,0.0,0.0,Regular Season
1630530,Trey Murphy III,1641708,Amen Thompson,3,10.6,46.1,4.0,1.0,5.0,0.0,3.0,0.0,1.0,Regular Season
1631094,Paolo Banchero,1641730,Noah Clowney,2,8.7,46.1,12.0,4.0,4.0,0.0,0.0,1.0,2.0,Regular Season
1629636,Darius Garland,1628368,De'Aaron Fox,3,9.4,46.1,7.0,3.0,6.0,1.0,4.0,2.0,0.0,Regular Season
1630591,Jalen Suggs,1628969,Mikal Bridges,4,8.3,46.1,9.0,4.0,6.0,1.0,3.0,0.0,0.0,Regular Season
203468,CJ McCollum,1628401,Derrick White,6,10.2,46.0,12.0,6.0,15.0,0.0,6.0,1.0,0.0,Regular Season
1626164,Devin Booker,1629004,Svi Mykhailiuk,3,8.0,46.0,17.0,5.0,8.0,4.0,5.0,0.0,0.0,Regular Season
1642263,Reed Sheppard,1628368,De'Aaron Fox,3,10.9,46.0,12.0,4.0,10.0,2.0,8.0,1.0,1.0,Regular Season
1626167,Myles Turner,1628386,Jarrett Allen,3,7.6,46.0,17.0,6.0,8.0,5.0,5.0,1.0,0.0,Regular Season
1631096,Chet Holmgren,1630596,Evan Mobley,2,9.0,46.0,14.0,5.0,10.0,2.0,3.0,1.0,2.0,Regular Season
204001,Kristaps Porziņģis,1630596,Evan Mobley,2,7.1,46.0,4.0,2.0,9.0,0.0,4.0,0.0,0.0,Regular Season
1630173,Precious Achiuwa,1630166,Deni Avdija,4,7.8,46.0,2.0,1.0,2.0,0.0,0.0,0.0,0.0,Regular Season
1627750,Jamal Murray,1630171,Isaac Okoro,2,8.8,46.0,13.0,5.0,8.0,3.0,6.0,0.0,0.0,Regular Season
1641730,Noah Clowney,1630171,Isaac Okoro,3,8.9,46.0,11.0,4.0,5.0,3.0,4.0,0.0,0.0,Regular Season
1630619,Moussa Cisse,1642950,Lachlan Olbrich,2,8.9,46.0,2.0,1.0,4.0,0.0,0.0,1.0,0.0,Regular Season
203110,Draymond Green,1626167,Myles Turner,2,8.6,46.0,5.0,2.0,6.0,1.0,4.0,0.0,0.0,Regular Season
201142,Kevin Durant,1642271,Kyle Filipowski,4,7.8,46.0,22.0,6.0,12.0,3.0,6.0,1.0,3.0,Regular Season
1630558,Davion Mitchell,1642849,Nolan Traore,2,8.6,46.0,5.0,2.0,5.0,1.0,2.0,0.0,0.0,Regular Season
1628973,Jalen Brunson,1631108,Max Christie,2,8.9,46.0,15.0,4.0,14.0,1.0,3.0,1.0,3.0,Regular Season
1627884,Derrick Jones Jr.,1627750,Jamal Murray,2,7.0,45.9,6.0,3.0,7.0,0.0,3.0,1.0,0.0,Regular Season
1642259,Alex Sarr,1628389,Bam Adebayo,2,8.8,45.9,22.0,9.0,15.0,4.0,5.0,1.0,0.0,Regular Season
1627783,Pascal Siakam,1629652,Luguentz Dort,2,9.9,45.9,8.0,3.0,8.0,1.0,1.0,1.0,0.0,Regular Season
1627826,Ivica Zubac,1629651,Nic Claxton,2,8.2,45.9,7.0,3.0,4.0,0.0,0.0,3.0,0.0,Regular Season
1630581,Josh Giddey,1642851,Kon Knueppel,3,9.6,45.9,11.0,5.0,6.0,1.0,1.0,2.0,0.0,Regular Season
1628398,Kyle Kuzma,203468,CJ McCollum,6,8.4,45.9,11.0,4.0,6.0,1.0,3.0,2.0,2.0,Regular Season
1627739,Kris Dunn,201566,Russell Westbrook,3,8.2,45.8,4.0,1.0,3.0,1.0,3.0,0.0,0.0,Regular Season
1631109,Mark Williams,1626157,Karl-Anthony Towns,2,9.1,45.8,2.0,1.0,3.0,0.0,0.0,1.0,0.0,Regular Season
1629639,Tyler Herro,1627759,Jaylen Brown,2,9.0,45.8,7.0,2.0,6.0,1.0,4.0,0.0,1.0,Regular Season
1631260,AJ Green,1630217,Desmond Bane,3,10.3,45.8,0.0,0.0,3.0,0.0,3.0,1.0,0.0,Regular Season
1630595,Cade Cunningham,1630591,Jalen Suggs,3,7.7,45.8,9.0,2.0,8.0,1.0,4.0,1.0,2.0,Regular Season
1627739,Kris Dunn,1631108,Max Christie,4,7.7,45.8,9.0,3.0,4.0,1.0,2.0,1.0,1.0,Regular Season
1642263,Reed Sheppard,1631221,Collin Gillespie,4,9.6,45.8,7.0,3.0,9.0,1.0,7.0,1.0,0.0,Regular Season
1629627,Zion Williamson,1630171,Isaac Okoro,2,9.6,45.8,7.0,3.0,8.0,0.0,0.0,0.0,1.0,Regular Season
1642267,Bub Carrington,1629638,Nickeil Alexander-Walker,3,7.9,45.8,5.0,1.0,1.0,0.0,0.0,0.0,1.0,Regular Season
1630552,Jalen Johnson,1641716,Jarace Walker,3,8.3,45.8,6.0,3.0,12.0,0.0,4.0,2.0,0.0,Regular Season
1628415,Dillon Brooks,1641708,Amen Thompson,4,9.3,45.7,6.0,2.0,10.0,0.0,3.0,0.0,1.0,Regular Season
203954,Joel Embiid,1642259,Alex Sarr,2,8.9,45.7,28.0,12.0,18.0,2.0,4.0,0.0,2.0,Regular Season
1630643,Jay Huff,1630574,Ariel Hukporti,3,8.7,45.7,2.0,1.0,9.0,0.0,8.0,1.0,0.0,Regular Season
1627826,Ivica Zubac,203083,Andre Drummond,1,9.6,45.7,8.0,4.0,6.0,0.0,0.0,0.0,0.0,Regular Season
1630202,Payton Pritchard,203471,Dennis Schröder,3,11.8,45.7,11.0,4.0,9.0,3.0,6.0,1.0,0.0,Regular Season
203994,Jusuf Nurkić,1628976,Wendell Carter Jr.,2,8.8,45.7,7.0,3.0,4.0,0.0,1.0,2.0,0.0,Regular Season
1641824,Matas Buzelis,1627759,Jaylen Brown,3,9.9,45.7,8.0,3.0,7.0,2.0,5.0,1.0,1.0,Regular Season
1641717,Cason Wallace,1628978,Donte DiVincenzo,4,9.9,45.7,4.0,2.0,3.0,0.0,1.0,0.0,0.0,Regular Season
1626162,Kelly Oubre Jr.,1627742,Brandon Ingram,2,8.2,45.7,5.0,2.0,4.0,0.0,2.0,0.0,0.0,Regular Season
1630230,Naji Marshall,1630166,Deni Avdija,3,8.3,45.7,10.0,3.0,8.0,0.0,1.0,1.0,2.0,Regular Season
1628404,Josh Hart,1642276,Kel'el Ware,4,11.0,45.7,7.0,3.0,7.0,1.0,2.0,1.0,0.0,Regular Season
203468,CJ McCollum,1642450,Daniss Jenkins,2,9.3,45.7,21.0,6.0,9.0,3.0,4.0,0.0,4.0,Regular Season
201939,Stephen Curry,1642347,Jamal Shead,2,9.2,45.7,9.0,4.0,10.0,1.0,4.0,3.0,0.0,Regular Season
1629614,Andrew Nembhard,1642347,Jamal Shead,3,8.7,45.7,15.0,4.0,7.0,1.0,2.0,0.0,2.0,Regular Season
1629111,Jock Landale,1631105,Jalen Duren,2,11.3,45.7,6.0,2.0,3.0,2.0,3.0,1.0,0.0,Regular Season
202695,Kawhi Leonard,1631342,Daeqwon Plowden,3,8.7,45.7,21.0,8.0,15.0,1.0,4.0,2.0,1.0,Regular Season
1630163,LaMelo Ball,1631157,Ryan Rollins,3,11.3,45.6,8.0,3.0,10.0,2.0,4.0,2.0,0.0,Regular Season
1628978,Donte DiVincenzo,1631108,Max Christie,3,7.5,45.6,5.0,2.0,5.0,1.0,3.0,0.0,0.0,Regular Season
1641764,Brandin Podziemski,1631108,Max Christie,3,10.2,45.6,6.0,3.0,7.0,0.0,2.0,0.0,0.0,Regular Season
203114,Khris Middleton,203507,Giannis Antetokounmpo,3,8.8,45.6,6.0,1.0,2.0,1.0,2.0,0.0,2.0,Regular Season
1642845,VJ Edgecombe,1641842,Ronald Holland II,4,9.5,45.6,6.0,2.0,6.0,2.0,5.0,0.0,0.0,Regular Season
1641708,Amen Thompson,1641713,GG Jackson,2,10.2,45.6,9.0,4.0,7.0,1.0,1.0,3.0,0.0,Regular Season
1630162,Anthony Edwards,1630230,Naji Marshall,3,8.6,45.6,10.0,5.0,8.0,0.0,3.0,2.0,1.0,Regular Season
202695,Kawhi Leonard,1630530,Trey Murphy III,3,7.2,45.6,19.0,7.0,10.0,4.0,6.0,2.0,1.0,Regular Season
1629628,RJ Barrett,1630573,Sam Hauser,2,9.1,45.6,16.0,7.0,15.0,2.0,5.0,2.0,0.0,Regular Season
1626162,Kelly Oubre Jr.,1630573,Sam Hauser,4,10.1,45.6,6.0,2.0,5.0,2.0,4.0,2.0,0.0,Regular Season
1627759,Jaylen Brown,1630567,Scottie Barnes,2,11.1,45.6,15.0,5.0,8.0,1.0,3.0,3.0,1.0,Regular Season
1630183,Jaden McDaniels,1642846,Ace Bailey,4,9.0,45.6,13.0,4.0,6.0,3.0,4.0,1.0,1.0,Regular Season
203500,Steven Adams,1642345,Oso Ighodaro,3,9.5,45.6,6.0,3.0,4.0,0.0,0.0,0.0,0.0,Regular Season
1629674,Neemias Queta,1642875,Maxime Raynaud,2,11.0,45.6,9.0,4.0,5.0,0.0,0.0,2.0,1.0,Regular Season
1641824,Matas Buzelis,1642851,Kon Knueppel,4,8.4,45.6,13.0,5.0,14.0,0.0,6.0,0.0,3.0,Regular Season
1642851,Kon Knueppel,1628398,Kyle Kuzma,3,9.4,45.6,13.0,4.0,9.0,4.0,6.0,0.0,1.0,Regular Season
1629652,Luguentz Dort,1628973,Jalen Brunson,2,10.0,45.6,11.0,3.0,6.0,3.0,6.0,2.0,0.0,Regular Season
1642267,Bub Carrington,1627750,Jamal Murray,2,7.5,45.6,8.0,3.0,8.0,2.0,7.0,1.0,0.0,Regular Season
1642928,Dylan Cardwell,1629057,Robert Williams III,3,9.9,45.6,9.0,4.0,4.0,0.0,0.0,0.0,1.0,Regular Season
1627750,Jamal Murray,1630162,Anthony Edwards,3,9.4,45.6,10.0,4.0,9.0,2.0,4.0,0.0,0.0,Regular Season
203110,Draymond Green,1629028,Deandre Ayton,3,8.9,45.6,2.0,1.0,4.0,0.0,3.0,1.0,0.0,Regular Season
1641731,Bilal Coulibaly,1641716,Jarace Walker,3,7.6,45.5,10.0,4.0,5.0,0.0,0.0,1.0,2.0,Regular Season
201939,Stephen Curry,1641710,Anthony Black,2,7.1,45.5,7.0,3.0,7.0,0.0,4.0,1.0,1.0,Regular Season
1630596,Evan Mobley,1631169,Josh Minott,3,7.7,45.5,4.0,1.0,7.0,0.0,3.0,1.0,1.0,Regular Season
1631096,Chet Holmgren,203497,Rudy Gobert,4,7.4,45.5,8.0,3.0,8.0,2.0,5.0,0.0,0.0,Regular Season
203937,Kyle Anderson,1630619,Moussa Cisse,3,8.2,45.5,12.0,5.0,6.0,1.0,1.0,1.0,2.0,Regular Season
1630591,Jalen Suggs,1630558,Davion Mitchell,4,9.6,45.5,9.0,4.0,10.0,1.0,5.0,1.0,0.0,Regular Season
1628389,Bam Adebayo,1630567,Scottie Barnes,4,9.5,45.4,12.0,5.0,9.0,0.0,4.0,1.0,2.0,Regular Season
1642843,Cooper Flagg,1631106,Tari Eason,3,8.2,45.4,5.0,0.0,2.0,0.0,0.0,1.0,3.0,Regular Season
1630596,Evan Mobley,1631096,Chet Holmgren,2,7.9,45.4,21.0,9.0,12.0,1.0,1.0,1.0,2.0,Regular Season
204456,T.J. McConnell,1631157,Ryan Rollins,3,9.0,45.4,6.0,2.0,6.0,0.0,0.0,0.0,1.0,Regular Season
1630163,LaMelo Ball,1630700,Dyson Daniels,3,11.0,45.4,9.0,3.0,7.0,3.0,6.0,3.0,0.0,Regular Season
1628969,Mikal Bridges,1631170,Jaime Jaquez Jr.,4,9.6,45.4,10.0,4.0,10.0,2.0,4.0,1.0,0.0,Regular Season
1630178,Tyrese Maxey,1629614,Andrew Nembhard,2,9.3,45.4,4.0,1.0,6.0,0.0,3.0,1.0,0.0,Regular Season
1630170,Devin Vassell,1629661,Cameron Johnson,3,7.9,45.4,6.0,2.0,5.0,2.0,5.0,0.0,0.0,Regular Season
1642847,Jeremiah Fears,1641739,Toumani Camara,4,7.9,45.4,13.0,5.0,10.0,1.0,3.0,3.0,1.0,Regular Season
1629731,Dean Wade,1641706,Brandon Miller,4,9.3,45.4,9.0,4.0,6.0,1.0,3.0,0.0,0.0,Regular Season
1642851,Kon Knueppel,1641824,Matas Buzelis,4,9.2,45.4,20.0,6.0,10.0,2.0,4.0,0.0,3.0,Regular Season
1630529,Herbert Jones,201935,James Harden,2,7.3,45.4,6.0,2.0,4.0,2.0,4.0,1.0,0.0,Regular Season
1629028,Deandre Ayton,203954,Joel Embiid,2,8.7,45.4,4.0,2.0,3.0,0.0,0.0,0.0,0.0,Regular Season
1641783,Tristan da Silva,201935,James Harden,3,9.0,45.4,2.0,1.0,6.0,0.0,5.0,0.0,0.0,Regular Season
203083,Andre Drummond,1627826,Ivica Zubac,1,10.9,45.4,4.0,1.0,3.0,0.0,1.0,0.0,0.0,Regular Season
1631108,Max Christie,1629008,Michael Porter Jr.,3,6.8,45.4,2.0,1.0,4.0,0.0,2.0,0.0,0.0,Regular Season
1641824,Matas Buzelis,1628969,Mikal Bridges,4,9.7,45.3,12.0,4.0,8.0,3.0,5.0,1.0,1.0,Regular Season
1630230,Naji Marshall,1630173,Precious Achiuwa,3,7.2,45.3,8.0,3.0,10.0,1.0,4.0,3.0,1.0,Regular Season
1628378,Donovan Mitchell,1630183,Jaden McDaniels,2,8.0,45.3,22.0,7.0,11.0,4.0,7.0,0.0,2.0,Regular Season
1629652,Luguentz Dort,1630170,Devin Vassell,3,9.0,45.3,0.0,0.0,1.0,0.0,1.0,0.0,0.0,Regular Season
1630183,Jaden McDaniels,1629029,Luka Dončić,2,9.7,45.3,6.0,3.0,7.0,0.0,3.0,1.0,0.0,Regular Season
1629614,Andrew Nembhard,1630558,Davion Mitchell,3,9.5,45.3,11.0,3.0,6.0,2.0,4.0,4.0,2.0,Regular Season
1630595,Cade Cunningham,1642907,Cedric Coward,2,8.8,45.3,12.0,5.0,10.0,1.0,3.0,2.0,2.0,Regular Season
1630202,Payton Pritchard,1642962,Drake Powell,3,9.8,45.3,25.0,8.0,9.0,5.0,6.0,0.0,2.0,Regular Season
1626181,Norman Powell,1630700,Dyson Daniels,2,8.2,45.3,12.0,4.0,9.0,2.0,6.0,1.0,1.0,Regular Season
1628436,Luke Kornet,201143,Al Horford,3,9.6,45.3,8.0,4.0,4.0,0.0,0.0,0.0,0.0,Regular Season
1630194,Paul Reed,202696,Nikola Vučević,2,9.1,45.3,12.0,5.0,7.0,2.0,2.0,0.0,0.0,Regular Season
1628978,Donte DiVincenzo,201950,Jrue Holiday,4,8.0,45.3,5.0,2.0,9.0,1.0,8.0,3.0,0.0,Regular Season
1628436,Luke Kornet,203497,Rudy Gobert,2,8.8,45.3,2.0,1.0,1.0,0.0,0.0,0.0,0.0,Regular Season
203932,Aaron Gordon,2544,LeBron James,2,8.8,45.3,3.0,1.0,4.0,1.0,4.0,0.0,0.0,Regular Season
1642262,Cody Williams,1642270,Donovan Clingan,4,8.8,45.3,8.0,4.0,12.0,0.0,2.0,1.0,1.0,Regular Season
1630230,Naji Marshall,1641729,Brice Sensabaugh,4,9.5,45.3,10.0,4.0,5.0,2.0,3.0,1.0,0.0,Regular Season
1626181,Norman Powell,1642851,Kon Knueppel,2,9.5,45.3,16.0,6.0,18.0,1.0,5.0,1.0,2.0,Regular Season
1630552,Jalen Johnson,1642867,Collin Murray-Boyles,3,7.6,45.3,19.0,8.0,16.0,1.0,5.0,5.0,2.0,Regular Season
1642285,Cam Spencer,1642349,Ajay Mitchell,3,8.5,45.2,7.0,1.0,4.0,0.0,2.0,1.0,2.0,Regular Season
203952,Andrew Wiggins,1628404,Josh Hart,4,8.6,45.2,15.0,6.0,14.0,3.0,7.0,1.0,0.0,Regular Season
1641708,Amen Thompson,1628991,Jaren Jackson Jr.,2,9.8,45.2,6.0,3.0,11.0,0.0,1.0,1.0,0.0,Regular Season
1628970,Miles Bridges,1628398,Kyle Kuzma,4,9.8,45.2,17.0,5.0,13.0,3.0,10.0,0.0,3.0,Regular Season
1630530,Trey Murphy III,1630598,Aaron Wiggins,2,8.7,45.2,3.0,1.0,7.0,1.0,5.0,0.0,0.0,Regular Season
1641796,Pelle Larsson,1630552,Jalen Johnson,3,7.5,45.2,13.0,6.0,8.0,1.0,2.0,0.0,0.0,Regular Season
201939,Stephen Curry,1642264,Stephon Castle,2,8.7,45.2,21.0,6.0,10.0,3.0,7.0,1.0,2.0,Regular Season
1626164,Devin Booker,1631172,Ousmane Dieng,2,9.0,45.2,7.0,3.0,12.0,1.0,2.0,1.0,0.0,Regular Season
1631222,Jake LaRavia,201942,DeMar DeRozan,3,8.1,45.2,2.0,1.0,3.0,0.0,1.0,2.0,0.0,Regular Season
1642867,Collin Murray-Boyles,1626157,Karl-Anthony Towns,3,10.3,45.2,3.0,1.0,1.0,0.0,0.0,0.0,1.0,Regular Season
1630230,Naji Marshall,2544,LeBron James,4,7.9,45.1,10.0,4.0,5.0,0.0,1.0,0.0,1.0,Regular Season
1628379,Luke Kennard,204456,T.J. McConnell,4,9.1,45.1,10.0,4.0,6.0,2.0,2.0,0.0,0.0,Regular Season
1629004,Svi Mykhailiuk,201939,Stephen Curry,3,8.2,45.1,0.0,0.0,3.0,0.0,3.0,1.0,0.0,Regular Season
203497,Rudy Gobert,1628436,Luke Kornet,2,9.2,45.1,4.0,2.0,4.0,0.0,0.0,0.0,1.0,Regular Season
1630171,Isaac Okoro,1628378,Donovan Mitchell,2,7.2,45.1,4.0,1.0,3.0,0.0,1.0,0.0,0.0,Regular Season
203935,Marcus Smart,1628973,Jalen Brunson,2,10.3,45.1,0.0,0.0,4.0,0.0,3.0,0.0,0.0,Regular Season
1631108,Max Christie,1628983,Shai Gilgeous-Alexander,3,9.9,45.1,9.0,4.0,6.0,1.0,3.0,1.0,0.0,Regular Season
1642267,Bub Carrington,1630163,LaMelo Ball,4,8.7,45.1,7.0,3.0,7.0,1.0,2.0,0.0,0.0,Regular Season
1627783,Pascal Siakam,1630171,Isaac Okoro,2,8.2,45.1,22.0,8.0,13.0,1.0,3.0,1.0,2.0,Regular Season
204456,T.J. McConnell,1629656,Quentin Grimes,3,9.1,45.1,8.0,4.0,9.0,0.0,0.0,1.0,0.0,Regular Season
1631109,Mark Williams,1642366,Quinten Post,4,9.8,45.1,7.0,1.0,2.0,0.0,0.0,1.0,3.0,Regular Season
1628374,Lauri Markkanen,1631099,Keegan Murray,1,8.7,45.1,4.0,2.0,7.0,0.0,3.0,1.0,0.0,Regular Season
1627826,Ivica Zubac,1642270,Donovan Clingan,2,8.6,45.1,17.0,7.0,14.0,0.0,0.0,0.0,3.0,Regular Season
1629645,Kevin Porter Jr.,1641710,Anthony Black,2,9.2,45.0,10.0,4.0,5.0,0.0,1.0,0.0,1.0,Regular Season
203952,Andrew Wiggins,1630183,Jaden McDaniels,2,9.3,45.0,7.0,2.0,7.0,1.0,2.0,1.0,0.0,Regular Season
1631260,AJ Green,1630174,Aaron Nesmith,3,8.6,45.0,6.0,2.0,6.0,2.0,6.0,1.0,0.0,Regular Season
1629675,Naz Reid,1630173,Precious Achiuwa,4,8.0,45.0,11.0,5.0,9.0,1.0,2.0,0.0,0.0,Regular Season
1642377,Jaylen Wells,1630178,Tyrese Maxey,1,6.7,45.0,3.0,1.0,4.0,1.0,3.0,1.0,0.0,Regular Season
1630567,Scottie Barnes,1629023,P.J. Washington,2,8.8,45.0,5.0,2.0,6.0,1.0,3.0,2.0,0.0,Regular Season
1629627,Zion Williamson,203932,Aaron Gordon,2,10.2,45.0,3.0,1.0,5.0,0.0,0.0,1.0,1.0,Regular Season
1641750,Ryan Kalkbrenner,1628976,Wendell Carter Jr.,2,8.7,45.0,2.0,1.0,1.0,0.0,0.0,1.0,0.0,Regular Season
1641706,Brandon Miller,1630217,Desmond Bane,3,10.6,45.0,14.0,5.0,9.0,2.0,4.0,1.0,1.0,Regular Season
203083,Andre Drummond,1642867,Collin Murray-Boyles,2,8.4,45.0,0.0,0.0,2.0,0.0,1.0,0.0,0.0,Regular Season
1629638,Nickeil Alexander-Walker,1642883,Sion James,4,8.7,44.9,8.0,1.0,5.0,0.0,1.0,1.0,3.0,Regular Season
1630552,Jalen Johnson,1626162,Kelly Oubre Jr.,2,8.6,44.9,13.0,5.0,9.0,0.0,1.0,1.0,2.0,Regular Season
1642270,Donovan Clingan,203110,Draymond Green,4,9.1,44.9,11.0,4.0,7.0,1.0,4.0,0.0,1.0,Regular Season
1626164,Devin Booker,203935,Marcus Smart,2,7.0,44.9,7.0,3.0,6.0,0.0,3.0,3.0,1.0,Regular Season
1642276,Kel'el Ware,1626167,Myles Turner,3,10.0,44.9,8.0,3.0,8.0,1.0,2.0,1.0,1.0,Regular Season
201142,Kevin Durant,1642907,Cedric Coward,3,10.1,44.9,6.0,2.0,8.0,0.0,0.0,2.0,0.0,Regular Season
1628969,Mikal Bridges,1629638,Nickeil Alexander-Walker,3,8.8,44.9,3.0,1.0,6.0,0.0,3.0,0.0,1.0,Regular Season
1641708,Amen Thompson,1629661,Cameron Johnson,4,9.4,44.9,12.0,5.0,8.0,0.0,0.0,4.0,1.0,Regular Season
1630578,Alperen Sengun,1630208,Nick Richards,2,10.4,44.9,29.0,14.0,18.0,1.0,2.0,0.0,1.0,Regular Season
1627783,Pascal Siakam,1630596,Evan Mobley,3,7.7,44.9,13.0,4.0,13.0,2.0,2.0,0.0,2.0,Regular Season
1630180,Saddiq Bey,1630541,Moses Moody,3,9.5,44.9,11.0,4.0,7.0,2.0,4.0,0.0,1.0,Regular Season
1642849,Nolan Traore,1630558,Davion Mitchell,2,10.3,44.9,15.0,6.0,12.0,1.0,2.0,3.0,0.0,Regular Season
1631095,Jabari Smith Jr.,1627750,Jamal Murray,4,9.8,44.9,8.0,3.0,8.0,2.0,6.0,0.0,0.0,Regular Season
1628978,Donte DiVincenzo,1628370,Malik Monk,4,9.3,44.9,9.0,3.0,6.0,2.0,5.0,0.0,0.0,Regular Season
1628971,Bruce Brown,1642285,Cam Spencer,3,9.6,44.8,0.0,0.0,3.0,0.0,1.0,0.0,0.0,Regular Season
1631108,Max Christie,1641764,Brandin Podziemski,3,7.8,44.8,2.0,1.0,3.0,0.0,1.0,0.0,0.0,Regular Season
1630162,Anthony Edwards,203935,Marcus Smart,2,9.3,44.8,2.0,1.0,5.0,0.0,4.0,2.0,0.0,Regular Season
203999,Nikola Jokić,1626157,Karl-Anthony Towns,2,9.9,44.8,14.0,5.0,8.0,0.0,2.0,0.0,3.0,Regular Season
1641709,Ausar Thompson,1626181,Norman Powell,2,7.5,44.8,7.0,3.0,3.0,0.0,0.0,2.0,1.0,Regular Season
203497,Rudy Gobert,203939,Dwight Powell,3,8.9,44.8,10.0,3.0,6.0,0.0,0.0,1.0,2.0,Regular Season
1631157,Ryan Rollins,204456,T.J. McConnell,3,9.2,44.8,7.0,3.0,6.0,1.0,3.0,2.0,0.0,Regular Season
1629008,Michael Porter Jr.,1630530,Trey Murphy III,2,8.9,44.8,15.0,6.0,10.0,2.0,4.0,0.0,1.0,Regular Season
1629675,Naz Reid,1631107,Nikola Jović,2,9.3,44.8,13.0,5.0,12.0,3.0,6.0,0.0,0.0,Regular Season
1629627,Zion Williamson,1631230,Dominick Barlow,2,8.1,44.8,2.0,0.0,1.0,0.0,0.0,0.0,1.0,Regular Season
1628374,Lauri Markkanen,1631095,Jabari Smith Jr.,3,8.9,44.8,18.0,6.0,9.0,3.0,5.0,0.0,1.0,Regular Season
1626157,Karl-Anthony Towns,1629028,Deandre Ayton,2,9.1,44.8,10.0,5.0,13.0,0.0,3.0,1.0,0.0,Regular Season
1630183,Jaden McDaniels,1629636,Darius Garland,3,8.2,44.8,7.0,3.0,6.0,0.0,1.0,1.0,1.0,Regular Season
1630529,Herbert Jones,1630178,Tyrese Maxey,2,8.2,44.8,5.0,2.0,6.0,1.0,4.0,1.0,0.0,Regular Season
1642258,Zaccharie Risacher,1630193,Immanuel Quickley,4,7.3,44.8,8.0,4.0,9.0,0.0,2.0,2.0,0.0,Regular Season
1641737,Adem Bona,1629111,Jock Landale,3,9.4,44.8,4.0,0.0,1.0,0.0,0.0,0.0,2.0,Regular Season
201572,Brook Lopez,1630173,Precious Achiuwa,4,7.4,44.7,4.0,0.0,1.0,0.0,1.0,1.0,2.0,Regular Season
1628401,Derrick White,1641718,Keyonte George,2,9.8,44.7,6.0,2.0,5.0,2.0,5.0,0.0,0.0,Regular Season
1642270,Donovan Clingan,1642259,Alex Sarr,1,7.9,44.7,8.0,4.0,10.0,0.0,2.0,0.0,0.0,Regular Season
1642264,Stephon Castle,1627750,Jamal Murray,2,7.5,44.7,10.0,4.0,6.0,0.0,1.0,1.0,1.0,Regular Season
203935,Marcus Smart,1642847,Jeremiah Fears,3,9.4,44.7,13.0,5.0,11.0,3.0,9.0,3.0,0.0,Regular Season
1629655,Daniel Gafford,1642875,Maxime Raynaud,2,8.3,44.7,2.0,1.0,2.0,0.0,0.0,0.0,0.0,Regular Season
1630171,Isaac Okoro,1631260,AJ Green,4,7.3,44.7,10.0,4.0,8.0,1.0,3.0,0.0,1.0,Regular Season
1631157,Ryan Rollins,1631221,Collin Gillespie,2,7.9,44.7,3.0,1.0,2.0,1.0,2.0,1.0,0.0,Regular Season
1642265,Rob Dillingham,203471,Dennis Schröder,5,8.7,44.7,5.0,2.0,3.0,0.0,0.0,0.0,0.0,Regular Season
1641709,Ausar Thompson,201935,James Harden,3,7.9,44.7,8.0,4.0,5.0,0.0,0.0,2.0,0.0,Regular Season
1631321,Sidy Cissoko,201942,DeMar DeRozan,3,8.2,44.7,0.0,0.0,4.0,0.0,1.0,0.0,0.0,Regular Season
202695,Kawhi Leonard,203935,Marcus Smart,4,8.5,44.7,13.0,5.0,13.0,3.0,6.0,2.0,0.0,Regular Season
1642843,Cooper Flagg,203924,Jerami Grant,2,8.3,44.7,2.0,1.0,4.0,0.0,2.0,0.0,0.0,Regular Season
1631221,Collin Gillespie,1630530,Trey Murphy III,4,10.7,44.7,6.0,2.0,8.0,2.0,7.0,1.0,0.0,Regular Season
1628415,Dillon Brooks,1630530,Trey Murphy III,3,6.7,44.7,17.0,6.0,14.0,1.0,6.0,1.0,2.0,Regular Season
1629029,Luka Dončić,1630228,Jonathan Kuminga,1,8.4,44.7,16.0,7.0,12.0,1.0,4.0,0.0,2.0,Regular Season
203994,Jusuf Nurkić,1630578,Alperen Sengun,2,8.7,44.7,17.0,7.0,11.0,2.0,2.0,0.0,0.0,Regular Season
1629216,Gabe Vincent,1630202,Payton Pritchard,3,10.6,44.6,14.0,4.0,8.0,4.0,8.0,0.0,1.0,Regular Season
1631095,Jabari Smith Jr.,1628983,Shai Gilgeous-Alexander,2,11.5,44.6,7.0,3.0,11.0,1.0,4.0,0.0,0.0,Regular Season
1641764,Brandin Podziemski,1628368,De'Aaron Fox,4,11.1,44.6,5.0,1.0,4.0,1.0,2.0,1.0,0.0,Regular Season
1642883,Sion James,1627742,Brandon Ingram,4,10.7,44.6,8.0,2.0,3.0,2.0,3.0,1.0,1.0,Regular Season
201142,Kevin Durant,1630180,Saddiq Bey,4,9.0,44.6,2.0,1.0,4.0,0.0,2.0,1.0,0.0,Regular Season
1626164,Devin Booker,1641718,Keyonte George,2,8.3,44.6,9.0,4.0,9.0,1.0,3.0,0.0,0.0,Regular Season
1630191,Isaiah Stewart,203994,Jusuf Nurkić,2,8.5,44.6,8.0,3.0,6.0,2.0,3.0,0.0,0.0,Regular Season
1626220,Royce O'Neale,201939,Stephen Curry,3,8.1,44.6,3.0,1.0,4.0,1.0,3.0,0.0,0.0,Regular Season
1627884,Derrick Jones Jr.,203944,Julius Randle,3,7.8,44.6,6.0,3.0,4.0,0.0,1.0,1.0,0.0,Regular Season
1630530,Trey Murphy III,203935,Marcus Smart,3,7.7,44.6,13.0,4.0,5.0,2.0,3.0,2.0,2.0,Regular Season
1628386,Jarrett Allen,203500,Steven Adams,2,9.4,44.5,4.0,2.0,3.0,0.0,0.0,2.0,0.0,Regular Season
203999,Nikola Jokić,203939,Dwight Powell,2,9.0,44.5,25.0,9.0,12.0,3.0,4.0,0.0,2.0,Regular Season
1627739,Kris Dunn,1630163,LaMelo Ball,2,8.8,44.5,2.0,1.0,5.0,0.0,4.0,0.0,0.0,Regular Season
202695,Kawhi Leonard,1630230,Naji Marshall,3,9.5,44.5,17.0,6.0,10.0,3.0,4.0,0.0,2.0,Regular Season
1631095,Jabari Smith Jr.,1642907,Cedric Coward,3,9.7,44.5,12.0,4.0,6.0,2.0,3.0,1.0,1.0,Regular Season
1630577,Julian Champagnie,1642907,Cedric Coward,3,8.7,44.5,11.0,4.0,7.0,3.0,6.0,0.0,0.0,Regular Season
203897,Zach LaVine,1628978,Donte DiVincenzo,4,7.3,44.5,5.0,2.0,6.0,1.0,4.0,1.0,0.0,Regular Season
1631096,Chet Holmgren,1628415,Dillon Brooks,4,7.8,44.5,5.0,2.0,3.0,0.0,1.0,2.0,1.0,Regular Season
1642882,Julian Reese,1627824,Guerschon Yabusele,2,9.8,44.5,0.0,0.0,4.0,0.0,0.0,2.0,0.0,Regular Season
1627739,Kris Dunn,1627750,Jamal Murray,3,8.1,44.5,0.0,0.0,3.0,0.0,1.0,0.0,0.0,Regular Season
1629674,Neemias Queta,1628436,Luke Kornet,2,9.3,44.5,6.0,3.0,3.0,0.0,0.0,0.0,0.0,Regular Season
203999,Nikola Jokić,1629011,Mitchell Robinson,2,9.3,44.5,17.0,4.0,14.0,1.0,10.0,1.0,4.0,Regular Season
1630172,Patrick Williams,1628384,OG Anunoby,4,8.9,44.5,6.0,2.0,6.0,1.0,5.0,1.0,1.0,Regular Season
201142,Kevin Durant,1642273,Kyshawn George,2,9.6,44.5,18.0,5.0,9.0,2.0,4.0,2.0,3.0,Regular Season
1630595,Cade Cunningham,1641739,Toumani Camara,2,7.4,44.5,8.0,3.0,5.0,1.0,1.0,1.0,0.0,Regular Season
1630178,Tyrese Maxey,1642377,Jaylen Wells,1,8.9,44.5,8.0,3.0,5.0,2.0,2.0,0.0,0.0,Regular Season
1642276,Kel'el Ware,1642882,Julian Reese,2,9.2,44.5,13.0,5.0,6.0,3.0,4.0,0.0,0.0,Regular Season
1642269,Devin Carter,1642847,Jeremiah Fears,2,9.0,44.5,8.0,3.0,8.0,1.0,4.0,0.0,0.0,Regular Season
1628970,Miles Bridges,1631230,Dominick Barlow,3,10.1,44.5,8.0,2.0,5.0,1.0,3.0,0.0,2.0,Regular Season
1628969,Mikal Bridges,1631260,AJ Green,3,9.6,44.4,9.0,2.0,7.0,1.0,5.0,0.0,2.0,Regular Season
1630245,Ayo Dosunmu,1630703,Scoot Henderson,3,7.6,44.4,7.0,3.0,4.0,1.0,1.0,0.0,0.0,Regular Season
1630595,Cade Cunningham,1629614,Andrew Nembhard,1,9.3,44.4,11.0,4.0,9.0,0.0,1.0,1.0,1.0,Regular Season
203924,Jerami Grant,1630162,Anthony Edwards,3,8.7,44.4,14.0,3.0,6.0,1.0,3.0,0.0,3.0,Regular Season
1641717,Cason Wallace,1630193,Immanuel Quickley,2,8.6,44.4,7.0,3.0,4.0,1.0,2.0,1.0,0.0,Regular Season
1628973,Jalen Brunson,1629638,Nickeil Alexander-Walker,3,10.2,44.4,20.0,8.0,15.0,4.0,5.0,1.0,0.0,Regular Season
1627884,Derrick Jones Jr.,1630162,Anthony Edwards,3,9.4,44.4,10.0,3.0,3.0,2.0,2.0,0.0,0.0,Regular Season
1628401,Derrick White,1626162,Kelly Oubre Jr.,4,7.7,44.4,12.0,4.0,8.0,4.0,7.0,1.0,0.0,Regular Season
1628978,Donte DiVincenzo,203471,Dennis Schröder,4,7.2,44.4,12.0,4.0,7.0,1.0,4.0,0.0,1.0,Regular Season
1629656,Quentin Grimes,1630202,Payton Pritchard,4,8.8,44.4,10.0,4.0,7.0,2.0,4.0,1.0,0.0,Regular Season
1630700,Dyson Daniels,1630596,Evan Mobley,4,8.8,44.4,4.0,2.0,7.0,0.0,1.0,0.0,0.0,Regular Season
203999,Nikola Jokić,1628396,Tony Bradley,2,7.8,44.4,13.0,3.0,5.0,1.0,1.0,2.0,0.0,Regular Season
1629652,Luguentz Dort,1628991,Jaren Jackson Jr.,2,7.6,44.4,5.0,1.0,8.0,1.0,6.0,0.0,0.0,Regular Season
1642875,Maxime Raynaud,1629674,Neemias Queta,2,8.6,44.3,11.0,5.0,8.0,1.0,1.0,0.0,0.0,Regular Season
1630578,Alperen Sengun,1630568,Luka Garza,2,8.8,44.3,8.0,4.0,8.0,0.0,0.0,3.0,0.0,Regular Season
1642270,Donovan Clingan,1630643,Jay Huff,2,10.2,44.3,8.0,3.0,9.0,0.0,3.0,2.0,2.0,Regular Season
1628963,Marvin Bagley III,1642875,Maxime Raynaud,3,7.4,44.3,10.0,5.0,5.0,0.0,0.0,1.0,0.0,Regular Season
1642281,Jaylon Tyson,1642851,Kon Knueppel,4,8.0,44.3,3.0,1.0,9.0,0.0,2.0,0.0,0.0,Regular Season
1629008,Michael Porter Jr.,1642281,Jaylon Tyson,3,7.9,44.3,15.0,6.0,11.0,3.0,7.0,1.0,0.0,Regular Season
1641783,Tristan da Silva,1641731,Bilal Coulibaly,4,6.6,44.3,5.0,2.0,3.0,0.0,0.0,2.0,1.0,Regular Season
203471,Dennis Schröder,1642265,Rob Dillingham,5,9.5,44.3,10.0,1.0,5.0,0.0,3.0,0.0,4.0,Regular Season
202696,Nikola Vučević,1642271,Kyle Filipowski,2,8.8,44.3,23.0,9.0,14.0,1.0,5.0,1.0,1.0,Regular Season
1630166,Deni Avdija,1641717,Cason Wallace,4,8.9,44.2,14.0,3.0,13.0,1.0,7.0,0.0,3.0,Regular Season
1630163,LaMelo Ball,1641708,Amen Thompson,2,9.4,44.2,8.0,3.0,7.0,2.0,5.0,2.0,0.0,Regular Season
1630695,Micah Potter,1628976,Wendell Carter Jr.,3,7.6,44.2,3.0,1.0,1.0,1.0,1.0,0.0,0.0,Regular Season
1629674,Neemias Queta,1627826,Ivica Zubac,2,9.5,44.2,8.0,4.0,7.0,0.0,0.0,0.0,1.0,Regular Season
1630168,Onyeka Okongwu,1628386,Jarrett Allen,2,6.8,44.2,14.0,6.0,8.0,2.0,2.0,1.0,0.0,Regular Season
1630545,Terrence Shannon Jr,1642877,Micah Peavy,2,7.8,44.2,12.0,1.0,5.0,0.0,3.0,1.0,3.0,Regular Season
1629638,Nickeil Alexander-Walker,1630178,Tyrese Maxey,3,7.1,44.2,13.0,4.0,9.0,3.0,7.0,2.0,1.0,Regular Season
1629008,Michael Porter Jr.,1629628,RJ Barrett,2,9.6,44.2,3.0,1.0,5.0,1.0,4.0,1.0,0.0,Regular Season
1630595,Cade Cunningham,1630230,Naji Marshall,2,9.0,44.2,11.0,5.0,13.0,0.0,2.0,0.0,1.0,Regular Season
1630183,Jaden McDaniels,1630230,Naji Marshall,3,7.9,44.2,11.0,4.0,6.0,3.0,4.0,0.0,0.0,Regular Season
1629008,Michael Porter Jr.,1630567,Scottie Barnes,3,8.9,44.1,27.0,8.0,10.0,3.0,4.0,2.0,3.0,Regular Season
1641731,Bilal Coulibaly,1630552,Jalen Johnson,2,8.1,44.1,3.0,1.0,3.0,0.0,2.0,0.0,1.0,Regular Season
1630558,Davion Mitchell,1630591,Jalen Suggs,4,8.8,44.1,9.0,4.0,5.0,1.0,1.0,1.0,0.0,Regular Season
203110,Draymond Green,1630578,Alperen Sengun,3,9.9,44.1,18.0,7.0,9.0,3.0,5.0,1.0,1.0,Regular Season
1641750,Ryan Kalkbrenner,1630578,Alperen Sengun,2,9.3,44.1,4.0,2.0,2.0,0.0,0.0,0.0,0.0,Regular Season
1630595,Cade Cunningham,1630567,Scottie Barnes,2,8.7,44.1,18.0,7.0,11.0,2.0,4.0,2.0,1.0,Regular Season
1642843,Cooper Flagg,1631230,Dominick Barlow,2,8.4,44.1,6.0,1.0,2.0,0.0,0.0,2.0,1.0,Regular Season
1631094,Paolo Banchero,203114,Khris Middleton,4,7.6,44.1,16.0,5.0,9.0,2.0,5.0,0.0,2.0,Regular Season
1630166,Deni Avdija,202695,Kawhi Leonard,4,8.6,44.1,8.0,3.0,7.0,2.0,4.0,3.0,0.0,Regular Season
1642867,Collin Murray-Boyles,203954,Joel Embiid,2,9.9,44.1,8.0,4.0,7.0,0.0,0.0,0.0,0.0,Regular Season
1641717,Cason Wallace,1630162,Anthony Edwards,4,7.4,44.1,4.0,1.0,7.0,0.0,3.0,0.0,1.0,Regular Season
1642879,Ben Saraf,1629638,Nickeil Alexander-Walker,3,8.5,44.1,2.0,1.0,2.0,0.0,1.0,3.0,0.0,Regular Season
1627884,Derrick Jones Jr.,1628983,Shai Gilgeous-Alexander,2,7.8,44.1,6.0,2.0,6.0,1.0,4.0,0.0,1.0,Regular Season
1630595,Cade Cunningham,1629006,Josh Okogie,2,8.1,44.1,0.0,0.0,1.0,0.0,0.0,3.0,0.0,Regular Season
1631245,Quenton Jackson,1628973,Jalen Brunson,2,9.1,44.1,9.0,2.0,3.0,2.0,3.0,0.0,1.0,Regular Season
1642259,Alex Sarr,1628392,Isaiah Hartenstein,2,8.5,44.0,12.0,5.0,10.0,2.0,4.0,0.0,0.0,Regular Season
1627739,Kris Dunn,1628368,De'Aaron Fox,3,9.0,44.0,5.0,2.0,5.0,0.0,1.0,1.0,1.0,Regular Season
203471,Dennis Schröder,1628983,Shai Gilgeous-Alexander,3,9.2,44.0,4.0,2.0,6.0,0.0,2.0,0.0,0.0,Regular Season
1642273,Kyshawn George,1631097,Bennedict Mathurin,2,8.9,44.0,9.0,3.0,5.0,2.0,2.0,2.0,2.0,Regular Season
1630552,Jalen Johnson,1631248,Baylor Scheierman,4,8.6,44.0,19.0,7.0,9.0,3.0,4.0,2.0,0.0,Regular Season
1627749,Dejounte Murray,1641708,Amen Thompson,2,9.7,44.0,10.0,4.0,4.0,1.0,1.0,2.0,0.0,Regular Season
204456,T.J. McConnell,1642267,Bub Carrington,3,9.8,44.0,6.0,3.0,3.0,0.0,0.0,2.0,0.0,Regular Season
1641706,Brandon Miller,1641824,Matas Buzelis,4,10.6,44.0,18.0,7.0,13.0,4.0,7.0,0.0,0.0,Regular Season
1629627,Zion Williamson,1630578,Alperen Sengun,3,9.1,44.0,20.0,8.0,9.0,0.0,0.0,0.0,3.0,Regular Season
1629611,Terance Mann,1630202,Payton Pritchard,3,8.8,44.0,6.0,2.0,3.0,2.0,3.0,1.0,0.0,Regular Season
1642954,Will Richard,1630170,Devin Vassell,3,9.5,44.0,0.0,0.0,2.0,0.0,2.0,1.0,0.0,Regular Season
1629028,Deandre Ayton,1629651,Nic Claxton,2,8.3,44.0,0.0,0.0,0.0,0.0,0.0,1.0,0.0,Regular Season
1642846,Ace Bailey,1629060,Rui Hachimura,4,6.8,44.0,14.0,6.0,10.0,0.0,2.0,0.0,2.0,Regular Season
1628976,Wendell Carter Jr.,203994,Jusuf Nurkić,2,9.8,44.0,11.0,5.0,5.0,1.0,1.0,2.0,0.0,Regular Season
202685,Jonas Valanciunas,203497,Rudy Gobert,4,9.6,44.0,5.0,1.0,5.0,0.0,0.0,0.0,2.0,Regular Season
203500,Steven Adams,203999,Nikola Jokić,3,9.2,44.0,2.0,1.0,2.0,0.0,0.0,0.0,0.0,Regular Season
203924,Jerami Grant,1642843,Cooper Flagg,2,8.3,44.0,19.0,6.0,12.0,4.0,7.0,0.0,1.0,Regular Season
1628401,Derrick White,1642856,Egor Dëmin,3,7.9,43.9,4.0,2.0,6.0,0.0,2.0,1.0,0.0,Regular Season
1630552,Jalen Johnson,1641824,Matas Buzelis,3,7.0,43.9,9.0,3.0,8.0,0.0,3.0,2.0,2.0,Regular Season
1631105,Jalen Duren,1628389,Bam Adebayo,2,8.9,43.9,16.0,8.0,12.0,0.0,0.0,1.0,0.0,Regular Season
203507,Giannis Antetokounmpo,1628404,Josh Hart,2,9.9,43.9,15.0,7.0,9.0,0.0,1.0,4.0,1.0,Regular Season
1630178,Tyrese Maxey,1631248,Baylor Scheierman,2,8.6,43.9,10.0,4.0,8.0,1.0,3.0,0.0,1.0,Regular Season
1630183,Jaden McDaniels,203924,Jerami Grant,4,8.9,43.9,10.0,4.0,6.0,2.0,3.0,2.0,0.0,Regular Season
1631114,Jalen Williams,1626220,Royce O'Neale,4,6.8,43.9,14.0,6.0,7.0,0.0,0.0,2.0,1.0,Regular Season
1629750,Javonte Green,1630217,Desmond Bane,4,8.8,43.9,3.0,1.0,5.0,1.0,5.0,0.0,0.0,Regular Season
1641708,Amen Thompson,1630611,Gui Santos,3,10.5,43.9,5.0,2.0,5.0,0.0,1.0,0.0,1.0,Regular Season
1642846,Ace Bailey,1630217,Desmond Bane,2,8.7,43.9,5.0,2.0,7.0,1.0,5.0,2.0,0.0,Regular Season
1628973,Jalen Brunson,1630174,Aaron Nesmith,2,9.2,43.9,18.0,5.0,15.0,2.0,7.0,1.0,3.0,Regular Season
1629636,Darius Garland,1629638,Nickeil Alexander-Walker,1,6.9,43.9,8.0,3.0,7.0,0.0,2.0,2.0,1.0,Regular Season
202696,Nikola Vučević,1629674,Neemias Queta,2,6.8,43.9,15.0,6.0,12.0,3.0,4.0,1.0,0.0,Regular Season
1629023,P.J. Washington,1629628,RJ Barrett,2,9.6,43.8,14.0,5.0,8.0,2.0,4.0,2.0,2.0,Regular Season
203468,CJ McCollum,1629656,Quentin Grimes,3,8.6,43.8,7.0,1.0,7.0,0.0,3.0,0.0,1.0,Regular Season
1630577,Julian Champagnie,1629661,Cameron Johnson,3,10.1,43.8,11.0,3.0,5.0,2.0,4.0,0.0,1.0,Regular Season
1630217,Desmond Bane,1629645,Kevin Porter Jr.,2,8.4,43.8,16.0,5.0,7.0,2.0,3.0,0.0,2.0,Regular Season
1642270,Donovan Clingan,1629028,Deandre Ayton,2,8.6,43.8,0.0,0.0,3.0,0.0,3.0,0.0,0.0,Regular Season
203954,Joel Embiid,1629011,Mitchell Robinson,2,8.5,43.8,21.0,7.0,12.0,1.0,3.0,2.0,5.0,Regular Season
1641824,Matas Buzelis,1628384,OG Anunoby,4,8.2,43.8,12.0,3.0,7.0,3.0,6.0,2.0,3.0,Regular Season
1628989,Kevin Huerter,1628379,Luke Kennard,4,7.5,43.8,2.0,1.0,1.0,0.0,0.0,0.0,0.0,Regular Season
201935,James Harden,1642267,Bub Carrington,3,8.7,43.8,10.0,2.0,4.0,0.0,1.0,1.0,2.0,Regular Season
1631095,Jabari Smith Jr.,1641764,Brandin Podziemski,3,9.9,43.8,9.0,2.0,5.0,1.0,3.0,1.0,1.0,Regular Season
1641708,Amen Thompson,1641717,Cason Wallace,2,10.6,43.8,9.0,4.0,10.0,0.0,5.0,0.0,1.0,Regular Season
1628404,Josh Hart,1630572,Sandro Mamukelashvili,5,9.2,43.8,10.0,4.0,6.0,2.0,3.0,2.0,0.0,Regular Season
1630224,Jalen Green,1631172,Ousmane Dieng,2,8.9,43.8,7.0,2.0,10.0,1.0,6.0,3.0,1.0,Regular Season
1627750,Jamal Murray,1631099,Keegan Murray,2,9.3,43.8,10.0,4.0,8.0,2.0,3.0,0.0,0.0,Regular Season
1631096,Chet Holmgren,1626220,Royce O'Neale,4,8.0,43.8,13.0,4.0,6.0,0.0,1.0,0.0,3.0,Regular Season
1630558,Davion Mitchell,1627750,Jamal Murray,2,6.5,43.7,6.0,3.0,4.0,0.0,0.0,1.0,0.0,Regular Season
1642867,Collin Murray-Boyles,1628976,Wendell Carter Jr.,2,9.3,43.7,5.0,1.0,2.0,0.0,0.0,1.0,1.0,Regular Season
1631230,Dominick Barlow,1628381,John Collins,2,8.6,43.7,9.0,4.0,4.0,0.0,0.0,0.0,1.0,Regular Season
1630577,Julian Champagnie,1629130,Duncan Robinson,2,9.7,43.7,3.0,1.0,4.0,1.0,4.0,1.0,0.0,Regular Season
1631108,Max Christie,1629636,Darius Garland,2,8.1,43.7,4.0,0.0,4.0,0.0,3.0,1.0,2.0,Regular Season
1628963,Marvin Bagley III,1630168,Onyeka Okongwu,3,9.3,43.7,9.0,4.0,8.0,1.0,2.0,0.0,0.0,Regular Season
1631097,Bennedict Mathurin,1629614,Andrew Nembhard,2,9.1,43.7,8.0,1.0,4.0,0.0,1.0,0.0,2.0,Regular Season
1641705,Victor Wembanyama,1631114,Jalen Williams,4,10.3,43.7,6.0,3.0,8.0,0.0,0.0,3.0,0.0,Regular Season
1628969,Mikal Bridges,1631095,Jabari Smith Jr.,2,8.8,43.7,2.0,1.0,3.0,0.0,1.0,0.0,0.0,Regular Season
1630202,Payton Pritchard,1641717,Cason Wallace,2,11.2,43.7,8.0,3.0,8.0,2.0,4.0,0.0,0.0,Regular Season
1642845,VJ Edgecombe,1641708,Amen Thompson,2,6.8,43.7,3.0,1.0,1.0,0.0,0.0,2.0,1.0,Regular Season
1630578,Alperen Sengun,1630572,Sandro Mamukelashvili,2,9.4,43.7,9.0,3.0,9.0,0.0,1.0,2.0,1.0,Regular Season
1641708,Amen Thompson,1630530,Trey Murphy III,3,8.3,43.7,12.0,5.0,7.0,0.0,0.0,2.0,1.0,Regular Season
1626167,Myles Turner,1630572,Sandro Mamukelashvili,4,7.7,43.7,8.0,3.0,6.0,2.0,4.0,0.0,0.0,Regular Season
1628384,OG Anunoby,1630595,Cade Cunningham,2,7.7,43.6,2.0,0.0,5.0,0.0,3.0,0.0,1.0,Regular Season
1642950,Lachlan Olbrich,1630619,Moussa Cisse,2,7.2,43.6,4.0,2.0,4.0,0.0,0.0,1.0,0.0,Regular Season
1641739,Toumani Camara,1630577,Julian Champagnie,3,10.3,43.6,6.0,2.0,4.0,2.0,3.0,0.0,0.0,Regular Season
203944,Julius Randle,1630596,Evan Mobley,2,10.8,43.6,12.0,5.0,15.0,1.0,4.0,0.0,0.0,Regular Season
1641709,Ausar Thompson,1630552,Jalen Johnson,4,10.0,43.6,12.0,5.0,7.0,0.0,0.0,0.0,1.0,Regular Season
1628389,Bam Adebayo,1630596,Evan Mobley,2,10.1,43.6,15.0,5.0,17.0,1.0,8.0,2.0,2.0,Regular Season
1626164,Devin Booker,1630530,Trey Murphy III,4,7.8,43.6,19.0,8.0,12.0,1.0,5.0,3.0,1.0,Regular Season
1642285,Cam Spencer,1630529,Herbert Jones,3,6.9,43.6,11.0,4.0,5.0,3.0,4.0,1.0,0.0,Regular Season
1628398,Kyle Kuzma,1628970,Miles Bridges,4,6.1,43.6,9.0,4.0,6.0,1.0,2.0,0.0,0.0,Regular Season
201142,Kevin Durant,1629004,Svi Mykhailiuk,3,8.3,43.6,16.0,7.0,10.0,2.0,3.0,0.0,1.0,Regular Season
1631221,Collin Gillespie,1628975,Jevon Carter,2,9.2,43.6,13.0,4.0,7.0,1.0,2.0,0.0,2.0,Regular Season
1642345,Oso Ighodaro,1627826,Ivica Zubac,4,8.4,43.6,4.0,2.0,4.0,0.0,0.0,0.0,0.0,Regular Season
201566,Russell Westbrook,1628983,Shai Gilgeous-Alexander,3,8.7,43.6,15.0,6.0,10.0,2.0,2.0,0.0,0.0,Regular Season
1630530,Trey Murphy III,1642869,Noah Penda,1,8.0,43.6,15.0,6.0,7.0,2.0,2.0,0.0,1.0,Regular Season
1641712,Rayan Rupert,1642843,Cooper Flagg,2,8.7,43.6,6.0,3.0,5.0,0.0,2.0,1.0,0.0,Regular Season
1630191,Isaiah Stewart,1642345,Oso Ighodaro,2,8.9,43.6,7.0,1.0,2.0,0.0,1.0,2.0,2.0,Regular Season
1631095,Jabari Smith Jr.,203484,Kentavious Caldwell-Pope,2,8.7,43.6,7.0,3.0,3.0,1.0,1.0,0.0,0.0,Regular Season
1628436,Luke Kornet,201572,Brook Lopez,2,9.6,43.6,6.0,3.0,4.0,0.0,0.0,1.0,0.0,Regular Season
1641710,Anthony Black,1641706,Brandon Miller,2,9.1,43.6,3.0,1.0,5.0,0.0,0.0,1.0,1.0,Regular Season
1642267,Bub Carrington,1641709,Ausar Thompson,3,9.0,43.6,11.0,4.0,9.0,3.0,7.0,0.0,0.0,Regular Season
1628366,Lonzo Ball,1630193,Immanuel Quickley,2,8.4,43.6,6.0,2.0,6.0,2.0,5.0,1.0,0.0,Regular Season
1631245,Quenton Jackson,1630178,Tyrese Maxey,3,7.0,43.6,3.0,1.0,3.0,0.0,2.0,0.0,1.0,Regular Season
1630530,Trey Murphy III,1631222,Jake LaRavia,3,8.9,43.6,16.0,6.0,8.0,3.0,5.0,0.0,1.0,Regular Season
1642860,Will Riley,1631170,Jaime Jaquez Jr.,4,8.0,43.6,9.0,3.0,10.0,1.0,5.0,0.0,0.0,Regular Season
1628973,Jalen Brunson,1630530,Trey Murphy III,2,8.0,43.5,14.0,5.0,11.0,2.0,6.0,0.0,0.0,Regular Season
203471,Dennis Schröder,1630202,Payton Pritchard,3,10.0,43.5,0.0,0.0,7.0,0.0,3.0,1.0,0.0,Regular Season
1626162,Kelly Oubre Jr.,1630180,Saddiq Bey,2,7.4,43.5,15.0,5.0,7.0,3.0,5.0,0.0,2.0,Regular Season
1642461,Spencer Jones,203114,Khris Middleton,2,8.6,43.5,3.0,1.0,2.0,1.0,2.0,0.0,0.0,Regular Season
1628392,Isaiah Hartenstein,1642270,Donovan Clingan,2,7.9,43.5,7.0,2.0,3.0,0.0,0.0,1.0,2.0,Regular Season
1628378,Donovan Mitchell,1641796,Pelle Larsson,3,7.4,43.5,9.0,3.0,8.0,1.0,4.0,0.0,1.0,Regular Season
1642843,Cooper Flagg,1641796,Pelle Larsson,2,8.6,43.5,10.0,4.0,8.0,0.0,2.0,0.0,1.0,Regular Season
1630178,Tyrese Maxey,1642264,Stephon Castle,2,9.1,43.5,5.0,2.0,8.0,0.0,3.0,3.0,0.0,Regular Season
1629614,Andrew Nembhard,1641708,Amen Thompson,2,8.1,43.5,5.0,2.0,5.0,1.0,3.0,1.0,1.0,Regular Season
1629631,De'Andre Hunter,1642258,Zaccharie Risacher,2,7.1,43.5,8.0,4.0,5.0,0.0,1.0,0.0,0.0,Regular Season
1628368,De'Aaron Fox,1642267,Bub Carrington,2,9.1,43.5,6.0,2.0,9.0,2.0,5.0,1.0,0.0,Regular Season
203924,Jerami Grant,1641717,Cason Wallace,3,8.7,43.4,6.0,2.0,4.0,2.0,4.0,0.0,0.0,Regular Season
1628389,Bam Adebayo,1631105,Jalen Duren,2,9.1,43.4,22.0,7.0,14.0,4.0,8.0,1.0,2.0,Regular Season
1631260,AJ Green,1626181,Norman Powell,2,9.0,43.4,3.0,1.0,2.0,1.0,2.0,0.0,0.0,Regular Season
1628378,Donovan Mitchell,203924,Jerami Grant,2,8.3,43.4,8.0,2.0,10.0,2.0,6.0,3.0,1.0,Regular Season
1629675,Naz Reid,201587,Nicolas Batum,4,9.1,43.4,3.0,1.0,4.0,0.0,1.0,0.0,1.0,Regular Season
1630178,Tyrese Maxey,1630245,Ayo Dosunmu,3,7.9,43.4,4.0,1.0,6.0,0.0,2.0,1.0,0.0,Regular Season
1641710,Anthony Black,1630163,LaMelo Ball,3,8.4,43.4,9.0,2.0,6.0,2.0,4.0,0.0,2.0,Regular Season
1630578,Alperen Sengun,1629655,Daniel Gafford,3,10.0,43.4,9.0,4.0,10.0,0.0,0.0,0.0,1.0,Regular Season
1627750,Jamal Murray,1630170,Devin Vassell,3,8.0,43.4,5.0,1.0,4.0,0.0,0.0,1.0,1.0,Regular Season
1628384,OG Anunoby,1641738,Kobe Brown,2,8.5,43.3,14.0,5.0,11.0,2.0,3.0,0.0,1.0,Regular Season
1631096,Chet Holmgren,1628374,Lauri Markkanen,2,7.0,43.3,9.0,3.0,5.0,0.0,1.0,0.0,2.0,Regular Season
1630573,Sam Hauser,1628973,Jalen Brunson,3,9.2,43.3,3.0,1.0,2.0,1.0,2.0,1.0,0.0,Regular Season
203507,Giannis Antetokounmpo,1627783,Pascal Siakam,1,7.6,43.3,14.0,6.0,9.0,1.0,1.0,1.0,1.0,Regular Season
1628436,Luke Kornet,1628976,Wendell Carter Jr.,2,8.1,43.3,5.0,2.0,2.0,0.0,0.0,1.0,1.0,Regular Season
1626181,Norman Powell,1631165,Keon Ellis,3,9.0,43.3,14.0,4.0,6.0,1.0,3.0,1.0,1.0,Regular Season
1631105,Jalen Duren,1631217,Moussa Diabaté,3,8.6,43.2,19.0,9.0,12.0,0.0,0.0,1.0,1.0,Regular Season
1631107,Nikola Jović,1631094,Paolo Banchero,2,7.4,43.2,3.0,1.0,4.0,1.0,3.0,4.0,0.0,Regular Season
203999,Nikola Jokić,1641739,Toumani Camara,4,8.0,43.2,17.0,7.0,9.0,0.0,1.0,1.0,2.0,Regular Season
1626164,Devin Booker,1641708,Amen Thompson,3,6.7,43.2,13.0,5.0,7.0,1.0,1.0,1.0,1.0,Regular Season
1642347,Jamal Shead,1642450,Daniss Jenkins,2,8.3,43.2,3.0,1.0,3.0,1.0,2.0,0.0,0.0,Regular Season
1642875,Maxime Raynaud,1642852,Derik Queen,3,8.3,43.2,9.0,4.0,8.0,0.0,2.0,1.0,0.0,Regular Season
1630579,Jericho Sims,1629021,Moritz Wagner,3,10.9,43.2,8.0,2.0,2.0,0.0,0.0,0.0,0.0,Regular Season
1642851,Kon Knueppel,1628378,Donovan Mitchell,4,7.9,43.2,30.0,10.0,13.0,6.0,9.0,1.0,1.0,Regular Season
1630595,Cade Cunningham,1627759,Jaylen Brown,4,9.3,43.2,7.0,3.0,9.0,0.0,1.0,0.0,1.0,Regular Season
1641739,Toumani Camara,1628368,De'Aaron Fox,3,7.3,43.2,4.0,2.0,6.0,0.0,4.0,1.0,0.0,Regular Season
1628381,John Collins,1630230,Naji Marshall,4,7.3,43.2,10.0,4.0,5.0,0.0,0.0,1.0,0.0,Regular Season
1631094,Paolo Banchero,201935,James Harden,2,8.3,43.2,9.0,3.0,6.0,1.0,3.0,0.0,1.0,Regular Season
1630552,Jalen Johnson,203952,Andrew Wiggins,2,7.7,43.2,8.0,3.0,6.0,1.0,2.0,2.0,1.0,Regular Season
1631108,Max Christie,1627739,Kris Dunn,4,8.0,43.2,2.0,1.0,5.0,0.0,4.0,0.0,0.0,Regular Season
202699,Tobias Harris,201142,Kevin Durant,2,9.7,43.2,5.0,1.0,2.0,1.0,2.0,0.0,1.0,Regular Season
203924,Jerami Grant,202710,Jimmy Butler III,3,7.0,43.1,10.0,3.0,5.0,1.0,3.0,0.0,1.0,Regular Season
1642846,Ace Bailey,203944,Julius Randle,4,6.3,43.1,8.0,2.0,6.0,1.0,5.0,1.0,1.0,Regular Season
1630168,Onyeka Okongwu,203497,Rudy Gobert,2,6.9,43.1,7.0,3.0,5.0,1.0,2.0,0.0,0.0,Regular Season
1641705,Victor Wembanyama,201572,Brook Lopez,2,9.2,43.1,8.0,3.0,10.0,2.0,7.0,0.0,0.0,Regular Season
1631170,Jaime Jaquez Jr.,1642364,Jamir Watkins,3,7.7,43.1,21.0,9.0,13.0,2.0,3.0,5.0,1.0,Regular Season
1631106,Tari Eason,1631108,Max Christie,3,8.6,43.1,2.0,1.0,4.0,0.0,1.0,0.0,0.0,Regular Season
1630536,Sharife Cooper,1643007,Taelon Peter,3,8.0,43.1,11.0,4.0,7.0,0.0,2.0,3.0,1.0,Regular Season
203468,CJ McCollum,1641710,Anthony Black,2,7.3,43.1,16.0,6.0,9.0,2.0,3.0,1.0,0.0,Regular Season
1630183,Jaden McDaniels,1630581,Josh Giddey,2,8.4,43.1,5.0,2.0,6.0,1.0,1.0,0.0,0.0,Regular Season
1631221,Collin Gillespie,1630540,Miles McBride,2,8.9,43.1,5.0,2.0,8.0,1.0,7.0,1.0,0.0,Regular Season
1628368,De'Aaron Fox,1630541,Moses Moody,3,8.4,43.1,15.0,6.0,12.0,1.0,3.0,1.0,1.0,Regular Season
1629216,Gabe Vincent,1630314,Brandon Williams,3,8.2,43.1,11.0,4.0,7.0,3.0,6.0,0.0,0.0,Regular Season
1642276,Kel'el Ware,1630596,Evan Mobley,3,7.5,43.0,6.0,3.0,5.0,0.0,1.0,0.0,0.0,Regular Season
1630558,Davion Mitchell,1630202,Payton Pritchard,2,8.5,43.0,13.0,5.0,8.0,2.0,3.0,0.0,1.0,Regular Season
1631217,Moussa Diabaté,1630572,Sandro Mamukelashvili,4,10.0,43.0,4.0,2.0,4.0,0.0,0.0,0.0,1.0,Regular Season
1628969,Mikal Bridges,1626164,Devin Booker,2,8.7,43.0,6.0,2.0,5.0,2.0,5.0,0.0,0.0,Regular Season
1641708,Amen Thompson,1641705,Victor Wembanyama,4,9.2,43.0,6.0,3.0,14.0,0.0,0.0,0.0,0.0,Regular Season
1631128,Christian Braun,1630703,Scoot Henderson,3,10.0,43.0,7.0,3.0,5.0,1.0,3.0,0.0,0.0,Regular Season
1630577,Julian Champagnie,1631222,Jake LaRavia,4,6.8,43.0,3.0,1.0,4.0,0.0,1.0,0.0,2.0,Regular Season
1631126,Caleb Love,1641764,Brandin Podziemski,3,7.6,43.0,5.0,2.0,4.0,1.0,3.0,2.0,0.0,Regular Season
1630573,Sam Hauser,1641824,Matas Buzelis,3,10.6,43.0,3.0,1.0,8.0,1.0,6.0,0.0,0.0,Regular Season
1629627,Zion Williamson,1630192,Zeke Nnaji,2,8.9,43.0,10.0,5.0,11.0,0.0,0.0,1.0,0.0,Regular Season
1629636,Darius Garland,1630183,Jaden McDaniels,3,6.4,43.0,6.0,3.0,7.0,0.0,1.0,2.0,0.0,Regular Season
1627884,Derrick Jones Jr.,1630166,Deni Avdija,3,8.2,43.0,5.0,2.0,2.0,1.0,1.0,1.0,0.0,Regular Season
1642875,Maxime Raynaud,1629655,Daniel Gafford,2,9.6,43.0,11.0,5.0,7.0,1.0,1.0,0.0,0.0,Regular Season
1629645,Kevin Porter Jr.,1629638,Nickeil Alexander-Walker,2,8.3,42.9,6.0,3.0,7.0,0.0,0.0,0.0,0.0,Regular Season
1629048,Goga Bitadze,1626157,Karl-Anthony Towns,3,9.9,42.9,0.0,0.0,0.0,0.0,0.0,0.0,0.0,Regular Season
203932,Aaron Gordon,203944,Julius Randle,2,7.5,42.9,7.0,3.0,6.0,0.0,0.0,0.0,1.0,Regular Season
1641750,Ryan Kalkbrenner,1642259,Alex Sarr,2,7.7,42.9,4.0,2.0,3.0,0.0,0.0,0.0,0.0,Regular Season
1641824,Matas Buzelis,1641709,Ausar Thompson,3,7.8,42.9,13.0,5.0,6.0,2.0,2.0,2.0,1.0,Regular Season
1642852,Derik Queen,1630700,Dyson Daniels,2,10.3,42.9,6.0,2.0,5.0,0.0,1.0,2.0,1.0,Regular Season
1630217,Desmond Bane,1630700,Dyson Daniels,4,8.6,42.9,7.0,2.0,8.0,2.0,7.0,3.0,0.0,Regular Season
1631108,Max Christie,1628978,Donte DiVincenzo,3,7.7,42.9,0.0,0.0,2.0,0.0,1.0,0.0,0.0,Regular Season
1629675,Naz Reid,1627936,Alex Caruso,3,9.9,42.9,6.0,2.0,6.0,0.0,2.0,1.0,0.0,Regular Season
203078,Bradley Beal,1628960,Grayson Allen,3,9.2,42.9,5.0,2.0,8.0,1.0,3.0,2.0,0.0,Regular Season
1630559,Austin Reaves,1628978,Donte DiVincenzo,3,8.4,42.9,10.0,3.0,5.0,1.0,3.0,0.0,2.0,Regular Season
1631217,Moussa Diabaté,1629655,Daniel Gafford,2,10.1,42.8,6.0,3.0,3.0,0.0,0.0,1.0,0.0,Regular Season
1629130,Duncan Robinson,1629639,Tyler Herro,2,8.4,42.8,5.0,2.0,5.0,1.0,3.0,0.0,0.0,Regular Season
1630192,Zeke Nnaji,1629627,Zion Williamson,2,8.6,42.8,0.0,0.0,1.0,0.0,1.0,0.0,0.0,Regular Season
1629029,Luka Dončić,1630230,Naji Marshall,2,7.3,42.8,15.0,3.0,7.0,2.0,4.0,4.0,2.0,Regular Season
1630631,Jose Alvarado,1630198,Isaiah Joe,5,9.2,42.8,7.0,3.0,5.0,1.0,2.0,1.0,0.0,Regular Season
1630168,Onyeka Okongwu,1630567,Scottie Barnes,4,5.6,42.8,7.0,3.0,5.0,0.0,0.0,1.0,1.0,Regular Season
1641739,Toumani Camara,201935,James Harden,2,7.4,42.8,0.0,0.0,4.0,0.0,3.0,0.0,0.0,Regular Season
1630217,Desmond Bane,1626181,Norman Powell,5,7.8,42.8,8.0,2.0,5.0,1.0,1.0,4.0,2.0,Regular Season
1642928,Dylan Cardwell,1630191,Isaiah Stewart,2,8.6,42.7,3.0,0.0,0.0,0.0,0.0,0.0,0.0,Regular Season
1629130,Duncan Robinson,1642848,Tre Johnson,3,7.2,42.7,9.0,3.0,8.0,3.0,7.0,1.0,0.0,Regular Season
1627750,Jamal Murray,1628997,Caleb Martin,3,8.1,42.7,6.0,3.0,7.0,0.0,2.0,2.0,0.0,Regular Season
1627739,Kris Dunn,1630202,Payton Pritchard,2,8.7,42.7,4.0,1.0,7.0,0.0,4.0,0.0,1.0,Regular Season
1630217,Desmond Bane,1631108,Max Christie,2,7.2,42.7,5.0,2.0,2.0,1.0,1.0,1.0,0.0,Regular Season
1631097,Bennedict Mathurin,1642273,Kyshawn George,2,9.2,42.7,12.0,4.0,7.0,2.0,2.0,1.0,1.0,Regular Season
1641764,Brandin Podziemski,1642264,Stephon Castle,4,9.2,42.7,11.0,4.0,5.0,2.0,3.0,0.0,1.0,Regular Season
1642259,Alex Sarr,1642270,Donovan Clingan,1,7.9,42.7,17.0,7.0,24.0,2.0,7.0,1.0,2.0,Regular Season
1642263,Reed Sheppard,1641718,Keyonte George,2,8.2,42.7,10.0,4.0,4.0,2.0,2.0,0.0,0.0,Regular Season
1642845,VJ Edgecombe,1642267,Bub Carrington,4,6.8,42.6,13.0,5.0,9.0,2.0,4.0,1.0,1.0,Regular Season
1641824,Matas Buzelis,1641706,Brandon Miller,4,9.4,42.6,12.0,4.0,7.0,3.0,5.0,3.0,1.0,Regular Season
1629651,Nic Claxton,1642271,Kyle Filipowski,2,9.2,42.6,5.0,2.0,6.0,0.0,1.0,0.0,2.0,Regular Season
1631221,Collin Gillespie,1641739,Toumani Camara,3,8.7,42.6,16.0,6.0,11.0,4.0,7.0,3.0,0.0,Regular Season
1641757,Jordan Miller,1642363,Nique Clifford,4,8.3,42.6,6.0,3.0,3.0,0.0,0.0,1.0,1.0,Regular Season
1628970,Miles Bridges,203924,Jerami Grant,2,9.4,42.6,8.0,2.0,4.0,0.0,2.0,2.0,2.0,Regular Season
1631094,Paolo Banchero,1629029,Luka Dončić,2,7.1,42.6,13.0,3.0,8.0,1.0,3.0,1.0,3.0,Regular Season
1642382,Branden Carlson,1629111,Jock Landale,2,7.9,42.6,10.0,4.0,9.0,2.0,7.0,0.0,0.0,Regular Season
1628978,Donte DiVincenzo,1630178,Tyrese Maxey,2,8.8,42.6,2.0,0.0,2.0,0.0,2.0,0.0,1.0,Regular Season
1630558,Davion Mitchell,1630162,Anthony Edwards,2,7.2,42.6,4.0,2.0,7.0,0.0,3.0,0.0,0.0,Regular Season
1628991,Jaren Jackson Jr.,1631094,Paolo Banchero,3,6.2,42.6,3.0,1.0,9.0,0.0,1.0,1.0,1.0,Regular Season
201935,James Harden,1631212,Peyton Watson,2,7.5,42.6,5.0,2.0,6.0,1.0,4.0,2.0,0.0,Regular Season
1630171,Isaac Okoro,1627742,Brandon Ingram,2,9.5,42.6,5.0,2.0,4.0,0.0,2.0,0.0,1.0,Regular Season
1629638,Nickeil Alexander-Walker,1627759,Jaylen Brown,3,8.3,42.6,9.0,3.0,9.0,3.0,8.0,0.0,0.0,Regular Season
1629130,Duncan Robinson,1629004,Svi Mykhailiuk,2,7.5,42.6,6.0,2.0,3.0,2.0,3.0,1.0,0.0,Regular Season
1642276,Kel'el Ware,1630572,Sandro Mamukelashvili,4,9.1,42.6,5.0,2.0,5.0,1.0,2.0,2.0,0.0,Regular Season
201939,Stephen Curry,1630534,Ochai Agbaji,2,7.2,42.6,16.0,3.0,12.0,1.0,3.0,0.0,5.0,Regular Season
1627739,Kris Dunn,1630578,Alperen Sengun,4,8.4,42.5,16.0,6.0,8.0,4.0,6.0,1.0,1.0,Regular Season
1642263,Reed Sheppard,1630631,Jose Alvarado,3,9.1,42.5,9.0,3.0,3.0,3.0,3.0,0.0,0.0,Regular Season
1630568,Luka Garza,1630549,Day'Ron Sharpe,3,8.6,42.5,9.0,3.0,5.0,3.0,4.0,0.0,0.0,Regular Season
1626220,Royce O'Neale,1642843,Cooper Flagg,3,8.9,42.5,0.0,0.0,3.0,0.0,3.0,1.0,0.0,Regular Season
1626164,Devin Booker,1629006,Josh Okogie,3,8.4,42.5,6.0,2.0,4.0,1.0,2.0,1.0,1.0,Regular Season
1641705,Victor Wembanyama,1628997,Caleb Martin,2,8.7,42.5,4.0,1.0,3.0,0.0,0.0,1.0,0.0,Regular Season
1631114,Jalen Williams,1628415,Dillon Brooks,4,6.8,42.5,20.0,5.0,8.0,2.0,4.0,2.0,4.0,Regular Season
1630230,Naji Marshall,1629640,Keldon Johnson,3,9.1,42.5,6.0,1.0,1.0,1.0,1.0,0.0,2.0,Regular Season
1630170,Devin Vassell,1629060,Rui Hachimura,3,7.5,42.5,2.0,0.0,3.0,0.0,2.0,0.0,1.0,Regular Season
1630567,Scottie Barnes,1631133,Jabari Walker,4,8.6,42.5,7.0,1.0,7.0,0.0,1.0,2.0,2.0,Regular Season
1631119,Jaylin Williams,1631105,Jalen Duren,1,7.9,42.4,14.0,4.0,7.0,3.0,6.0,1.0,1.0,Regular Season
1630178,Tyrese Maxey,1630230,Naji Marshall,2,9.1,42.4,8.0,4.0,12.0,0.0,5.0,0.0,0.0,Regular Season
1630166,Deni Avdija,1630529,Herbert Jones,3,7.9,42.4,3.0,0.0,3.0,0.0,2.0,0.0,1.0,Regular Season
1630558,Davion Mitchell,1630559,Austin Reaves,2,7.5,42.4,9.0,4.0,4.0,1.0,1.0,1.0,0.0,Regular Season
201142,Kevin Durant,1630530,Trey Murphy III,3,7.6,42.4,12.0,4.0,8.0,2.0,4.0,2.0,1.0,Regular Season
1642276,Kel'el Ware,203999,Nikola Jokić,2,7.4,42.4,9.0,3.0,5.0,1.0,3.0,0.0,1.0,Regular Season
203932,Aaron Gordon,201950,Jrue Holiday,3,9.2,42.4,6.0,2.0,6.0,0.0,3.0,0.0,0.0,Regular Season
203935,Marcus Smart,202695,Kawhi Leonard,4,7.5,42.4,4.0,2.0,7.0,0.0,4.0,1.0,0.0,Regular Season
1641730,Noah Clowney,202699,Tobias Harris,2,9.1,42.4,7.0,1.0,4.0,0.0,3.0,1.0,3.0,Regular Season
201935,James Harden,1629638,Nickeil Alexander-Walker,3,9.5,42.4,14.0,4.0,10.0,2.0,3.0,3.0,2.0,Regular Season
1628969,Mikal Bridges,1642845,VJ Edgecombe,4,6.5,42.4,7.0,3.0,7.0,1.0,3.0,1.0,0.0,Regular Season
203497,Rudy Gobert,1642875,Maxime Raynaud,2,8.1,42.4,0.0,0.0,1.0,0.0,0.0,0.0,1.0,Regular Season
1627739,Kris Dunn,1642285,Cam Spencer,4,9.2,42.4,3.0,1.0,6.0,0.0,3.0,1.0,1.0,Regular Season
1641778,Leaky Black,1629012,Collin Sexton,2,8.4,42.4,0.0,0.0,2.0,0.0,1.0,1.0,0.0,Regular Season
1628991,Jaren Jackson Jr.,1628389,Bam Adebayo,2,8.7,42.4,16.0,6.0,11.0,1.0,3.0,2.0,0.0,Regular Season
1630202,Payton Pritchard,1629006,Josh Okogie,2,9.4,42.4,13.0,5.0,11.0,2.0,5.0,1.0,1.0,Regular Season
1630567,Scottie Barnes,1628389,Bam Adebayo,4,9.2,42.3,14.0,6.0,8.0,0.0,0.0,1.0,1.0,Regular Season
1630631,Jose Alvarado,1628368,De'Aaron Fox,4,8.9,42.3,5.0,2.0,4.0,1.0,3.0,0.0,0.0,Regular Season
1631108,Max Christie,1628973,Jalen Brunson,2,7.3,42.3,15.0,5.0,6.0,5.0,6.0,1.0,0.0,Regular Season
1629638,Nickeil Alexander-Walker,1630540,Miles McBride,2,7.5,42.3,12.0,4.0,8.0,1.0,4.0,1.0,1.0,Regular Season
1630162,Anthony Edwards,1630692,Jordan Goodwin,2,9.6,42.3,6.0,3.0,7.0,0.0,3.0,3.0,0.0,Regular Season
1641739,Toumani Camara,1630530,Trey Murphy III,3,7.8,42.3,3.0,1.0,5.0,1.0,3.0,1.0,0.0,Regular Season
203083,Andre Drummond,1630643,Jay Huff,3,8.3,42.3,0.0,0.0,3.0,0.0,0.0,0.0,0.0,Regular Season
1627739,Kris Dunn,1641764,Brandin Podziemski,4,11.3,42.3,8.0,3.0,7.0,2.0,4.0,2.0,0.0,Regular Season
1630200,Tre Jones,1642267,Bub Carrington,3,5.9,42.3,12.0,3.0,3.0,0.0,0.0,0.0,2.0,Regular Season
1642270,Donovan Clingan,1642271,Kyle Filipowski,4,7.4,42.3,10.0,4.0,7.0,0.0,2.0,1.0,1.0,Regular Season
1642377,Jaylen Wells,1631108,Max Christie,4,8.3,42.3,2.0,0.0,6.0,0.0,2.0,0.0,1.0,Regular Season
1630577,Julian Champagnie,1631221,Collin Gillespie,4,9.8,42.3,6.0,1.0,5.0,1.0,5.0,0.0,1.0,Regular Season
1630540,Miles McBride,1642851,Kon Knueppel,3,8.2,42.3,10.0,4.0,5.0,1.0,2.0,0.0,1.0,Regular Season
1642263,Reed Sheppard,1642363,Nique Clifford,4,7.6,42.3,8.0,3.0,7.0,2.0,4.0,5.0,0.0,Regular Season
1630567,Scottie Barnes,2544,LeBron James,2,7.9,42.3,2.0,1.0,4.0,0.0,2.0,0.0,0.0,Regular Season
1642281,Jaylon Tyson,203468,CJ McCollum,3,8.1,42.3,1.0,0.0,0.0,0.0,0.0,0.0,1.0,Regular Season
1642845,VJ Edgecombe,1626164,Devin Booker,2,7.7,42.3,2.0,1.0,5.0,0.0,3.0,2.0,0.0,Regular Season
1630572,Sandro Mamukelashvili,1626157,Karl-Anthony Towns,5,8.7,42.3,6.0,1.0,4.0,0.0,2.0,2.0,2.0,Regular Season
1627826,Ivica Zubac,1629111,Jock Landale,3,10.3,42.3,2.0,1.0,2.0,0.0,0.0,1.0,0.0,Regular Season
1630217,Desmond Bane,1629130,Duncan Robinson,3,7.7,42.3,8.0,4.0,10.0,0.0,1.0,0.0,0.0,Regular Season
1627742,Brandon Ingram,1641709,Ausar Thompson,3,8.4,42.2,10.0,4.0,8.0,1.0,3.0,1.0,0.0,Regular Season
203939,Dwight Powell,1628976,Wendell Carter Jr.,2,8.6,42.2,0.0,0.0,0.0,0.0,0.0,0.0,0.0,Regular Season
1630581,Josh Giddey,1630532,Franz Wagner,2,6.7,42.2,11.0,3.0,6.0,2.0,4.0,2.0,2.0,Regular Season
1642856,Egor Dëmin,1630202,Payton Pritchard,4,8.3,42.2,3.0,1.0,2.0,1.0,1.0,1.0,0.0,Regular Season
1629027,Trae Young,1630591,Jalen Suggs,2,7.8,42.2,6.0,3.0,5.0,0.0,1.0,2.0,0.0,Regular Season
203903,Jordan Clarkson,1631323,Simone Fontecchio,4,8.2,42.2,4.0,2.0,7.0,0.0,5.0,1.0,0.0,Regular Season
1629636,Darius Garland,1631108,Max Christie,2,8.7,42.2,15.0,6.0,11.0,3.0,8.0,2.0,0.0,Regular Season
1642285,Cam Spencer,1631221,Collin Gillespie,3,6.5,42.2,8.0,3.0,5.0,2.0,4.0,0.0,0.0,Regular Season
1628381,John Collins,1631230,Dominick Barlow,2,8.1,42.2,7.0,3.0,6.0,1.0,3.0,0.0,0.0,Regular Season
1642843,Cooper Flagg,1631212,Peyton Watson,4,8.9,42.2,16.0,7.0,11.0,1.0,2.0,0.0,1.0,Regular Season
1630552,Jalen Johnson,1631212,Peyton Watson,2,7.8,42.1,0.0,0.0,2.0,0.0,0.0,1.0,1.0,Regular Season
203501,Tim Hardaway Jr.,1631221,Collin Gillespie,3,7.8,42.1,10.0,4.0,9.0,2.0,7.0,0.0,0.0,Regular Season
1631096,Chet Holmgren,1629675,Naz Reid,4,8.1,42.1,15.0,5.0,6.0,1.0,1.0,0.0,2.0,Regular Season
1641708,Amen Thompson,1629628,RJ Barrett,2,10.1,42.1,3.0,1.0,3.0,0.0,0.0,1.0,2.0,Regular Season
1630200,Tre Jones,1629027,Trae Young,3,7.8,42.1,2.0,0.0,1.0,0.0,0.0,0.0,0.0,Regular Season
1629731,Dean Wade,1641824,Matas Buzelis,4,7.4,42.1,2.0,1.0,3.0,0.0,2.0,0.0,0.0,Regular Season
1626181,Norman Powell,1641739,Toumani Camara,2,6.7,42.1,8.0,3.0,5.0,0.0,1.0,1.0,1.0,Regular Season
1630200,Tre Jones,1641710,Anthony Black,4,8.4,42.1,5.0,2.0,7.0,1.0,3.0,2.0,0.0,Regular Season
1630173,Precious Achiuwa,1630578,Alperen Sengun,4,9.2,42.1,12.0,5.0,10.0,0.0,0.0,0.0,2.0,Regular Season
203084,Harrison Barnes,1626220,Royce O'Neale,3,8.8,42.1,3.0,1.0,4.0,1.0,3.0,0.0,0.0,Regular Season
1642845,VJ Edgecombe,201142,Kevin Durant,2,6.7,42.1,6.0,2.0,7.0,1.0,5.0,0.0,1.0,Regular Season
1627824,Guerschon Yabusele,1642882,Julian Reese,2,7.8,42.1,10.0,4.0,8.0,2.0,6.0,1.0,0.0,Regular Season
1626167,Myles Turner,1642345,Oso Ighodaro,2,6.1,42.0,3.0,1.0,1.0,1.0,1.0,0.0,0.0,Regular Season
1628969,Mikal Bridges,1642851,Kon Knueppel,4,7.8,42.0,9.0,4.0,8.0,1.0,3.0,0.0,0.0,Regular Season
1628374,Lauri Markkanen,1629750,Javonte Green,2,7.5,42.0,15.0,2.0,4.0,2.0,3.0,1.0,3.0,Regular Season
1630533,Ziaire Williams,1628973,Jalen Brunson,3,8.8,42.0,6.0,2.0,6.0,2.0,6.0,0.0,0.0,Regular Season
1631096,Chet Holmgren,1627826,Ivica Zubac,2,6.2,42.0,8.0,3.0,7.0,1.0,3.0,0.0,1.0,Regular Season
203944,Julius Randle,1631096,Chet Holmgren,4,6.8,42.0,15.0,5.0,10.0,3.0,4.0,3.0,2.0,Regular Season
1642843,Cooper Flagg,1631222,Jake LaRavia,3,7.5,42.0,16.0,5.0,9.0,1.0,3.0,1.0,2.0,Regular Season
1630581,Josh Giddey,1631212,Peyton Watson,1,7.4,42.0,8.0,3.0,3.0,0.0,0.0,1.0,1.0,Regular Season
203497,Rudy Gobert,202685,Jonas Valanciunas,4,7.6,42.0,6.0,2.0,4.0,0.0,1.0,0.0,0.0,Regular Season
1628983,Shai Gilgeous-Alexander,203952,Andrew Wiggins,2,8.5,42.0,8.0,3.0,11.0,1.0,3.0,0.0,1.0,Regular Season
201950,Jrue Holiday,202695,Kawhi Leonard,3,7.4,42.0,2.0,1.0,4.0,0.0,3.0,1.0,0.0,Regular Season
1630180,Saddiq Bey,201942,DeMar DeRozan,3,8.9,42.0,7.0,3.0,4.0,1.0,2.0,0.0,0.0,Regular Season
203497,Rudy Gobert,1641765,Olivier-Maxence Prosper,4,7.2,42.0,2.0,1.0,2.0,0.0,1.0,1.0,0.0,Regular Season
203897,Zach LaVine,1641717,Cason Wallace,3,9.2,42.0,16.0,6.0,8.0,4.0,6.0,1.0,0.0,Regular Season
1631170,Jaime Jaquez Jr.,1630552,Jalen Johnson,3,7.3,42.0,10.0,5.0,8.0,0.0,0.0,0.0,0.0,Regular Season
1627751,Jakob Poeltl,1630543,Isaiah Jackson,3,9.5,42.0,8.0,4.0,7.0,0.0,0.0,2.0,1.0,Regular Season
1626167,Myles Turner,1630596,Evan Mobley,2,7.7,42.0,10.0,3.0,8.0,2.0,4.0,1.0,1.0,Regular Season
1642263,Reed Sheppard,1630200,Tre Jones,2,8.5,41.9,2.0,1.0,4.0,0.0,3.0,0.0,0.0,Regular Season
1630174,Aaron Nesmith,1630552,Jalen Johnson,3,6.6,41.9,10.0,3.0,5.0,0.0,1.0,1.0,2.0,Regular Season
203952,Andrew Wiggins,1630552,Jalen Johnson,2,8.1,41.9,3.0,1.0,7.0,1.0,5.0,0.0,0.0,Regular Season
1630183,Jaden McDaniels,1642285,Cam Spencer,3,8.5,41.9,9.0,2.0,5.0,1.0,2.0,2.0,1.0,Regular Season
1631245,Quenton Jackson,1642845,VJ Edgecombe,3,9.1,41.9,7.0,3.0,7.0,1.0,4.0,0.0,0.0,Regular Season
1642845,VJ Edgecombe,1642920,Kobe Sanders,2,7.8,41.9,2.0,1.0,3.0,0.0,2.0,0.0,1.0,Regular Season
201142,Kevin Durant,1629631,De'Andre Hunter,2,10.2,41.9,16.0,5.0,11.0,1.0,4.0,2.0,0.0,Regular Season
203952,Andrew Wiggins,1630170,Devin Vassell,2,7.5,41.9,9.0,4.0,7.0,1.0,3.0,0.0,0.0,Regular Season
1631095,Jabari Smith Jr.,1629029,Luka Dončić,3,10.5,41.9,10.0,4.0,7.0,2.0,4.0,0.0,0.0,Regular Season
1628969,Mikal Bridges,1629636,Darius Garland,2,8.2,41.9,7.0,3.0,7.0,1.0,3.0,0.0,0.0,Regular Season
1628970,Miles Bridges,1641824,Matas Buzelis,4,8.7,41.9,9.0,3.0,11.0,1.0,6.0,0.0,0.0,Regular Season
1630230,Naji Marshall,1641730,Noah Clowney,3,8.4,41.9,17.0,8.0,8.0,0.0,0.0,0.0,1.0,Regular Season
1631321,Sidy Cissoko,1642268,Isaiah Collier,3,8.6,41.9,10.0,4.0,5.0,1.0,1.0,2.0,1.0,Regular Season
1629029,Luka Dončić,1641796,Pelle Larsson,2,7.4,41.9,11.0,3.0,9.0,0.0,4.0,2.0,3.0,Regular Season
1628389,Bam Adebayo,1630695,Micah Potter,2,7.4,41.9,6.0,3.0,8.0,0.0,2.0,1.0,0.0,Regular Season
1642851,Kon Knueppel,1631260,AJ Green,3,8.7,41.9,14.0,4.0,10.0,2.0,7.0,0.0,2.0,Regular Season
1642345,Oso Ighodaro,1631119,Jaylin Williams,3,9.4,41.9,6.0,3.0,5.0,0.0,0.0,0.0,0.0,Regular Season
1627750,Jamal Murray,1627739,Kris Dunn,3,7.8,41.9,10.0,3.0,6.0,1.0,3.0,0.0,1.0,Regular Season
1642377,Jaylen Wells,203897,Zach LaVine,3,6.6,41.9,11.0,3.0,5.0,3.0,4.0,0.0,0.0,Regular Season
203084,Harrison Barnes,201942,DeMar DeRozan,3,8.6,41.8,15.0,5.0,6.0,3.0,4.0,0.0,1.0,Regular Season
1630166,Deni Avdija,202710,Jimmy Butler III,3,8.5,41.8,7.0,3.0,8.0,1.0,5.0,2.0,0.0,Regular Season
1627739,Kris Dunn,201142,Kevin Durant,4,8.2,41.8,5.0,2.0,5.0,1.0,3.0,0.0,0.0,Regular Season
1630202,Payton Pritchard,1630533,Ziaire Williams,4,9.3,41.8,11.0,4.0,11.0,3.0,7.0,2.0,0.0,Regular Season
1628374,Lauri Markkanen,1628401,Derrick White,2,8.5,41.8,10.0,3.0,7.0,1.0,2.0,2.0,0.0,Regular Season
1642267,Bub Carrington,1628368,De'Aaron Fox,2,8.2,41.8,11.0,4.0,6.0,3.0,5.0,2.0,0.0,Regular Season
203954,Joel Embiid,1642867,Collin Murray-Boyles,2,9.4,41.8,13.0,3.0,7.0,2.0,5.0,4.0,2.0,Regular Season
1642860,Will Riley,1642857,Kasparas Jakučionis,4,8.6,41.8,5.0,2.0,5.0,1.0,4.0,0.0,0.0,Regular Season
201566,Russell Westbrook,1631097,Bennedict Mathurin,2,8.2,41.8,14.0,5.0,6.0,3.0,3.0,1.0,0.0,Regular Season
203468,CJ McCollum,1631097,Bennedict Mathurin,4,8.1,41.8,10.0,4.0,10.0,2.0,4.0,3.0,0.0,Regular Season
1630631,Jose Alvarado,1630163,LaMelo Ball,3,8.8,41.8,3.0,1.0,4.0,1.0,2.0,0.0,0.0,Regular Season
1628969,Mikal Bridges,1629614,Andrew Nembhard,3,6.3,41.7,6.0,2.0,3.0,0.0,0.0,0.0,0.0,Regular Season
203084,Harrison Barnes,1627742,Brandon Ingram,2,8.7,41.7,18.0,6.0,7.0,4.0,5.0,1.0,1.0,Regular Season
1641739,Toumani Camara,1628973,Jalen Brunson,2,7.0,41.7,2.0,0.0,3.0,0.0,3.0,1.0,1.0,Regular Season
1630529,Herbert Jones,1628368,De'Aaron Fox,3,8.1,41.7,2.0,1.0,4.0,0.0,2.0,1.0,0.0,Regular Season
1629023,P.J. Washington,203084,Harrison Barnes,2,8.4,41.7,13.0,5.0,7.0,2.0,3.0,0.0,1.0,Regular Season
1630163,LaMelo Ball,1627739,Kris Dunn,2,7.8,41.7,7.0,3.0,7.0,1.0,3.0,1.0,0.0,Regular Season
1630643,Jay Huff,1630596,Evan Mobley,3,7.3,41.7,18.0,7.0,13.0,4.0,9.0,0.0,0.0,Regular Season
1631105,Jalen Duren,1631119,Jaylin Williams,1,7.5,41.7,9.0,4.0,6.0,0.0,0.0,0.0,1.0,Regular Season
1631099,Keegan Murray,1631095,Jabari Smith Jr.,3,8.8,41.7,4.0,1.0,4.0,0.0,0.0,1.0,1.0,Regular Season
1628983,Shai Gilgeous-Alexander,1642845,VJ Edgecombe,2,8.3,41.7,16.0,5.0,6.0,0.0,1.0,1.0,3.0,Regular Season
1631230,Dominick Barlow,1642843,Cooper Flagg,2,8.5,41.7,10.0,4.0,6.0,1.0,1.0,0.0,1.0,Regular Season
1630166,Deni Avdija,1642377,Jaylen Wells,1,6.4,41.6,5.0,2.0,4.0,1.0,2.0,2.0,0.0,Regular Season
1642259,Alex Sarr,204001,Kristaps Porziņģis,2,8.0,41.6,11.0,3.0,9.0,1.0,3.0,0.0,3.0,Regular Season
201939,Stephen Curry,1627739,Kris Dunn,3,8.8,41.6,22.0,7.0,14.0,3.0,9.0,0.0,1.0,Regular Season
1630193,Immanuel Quickley,203468,CJ McCollum,2,7.6,41.6,12.0,3.0,5.0,2.0,3.0,0.0,2.0,Regular Season
1630188,Jalen Smith,1626157,Karl-Anthony Towns,3,8.7,41.6,13.0,5.0,10.0,3.0,8.0,1.0,1.0,Regular Season
1630619,Moussa Cisse,203937,Kyle Anderson,3,8.3,41.6,2.0,1.0,1.0,0.0,0.0,1.0,0.0,Regular Season
1630264,Anthony Gill,1629111,Jock Landale,2,9.3,41.6,5.0,2.0,3.0,1.0,1.0,1.0,0.0,Regular Season
1631099,Keegan Murray,1630166,Deni Avdija,2,6.8,41.6,4.0,2.0,5.0,0.0,1.0,0.0,0.0,Regular Season
1641716,Jarace Walker,1629661,Cameron Johnson,2,7.7,41.6,5.0,2.0,4.0,0.0,2.0,0.0,1.0,Regular Season
1642867,Collin Murray-Boyles,1627824,Guerschon Yabusele,5,9.1,41.6,6.0,3.0,3.0,0.0,0.0,0.0,0.0,Regular Season
1631157,Ryan Rollins,1628973,Jalen Brunson,3,7.8,41.6,15.0,5.0,7.0,4.0,4.0,3.0,1.0,Regular Season
1641710,Anthony Black,1627742,Brandon Ingram,2,8.2,41.6,15.0,4.0,5.0,2.0,3.0,1.0,3.0,Regular Season
1630700,Dyson Daniels,1628983,Shai Gilgeous-Alexander,2,7.1,41.6,3.0,1.0,3.0,1.0,1.0,0.0,0.0,Regular Season
1630596,Evan Mobley,1628384,OG Anunoby,3,7.9,41.6,5.0,2.0,3.0,1.0,1.0,0.0,0.0,Regular Season
1631113,Kennedy Chandler,1631351,Lucas Williamson,1,6.6,41.6,9.0,4.0,6.0,1.0,1.0,2.0,1.0,Regular Season
1642268,Isaiah Collier,1630314,Brandon Williams,3,7.5,41.6,4.0,2.0,6.0,0.0,3.0,2.0,0.0,Regular Season
1627759,Jaylen Brown,1629631,De'Andre Hunter,2,8.3,41.5,17.0,6.0,10.0,1.0,5.0,3.0,2.0,Regular Season
1641824,Matas Buzelis,1629628,RJ Barrett,2,8.3,41.5,8.0,3.0,6.0,1.0,4.0,0.0,1.0,Regular Season
1628374,Lauri Markkanen,1630171,Isaac Okoro,1,8.8,41.5,17.0,6.0,9.0,2.0,3.0,1.0,1.0,Regular Season
1642847,Jeremiah Fears,1629723,John Konchar,7,7.4,41.5,22.0,10.0,18.0,2.0,7.0,0.0,0.0,Regular Season
1630168,Onyeka Okongwu,1630191,Isaiah Stewart,3,8.5,41.5,16.0,6.0,11.0,3.0,6.0,3.0,1.0,Regular Season
1641796,Pelle Larsson,1629029,Luka Dončić,2,7.2,41.5,6.0,2.0,5.0,0.0,2.0,2.0,1.0,Regular Season
1626181,Norman Powell,1629611,Terance Mann,1,7.3,41.5,9.0,4.0,6.0,1.0,3.0,0.0,0.0,Regular Season
1627824,Guerschon Yabusele,1642867,Collin Murray-Boyles,4,8.5,41.5,8.0,3.0,7.0,2.0,4.0,0.0,0.0,Regular Season
1630191,Isaiah Stewart,1642276,Kel'el Ware,3,8.2,41.5,5.0,2.0,8.0,0.0,2.0,0.0,1.0,Regular Season
1631230,Dominick Barlow,2544,LeBron James,2,8.1,41.5,5.0,2.0,4.0,1.0,1.0,0.0,0.0,Regular Season
1642377,Jaylen Wells,201142,Kevin Durant,2,6.7,41.5,5.0,1.0,4.0,1.0,3.0,1.0,1.0,Regular Season
1641710,Anthony Black,203903,Jordan Clarkson,4,8.7,41.5,6.0,3.0,8.0,0.0,3.0,1.0,0.0,Regular Season
1642461,Spencer Jones,1631095,Jabari Smith Jr.,4,8.3,41.5,4.0,2.0,4.0,0.0,1.0,0.0,0.0,Regular Season
1642450,Daniss Jenkins,1628978,Donte DiVincenzo,2,7.7,41.5,10.0,4.0,10.0,2.0,5.0,0.0,0.0,Regular Season
1627741,Buddy Hield,1628978,Donte DiVincenzo,4,9.3,41.5,3.0,1.0,5.0,1.0,3.0,2.0,1.0,Regular Season
1630577,Julian Champagnie,1628973,Jalen Brunson,2,7.5,41.5,12.0,4.0,6.0,4.0,6.0,0.0,0.0,Regular Season
1642849,Nolan Traore,1642267,Bub Carrington,3,8.3,41.5,9.0,4.0,6.0,1.0,2.0,1.0,0.0,Regular Season
1629628,RJ Barrett,1642851,Kon Knueppel,2,7.5,41.4,10.0,4.0,11.0,0.0,1.0,0.0,4.0,Regular Season
1626167,Myles Turner,1630643,Jay Huff,4,9.3,41.4,12.0,5.0,12.0,1.0,7.0,0.0,1.0,Regular Season
1631105,Jalen Duren,1630596,Evan Mobley,3,7.1,41.4,16.0,6.0,12.0,0.0,0.0,0.0,3.0,Regular Season
1628378,Donovan Mitchell,1630558,Davion Mitchell,3,9.0,41.4,12.0,5.0,8.0,2.0,5.0,1.0,0.0,Regular Season
1629614,Andrew Nembhard,1629645,Kevin Porter Jr.,2,7.9,41.4,7.0,2.0,9.0,1.0,5.0,2.0,1.0,Regular Season
1630166,Deni Avdija,1629661,Cameron Johnson,4,6.0,41.4,12.0,4.0,6.0,1.0,2.0,2.0,2.0,Regular Season
1629651,Nic Claxton,1629028,Deandre Ayton,2,9.0,41.4,8.0,4.0,6.0,0.0,0.0,0.0,0.0,Regular Season
1631200,Kris Murray,1628381,John Collins,4,8.8,41.4,4.0,2.0,3.0,0.0,1.0,1.0,0.0,Regular Season
1642270,Donovan Clingan,1627826,Ivica Zubac,2,8.3,41.4,22.0,8.0,10.0,4.0,4.0,0.0,1.0,Regular Season
1630595,Cade Cunningham,1628401,Derrick White,4,8.0,41.4,25.0,9.0,21.0,3.0,4.0,1.0,1.0,Regular Season
1642266,Ja'Kobe Walter,1629014,Anfernee Simons,5,8.6,41.4,7.0,3.0,6.0,1.0,3.0,0.0,0.0,Regular Season
201935,James Harden,1629006,Josh Okogie,2,7.6,41.4,4.0,1.0,3.0,0.0,1.0,1.0,1.0,Regular Season
203501,Tim Hardaway Jr.,202691,Klay Thompson,3,6.8,41.4,4.0,1.0,3.0,1.0,2.0,0.0,1.0,Regular Season
1630559,Austin Reaves,1631221,Collin Gillespie,3,8.2,41.4,10.0,4.0,6.0,2.0,4.0,1.0,0.0,Regular Season
1630700,Dyson Daniels,1631230,Dominick Barlow,4,7.0,41.4,10.0,5.0,6.0,0.0,0.0,2.0,0.0,Regular Season
1642845,VJ Edgecombe,1631245,Quenton Jackson,3,7.6,41.4,6.0,2.0,7.0,0.0,2.0,1.0,0.0,Regular Season
201935,James Harden,1631128,Christian Braun,2,7.0,41.3,7.0,2.0,5.0,1.0,3.0,1.0,0.0,Regular Season
1642845,VJ Edgecombe,1630700,Dyson Daniels,3,7.4,41.3,11.0,4.0,6.0,2.0,3.0,1.0,1.0,Regular Season
1642845,VJ Edgecombe,1630200,Tre Jones,3,9.8,41.3,3.0,1.0,5.0,1.0,2.0,2.0,0.0,Regular Season
1630591,Jalen Suggs,1630200,Tre Jones,3,7.1,41.3,2.0,1.0,6.0,0.0,5.0,1.0,0.0,Regular Season
1642271,Kyle Filipowski,1641737,Adem Bona,2,9.1,41.3,4.0,0.0,6.0,0.0,4.0,1.0,2.0,Regular Season
1641710,Anthony Black,203468,CJ McCollum,2,7.3,41.3,2.0,1.0,7.0,0.0,4.0,4.0,0.0,Regular Season
203084,Harrison Barnes,1629029,Luka Dončić,3,7.7,41.3,5.0,1.0,2.0,1.0,2.0,0.0,0.0,Regular Season
203994,Jusuf Nurkić,1629028,Deandre Ayton,2,7.3,41.3,4.0,2.0,2.0,0.0,0.0,4.0,1.0,Regular Season
1630695,Micah Potter,1629048,Goga Bitadze,3,8.0,41.3,10.0,2.0,4.0,1.0,3.0,1.0,2.0,Regular Season
1629675,Naz Reid,1628971,Bruce Brown,4,7.6,41.3,13.0,5.0,10.0,2.0,5.0,0.0,1.0,Regular Season
203083,Andre Drummond,1627751,Jakob Poeltl,1,9.1,41.2,0.0,0.0,3.0,0.0,1.0,1.0,0.0,Regular Season
1641764,Brandin Podziemski,1627739,Kris Dunn,4,7.4,41.2,6.0,2.0,2.0,1.0,1.0,1.0,0.0,Regular Season
1628401,Derrick White,1630245,Ayo Dosunmu,3,7.4,41.2,7.0,2.0,7.0,1.0,3.0,0.0,1.0,Regular Season
1630567,Scottie Barnes,1630595,Cade Cunningham,2,9.3,41.2,2.0,1.0,7.0,0.0,2.0,0.0,0.0,Regular Season
201950,Jrue Holiday,1631128,Christian Braun,4,9.2,41.2,5.0,2.0,4.0,1.0,3.0,0.0,0.0,Regular Season
1630572,Sandro Mamukelashvili,1642276,Kel'el Ware,4,8.2,41.2,4.0,1.0,5.0,1.0,3.0,0.0,1.0,Regular Season
1642845,VJ Edgecombe,1642851,Kon Knueppel,3,9.2,41.2,4.0,2.0,4.0,0.0,0.0,1.0,0.0,Regular Season
1631170,Jaime Jaquez Jr.,1642860,Will Riley,4,6.7,41.2,4.0,1.0,3.0,0.0,0.0,1.0,1.0,Regular Season
203507,Giannis Antetokounmpo,1629652,Luguentz Dort,1,7.6,41.2,7.0,3.0,4.0,0.0,0.0,2.0,1.0,Regular Season
1642345,Oso Ighodaro,1630191,Isaiah Stewart,2,9.2,41.2,4.0,1.0,3.0,0.0,0.0,0.0,3.0,Regular Season
1628415,Dillon Brooks,1630162,Anthony Edwards,2,7.3,41.2,15.0,6.0,8.0,3.0,3.0,0.0,0.0,Regular Season
1628973,Jalen Brunson,1629652,Luguentz Dort,2,9.4,41.2,10.0,4.0,7.0,1.0,2.0,1.0,0.0,Regular Season
1642264,Stephon Castle,1629029,Luka Dončić,3,6.8,41.2,9.0,3.0,9.0,0.0,5.0,1.0,2.0,Regular Season
1629614,Andrew Nembhard,1642267,Bub Carrington,2,8.2,41.2,5.0,2.0,6.0,1.0,4.0,1.0,0.0,Regular Season
1631101,Shaedon Sharpe,1627739,Kris Dunn,3,6.7,41.2,2.0,1.0,8.0,0.0,4.0,2.0,0.0,Regular Season
1628978,Donte DiVincenzo,1626181,Norman Powell,2,7.1,41.2,2.0,1.0,3.0,0.0,2.0,1.0,0.0,Regular Season
1629631,De'Andre Hunter,201142,Kevin Durant,2,7.5,41.2,2.0,0.0,4.0,0.0,2.0,0.0,1.0,Regular Season
1630183,Jaden McDaniels,203897,Zach LaVine,4,7.4,41.2,6.0,3.0,7.0,0.0,2.0,0.0,0.0,Regular Season
201935,James Harden,203952,Andrew Wiggins,4,6.3,41.2,11.0,2.0,6.0,2.0,6.0,3.0,2.0,Regular Season
1629011,Mitchell Robinson,203999,Nikola Jokić,2,7.9,41.2,8.0,4.0,5.0,0.0,0.0,0.0,0.0,Regular Season
1628960,Grayson Allen,203078,Bradley Beal,3,8.6,41.1,8.0,3.0,6.0,2.0,5.0,0.0,0.0,Regular Season
1629004,Svi Mykhailiuk,1626164,Devin Booker,3,8.6,41.1,3.0,1.0,5.0,1.0,4.0,0.0,0.0,Regular Season
1642267,Bub Carrington,1626145,Tyus Jones,2,7.7,41.1,9.0,4.0,5.0,1.0,2.0,1.0,0.0,Regular Season
1631094,Paolo Banchero,1626220,Royce O'Neale,2,8.6,41.1,13.0,5.0,11.0,0.0,1.0,3.0,2.0,Regular Season
202696,Nikola Vučević,203954,Joel Embiid,2,6.5,41.1,6.0,2.0,3.0,0.0,1.0,1.0,0.0,Regular Season
1630529,Herbert Jones,203084,Harrison Barnes,4,8.7,41.1,8.0,3.0,9.0,2.0,8.0,2.0,0.0,Regular Season
1631121,Bryce McGowens,1626164,Devin Booker,3,7.3,41.1,0.0,0.0,3.0,0.0,1.0,0.0,0.0,Regular Season
201942,DeMar DeRozan,1631108,Max Christie,3,7.6,41.1,9.0,3.0,6.0,0.0,0.0,0.0,2.0,Regular Season
1642860,Will Riley,1631094,Paolo Banchero,2,8.1,41.1,5.0,2.0,6.0,1.0,4.0,0.0,0.0,Regular Season
1630162,Anthony Edwards,1627884,Derrick Jones Jr.,3,8.1,41.1,16.0,5.0,8.0,2.0,4.0,4.0,1.0,Regular Season
1630163,LaMelo Ball,1628978,Donte DiVincenzo,2,8.1,41.1,11.0,4.0,8.0,3.0,6.0,1.0,0.0,Regular Season
1641731,Bilal Coulibaly,1627742,Brandon Ingram,3,8.3,41.1,6.0,3.0,8.0,0.0,4.0,0.0,0.0,Regular Season
1630552,Jalen Johnson,1630551,Justin Champagnie,2,7.2,41.1,16.0,5.0,8.0,1.0,1.0,3.0,3.0,Regular Season
1630163,LaMelo Ball,1630631,Jose Alvarado,3,10.7,41.1,6.0,2.0,8.0,2.0,7.0,4.0,0.0,Regular Season
1628378,Donovan Mitchell,1641739,Toumani Camara,2,7.8,41.1,13.0,5.0,10.0,1.0,4.0,0.0,1.0,Regular Season
1630163,LaMelo Ball,1641775,Jordan Walsh,3,9.4,41.1,12.0,4.0,11.0,2.0,6.0,4.0,0.0,Regular Season
1631222,Jake LaRavia,1641729,Brice Sensabaugh,4,7.5,41.1,6.0,2.0,3.0,2.0,3.0,1.0,0.0,Regular Season
1642851,Kon Knueppel,1641767,Ben Sheppard,4,8.6,41.1,14.0,5.0,8.0,2.0,2.0,2.0,1.0,Regular Season
1629723,John Konchar,1642847,Jeremiah Fears,7,6.0,41.1,6.0,3.0,6.0,0.0,2.0,2.0,0.0,Regular Season
1631221,Collin Gillespie,1642285,Cam Spencer,3,8.3,41.1,5.0,2.0,5.0,1.0,3.0,0.0,0.0,Regular Season
1630558,Davion Mitchell,1642347,Jamal Shead,4,8.7,41.1,2.0,1.0,2.0,0.0,1.0,1.0,0.0,Regular Season
1629008,Michael Porter Jr.,1630171,Isaac Okoro,1,9.6,41.1,13.0,4.0,10.0,3.0,6.0,1.0,1.0,Regular Season
1628976,Wendell Carter Jr.,1629655,Daniel Gafford,2,8.5,41.1,10.0,2.0,4.0,1.0,1.0,0.0,2.0,Regular Season
1630529,Herbert Jones,1630170,Devin Vassell,4,8.3,41.1,2.0,1.0,4.0,0.0,3.0,0.0,0.0,Regular Season
1631106,Tari Eason,1629029,Luka Dončić,3,7.3,41.0,5.0,2.0,7.0,0.0,1.0,0.0,1.0,Regular Season
1628969,Mikal Bridges,1630162,Anthony Edwards,2,6.1,41.0,4.0,2.0,3.0,0.0,1.0,1.0,0.0,Regular Season
1641796,Pelle Larsson,1629632,Coby White,4,7.4,41.0,7.0,1.0,2.0,0.0,0.0,1.0,3.0,Regular Season
203924,Jerami Grant,1630183,Jaden McDaniels,4,7.4,41.0,13.0,4.0,10.0,4.0,8.0,3.0,1.0,Regular Season
1627759,Jaylen Brown,1627783,Pascal Siakam,3,8.5,41.0,5.0,2.0,7.0,0.0,1.0,3.0,0.0,Regular Season
1630172,Patrick Williams,1627742,Brandon Ingram,3,9.6,41.0,7.0,3.0,7.0,1.0,3.0,0.0,0.0,Regular Season
1631222,Jake LaRavia,1628983,Shai Gilgeous-Alexander,3,8.7,41.0,0.0,0.0,3.0,0.0,1.0,0.0,0.0,Regular Season
1630180,Saddiq Bey,202699,Tobias Harris,2,8.2,41.0,13.0,4.0,9.0,3.0,6.0,0.0,1.0,Regular Season
1626220,Royce O'Neale,203084,Harrison Barnes,3,8.1,41.0,6.0,2.0,4.0,2.0,3.0,0.0,0.0,Regular Season
1630202,Payton Pritchard,1631126,Caleb Love,2,8.8,41.0,8.0,3.0,5.0,2.0,3.0,1.0,0.0,Regular Season
202685,Jonas Valanciunas,1631105,Jalen Duren,2,10.2,41.0,7.0,3.0,6.0,0.0,0.0,2.0,1.0,Regular Season
1641767,Ben Sheppard,1642851,Kon Knueppel,4,7.3,41.0,4.0,2.0,8.0,0.0,4.0,0.0,0.0,Regular Season
202695,Kawhi Leonard,1642461,Spencer Jones,2,9.3,41.0,17.0,7.0,11.0,1.0,2.0,2.0,2.0,Regular Season
1631212,Peyton Watson,1630530,Trey Murphy III,3,8.0,41.0,13.0,4.0,7.0,2.0,3.0,0.0,2.0,Regular Season
201144,Mike Conley,1641708,Amen Thompson,3,8.7,41.0,2.0,1.0,2.0,0.0,1.0,0.0,0.0,Regular Season
201935,James Harden,1641708,Amen Thompson,2,8.6,40.9,8.0,2.0,4.0,2.0,3.0,2.0,1.0,Regular Season
1628960,Grayson Allen,1641796,Pelle Larsson,2,7.8,40.9,14.0,5.0,10.0,2.0,6.0,2.0,1.0,Regular Season
1629639,Tyler Herro,1641706,Brandon Miller,2,10.3,40.9,8.0,2.0,4.0,1.0,1.0,1.0,1.0,Regular Season
1642856,Egor Dëmin,203468,CJ McCollum,3,7.8,40.9,10.0,4.0,9.0,2.0,5.0,1.0,0.0,Regular Season
1641731,Bilal Coulibaly,203952,Andrew Wiggins,3,8.4,40.9,9.0,2.0,5.0,1.0,3.0,1.0,2.0,Regular Season
1630192,Zeke Nnaji,1626167,Myles Turner,2,9.1,40.9,7.0,2.0,9.0,1.0,4.0,1.0,1.0,Regular Season
203114,Khris Middleton,1630162,Anthony Edwards,4,7.9,40.9,16.0,7.0,11.0,2.0,2.0,2.0,0.0,Regular Season
1631222,Jake LaRavia,1629130,Duncan Robinson,2,8.0,40.9,4.0,2.0,5.0,0.0,2.0,1.0,0.0,Regular Season
1642259,Alex Sarr,1628991,Jaren Jackson Jr.,2,7.2,40.9,14.0,6.0,12.0,2.0,5.0,1.0,0.0,Regular Season
203944,Julius Randle,1628374,Lauri Markkanen,2,7.3,40.9,14.0,4.0,10.0,1.0,4.0,2.0,3.0,Regular Season
1631157,Ryan Rollins,1630241,Sam Merrill,4,7.8,40.9,10.0,3.0,6.0,2.0,5.0,0.0,0.0,Regular Season
1628401,Derrick White,1630552,Jalen Johnson,4,9.9,40.9,2.0,1.0,2.0,0.0,0.0,1.0,0.0,Regular Season
1630245,Ayo Dosunmu,1630217,Desmond Bane,4,7.8,40.9,10.0,3.0,5.0,2.0,4.0,1.0,1.0,Regular Season
1641824,Matas Buzelis,1630532,Franz Wagner,3,7.0,40.9,6.0,3.0,8.0,0.0,4.0,0.0,0.0,Regular Season
1630170,Devin Vassell,1631222,Jake LaRavia,3,7.3,40.9,3.0,1.0,4.0,1.0,3.0,0.0,0.0,Regular Season
1642846,Ace Bailey,1631114,Jalen Williams,3,7.2,40.9,9.0,4.0,5.0,1.0,2.0,1.0,0.0,Regular Season
1642851,Kon Knueppel,1642347,Jamal Shead,4,9.7,40.9,8.0,2.0,6.0,0.0,3.0,0.0,1.0,Regular Season
1628378,Donovan Mitchell,1642364,Jamir Watkins,3,7.0,40.9,18.0,5.0,10.0,3.0,6.0,3.0,2.0,Regular Season
1630538,Bones Hyland,1642377,Jaylen Wells,4,7.8,40.8,0.0,0.0,6.0,0.0,5.0,2.0,0.0,Regular Season
1630540,Miles McBride,1629638,Nickeil Alexander-Walker,2,8.7,40.8,8.0,3.0,9.0,2.0,5.0,0.0,0.0,Regular Season
1628978,Donte DiVincenzo,1641764,Brandin Podziemski,4,7.9,40.8,2.0,1.0,5.0,0.0,2.0,0.0,0.0,Regular Season
1642846,Ace Bailey,203924,Jerami Grant,3,6.6,40.8,7.0,3.0,5.0,1.0,2.0,0.0,0.0,Regular Season
1628978,Donte DiVincenzo,203924,Jerami Grant,4,6.8,40.8,5.0,2.0,4.0,1.0,2.0,1.0,0.0,Regular Season
1630174,Aaron Nesmith,1631260,AJ Green,3,10.0,40.8,15.0,3.0,8.0,2.0,6.0,0.0,4.0,Regular Season
1628386,Jarrett Allen,1631217,Moussa Diabaté,2,8.7,40.8,8.0,2.0,3.0,0.0,0.0,2.0,2.0,Regular Season
1642273,Kyshawn George,1628970,Miles Bridges,3,8.0,40.8,0.0,0.0,4.0,0.0,3.0,0.0,0.0,Regular Season
1641709,Ausar Thompson,1627759,Jaylen Brown,4,9.8,40.8,2.0,1.0,3.0,0.0,0.0,0.0,1.0,Regular Season
1630241,Sam Merrill,1630217,Desmond Bane,2,8.1,40.8,5.0,1.0,3.0,0.0,2.0,0.0,1.0,Regular Season
1626164,Devin Booker,1630529,Herbert Jones,2,8.0,40.8,7.0,2.0,4.0,0.0,2.0,2.0,2.0,Regular Season
1631101,Shaedon Sharpe,1630541,Moses Moody,3,7.0,40.8,8.0,3.0,7.0,2.0,5.0,2.0,1.0,Regular Season
1628386,Jarrett Allen,1630643,Jay Huff,1,7.2,40.8,11.0,4.0,8.0,0.0,1.0,0.0,1.0,Regular Season
1630180,Saddiq Bey,1630559,Austin Reaves,3,6.6,40.7,6.0,2.0,3.0,0.0,0.0,1.0,1.0,Regular Season
1630549,Day'Ron Sharpe,1630568,Luka Garza,3,8.5,40.7,7.0,2.0,4.0,0.0,0.0,1.0,3.0,Regular Season
1641739,Toumani Camara,1641706,Brandon Miller,2,7.1,40.7,3.0,1.0,7.0,1.0,7.0,0.0,0.0,Regular Season
1630193,Immanuel Quickley,1641708,Amen Thompson,2,9.1,40.7,5.0,2.0,5.0,1.0,3.0,0.0,0.0,Regular Season
1642450,Daniss Jenkins,1642267,Bub Carrington,3,8.2,40.7,14.0,5.0,7.0,2.0,2.0,1.0,1.0,Regular Season
1628379,Luke Kennard,1641764,Brandin Podziemski,4,7.9,40.7,8.0,3.0,5.0,2.0,2.0,0.0,0.0,Regular Season
1630552,Jalen Johnson,1641796,Pelle Larsson,3,7.0,40.7,9.0,4.0,7.0,0.0,2.0,2.0,1.0,Regular Season
203999,Nikola Jokić,1642276,Kel'el Ware,2,7.1,40.7,14.0,6.0,11.0,1.0,3.0,1.0,1.0,Regular Season
202696,Nikola Vučević,1642852,Derik Queen,3,8.3,40.7,12.0,6.0,15.0,0.0,5.0,1.0,0.0,Regular Season
1630552,Jalen Johnson,1629731,Dean Wade,4,7.2,40.7,9.0,4.0,6.0,0.0,0.0,1.0,1.0,Regular Season
1642847,Jeremiah Fears,1629636,Darius Garland,2,7.9,40.7,5.0,2.0,2.0,1.0,1.0,2.0,0.0,Regular Season
1628368,De'Aaron Fox,1629614,Andrew Nembhard,2,8.9,40.7,9.0,4.0,7.0,1.0,3.0,3.0,1.0,Regular Season
1642954,Will Richard,1628983,Shai Gilgeous-Alexander,3,8.8,40.7,6.0,2.0,6.0,1.0,4.0,0.0,1.0,Regular Season
201942,DeMar DeRozan,1628970,Miles Bridges,2,7.7,40.7,9.0,4.0,7.0,0.0,0.0,1.0,1.0,Regular Season
1628381,John Collins,1628991,Jaren Jackson Jr.,3,8.7,40.7,0.0,0.0,10.0,0.0,7.0,1.0,0.0,Regular Season
201942,DeMar DeRozan,1628404,Josh Hart,2,8.5,40.7,17.0,8.0,16.0,0.0,3.0,1.0,1.0,Regular Season
1628976,Wendell Carter Jr.,203939,Dwight Powell,2,7.7,40.7,19.0,6.0,10.0,1.0,2.0,2.0,3.0,Regular Season
202695,Kawhi Leonard,1626162,Kelly Oubre Jr.,1,8.5,40.7,9.0,4.0,10.0,1.0,3.0,0.0,1.0,Regular Season
202710,Jimmy Butler III,203932,Aaron Gordon,2,9.1,40.7,4.0,2.0,5.0,0.0,0.0,0.0,0.0,Regular Season
1642270,Donovan Clingan,203991,Clint Capela,4,7.9,40.7,1.0,0.0,7.0,0.0,4.0,1.0,1.0,Regular Season
1629018,Gary Trent Jr.,203114,Khris Middleton,4,7.3,40.7,3.0,1.0,3.0,1.0,3.0,1.0,0.0,Regular Season
1641706,Brandon Miller,201935,James Harden,3,7.8,40.7,14.0,6.0,11.0,0.0,2.0,0.0,2.0,Regular Season
1642264,Stephon Castle,1631097,Bennedict Mathurin,4,8.4,40.7,8.0,3.0,4.0,1.0,1.0,1.0,2.0,Regular Season
1630193,Immanuel Quickley,1630700,Dyson Daniels,4,7.3,40.6,6.0,2.0,9.0,1.0,6.0,1.0,1.0,Regular Season
1630200,Tre Jones,1631157,Ryan Rollins,3,6.5,40.6,4.0,2.0,6.0,0.0,1.0,1.0,0.0,Regular Season
1630163,LaMelo Ball,1642845,VJ Edgecombe,3,9.4,40.6,18.0,7.0,13.0,4.0,9.0,2.0,0.0,Regular Season
1641708,Amen Thompson,1642843,Cooper Flagg,4,6.9,40.6,11.0,3.0,10.0,0.0,1.0,0.0,2.0,Regular Season
1631222,Jake LaRavia,1630530,Trey Murphy III,3,8.2,40.6,0.0,0.0,1.0,0.0,0.0,0.0,0.0,Regular Season
1630286,Trevon Scott,1630579,Jericho Sims,2,10.4,40.6,3.0,1.0,1.0,1.0,1.0,1.0,0.0,Regular Season
1631105,Jalen Duren,1641750,Ryan Kalkbrenner,3,9.2,40.6,16.0,7.0,12.0,0.0,0.0,0.0,1.0,Regular Season
1642860,Will Riley,202699,Tobias Harris,2,8.4,40.6,5.0,2.0,4.0,1.0,2.0,0.0,0.0,Regular Season
1628384,OG Anunoby,201942,DeMar DeRozan,2,9.9,40.6,5.0,2.0,4.0,1.0,3.0,0.0,0.0,Regular Season
1630577,Julian Champagnie,1626164,Devin Booker,4,8.4,40.6,7.0,1.0,6.0,1.0,6.0,0.0,1.0,Regular Season
1641708,Amen Thompson,1626164,Devin Booker,3,9.1,40.6,7.0,3.0,6.0,0.0,1.0,2.0,0.0,Regular Season
1628963,Marvin Bagley III,1629111,Jock Landale,3,7.6,40.6,0.0,0.0,1.0,0.0,0.0,0.0,0.0,Regular Season
1627742,Brandon Ingram,1630172,Patrick Williams,3,8.1,40.6,11.0,4.0,9.0,1.0,2.0,1.0,1.0,Regular Season
1630249,Vít Krejčí,1629130,Duncan Robinson,2,8.0,40.6,0.0,0.0,3.0,0.0,2.0,1.0,0.0,Regular Season
1628969,Mikal Bridges,1628983,Shai Gilgeous-Alexander,2,9.3,40.6,9.0,4.0,7.0,0.0,2.0,0.0,1.0,Regular Season
1630174,Aaron Nesmith,1628983,Shai Gilgeous-Alexander,2,8.1,40.6,6.0,2.0,3.0,2.0,2.0,0.0,0.0,Regular Season
1630178,Tyrese Maxey,1629006,Josh Okogie,2,7.0,40.6,8.0,3.0,6.0,1.0,2.0,1.0,1.0,Regular Season
1631157,Ryan Rollins,1629012,Collin Sexton,5,7.3,40.6,9.0,2.0,3.0,1.0,2.0,1.0,1.0,Regular Season
1631230,Dominick Barlow,1628404,Josh Hart,3,8.1,40.5,7.0,3.0,5.0,1.0,2.0,0.0,0.0,Regular Season
1642851,Kon Knueppel,1630202,Payton Pritchard,3,9.9,40.5,11.0,5.0,10.0,1.0,5.0,0.0,1.0,Regular Season
1627750,Jamal Murray,1630530,Trey Murphy III,3,7.9,40.5,2.0,1.0,3.0,0.0,2.0,0.0,0.0,Regular Season
1630191,Isaiah Stewart,1630579,Jericho Sims,4,6.8,40.5,7.0,3.0,3.0,1.0,1.0,0.0,0.0,Regular Season
1630166,Deni Avdija,1631121,Bryce McGowens,2,7.0,40.5,9.0,3.0,7.0,0.0,2.0,1.0,2.0,Regular Season
1630643,Jay Huff,1642852,Derik Queen,2,7.3,40.5,15.0,6.0,11.0,2.0,5.0,0.0,1.0,Regular Season
1642267,Bub Carrington,1642845,VJ Edgecombe,4,8.2,40.5,0.0,0.0,3.0,0.0,3.0,0.0,0.0,Regular Season
1631119,Jaylin Williams,1642345,Oso Ighodaro,3,6.5,40.5,3.0,1.0,3.0,1.0,3.0,0.0,0.0,Regular Season
1642852,Derik Queen,1629655,Daniel Gafford,3,9.0,40.5,12.0,5.0,9.0,0.0,1.0,3.0,2.0,Regular Season
1630174,Aaron Nesmith,1629029,Luka Dončić,2,6.0,40.5,7.0,3.0,9.0,1.0,6.0,1.0,0.0,Regular Season
1631221,Collin Gillespie,1629216,Gabe Vincent,2,6.0,40.5,8.0,3.0,5.0,2.0,2.0,0.0,0.0,Regular Season
1630191,Isaiah Stewart,1630168,Onyeka Okongwu,3,9.1,40.5,14.0,7.0,9.0,0.0,2.0,1.0,0.0,Regular Season
1628976,Wendell Carter Jr.,1641750,Ryan Kalkbrenner,2,9.3,40.5,8.0,3.0,7.0,2.0,5.0,0.0,0.0,Regular Season
1641718,Keyonte George,1641709,Ausar Thompson,2,8.0,40.5,5.0,2.0,5.0,1.0,2.0,2.0,0.0,Regular Season
1642846,Ace Bailey,2544,LeBron James,4,7.6,40.5,10.0,4.0,5.0,2.0,3.0,0.0,0.0,Regular Season
1629611,Terance Mann,201935,James Harden,4,7.4,40.5,0.0,0.0,1.0,0.0,0.0,0.0,0.0,Regular Season
1631212,Peyton Watson,201942,DeMar DeRozan,4,8.3,40.5,0.0,0.0,1.0,0.0,1.0,1.0,0.0,Regular Season
1631200,Kris Murray,203084,Harrison Barnes,3,9.9,40.5,6.0,2.0,4.0,2.0,4.0,0.0,0.0,Regular Season
1628415,Dillon Brooks,1627739,Kris Dunn,3,8.1,40.5,7.0,1.0,7.0,0.0,4.0,1.0,3.0,Regular Season
1641716,Jarace Walker,1626162,Kelly Oubre Jr.,3,7.8,40.5,5.0,2.0,4.0,1.0,2.0,0.0,0.0,Regular Season
1628374,Lauri Markkanen,203944,Julius Randle,2,6.3,40.4,0.0,0.0,3.0,0.0,3.0,0.0,0.0,Regular Season
1629028,Deandre Ayton,1627734,Domantas Sabonis,1,8.0,40.4,7.0,3.0,5.0,0.0,0.0,1.0,1.0,Regular Season
1641775,Jordan Walsh,203468,CJ McCollum,6,7.5,40.4,8.0,3.0,4.0,2.0,3.0,0.0,0.0,Regular Season
1628969,Mikal Bridges,1631108,Max Christie,2,7.1,40.4,4.0,2.0,6.0,0.0,2.0,0.0,0.0,Regular Season
1641783,Tristan da Silva,1631170,Jaime Jaquez Jr.,5,7.5,40.4,7.0,3.0,5.0,1.0,2.0,1.0,0.0,Regular Season
1641710,Anthony Black,1627750,Jamal Murray,2,6.9,40.4,13.0,5.0,7.0,2.0,3.0,1.0,1.0,Regular Season
201939,Stephen Curry,1627884,Derrick Jones Jr.,2,7.4,40.4,10.0,2.0,7.0,1.0,5.0,2.0,2.0,Regular Season
1631108,Max Christie,1628378,Donovan Mitchell,2,7.1,40.4,10.0,4.0,4.0,2.0,2.0,0.0,0.0,Regular Season
1629060,Rui Hachimura,1627750,Jamal Murray,3,6.5,40.4,3.0,1.0,3.0,1.0,1.0,0.0,0.0,Regular Season
1629656,Quentin Grimes,1630581,Josh Giddey,3,7.8,40.4,2.0,1.0,2.0,0.0,1.0,0.0,0.0,Regular Season
1642377,Jaylen Wells,1630217,Desmond Bane,2,7.2,40.4,2.0,1.0,5.0,0.0,2.0,0.0,0.0,Regular Season
1631170,Jaime Jaquez Jr.,1630217,Desmond Bane,5,5.9,40.4,7.0,3.0,5.0,0.0,1.0,0.0,2.0,Regular Season
1628978,Donte DiVincenzo,1630314,Brandon Williams,4,8.1,40.4,14.0,4.0,7.0,4.0,7.0,1.0,1.0,Regular Season
1629627,Zion Williamson,1641731,Bilal Coulibaly,2,7.4,40.4,5.0,1.0,1.0,0.0,0.0,0.0,2.0,Regular Season
1631101,Shaedon Sharpe,1641796,Pelle Larsson,2,7.0,40.4,3.0,1.0,6.0,1.0,5.0,3.0,0.0,Regular Season
201935,James Harden,1641738,Kobe Brown,1,8.4,40.4,9.0,2.0,5.0,2.0,4.0,1.0,1.0,Regular Season
1641716,Jarace Walker,1641731,Bilal Coulibaly,3,6.1,40.4,1.0,0.0,3.0,0.0,1.0,1.0,1.0,Regular Season
1630579,Jericho Sims,1642276,Kel'el Ware,3,9.1,40.4,4.0,2.0,2.0,0.0,0.0,1.0,0.0,Regular Season
1630168,Onyeka Okongwu,1642867,Collin Murray-Boyles,3,8.1,40.4,12.0,5.0,9.0,2.0,4.0,0.0,0.0,Regular Season
1641717,Cason Wallace,1629029,Luka Dončić,2,7.2,40.4,7.0,3.0,4.0,1.0,2.0,0.0,0.0,Regular Season
203897,Zach LaVine,1630162,Anthony Edwards,3,6.4,40.4,8.0,3.0,5.0,2.0,3.0,0.0,0.0,Regular Season
1628970,Miles Bridges,1629731,Dean Wade,3,6.2,40.3,5.0,2.0,6.0,1.0,2.0,0.0,0.0,Regular Season
1628970,Miles Bridges,1629060,Rui Hachimura,2,9.0,40.3,8.0,3.0,5.0,2.0,3.0,0.0,0.0,Regular Season
1630183,Jaden McDaniels,1628368,De'Aaron Fox,3,6.4,40.3,7.0,3.0,6.0,0.0,3.0,1.0,1.0,Regular Season
1630202,Payton Pritchard,1628969,Mikal Bridges,4,10.2,40.3,0.0,0.0,3.0,0.0,2.0,0.0,0.0,Regular Season
1630224,Jalen Green,1629012,Collin Sexton,2,8.8,40.3,4.0,1.0,9.0,1.0,4.0,2.0,0.0,Regular Season
1641717,Cason Wallace,1628379,Luke Kennard,5,7.3,40.3,9.0,3.0,6.0,3.0,5.0,0.0,0.0,Regular Season
1642883,Sion James,1628378,Donovan Mitchell,4,8.6,40.3,5.0,1.0,1.0,1.0,1.0,0.0,1.0,Regular Season
1626181,Norman Powell,1628415,Dillon Brooks,2,7.9,40.3,12.0,4.0,10.0,2.0,5.0,1.0,1.0,Regular Season
1641824,Matas Buzelis,1628404,Josh Hart,4,7.8,40.3,13.0,5.0,10.0,3.0,7.0,1.0,0.0,Regular Season
203937,Kyle Anderson,203939,Dwight Powell,4,7.8,40.3,2.0,1.0,6.0,0.0,0.0,0.0,0.0,Regular Season
1630696,Dru Smith,1626145,Tyus Jones,4,7.1,40.3,8.0,3.0,4.0,0.0,0.0,0.0,1.0,Regular Season
1631095,Jabari Smith Jr.,1626220,Royce O'Neale,4,8.5,40.3,5.0,1.0,4.0,1.0,3.0,1.0,1.0,Regular Season
1630549,Day'Ron Sharpe,203939,Dwight Powell,3,8.5,40.3,8.0,3.0,3.0,0.0,0.0,2.0,1.0,Regular Season
1642276,Kel'el Ware,202696,Nikola Vučević,4,6.7,40.3,10.0,4.0,5.0,2.0,3.0,0.0,0.0,Regular Season
1630180,Saddiq Bey,1631095,Jabari Smith Jr.,4,6.7,40.3,10.0,5.0,10.0,0.0,4.0,0.0,0.0,Regular Season
201935,James Harden,1642843,Cooper Flagg,4,6.0,40.3,14.0,3.0,9.0,2.0,7.0,2.0,4.0,Regular Season
1629130,Duncan Robinson,1642845,VJ Edgecombe,4,7.1,40.3,20.0,7.0,11.0,6.0,9.0,1.0,0.0,Regular Season
1630162,Anthony Edwards,1642281,Jaylon Tyson,2,8.8,40.3,14.0,5.0,11.0,4.0,8.0,0.0,0.0,Regular Season
1630595,Cade Cunningham,1630532,Franz Wagner,2,7.9,40.3,16.0,6.0,10.0,2.0,4.0,3.0,0.0,Regular Season
1629645,Kevin Porter Jr.,1630558,Davion Mitchell,2,7.1,40.3,10.0,4.0,5.0,1.0,1.0,1.0,1.0,Regular Season
1642851,Kon Knueppel,1642258,Zaccharie Risacher,4,8.0,40.3,12.0,4.0,6.0,4.0,5.0,1.0,0.0,Regular Season
203468,CJ McCollum,1641709,Ausar Thompson,1,8.1,40.3,9.0,3.0,7.0,3.0,6.0,1.0,0.0,Regular Season
1629651,Nic Claxton,1641737,Adem Bona,3,8.4,40.2,8.0,3.0,3.0,0.0,0.0,2.0,1.0,Regular Season
1630596,Evan Mobley,1626157,Karl-Anthony Towns,3,7.7,40.2,9.0,3.0,10.0,0.0,2.0,1.0,2.0,Regular Season
1629645,Kevin Porter Jr.,203468,CJ McCollum,5,6.0,40.2,18.0,7.0,10.0,2.0,4.0,0.0,1.0,Regular Season
1626171,Bobby Portis Jr.,1629675,Naz Reid,2,8.8,40.2,9.0,4.0,5.0,1.0,2.0,0.0,0.0,Regular Season
1641729,Brice Sensabaugh,1629661,Cameron Johnson,3,6.0,40.2,8.0,2.0,4.0,2.0,4.0,1.0,2.0,Regular Season
1642268,Isaiah Collier,1642948,Ryan Nembhard,4,8.7,40.2,7.0,3.0,5.0,1.0,2.0,1.0,0.0,Regular Season
203897,Zach LaVine,1629004,Svi Mykhailiuk,2,8.5,40.2,8.0,3.0,8.0,2.0,6.0,0.0,0.0,Regular Season
1642270,Donovan Clingan,1629011,Mitchell Robinson,2,8.2,40.2,4.0,1.0,2.0,0.0,1.0,1.0,1.0,Regular Season
1630230,Naji Marshall,1629008,Michael Porter Jr.,3,7.3,40.2,9.0,4.0,5.0,1.0,2.0,0.0,0.0,Regular Season
1630573,Sam Hauser,1630557,Corey Kispert,4,9.2,40.2,7.0,3.0,7.0,1.0,5.0,0.0,0.0,Regular Season
1629655,Daniel Gafford,1630578,Alperen Sengun,2,8.0,40.2,10.0,5.0,6.0,0.0,0.0,0.0,0.0,Regular Season
1631170,Jaime Jaquez Jr.,1631207,Dalen Terry,4,7.1,40.2,9.0,4.0,9.0,0.0,1.0,2.0,1.0,Regular Season
1641796,Pelle Larsson,1631101,Shaedon Sharpe,2,7.1,40.2,6.0,3.0,4.0,0.0,1.0,0.0,0.0,Regular Season
1630595,Cade Cunningham,203471,Dennis Schröder,4,7.5,40.1,15.0,7.0,11.0,0.0,3.0,3.0,0.0,Regular Season
1631217,Moussa Diabaté,201567,Kevin Love,2,9.1,40.1,0.0,0.0,0.0,0.0,0.0,0.0,0.0,Regular Season
1642948,Ryan Nembhard,1642268,Isaiah Collier,4,8.8,40.1,5.0,2.0,6.0,1.0,4.0,1.0,0.0,Regular Season
1641708,Amen Thompson,1629029,Luka Dončić,3,6.7,40.1,18.0,9.0,17.0,0.0,0.0,1.0,0.0,Regular Season
1628401,Derrick White,1629656,Quentin Grimes,4,7.0,40.1,6.0,2.0,6.0,0.0,4.0,0.0,2.0,Regular Season
1629013,Landry Shamet,1630178,Tyrese Maxey,2,8.3,40.1,5.0,2.0,5.0,0.0,3.0,0.0,1.0,Regular Season
1628381,John Collins,1629060,Rui Hachimura,3,8.2,40.1,4.0,2.0,2.0,0.0,0.0,0.0,0.0,Regular Season
1630549,Day'Ron Sharpe,1630191,Isaiah Stewart,3,8.8,40.1,7.0,2.0,5.0,0.0,0.0,1.0,2.0,Regular Season
1630180,Saddiq Bey,1629628,RJ Barrett,2,8.8,40.1,15.0,4.0,10.0,3.0,5.0,0.0,2.0,Regular Season
1628969,Mikal Bridges,1630202,Payton Pritchard,4,8.3,40.1,5.0,2.0,2.0,1.0,1.0,0.0,0.0,Regular Season
1630191,Isaiah Stewart,1630643,Jay Huff,3,8.6,40.1,11.0,5.0,8.0,1.0,3.0,0.0,0.0,Regular Season
1630596,Evan Mobley,1628389,Bam Adebayo,2,7.6,40.1,5.0,2.0,6.0,0.0,0.0,0.0,1.0,Regular Season
1629655,Daniel Gafford,1628976,Wendell Carter Jr.,2,9.0,40.1,5.0,1.0,2.0,0.0,0.0,0.0,1.0,Regular Season
1629731,Dean Wade,1628970,Miles Bridges,3,6.5,40.1,9.0,3.0,5.0,3.0,4.0,0.0,0.0,Regular Season
1630552,Jalen Johnson,1642883,Sion James,4,7.3,40.1,7.0,3.0,5.0,0.0,1.0,1.0,1.0,Regular Season
1626157,Karl-Anthony Towns,1642867,Collin Murray-Boyles,3,7.7,40.0,7.0,2.0,8.0,1.0,3.0,2.0,0.0,Regular Season
1628392,Isaiah Hartenstein,1642259,Alex Sarr,2,8.2,40.0,12.0,6.0,10.0,0.0,0.0,2.0,0.0,Regular Season
1628389,Bam Adebayo,1631094,Paolo Banchero,5,5.5,40.0,15.0,5.0,10.0,2.0,3.0,0.0,1.0,Regular Season
1628384,OG Anunoby,1631094,Paolo Banchero,3,6.5,40.0,8.0,4.0,5.0,0.0,1.0,1.0,0.0,Regular Season
1642271,Kyle Filipowski,1631119,Jaylin Williams,3,7.8,40.0,15.0,7.0,13.0,0.0,4.0,2.0,2.0,Regular Season
203999,Nikola Jokić,1631105,Jalen Duren,1,6.8,40.0,7.0,3.0,10.0,1.0,2.0,3.0,0.0,Regular Season
1630583,Santi Aldama,203114,Khris Middleton,2,7.8,40.0,6.0,3.0,7.0,0.0,1.0,2.0,1.0,Regular Season
1628379,Luke Kennard,203501,Tim Hardaway Jr.,4,7.5,40.0,0.0,0.0,1.0,0.0,1.0,0.0,0.0,Regular Season
1629638,Nickeil Alexander-Walker,203468,CJ McCollum,2,7.0,40.0,0.0,0.0,2.0,0.0,2.0,1.0,0.0,Regular Season
1641739,Toumani Camara,202710,Jimmy Butler III,4,7.2,40.0,6.0,2.0,4.0,2.0,4.0,1.0,0.0,Regular Season
1630596,Evan Mobley,203507,Giannis Antetokounmpo,2,7.7,40.0,9.0,2.0,4.0,1.0,2.0,1.0,1.0,Regular Season
1643016,Bez Mbeng,1629673,Jordan Poole,1,6.8,40.0,9.0,4.0,5.0,0.0,0.0,0.0,1.0,Regular Season
1631260,AJ Green,1629638,Nickeil Alexander-Walker,3,8.1,40.0,11.0,4.0,8.0,3.0,7.0,2.0,0.0,Regular Season
1642281,Jaylon Tyson,1630178,Tyrese Maxey,3,7.3,40.0,3.0,1.0,4.0,1.0,3.0,1.0,0.0,Regular Season
203952,Andrew Wiggins,1630166,Deni Avdija,2,5.5,40.0,8.0,4.0,7.0,0.0,0.0,2.0,0.0,Regular Season
1629652,Luguentz Dort,1630581,Josh Giddey,2,7.0,40.0,5.0,2.0,5.0,1.0,3.0,0.0,0.0,Regular Season
1628384,OG Anunoby,1630532,Franz Wagner,2,8.2,39.9,6.0,2.0,2.0,2.0,2.0,2.0,0.0,Regular Season
1641706,Brandon Miller,1630567,Scottie Barnes,2,8.4,39.9,2.0,1.0,5.0,0.0,3.0,1.0,0.0,Regular Season
1642851,Kon Knueppel,1631222,Jake LaRavia,2,8.8,39.9,13.0,4.0,5.0,2.0,3.0,1.0,1.0,Regular Season
1629674,Neemias Queta,1642345,Oso Ighodaro,2,9.2,39.9,3.0,1.0,2.0,0.0,0.0,0.0,1.0,Regular Season
1642920,Kobe Sanders,1642845,VJ Edgecombe,2,7.8,39.9,14.0,5.0,8.0,2.0,4.0,0.0,1.0,Regular Season
1642882,Julian Reese,1642950,Lachlan Olbrich,2,9.5,39.9,13.0,4.0,6.0,0.0,0.0,0.0,2.0,Regular Season
1628381,John Collins,1630166,Deni Avdija,4,8.6,39.9,2.0,1.0,1.0,0.0,0.0,0.0,0.0,Regular Season
1641774,Tristan Vukcevic,1630194,Paul Reed,3,8.0,39.9,19.0,6.0,9.0,3.0,4.0,2.0,2.0,Regular Season
1642461,Spencer Jones,1628970,Miles Bridges,2,7.8,39.9,2.0,1.0,2.0,0.0,1.0,1.0,0.0,Regular Season
203932,Aaron Gordon,203507,Giannis Antetokounmpo,2,7.6,39.9,9.0,3.0,5.0,2.0,4.0,0.0,1.0,Regular Season
2544,LeBron James,203932,Aaron Gordon,2,7.7,39.9,2.0,1.0,1.0,0.0,0.0,2.0,0.0,Regular Season
1642263,Reed Sheppard,203501,Tim Hardaway Jr.,4,8.0,39.8,5.0,2.0,5.0,1.0,4.0,1.0,0.0,Regular Season
1641718,Keyonte George,203471,Dennis Schröder,1,9.0,39.8,5.0,2.0,7.0,1.0,3.0,2.0,0.0,Regular Season
1628960,Grayson Allen,1627739,Kris Dunn,4,7.0,39.8,16.0,5.0,9.0,4.0,7.0,0.0,0.0,Regular Season
1630166,Deni Avdija,203952,Andrew Wiggins,2,7.1,39.8,13.0,3.0,6.0,1.0,3.0,1.0,3.0,Regular Season
1631157,Ryan Rollins,1642848,Tre Johnson,3,7.5,39.8,2.0,1.0,1.0,0.0,0.0,0.0,0.0,Regular Season
1628976,Wendell Carter Jr.,1642867,Collin Murray-Boyles,2,9.0,39.8,11.0,5.0,8.0,1.0,3.0,0.0,0.0,Regular Season
1628969,Mikal Bridges,1642856,Egor Dëmin,3,8.8,39.8,7.0,3.0,7.0,1.0,4.0,0.0,0.0,Regular Season
201142,Kevin Durant,1631230,Dominick Barlow,2,9.0,39.8,25.0,9.0,12.0,4.0,4.0,1.0,3.0,Regular Season
203897,Zach LaVine,1631260,AJ Green,2,7.6,39.8,12.0,3.0,6.0,2.0,4.0,0.0,1.0,Regular Season
1631157,Ryan Rollins,1630314,Brandon Williams,2,7.8,39.8,2.0,1.0,2.0,0.0,0.0,2.0,0.0,Regular Season
1628969,Mikal Bridges,1630530,Trey Murphy III,2,6.6,39.8,0.0,0.0,3.0,0.0,3.0,0.0,0.0,Regular Season
1642263,Reed Sheppard,1630314,Brandon Williams,4,9.6,39.8,12.0,5.0,8.0,2.0,3.0,3.0,0.0,Regular Season
1641706,Brandon Miller,1641739,Toumani Camara,2,8.0,39.8,4.0,2.0,4.0,0.0,1.0,2.0,0.0,Regular Season
1628969,Mikal Bridges,1641710,Anthony Black,4,8.4,39.8,8.0,4.0,5.0,0.0,0.0,0.0,0.0,Regular Season
1641718,Keyonte George,1641708,Amen Thompson,2,8.0,39.8,1.0,0.0,0.0,0.0,0.0,1.0,0.0,Regular Season
201142,Kevin Durant,1628374,Lauri Markkanen,3,7.1,39.8,8.0,3.0,8.0,2.0,4.0,2.0,0.0,Regular Season
1641783,Tristan da Silva,1628983,Shai Gilgeous-Alexander,2,8.2,39.8,5.0,1.0,4.0,1.0,2.0,0.0,1.0,Regular Season
1630180,Saddiq Bey,1628415,Dillon Brooks,3,6.5,39.8,2.0,1.0,3.0,0.0,2.0,0.0,0.0,Regular Season
1631095,Jabari Smith Jr.,1630180,Saddiq Bey,4,8.2,39.8,1.0,0.0,7.0,0.0,4.0,2.0,1.0,Regular Season
1630529,Herbert Jones,1630166,Deni Avdija,3,7.0,39.8,8.0,3.0,5.0,1.0,1.0,0.0,0.0,Regular Season
1627783,Pascal Siakam,1629023,P.J. Washington,2,7.1,39.7,15.0,6.0,11.0,1.0,3.0,1.0,2.0,Regular Season
1628436,Luke Kornet,1629674,Neemias Queta,2,9.4,39.7,2.0,1.0,2.0,0.0,0.0,0.0,0.0,Regular Season
203924,Jerami Grant,1630171,Isaac Okoro,2,7.0,39.7,8.0,3.0,6.0,1.0,2.0,0.0,0.0,Regular Season
1631221,Collin Gillespie,1629638,Nickeil Alexander-Walker,2,8.0,39.7,13.0,4.0,9.0,2.0,4.0,1.0,2.0,Regular Season
1628978,Donte DiVincenzo,1630241,Sam Merrill,2,7.6,39.7,5.0,2.0,4.0,1.0,3.0,0.0,0.0,Regular Season
201566,Russell Westbrook,1630230,Naji Marshall,2,8.2,39.7,17.0,6.0,11.0,4.0,7.0,0.0,1.0,Regular Season
1630200,Tre Jones,1630217,Desmond Bane,4,6.0,39.7,11.0,4.0,6.0,1.0,1.0,0.0,1.0,Regular Season
1641710,Anthony Black,1630245,Ayo Dosunmu,3,8.4,39.7,1.0,0.0,5.0,0.0,3.0,1.0,1.0,Regular Season
1629012,Collin Sexton,1642349,Ajay Mitchell,3,8.1,39.7,7.0,2.0,5.0,1.0,1.0,0.0,1.0,Regular Season
1642848,Tre Johnson,203468,CJ McCollum,2,6.6,39.7,6.0,3.0,5.0,0.0,1.0,2.0,0.0,Regular Season
1630241,Sam Merrill,1631157,Ryan Rollins,4,8.5,39.7,5.0,1.0,8.0,1.0,8.0,0.0,1.0,Regular Season
203501,Tim Hardaway Jr.,1631095,Jabari Smith Jr.,4,7.7,39.7,6.0,2.0,6.0,2.0,6.0,1.0,1.0,Regular Season
1630578,Alperen Sengun,1628392,Isaiah Hartenstein,2,8.2,39.7,12.0,4.0,7.0,2.0,3.0,3.0,1.0,Regular Season
1626181,Norman Powell,1629013,Landry Shamet,3,6.3,39.7,20.0,8.0,14.0,4.0,9.0,1.0,0.0,Regular Season
1626157,Karl-Anthony Towns,1628398,Kyle Kuzma,3,8.9,39.7,9.0,3.0,7.0,1.0,1.0,1.0,1.0,Regular Season
1641738,Kobe Brown,1628384,OG Anunoby,2,6.6,39.7,5.0,2.0,4.0,1.0,3.0,0.0,0.0,Regular Season
1631114,Jalen Williams,1642907,Cedric Coward,2,7.6,39.7,3.0,1.0,10.0,0.0,4.0,1.0,2.0,Regular Season
1630183,Jaden McDaniels,1642258,Zaccharie Risacher,2,8.2,39.7,5.0,2.0,3.0,0.0,0.0,1.0,1.0,Regular Season
1630579,Jericho Sims,1642270,Donovan Clingan,2,8.8,39.7,9.0,4.0,5.0,0.0,0.0,0.0,1.0,Regular Season
1630178,Tyrese Maxey,1641796,Pelle Larsson,3,8.0,39.7,5.0,2.0,12.0,1.0,7.0,2.0,0.0,Regular Season
1642450,Daniss Jenkins,1641854,Craig Porter Jr.,4,7.3,39.7,5.0,2.0,4.0,1.0,2.0,0.0,0.0,Regular Season
1628978,Donte DiVincenzo,1641718,Keyonte George,3,7.2,39.7,2.0,0.0,3.0,0.0,3.0,0.0,0.0,Regular Season
1630595,Cade Cunningham,1641708,Amen Thompson,2,7.4,39.6,6.0,2.0,5.0,0.0,2.0,4.0,0.0,Regular Season
1630577,Julian Champagnie,1642263,Reed Sheppard,4,8.3,39.6,9.0,3.0,5.0,3.0,5.0,0.0,0.0,Regular Season
1628381,John Collins,203944,Julius Randle,2,9.6,39.6,9.0,3.0,3.0,3.0,3.0,1.0,0.0,Regular Season
1630596,Evan Mobley,203952,Andrew Wiggins,3,8.1,39.6,10.0,4.0,7.0,2.0,3.0,1.0,0.0,Regular Season
1641739,Toumani Camara,203110,Draymond Green,4,5.7,39.6,11.0,3.0,9.0,3.0,7.0,0.0,1.0,Regular Season
203924,Jerami Grant,1626220,Royce O'Neale,2,8.6,39.6,2.0,1.0,4.0,0.0,3.0,0.0,0.0,Regular Season
201939,Stephen Curry,203924,Jerami Grant,3,6.8,39.6,15.0,5.0,13.0,4.0,11.0,0.0,1.0,Regular Season
1630534,Ochai Agbaji,203468,CJ McCollum,3,7.4,39.6,7.0,3.0,5.0,1.0,2.0,0.0,0.0,Regular Season
1631260,AJ Green,203471,Dennis Schröder,4,6.6,39.6,3.0,1.0,3.0,1.0,3.0,1.0,0.0,Regular Season
1642278,Tyler Kolek,1626145,Tyus Jones,4,7.3,39.6,7.0,3.0,6.0,1.0,3.0,2.0,0.0,Regular Season
1630529,Herbert Jones,201566,Russell Westbrook,2,7.5,39.6,5.0,1.0,8.0,1.0,7.0,0.0,1.0,Regular Season
201939,Stephen Curry,1630540,Miles McBride,1,7.8,39.6,13.0,5.0,7.0,3.0,4.0,1.0,0.0,Regular Season
1626164,Devin Booker,1630541,Moses Moody,3,6.6,39.6,8.0,1.0,5.0,0.0,1.0,1.0,3.0,Regular Season
1631170,Jaime Jaquez Jr.,1630579,Jericho Sims,3,7.3,39.6,2.0,1.0,3.0,0.0,1.0,1.0,0.0,Regular Season
1642907,Cedric Coward,1630577,Julian Champagnie,3,8.3,39.6,11.0,4.0,12.0,2.0,7.0,0.0,1.0,Regular Season
1642847,Jeremiah Fears,1630314,Brandon Williams,4,7.8,39.6,4.0,2.0,6.0,0.0,2.0,2.0,1.0,Regular Season
203944,Julius Randle,1630611,Gui Santos,4,7.4,39.6,18.0,6.0,12.0,1.0,3.0,4.0,3.0,Regular Season
1630643,Jay Huff,1630568,Luka Garza,4,7.3,39.6,7.0,3.0,7.0,1.0,5.0,0.0,0.0,Regular Season
1630643,Jay Huff,1630572,Sandro Mamukelashvili,3,7.1,39.6,3.0,1.0,4.0,1.0,3.0,0.0,0.0,Regular Season
1629130,Duncan Robinson,1630193,Immanuel Quickley,2,8.3,39.6,4.0,1.0,2.0,0.0,1.0,0.0,0.0,Regular Season
1642267,Bub Carrington,1629636,Darius Garland,2,7.7,39.6,4.0,1.0,6.0,1.0,6.0,0.0,1.0,Regular Season
202696,Nikola Vučević,1630194,Paul Reed,2,7.9,39.6,6.0,3.0,10.0,0.0,3.0,3.0,0.0,Regular Season
1629674,Neemias Queta,1642276,Kel'el Ware,4,9.3,39.6,11.0,5.0,7.0,0.0,0.0,1.0,1.0,Regular Season
1642461,Spencer Jones,1642948,Ryan Nembhard,4,6.3,39.6,11.0,4.0,5.0,1.0,2.0,1.0,1.0,Regular Season
1630163,LaMelo Ball,1631221,Collin Gillespie,2,7.7,39.6,8.0,3.0,6.0,2.0,5.0,1.0,0.0,Regular Season
1642852,Derik Queen,1631200,Kris Murray,3,7.7,39.6,8.0,4.0,6.0,0.0,0.0,0.0,0.0,Regular Season
1641706,Brandon Miller,1628378,Donovan Mitchell,4,9.3,39.6,10.0,3.0,7.0,1.0,3.0,3.0,1.0,Regular Season
1630572,Sandro Mamukelashvili,1628404,Josh Hart,5,7.9,39.6,8.0,3.0,6.0,2.0,4.0,3.0,0.0,Regular Season
203944,Julius Randle,1627783,Pascal Siakam,1,7.6,39.6,17.0,7.0,8.0,1.0,1.0,3.0,2.0,Regular Season
203468,CJ McCollum,1628398,Kyle Kuzma,6,6.7,39.6,4.0,2.0,2.0,0.0,0.0,1.0,0.0,Regular Season
1630166,Deni Avdija,1629006,Josh Okogie,3,8.2,39.6,2.0,1.0,4.0,0.0,2.0,1.0,0.0,Regular Season
1642856,Egor Dëmin,1627739,Kris Dunn,2,7.8,39.5,8.0,3.0,7.0,2.0,4.0,0.0,0.0,Regular Season
1641750,Ryan Kalkbrenner,1628436,Luke Kornet,2,8.8,39.5,6.0,3.0,5.0,0.0,1.0,0.0,0.0,Regular Season
1642272,Jared McCain,1628971,Bruce Brown,4,6.8,39.5,8.0,3.0,5.0,2.0,4.0,1.0,0.0,Regular Season
1631248,Baylor Scheierman,1629008,Michael Porter Jr.,4,9.4,39.5,2.0,1.0,2.0,0.0,1.0,0.0,0.0,Regular Season
1629029,Luka Dončić,1628384,OG Anunoby,2,8.6,39.5,10.0,3.0,11.0,2.0,8.0,1.0,0.0,Regular Season
1642847,Jeremiah Fears,1629638,Nickeil Alexander-Walker,2,7.7,39.5,14.0,6.0,9.0,0.0,1.0,3.0,1.0,Regular Season
201935,James Harden,1629611,Terance Mann,4,7.7,39.5,12.0,5.0,6.0,2.0,3.0,3.0,0.0,Regular Season
1630598,Aaron Wiggins,203501,Tim Hardaway Jr.,4,7.2,39.5,5.0,2.0,7.0,1.0,5.0,1.0,0.0,Regular Season
1629675,Naz Reid,1626171,Bobby Portis Jr.,2,8.7,39.5,5.0,2.0,4.0,1.0,2.0,3.0,0.0,Regular Season
1630572,Sandro Mamukelashvili,1626171,Bobby Portis Jr.,4,9.7,39.5,18.0,7.0,9.0,2.0,3.0,0.0,1.0,Regular Season
203932,Aaron Gordon,1626220,Royce O'Neale,2,8.8,39.5,12.0,4.0,6.0,2.0,2.0,0.0,2.0,Regular Season
1628368,De'Aaron Fox,201566,Russell Westbrook,3,6.7,39.5,7.0,3.0,7.0,1.0,3.0,2.0,0.0,Regular Season
1631260,AJ Green,201939,Stephen Curry,2,8.0,39.5,3.0,1.0,3.0,1.0,3.0,1.0,0.0,Regular Season
1641710,Anthony Black,203952,Andrew Wiggins,4,7.5,39.5,4.0,2.0,6.0,0.0,1.0,0.0,0.0,Regular Season
1627742,Brandon Ingram,1627739,Kris Dunn,2,9.3,39.5,9.0,4.0,8.0,1.0,1.0,2.0,0.0,Regular Season
1628978,Donte DiVincenzo,1630202,Payton Pritchard,2,7.2,39.5,0.0,0.0,2.0,0.0,2.0,1.0,0.0,Regular Season
1642846,Ace Bailey,1630577,Julian Champagnie,2,7.3,39.5,10.0,5.0,7.0,0.0,0.0,0.0,0.0,Regular Season
1629028,Deandre Ayton,1630572,Sandro Mamukelashvili,2,8.1,39.5,4.0,2.0,4.0,0.0,0.0,1.0,0.0,Regular Season
1642867,Collin Murray-Boyles,1641705,Victor Wembanyama,2,7.8,39.5,10.0,3.0,8.0,3.0,4.0,0.0,1.0,Regular Season
1630217,Desmond Bane,1631170,Jaime Jaquez Jr.,5,7.6,39.5,12.0,5.0,12.0,2.0,6.0,2.0,0.0,Regular Season
1631169,Josh Minott,1631094,Paolo Banchero,2,8.7,39.5,5.0,2.0,4.0,1.0,2.0,1.0,0.0,Regular Season
1630178,Tyrese Maxey,1642851,Kon Knueppel,3,7.5,39.5,8.0,3.0,9.0,1.0,5.0,0.0,1.0,Regular Season
1627742,Brandon Ingram,1642851,Kon Knueppel,4,7.1,39.5,9.0,3.0,6.0,1.0,3.0,2.0,2.0,Regular Season
1641705,Victor Wembanyama,1642867,Collin Murray-Boyles,2,8.0,39.5,10.0,2.0,4.0,0.0,0.0,1.0,3.0,Regular Season
1631170,Jaime Jaquez Jr.,1642883,Sion James,4,8.6,39.4,9.0,4.0,8.0,1.0,2.0,2.0,0.0,Regular Season
1631094,Paolo Banchero,1642461,Spencer Jones,2,7.6,39.4,14.0,4.0,7.0,0.0,1.0,1.0,6.0,Regular Season
1630193,Immanuel Quickley,1642851,Kon Knueppel,4,8.2,39.4,32.0,14.0,23.0,4.0,9.0,0.0,0.0,Regular Season
1628415,Dillon Brooks,202699,Tobias Harris,2,8.4,39.4,7.0,3.0,8.0,1.0,1.0,1.0,0.0,Regular Season
1629004,Svi Mykhailiuk,203897,Zach LaVine,2,8.3,39.4,5.0,2.0,4.0,1.0,3.0,2.0,0.0,Regular Season
1626164,Devin Booker,1627739,Kris Dunn,3,6.5,39.4,13.0,4.0,4.0,1.0,1.0,2.0,2.0,Regular Season
202695,Kawhi Leonard,203110,Draymond Green,3,9.6,39.4,12.0,5.0,8.0,2.0,3.0,0.0,0.0,Regular Season
1630596,Evan Mobley,204001,Kristaps Porziņģis,2,7.4,39.4,11.0,5.0,12.0,1.0,4.0,2.0,0.0,Regular Season
1641717,Cason Wallace,1628973,Jalen Brunson,2,6.6,39.4,2.0,1.0,4.0,0.0,2.0,0.0,0.0,Regular Season
1629060,Rui Hachimura,1628970,Miles Bridges,2,6.9,39.4,3.0,1.0,4.0,1.0,3.0,0.0,0.0,Regular Season
1630174,Aaron Nesmith,1628401,Derrick White,2,7.1,39.4,2.0,1.0,7.0,0.0,3.0,1.0,1.0,Regular Season
1630578,Alperen Sengun,1630173,Precious Achiuwa,4,9.2,39.4,11.0,5.0,11.0,1.0,2.0,0.0,1.0,Regular Season
1642377,Jaylen Wells,1630163,LaMelo Ball,2,8.8,39.4,5.0,2.0,7.0,1.0,6.0,1.0,0.0,Regular Season
1630314,Brandon Williams,1629216,Gabe Vincent,3,7.3,39.4,9.0,3.0,5.0,0.0,1.0,3.0,3.0,Regular Season
1642266,Ja'Kobe Walter,1629614,Andrew Nembhard,3,8.0,39.4,0.0,0.0,1.0,0.0,0.0,0.0,0.0,Regular Season
1631101,Shaedon Sharpe,1631106,Tari Eason,3,7.6,39.4,18.0,7.0,11.0,3.0,5.0,0.0,1.0,Regular Season
1630178,Tyrese Maxey,1631221,Collin Gillespie,2,6.9,39.4,7.0,1.0,8.0,0.0,2.0,0.0,1.0,Regular Season
1641750,Ryan Kalkbrenner,1630264,Anthony Gill,2,7.6,39.4,6.0,2.0,2.0,0.0,0.0,0.0,2.0,Regular Season
203501,Tim Hardaway Jr.,1630217,Desmond Bane,2,6.6,39.4,3.0,1.0,4.0,1.0,3.0,0.0,0.0,Regular Season
1630178,Tyrese Maxey,1630567,Scottie Barnes,4,7.8,39.3,9.0,3.0,9.0,1.0,5.0,1.0,1.0,Regular Season
203471,Dennis Schröder,1630314,Brandon Williams,3,7.2,39.3,6.0,1.0,3.0,1.0,2.0,1.0,3.0,Regular Season
1630541,Moses Moody,1630217,Desmond Bane,2,7.3,39.3,3.0,1.0,3.0,1.0,3.0,0.0,0.0,Regular Season
1631095,Jabari Smith Jr.,1630598,Aaron Wiggins,3,7.3,39.3,11.0,3.0,3.0,3.0,3.0,0.0,1.0,Regular Season
203952,Andrew Wiggins,1628970,Miles Bridges,2,8.0,39.3,3.0,1.0,5.0,1.0,4.0,0.0,0.0,Regular Season
1642264,Stephon Castle,1628978,Donte DiVincenzo,2,8.8,39.3,2.0,1.0,3.0,0.0,1.0,3.0,0.0,Regular Season
1641718,Keyonte George,1629001,De'Anthony Melton,3,7.5,39.3,8.0,3.0,7.0,0.0,1.0,1.0,1.0,Regular Season
1630191,Isaiah Stewart,1629011,Mitchell Robinson,2,8.2,39.3,2.0,0.0,3.0,0.0,1.0,0.0,1.0,Regular Season
203944,Julius Randle,1627884,Derrick Jones Jr.,3,7.1,39.3,6.0,1.0,4.0,0.0,1.0,3.0,2.0,Regular Season
203468,CJ McCollum,1629006,Josh Okogie,3,7.4,39.3,5.0,2.0,4.0,1.0,2.0,1.0,0.0,Regular Season
1628970,Miles Bridges,1628381,John Collins,2,9.2,39.3,11.0,2.0,6.0,0.0,2.0,1.0,3.0,Regular Season
1630162,Anthony Edwards,1628378,Donovan Mitchell,2,7.9,39.3,5.0,2.0,5.0,1.0,2.0,1.0,0.0,Regular Season
201939,Stephen Curry,1641708,Amen Thompson,2,8.2,39.3,5.0,2.0,7.0,1.0,4.0,0.0,0.0,Regular Season
1642874,Danny Wolf,1641731,Bilal Coulibaly,1,7.5,39.3,0.0,0.0,2.0,0.0,0.0,1.0,0.0,Regular Season
1642264,Stephon Castle,1641717,Cason Wallace,5,6.5,39.3,7.0,1.0,3.0,0.0,1.0,3.0,2.0,Regular Season
1631212,Peyton Watson,1642273,Kyshawn George,2,8.8,39.3,11.0,4.0,7.0,3.0,3.0,1.0,0.0,Regular Season
1627734,Domantas Sabonis,202696,Nikola Vučević,1,7.5,39.3,7.0,3.0,8.0,1.0,4.0,0.0,0.0,Regular Season
1629652,Luguentz Dort,1626164,Devin Booker,2,5.4,39.3,2.0,1.0,4.0,0.0,2.0,0.0,0.0,Regular Season
1627751,Jakob Poeltl,203083,Andre Drummond,1,8.9,39.3,12.0,6.0,8.0,0.0,0.0,1.0,0.0,Regular Season
1628404,Josh Hart,1631094,Paolo Banchero,3,7.8,39.3,0.0,0.0,4.0,0.0,1.0,2.0,0.0,Regular Season
203897,Zach LaVine,1629614,Andrew Nembhard,1,7.4,39.3,10.0,3.0,8.0,2.0,4.0,1.0,0.0,Regular Season
1642860,Will Riley,1642258,Zaccharie Risacher,4,7.7,39.2,8.0,3.0,6.0,0.0,3.0,0.0,1.0,Regular Season
1627759,Jaylen Brown,1642264,Stephon Castle,2,8.5,39.2,17.0,7.0,10.0,3.0,3.0,2.0,0.0,Regular Season
1629111,Jock Landale,1641737,Adem Bona,3,8.0,39.2,7.0,3.0,8.0,1.0,4.0,0.0,0.0,Regular Season
1641737,Adem Bona,1642271,Kyle Filipowski,2,7.5,39.2,5.0,2.0,3.0,0.0,0.0,0.0,1.0,Regular Season
203939,Dwight Powell,1630549,Day'Ron Sharpe,3,6.8,39.2,2.0,1.0,1.0,0.0,0.0,1.0,0.0,Regular Season
1629639,Tyler Herro,1630241,Sam Merrill,2,7.5,39.2,4.0,1.0,5.0,0.0,2.0,1.0,1.0,Regular Season
1628976,Wendell Carter Jr.,1630549,Day'Ron Sharpe,3,7.5,39.2,5.0,1.0,2.0,0.0,1.0,1.0,2.0,Regular Season
1630579,Jericho Sims,1630572,Sandro Mamukelashvili,3,9.3,39.2,2.0,1.0,2.0,0.0,0.0,1.0,0.0,Regular Season
1626171,Bobby Portis Jr.,1630567,Scottie Barnes,3,8.2,39.2,10.0,4.0,9.0,1.0,4.0,1.0,1.0,Regular Season
1642845,VJ Edgecombe,1642273,Kyshawn George,2,7.3,39.2,4.0,1.0,3.0,1.0,3.0,0.0,1.0,Regular Season
1630572,Sandro Mamukelashvili,1628389,Bam Adebayo,4,7.4,39.2,11.0,5.0,8.0,1.0,2.0,0.0,0.0,Regular Season
1642349,Ajay Mitchell,1628370,Malik Monk,3,6.4,39.2,7.0,2.0,5.0,0.0,1.0,0.0,2.0,Regular Season
1631094,Paolo Banchero,1628384,OG Anunoby,3,8.2,39.2,9.0,3.0,10.0,0.0,3.0,1.0,1.0,Regular Season
1629611,Terance Mann,1629014,Anfernee Simons,3,8.2,39.2,2.0,1.0,2.0,0.0,1.0,1.0,0.0,Regular Season
201572,Brook Lopez,1628392,Isaiah Hartenstein,2,8.7,39.2,9.0,3.0,6.0,2.0,3.0,2.0,1.0,Regular Season
201572,Brook Lopez,1631105,Jalen Duren,1,8.0,39.2,0.0,0.0,2.0,0.0,2.0,0.0,0.0,Regular Season
1631097,Bennedict Mathurin,1631342,Daeqwon Plowden,2,6.5,39.2,4.0,1.0,5.0,0.0,2.0,1.0,2.0,Regular Season
1628368,De'Aaron Fox,203935,Marcus Smart,2,7.3,39.2,6.0,2.0,4.0,0.0,0.0,1.0,1.0,Regular Season
1628415,Dillon Brooks,203944,Julius Randle,2,7.2,39.2,8.0,3.0,9.0,1.0,3.0,1.0,1.0,Regular Season
1629611,Terance Mann,1626181,Norman Powell,1,8.2,39.2,0.0,0.0,2.0,0.0,1.0,0.0,0.0,Regular Season
1631105,Jalen Duren,203110,Draymond Green,2,7.6,39.1,17.0,6.0,9.0,0.0,0.0,1.0,4.0,Regular Season
1642852,Derik Queen,203076,Anthony Davis,1,7.9,39.1,4.0,2.0,4.0,0.0,2.0,1.0,0.0,Regular Season
1630578,Alperen Sengun,203944,Julius Randle,2,7.9,39.1,7.0,2.0,7.0,0.0,0.0,0.0,1.0,Regular Season
1641717,Cason Wallace,201935,James Harden,2,5.5,39.1,16.0,6.0,10.0,4.0,5.0,0.0,0.0,Regular Season
203897,Zach LaVine,1626164,Devin Booker,2,6.6,39.1,13.0,6.0,7.0,1.0,2.0,1.0,0.0,Regular Season
1641796,Pelle Larsson,201935,James Harden,4,6.4,39.1,11.0,4.0,4.0,2.0,2.0,2.0,1.0,Regular Season
1630559,Austin Reaves,1627739,Kris Dunn,2,7.1,39.1,10.0,4.0,6.0,2.0,4.0,0.0,0.0,Regular Season
1631108,Max Christie,1642844,Dylan Harper,4,6.0,39.1,0.0,0.0,4.0,0.0,4.0,1.0,0.0,Regular Season
1628379,Luke Kennard,1641711,Gradey Dick,2,7.5,39.1,5.0,2.0,4.0,1.0,3.0,1.0,0.0,Regular Season
1628976,Wendell Carter Jr.,1629111,Jock Landale,4,8.7,39.1,7.0,3.0,7.0,1.0,4.0,1.0,0.0,Regular Season
1631095,Jabari Smith Jr.,1629130,Duncan Robinson,2,7.8,39.1,8.0,2.0,6.0,2.0,3.0,1.0,0.0,Regular Season
203468,CJ McCollum,1629731,Dean Wade,3,7.1,39.1,12.0,4.0,8.0,1.0,4.0,0.0,2.0,Regular Season
1641765,Olivier-Maxence Prosper,1629655,Daniel Gafford,3,7.6,39.1,10.0,4.0,11.0,2.0,7.0,1.0,0.0,Regular Season
1642274,Yves Missi,1629111,Jock Landale,4,9.1,39.1,2.0,1.0,3.0,0.0,0.0,1.0,0.0,Regular Season
1629023,P.J. Washington,1630530,Trey Murphy III,4,6.6,39.1,8.0,3.0,8.0,1.0,4.0,2.0,1.0,Regular Season
1631157,Ryan Rollins,1630595,Cade Cunningham,4,7.5,39.1,5.0,2.0,8.0,0.0,5.0,1.0,1.0,Regular Season
1642264,Stephon Castle,1630595,Cade Cunningham,2,5.1,39.1,8.0,3.0,9.0,0.0,0.0,1.0,2.0,Regular Season
1629639,Tyler Herro,1630591,Jalen Suggs,2,7.2,39.1,9.0,4.0,9.0,1.0,2.0,1.0,0.0,Regular Season
1630183,Jaden McDaniels,1631096,Chet Holmgren,4,7.8,39.1,8.0,3.0,5.0,2.0,2.0,2.0,0.0,Regular Season
203944,Julius Randle,1631119,Jaylin Williams,3,8.4,39.1,12.0,4.0,13.0,1.0,5.0,1.0,3.0,Regular Season
1627783,Pascal Siakam,1631243,Mouhamed Gueye,3,8.5,39.1,10.0,2.0,9.0,1.0,4.0,1.0,3.0,Regular Season
1629060,Rui Hachimura,1631095,Jabari Smith Jr.,3,7.3,39.1,2.0,1.0,2.0,0.0,1.0,0.0,0.0,Regular Season
1626157,Karl-Anthony Towns,1631230,Dominick Barlow,4,7.1,39.1,12.0,4.0,7.0,0.0,1.0,0.0,3.0,Regular Season
1642851,Kon Knueppel,1628969,Mikal Bridges,3,8.0,39.1,7.0,2.0,5.0,1.0,3.0,0.0,1.0,Regular Season
1628973,Jalen Brunson,1628401,Derrick White,4,7.5,39.1,13.0,6.0,12.0,1.0,3.0,1.0,0.0,Regular Season
1641708,Amen Thompson,1628983,Shai Gilgeous-Alexander,2,7.0,39.0,2.0,1.0,4.0,0.0,1.0,1.0,0.0,Regular Season
1628969,Mikal Bridges,1628970,Miles Bridges,3,7.7,39.0,8.0,4.0,10.0,0.0,4.0,0.0,0.0,Regular Season
1630577,Julian Champagnie,1630166,Deni Avdija,3,7.3,39.0,0.0,0.0,3.0,0.0,3.0,1.0,0.0,Regular Season
1642273,Kyshawn George,1630170,Devin Vassell,2,7.6,39.0,5.0,2.0,4.0,0.0,1.0,0.0,2.0,Regular Season
1630168,Onyeka Okongwu,1629048,Goga Bitadze,4,8.2,39.0,8.0,1.0,6.0,1.0,3.0,2.0,1.0,Regular Season
1629012,Collin Sexton,1642347,Jamal Shead,5,8.4,39.0,4.0,2.0,5.0,0.0,2.0,1.0,0.0,Regular Season
1642345,Oso Ighodaro,1626167,Myles Turner,2,8.3,39.0,10.0,5.0,6.0,0.0,0.0,2.0,0.0,Regular Season
203932,Aaron Gordon,202710,Jimmy Butler III,2,7.9,39.0,5.0,2.0,4.0,1.0,1.0,1.0,0.0,Regular Season
1642271,Kyle Filipowski,201942,DeMar DeRozan,2,8.6,39.0,3.0,1.0,4.0,1.0,3.0,0.0,0.0,Regular Season
1626171,Bobby Portis Jr.,202331,Paul George,3,8.0,39.0,14.0,6.0,12.0,1.0,4.0,1.0,1.0,Regular Season
1630180,Saddiq Bey,203484,Kentavious Caldwell-Pope,4,9.2,39.0,12.0,4.0,7.0,2.0,4.0,0.0,1.0,Regular Season
1631323,Simone Fontecchio,1641731,Bilal Coulibaly,4,7.9,39.0,2.0,1.0,2.0,0.0,1.0,0.0,0.0,Regular Season
1629130,Duncan Robinson,1630217,Desmond Bane,3,7.3,39.0,6.0,2.0,6.0,2.0,6.0,0.0,0.0,Regular Season
1642383,Walter Clayton Jr.,1630200,Tre Jones,3,8.1,39.0,2.0,1.0,3.0,0.0,1.0,5.0,0.0,Regular Season
201935,James Harden,1630533,Ziaire Williams,3,7.7,39.0,6.0,1.0,2.0,0.0,0.0,2.0,2.0,Regular Season
1629674,Neemias Queta,1630596,Evan Mobley,2,9.7,39.0,2.0,1.0,3.0,0.0,1.0,1.0,0.0,Regular Season
203484,Kentavious Caldwell-Pope,1630530,Trey Murphy III,4,7.0,39.0,2.0,1.0,6.0,0.0,4.0,1.0,0.0,Regular Season
1629631,De'Andre Hunter,1642907,Cedric Coward,2,6.3,39.0,4.0,2.0,7.0,0.0,2.0,0.0,0.0,Regular Season
1628415,Dillon Brooks,1626162,Kelly Oubre Jr.,2,7.5,38.9,13.0,4.0,9.0,1.0,5.0,0.0,1.0,Regular Season
1628973,Jalen Brunson,1626162,Kelly Oubre Jr.,2,6.3,38.9,12.0,5.0,7.0,2.0,4.0,0.0,0.0,Regular Season
1629651,Nic Claxton,1630188,Jalen Smith,2,9.3,38.9,6.0,3.0,4.0,0.0,0.0,1.0,0.0,Regular Season
1627742,Brandon Ingram,1629631,De'Andre Hunter,2,7.8,38.9,14.0,6.0,11.0,0.0,4.0,1.0,2.0,Regular Season
1628988,Aaron Holiday,1628370,Malik Monk,3,8.0,38.9,3.0,1.0,3.0,1.0,3.0,1.0,0.0,Regular Season
1631094,Paolo Banchero,1627884,Derrick Jones Jr.,1,7.6,38.9,7.0,3.0,7.0,0.0,1.0,2.0,1.0,Regular Season
203994,Jusuf Nurkić,1628386,Jarrett Allen,1,7.7,38.9,5.0,2.0,5.0,1.0,1.0,0.0,0.0,Regular Season
1626167,Myles Turner,1628976,Wendell Carter Jr.,3,6.7,38.9,7.0,2.0,4.0,2.0,2.0,0.0,1.0,Regular Season
1628976,Wendell Carter Jr.,1642345,Oso Ighodaro,2,7.0,38.9,7.0,2.0,3.0,1.0,1.0,1.0,0.0,Regular Season
1628370,Malik Monk,1642349,Ajay Mitchell,3,7.1,38.9,5.0,2.0,4.0,0.0,1.0,2.0,1.0,Regular Season
1642847,Jeremiah Fears,1630559,Austin Reaves,3,7.7,38.9,10.0,4.0,6.0,0.0,0.0,1.0,1.0,Regular Season
1642265,Rob Dillingham,1630198,Isaiah Joe,3,8.7,38.9,6.0,2.0,3.0,1.0,2.0,2.0,1.0,Regular Season
1630536,Sharife Cooper,1631204,Marcus Sasser,3,7.9,38.9,9.0,4.0,5.0,1.0,2.0,1.0,0.0,Regular Season
1641708,Amen Thompson,1641824,Matas Buzelis,2,9.6,38.9,10.0,4.0,4.0,1.0,1.0,0.0,1.0,Regular Season
1631157,Ryan Rollins,1641706,Brandon Miller,2,8.5,38.9,12.0,4.0,4.0,3.0,3.0,0.0,1.0,Regular Season
203944,Julius Randle,1641713,GG Jackson,3,7.8,38.8,10.0,4.0,8.0,1.0,3.0,2.0,1.0,Regular Season
203501,Tim Hardaway Jr.,1642272,Jared McCain,3,6.9,38.8,10.0,4.0,10.0,2.0,7.0,0.0,0.0,Regular Season
1628969,Mikal Bridges,1641796,Pelle Larsson,3,8.7,38.8,9.0,3.0,5.0,2.0,3.0,0.0,0.0,Regular Season
1629661,Cameron Johnson,1641764,Brandin Podziemski,4,7.6,38.8,2.0,0.0,3.0,0.0,3.0,0.0,1.0,Regular Season
1630193,Immanuel Quickley,1628401,Derrick White,3,8.3,38.8,6.0,1.0,3.0,1.0,3.0,0.0,1.0,Regular Season
1628969,Mikal Bridges,1628368,De'Aaron Fox,2,7.3,38.8,4.0,2.0,4.0,0.0,2.0,0.0,0.0,Regular Season
1642847,Jeremiah Fears,203935,Marcus Smart,3,6.9,38.8,10.0,4.0,7.0,2.0,3.0,1.0,0.0,Regular Season
1628991,Jaren Jackson Jr.,2544,LeBron James,2,8.4,38.8,2.0,1.0,3.0,0.0,1.0,1.0,1.0,Regular Season
1630202,Payton Pritchard,1626181,Norman Powell,3,8.6,38.8,3.0,1.0,2.0,1.0,1.0,0.0,0.0,Regular Season
203076,Anthony Davis,203083,Andre Drummond,2,7.5,38.8,12.0,5.0,8.0,0.0,0.0,0.0,1.0,Regular Season
203083,Andre Drummond,203076,Anthony Davis,2,8.0,38.8,3.0,1.0,4.0,1.0,3.0,0.0,1.0,Regular Season
1642843,Cooper Flagg,203944,Julius Randle,2,8.4,38.8,4.0,2.0,6.0,0.0,3.0,1.0,0.0,Regular Season
1629018,Gary Trent Jr.,1630178,Tyrese Maxey,3,6.5,38.8,2.0,1.0,2.0,0.0,1.0,2.0,0.0,Regular Season
1630245,Ayo Dosunmu,1629638,Nickeil Alexander-Walker,4,7.5,38.8,12.0,5.0,5.0,1.0,1.0,0.0,1.0,Regular Season
1629655,Daniel Gafford,1631217,Moussa Diabaté,2,8.0,38.8,7.0,3.0,5.0,0.0,0.0,0.0,1.0,Regular Season
1629661,Cameron Johnson,1642847,Jeremiah Fears,2,7.3,38.8,5.0,2.0,2.0,0.0,0.0,0.0,1.0,Regular Season
1628378,Donovan Mitchell,1642845,VJ Edgecombe,3,7.5,38.8,14.0,5.0,9.0,2.0,2.0,1.0,1.0,Regular Season
1627750,Jamal Murray,1642281,Jaylon Tyson,2,7.6,38.8,2.0,1.0,7.0,0.0,2.0,0.0,0.0,Regular Season
1630700,Dyson Daniels,1642845,VJ Edgecombe,3,6.5,38.8,10.0,5.0,6.0,0.0,0.0,1.0,1.0,Regular Season
1642377,Jaylen Wells,1630538,Bones Hyland,3,7.0,38.8,18.0,6.0,10.0,2.0,3.0,0.0,1.0,Regular Season
1628983,Shai Gilgeous-Alexander,1630692,Jordan Goodwin,3,7.2,38.8,10.0,4.0,9.0,1.0,1.0,1.0,1.0,Regular Season
1641717,Cason Wallace,1630577,Julian Champagnie,5,7.8,38.7,9.0,3.0,5.0,3.0,4.0,0.0,0.0,Regular Season
1630703,Scoot Henderson,1630245,Ayo Dosunmu,3,7.3,38.7,5.0,2.0,3.0,1.0,2.0,5.0,0.0,Regular Season
1630595,Cade Cunningham,1630692,Jordan Goodwin,2,8.7,38.7,2.0,1.0,2.0,0.0,1.0,2.0,0.0,Regular Season
201942,DeMar DeRozan,203932,Aaron Gordon,2,7.7,38.7,2.0,1.0,3.0,0.0,1.0,0.0,0.0,Regular Season
1629011,Mitchell Robinson,203954,Joel Embiid,2,8.4,38.7,4.0,2.0,3.0,0.0,0.0,0.0,1.0,Regular Season
1629011,Mitchell Robinson,1642270,Donovan Clingan,2,7.8,38.7,0.0,0.0,1.0,0.0,0.0,0.0,0.0,Regular Season
1628379,Luke Kennard,1642272,Jared McCain,5,7.5,38.7,4.0,2.0,3.0,0.0,1.0,0.0,0.0,Regular Season
1628415,Dillon Brooks,1641739,Toumani Camara,2,6.4,38.7,2.0,0.0,5.0,0.0,1.0,2.0,1.0,Regular Season
1641824,Matas Buzelis,1641783,Tristan da Silva,4,7.3,38.7,6.0,2.0,4.0,1.0,3.0,0.0,1.0,Regular Season
1630543,Isaiah Jackson,1627751,Jakob Poeltl,3,9.4,38.7,8.0,3.0,3.0,0.0,0.0,1.0,2.0,Regular Season
203944,Julius Randle,1628381,John Collins,2,7.1,38.7,5.0,2.0,4.0,1.0,3.0,0.0,0.0,Regular Season
1642268,Isaiah Collier,1642844,Dylan Harper,3,7.4,38.7,2.0,1.0,3.0,0.0,0.0,3.0,0.0,Regular Season
1641796,Pelle Larsson,1642843,Cooper Flagg,2,7.2,38.7,11.0,4.0,7.0,1.0,2.0,0.0,3.0,Regular Season
203944,Julius Randle,1629651,Nic Claxton,2,7.9,38.7,8.0,3.0,6.0,0.0,1.0,0.0,1.0,Regular Season
1631099,Keegan Murray,1630183,Jaden McDaniels,2,8.3,38.7,0.0,0.0,2.0,0.0,1.0,0.0,0.0,Regular Season
1641731,Bilal Coulibaly,1629627,Zion Williamson,2,7.1,38.7,0.0,0.0,2.0,0.0,1.0,0.0,0.0,Regular Season
1631108,Max Christie,1631101,Shaedon Sharpe,2,6.4,38.7,11.0,3.0,4.0,2.0,2.0,2.0,1.0,Regular Season
1631096,Chet Holmgren,1641705,Victor Wembanyama,4,7.4,38.7,4.0,1.0,7.0,0.0,3.0,0.0,2.0,Regular Season
201939,Stephen Curry,1631128,Christian Braun,1,8.8,38.6,26.0,8.0,15.0,4.0,7.0,0.0,2.0,Regular Season
1630573,Sam Hauser,1631323,Simone Fontecchio,4,9.3,38.6,3.0,1.0,2.0,1.0,2.0,0.0,0.0,Regular Season
1629012,Collin Sexton,1630224,Jalen Green,2,6.5,38.6,7.0,1.0,3.0,1.0,3.0,0.0,2.0,Regular Season
1629628,RJ Barrett,1630558,Davion Mitchell,2,8.0,38.6,6.0,2.0,4.0,0.0,1.0,1.0,1.0,Regular Season
1628978,Donte DiVincenzo,1630591,Jalen Suggs,2,7.4,38.6,3.0,1.0,4.0,1.0,4.0,1.0,0.0,Regular Season
1628969,Mikal Bridges,1630591,Jalen Suggs,4,6.8,38.6,4.0,2.0,3.0,0.0,0.0,1.0,0.0,Regular Season
1626167,Myles Turner,1630543,Isaiah Jackson,2,6.0,38.6,7.0,2.0,4.0,2.0,4.0,0.0,1.0,Regular Season
203497,Rudy Gobert,1630596,Evan Mobley,2,8.0,38.6,6.0,3.0,4.0,0.0,0.0,1.0,1.0,Regular Season
1630532,Franz Wagner,1642907,Cedric Coward,2,8.7,38.6,13.0,5.0,11.0,2.0,3.0,1.0,0.0,Regular Season
1629638,Nickeil Alexander-Walker,1642962,Drake Powell,3,7.0,38.6,9.0,3.0,4.0,3.0,3.0,0.0,0.0,Regular Season
203497,Rudy Gobert,1626157,Karl-Anthony Towns,2,9.4,38.6,2.0,1.0,1.0,0.0,0.0,0.0,0.0,Regular Season
1631165,Keon Ellis,1626181,Norman Powell,3,9.4,38.6,5.0,2.0,5.0,1.0,4.0,1.0,0.0,Regular Season
1626157,Karl-Anthony Towns,201566,Russell Westbrook,2,8.6,38.6,6.0,2.0,3.0,0.0,0.0,1.0,1.0,Regular Season
201942,DeMar DeRozan,203935,Marcus Smart,4,8.3,38.6,15.0,6.0,10.0,1.0,2.0,2.0,1.0,Regular Season
1630170,Devin Vassell,1626164,Devin Booker,4,6.0,38.6,3.0,1.0,2.0,1.0,1.0,1.0,0.0,Regular Season
1626220,Royce O'Neale,1630180,Saddiq Bey,4,7.0,38.6,6.0,2.0,4.0,2.0,4.0,1.0,0.0,Regular Season
1631221,Collin Gillespie,1630193,Immanuel Quickley,2,8.9,38.6,2.0,1.0,3.0,0.0,1.0,1.0,0.0,Regular Season
1630241,Sam Merrill,1629639,Tyler Herro,2,8.8,38.6,15.0,5.0,8.0,3.0,6.0,0.0,0.0,Regular Season
1641730,Noah Clowney,1628404,Josh Hart,3,9.1,38.6,4.0,1.0,7.0,0.0,4.0,1.0,0.0,Regular Season
1641737,Adem Bona,1629011,Mitchell Robinson,4,8.9,38.6,3.0,1.0,1.0,0.0,0.0,0.0,0.0,Regular Season
1630530,Trey Murphy III,1642277,Johnny Furphy,2,8.0,38.6,10.0,3.0,10.0,2.0,7.0,1.0,1.0,Regular Season
1642266,Ja'Kobe Walter,1642851,Kon Knueppel,4,6.2,38.6,0.0,0.0,3.0,0.0,2.0,1.0,0.0,Regular Season
1629638,Nickeil Alexander-Walker,1642879,Ben Saraf,3,6.1,38.6,9.0,3.0,7.0,1.0,4.0,0.0,1.0,Regular Season
1629060,Rui Hachimura,1642843,Cooper Flagg,3,8.0,38.5,12.0,4.0,11.0,4.0,7.0,0.0,0.0,Regular Season
1628398,Kyle Kuzma,1642843,Cooper Flagg,2,6.5,38.5,5.0,1.0,7.0,0.0,4.0,2.0,2.0,Regular Season
201935,James Harden,1641783,Tristan da Silva,3,6.9,38.5,4.0,1.0,6.0,1.0,2.0,2.0,1.0,Regular Season
203497,Rudy Gobert,1642271,Kyle Filipowski,4,7.4,38.5,15.0,6.0,6.0,0.0,0.0,0.0,1.0,Regular Season
1626181,Norman Powell,1641709,Ausar Thompson,2,6.8,38.5,6.0,2.0,5.0,2.0,4.0,3.0,0.0,Regular Season
1630200,Tre Jones,1630241,Sam Merrill,2,7.2,38.5,12.0,3.0,5.0,0.0,2.0,0.0,1.0,Regular Season
1641718,Keyonte George,1630541,Moses Moody,3,6.7,38.5,15.0,5.0,8.0,4.0,5.0,2.0,1.0,Regular Season
1641764,Brandin Podziemski,1630559,Austin Reaves,3,8.2,38.5,4.0,2.0,6.0,0.0,2.0,0.0,0.0,Regular Season
1628392,Isaiah Hartenstein,1630578,Alperen Sengun,2,7.1,38.5,0.0,0.0,2.0,0.0,0.0,2.0,1.0,Regular Season
1630568,Luka Garza,1630643,Jay Huff,4,9.0,38.5,2.0,1.0,1.0,0.0,0.0,0.0,0.0,Regular Season
1642345,Oso Ighodaro,1627824,Guerschon Yabusele,3,8.2,38.5,8.0,4.0,4.0,0.0,0.0,0.0,1.0,Regular Season
1627739,Kris Dunn,1628983,Shai Gilgeous-Alexander,3,9.1,38.5,8.0,3.0,6.0,2.0,4.0,1.0,0.0,Regular Season
203501,Tim Hardaway Jr.,1628379,Luke Kennard,4,7.8,38.5,5.0,1.0,2.0,0.0,1.0,0.0,2.0,Regular Season
1629004,Svi Mykhailiuk,1628960,Grayson Allen,3,6.9,38.5,2.0,1.0,4.0,0.0,3.0,0.0,0.0,Regular Season
1641708,Amen Thompson,203999,Nikola Jokić,4,8.5,38.5,18.0,7.0,13.0,0.0,1.0,0.0,3.0,Regular Season
1642274,Yves Missi,201572,Brook Lopez,4,9.8,38.5,6.0,3.0,3.0,0.0,0.0,0.0,0.0,Regular Season
1626157,Karl-Anthony Towns,203507,Giannis Antetokounmpo,2,8.3,38.5,5.0,2.0,4.0,1.0,1.0,0.0,0.0,Regular Season
1629628,RJ Barrett,201142,Kevin Durant,2,8.8,38.5,11.0,5.0,9.0,1.0,2.0,2.0,0.0,Regular Season
1630596,Evan Mobley,1626171,Bobby Portis Jr.,3,7.6,38.5,6.0,3.0,7.0,0.0,1.0,0.0,0.0,Regular Season
1630559,Austin Reaves,203471,Dennis Schröder,2,6.6,38.5,13.0,4.0,6.0,3.0,4.0,1.0,0.0,Regular Season
1630217,Desmond Bane,1630174,Aaron Nesmith,3,6.7,38.5,2.0,1.0,3.0,0.0,0.0,1.0,0.0,Regular Season
1642852,Derik Queen,1629723,John Konchar,7,6.8,38.5,8.0,3.0,4.0,0.0,0.0,2.0,1.0,Regular Season
1626220,Royce O'Neale,1630183,Jaden McDaniels,3,5.8,38.5,10.0,3.0,4.0,3.0,4.0,2.0,0.0,Regular Season
1629656,Quentin Grimes,1630193,Immanuel Quickley,4,8.8,38.5,5.0,2.0,4.0,1.0,1.0,0.0,0.0,Regular Season
1630573,Sam Hauser,1629639,Tyler Herro,2,8.8,38.5,8.0,4.0,6.0,0.0,2.0,0.0,1.0,Regular Season
1630162,Anthony Edwards,1630171,Isaac Okoro,2,8.0,38.5,0.0,0.0,6.0,0.0,5.0,0.0,0.0,Regular Season
1642263,Reed Sheppard,1629638,Nickeil Alexander-Walker,2,7.6,38.5,5.0,2.0,5.0,1.0,3.0,1.0,0.0,Regular Season
1641706,Brandon Miller,1629638,Nickeil Alexander-Walker,3,7.6,38.5,12.0,4.0,8.0,3.0,4.0,3.0,0.0,Regular Season
1631095,Jabari Smith Jr.,1630188,Jalen Smith,2,8.2,38.4,5.0,2.0,5.0,1.0,3.0,0.0,0.0,Regular Season
1631230,Dominick Barlow,1629627,Zion Williamson,2,6.5,38.4,5.0,2.0,5.0,0.0,2.0,0.0,2.0,Regular Season
203952,Andrew Wiggins,1641731,Bilal Coulibaly,3,5.9,38.4,2.0,1.0,1.0,0.0,0.0,1.0,0.0,Regular Season
1642857,Kasparas Jakučionis,1642267,Bub Carrington,4,6.3,38.4,10.0,3.0,4.0,1.0,1.0,0.0,2.0,Regular Season
1630230,Naji Marshall,1631222,Jake LaRavia,4,6.6,38.4,5.0,2.0,6.0,1.0,2.0,2.0,0.0,Regular Season
201942,DeMar DeRozan,1631243,Mouhamed Gueye,2,8.4,38.4,16.0,6.0,10.0,1.0,2.0,1.0,2.0,Regular Season
1629651,Nic Claxton,1631217,Moussa Diabaté,3,8.7,38.4,4.0,2.0,3.0,0.0,0.0,0.0,0.0,Regular Season
1628384,OG Anunoby,1631096,Chet Holmgren,2,9.0,38.4,5.0,2.0,6.0,1.0,5.0,1.0,0.0,Regular Season
1642847,Jeremiah Fears,1631221,Collin Gillespie,4,7.0,38.4,8.0,4.0,9.0,0.0,1.0,2.0,1.0,Regular Season
203468,CJ McCollum,1642281,Jaylon Tyson,3,7.2,38.4,21.0,7.0,10.0,4.0,5.0,0.0,1.0,Regular Season
2544,LeBron James,1642364,Jamir Watkins,2,7.5,38.4,2.0,1.0,5.0,0.0,1.0,2.0,0.0,Regular Season
1629661,Cameron Johnson,201142,Kevin Durant,4,6.9,38.4,7.0,2.0,4.0,1.0,3.0,0.0,0.0,Regular Season
1628970,Miles Bridges,201942,DeMar DeRozan,2,8.7,38.4,2.0,1.0,3.0,0.0,0.0,0.0,0.0,Regular Season
1630558,Davion Mitchell,1626145,Tyus Jones,3,6.4,38.4,8.0,4.0,6.0,0.0,0.0,0.0,0.0,Regular Season
1630168,Onyeka Okongwu,203994,Jusuf Nurkić,1,6.2,38.4,14.0,5.0,11.0,4.0,10.0,2.0,0.0,Regular Season
1628404,Josh Hart,1630581,Josh Giddey,4,8.8,38.4,7.0,3.0,3.0,1.0,1.0,0.0,0.0,Regular Season
1629673,Jordan Poole,1630200,Tre Jones,2,7.7,38.4,8.0,2.0,4.0,2.0,4.0,0.0,1.0,Regular Season
1628960,Grayson Allen,1629004,Svi Mykhailiuk,3,8.5,38.4,9.0,3.0,5.0,2.0,2.0,0.0,1.0,Regular Season
203497,Rudy Gobert,1628389,Bam Adebayo,2,7.0,38.3,0.0,0.0,1.0,0.0,0.0,0.0,0.0,Regular Season
1627783,Pascal Siakam,1631106,Tari Eason,2,6.5,38.3,7.0,3.0,9.0,0.0,1.0,2.0,1.0,Regular Season
1630581,Josh Giddey,1629638,Nickeil Alexander-Walker,3,7.2,38.3,3.0,1.0,7.0,0.0,3.0,2.0,1.0,Regular Season
1627759,Jaylen Brown,1630172,Patrick Williams,3,8.5,38.3,6.0,2.0,5.0,2.0,4.0,1.0,0.0,Regular Season
203501,Tim Hardaway Jr.,1642948,Ryan Nembhard,4,8.3,38.3,4.0,2.0,6.0,0.0,4.0,0.0,0.0,Regular Season
1642844,Dylan Harper,1642263,Reed Sheppard,3,6.5,38.3,11.0,5.0,9.0,1.0,3.0,2.0,0.0,Regular Season
1629661,Cameron Johnson,1630230,Naji Marshall,3,6.2,38.3,10.0,3.0,4.0,2.0,3.0,0.0,1.0,Regular Season
1642276,Kel'el Ware,1630549,Day'Ron Sharpe,3,6.5,38.3,4.0,2.0,4.0,0.0,2.0,1.0,0.0,Regular Season
1631230,Dominick Barlow,1630551,Justin Champagnie,3,8.2,38.3,4.0,2.0,3.0,0.0,0.0,0.0,0.0,Regular Season
1630578,Alperen Sengun,1630583,Santi Aldama,2,8.1,38.3,16.0,8.0,10.0,0.0,1.0,1.0,0.0,Regular Season
1642349,Ajay Mitchell,203484,Kentavious Caldwell-Pope,3,7.1,38.3,8.0,2.0,4.0,1.0,1.0,1.0,2.0,Regular Season
1626167,Myles Turner,203114,Khris Middleton,5,7.3,38.3,0.0,0.0,4.0,0.0,2.0,2.0,0.0,Regular Season
202710,Jimmy Butler III,202695,Kawhi Leonard,2,7.3,38.3,14.0,6.0,8.0,1.0,3.0,0.0,1.0,Regular Season
1629651,Nic Claxton,204001,Kristaps Porziņģis,2,8.1,38.3,7.0,3.0,7.0,0.0,0.0,1.0,1.0,Regular Season
1628404,Josh Hart,203952,Andrew Wiggins,4,6.2,38.3,4.0,1.0,4.0,1.0,2.0,1.0,1.0,Regular Season
1630173,Precious Achiuwa,203999,Nikola Jokić,3,7.6,38.2,7.0,3.0,4.0,0.0,0.0,0.0,1.0,Regular Season
1629656,Quentin Grimes,204456,T.J. McConnell,3,8.7,38.2,8.0,3.0,9.0,2.0,4.0,2.0,0.0,Regular Season
1631217,Moussa Diabaté,203497,Rudy Gobert,2,8.9,38.2,4.0,2.0,3.0,0.0,0.0,0.0,0.0,Regular Season
1629661,Cameron Johnson,201566,Russell Westbrook,4,7.6,38.2,7.0,2.0,5.0,1.0,1.0,1.0,1.0,Regular Season
1642345,Oso Ighodaro,203500,Steven Adams,3,8.0,38.2,3.0,1.0,5.0,0.0,0.0,0.0,1.0,Regular Season
1630540,Miles McBride,1631221,Collin Gillespie,2,8.4,38.2,3.0,1.0,3.0,1.0,3.0,0.0,0.0,Regular Season
201935,James Harden,1641706,Brandon Miller,3,7.5,38.2,16.0,4.0,8.0,3.0,6.0,3.0,4.0,Regular Season
2544,LeBron James,1631230,Dominick Barlow,2,6.8,38.2,9.0,4.0,9.0,1.0,3.0,1.0,0.0,Regular Season
203944,Julius Randle,1631230,Dominick Barlow,2,7.5,38.2,4.0,1.0,3.0,1.0,1.0,1.0,1.0,Regular Season
1628404,Josh Hart,1627783,Pascal Siakam,1,7.8,38.2,7.0,3.0,5.0,1.0,2.0,0.0,0.0,Regular Season
1631170,Jaime Jaquez Jr.,1627741,Buddy Hield,3,7.1,38.2,8.0,4.0,11.0,0.0,1.0,0.0,0.0,Regular Season
1630173,Precious Achiuwa,1628384,OG Anunoby,2,9.1,38.2,7.0,2.0,5.0,2.0,5.0,0.0,1.0,Regular Season
1630541,Moses Moody,1628978,Donte DiVincenzo,3,8.7,38.2,12.0,4.0,6.0,4.0,5.0,0.0,0.0,Regular Season
1629023,P.J. Washington,1628374,Lauri Markkanen,1,7.5,38.2,4.0,2.0,3.0,0.0,0.0,0.0,0.0,Regular Season
1630591,Jalen Suggs,1629027,Trae Young,2,5.8,38.2,15.0,5.0,6.0,3.0,4.0,1.0,2.0,Regular Season
1630168,Onyeka Okongwu,1629674,Neemias Queta,2,6.9,38.2,6.0,2.0,5.0,1.0,1.0,0.0,1.0,Regular Season
1641710,Anthony Black,1630174,Aaron Nesmith,2,7.6,38.2,9.0,3.0,9.0,1.0,5.0,2.0,2.0,Regular Season
1629011,Mitchell Robinson,1630191,Isaiah Stewart,2,8.8,38.2,0.0,0.0,1.0,0.0,0.0,0.0,0.0,Regular Season
1642263,Reed Sheppard,1629723,John Konchar,3,6.0,38.2,8.0,3.0,7.0,2.0,5.0,1.0,0.0,Regular Season
1641824,Matas Buzelis,1630530,Trey Murphy III,3,7.6,38.2,7.0,3.0,5.0,1.0,3.0,0.0,0.0,Regular Season
202699,Tobias Harris,1630577,Julian Champagnie,2,7.2,38.2,2.0,1.0,2.0,0.0,1.0,0.0,0.0,Regular Season
1629111,Jock Landale,1630264,Anthony Gill,2,7.4,38.2,7.0,3.0,5.0,1.0,3.0,0.0,0.0,Regular Season
1631113,Kennedy Chandler,1642847,Jeremiah Fears,1,6.2,38.2,4.0,1.0,4.0,0.0,1.0,2.0,1.0,Regular Season
1630530,Trey Murphy III,1642883,Sion James,2,7.6,38.2,5.0,2.0,5.0,1.0,2.0,1.0,0.0,Regular Season
1630595,Cade Cunningham,1642851,Kon Knueppel,3,8.2,38.2,14.0,7.0,13.0,0.0,0.0,3.0,0.0,Regular Season
1630217,Desmond Bane,1641708,Amen Thompson,2,8.5,38.2,13.0,4.0,5.0,3.0,3.0,0.0,0.0,Regular Season
1642847,Jeremiah Fears,1642269,Devin Carter,2,8.7,38.2,7.0,3.0,5.0,1.0,2.0,2.0,0.0,Regular Season
1641824,Matas Buzelis,1641730,Noah Clowney,4,6.4,38.1,14.0,4.0,12.0,2.0,5.0,0.0,2.0,Regular Season
1629018,Gary Trent Jr.,1641716,Jarace Walker,3,6.5,38.1,0.0,0.0,4.0,0.0,3.0,0.0,0.0,Regular Season
1629008,Michael Porter Jr.,1642264,Stephon Castle,2,8.6,38.1,8.0,3.0,12.0,2.0,7.0,1.0,0.0,Regular Season
1642258,Zaccharie Risacher,1641824,Matas Buzelis,3,6.8,38.1,4.0,1.0,3.0,1.0,2.0,1.0,2.0,Regular Season
1629627,Zion Williamson,1628381,John Collins,3,8.0,38.1,6.0,3.0,5.0,0.0,0.0,0.0,0.0,Regular Season
1642857,Kasparas Jakučionis,1629014,Anfernee Simons,2,7.2,38.1,5.0,1.0,2.0,1.0,1.0,0.0,1.0,Regular Season
201142,Kevin Durant,203924,Jerami Grant,2,6.5,38.1,4.0,1.0,1.0,1.0,1.0,3.0,1.0,Regular Season
1631109,Mark Williams,203110,Draymond Green,4,6.7,38.1,4.0,2.0,4.0,0.0,0.0,0.0,0.0,Regular Season
1629028,Deandre Ayton,1631096,Chet Holmgren,4,7.5,38.1,4.0,2.0,6.0,0.0,0.0,0.0,2.0,Regular Season
1641824,Matas Buzelis,1642874,Danny Wolf,4,6.4,38.1,8.0,3.0,9.0,0.0,2.0,2.0,1.0,Regular Season
203076,Anthony Davis,1642852,Derik Queen,1,7.2,38.1,30.0,14.0,22.0,1.0,3.0,2.0,1.0,Regular Season
1629008,Michael Porter Jr.,1642364,Jamir Watkins,1,8.0,38.1,12.0,4.0,10.0,2.0,7.0,1.0,1.0,Regular Season
203932,Aaron Gordon,1629627,Zion Williamson,2,7.8,38.1,7.0,1.0,4.0,0.0,3.0,0.0,3.0,Regular Season
1641796,Pelle Larsson,1630171,Isaac Okoro,4,5.8,38.1,17.0,7.0,10.0,2.0,4.0,1.0,1.0,Regular Season
1631108,Max Christie,1630193,Immanuel Quickley,2,7.5,38.1,4.0,1.0,6.0,0.0,5.0,1.0,0.0,Regular Season
1629674,Neemias Queta,1630572,Sandro Mamukelashvili,4,9.9,38.1,8.0,4.0,5.0,0.0,0.0,0.0,0.0,Regular Season
1641739,Toumani Camara,1630245,Ayo Dosunmu,4,9.1,38.0,4.0,1.0,4.0,0.0,2.0,0.0,0.0,Regular Season
1630230,Naji Marshall,1630557,Corey Kispert,4,8.8,38.0,5.0,2.0,7.0,1.0,2.0,0.0,0.0,Regular Season
1630198,Isaiah Joe,1630577,Julian Champagnie,4,7.9,38.0,4.0,2.0,2.0,0.0,0.0,0.0,0.0,Regular Season
1629638,Nickeil Alexander-Walker,1630558,Davion Mitchell,3,8.1,38.0,7.0,3.0,6.0,1.0,3.0,0.0,0.0,Regular Season
1630171,Isaac Okoro,1630217,Desmond Bane,2,7.4,38.0,0.0,0.0,1.0,0.0,0.0,0.0,0.0,Regular Season
1642266,Ja'Kobe Walter,1630217,Desmond Bane,3,7.2,38.0,3.0,1.0,2.0,1.0,2.0,0.0,0.0,Regular Season
1642867,Collin Murray-Boyles,203083,Andre Drummond,2,7.6,38.0,5.0,2.0,4.0,0.0,0.0,0.0,1.0,Regular Season
203114,Khris Middleton,202695,Kawhi Leonard,3,7.8,38.0,0.0,0.0,5.0,0.0,3.0,1.0,0.0,Regular Season
1628396,Tony Bradley,203999,Nikola Jokić,2,7.3,38.0,4.0,2.0,2.0,0.0,0.0,0.0,0.0,Regular Season
1629008,Michael Porter Jr.,201935,James Harden,4,7.2,38.0,2.0,1.0,4.0,0.0,2.0,1.0,0.0,Regular Season
1630202,Payton Pritchard,1642267,Bub Carrington,3,8.7,38.0,15.0,7.0,9.0,1.0,3.0,1.0,0.0,Regular Season
1630198,Isaiah Joe,1642265,Rob Dillingham,3,6.8,38.0,14.0,5.0,9.0,3.0,7.0,0.0,0.0,Regular Season
1630314,Brandon Williams,1629001,De'Anthony Melton,2,6.2,38.0,4.0,2.0,5.0,0.0,1.0,2.0,0.0,Regular Season
1628978,Donte DiVincenzo,1629004,Svi Mykhailiuk,3,5.5,38.0,0.0,0.0,1.0,0.0,1.0,0.0,0.0,Regular Season
1642262,Cody Williams,1629632,Coby White,2,6.8,38.0,0.0,0.0,1.0,0.0,1.0,0.0,0.0,Regular Season
1631260,AJ Green,1629628,RJ Barrett,3,7.6,38.0,9.0,3.0,3.0,3.0,3.0,0.0,0.0,Regular Season
1641775,Jordan Walsh,1630163,LaMelo Ball,3,8.1,38.0,2.0,1.0,2.0,0.0,0.0,0.0,0.0,Regular Season
1629013,Landry Shamet,1630174,Aaron Nesmith,3,7.3,38.0,3.0,1.0,3.0,0.0,2.0,0.0,1.0,Regular Season
1628997,Caleb Martin,1630162,Anthony Edwards,3,6.8,38.0,2.0,1.0,4.0,0.0,2.0,0.0,0.0,Regular Season
1631165,Keon Ellis,1631108,Max Christie,4,7.5,38.0,2.0,1.0,4.0,0.0,2.0,2.0,0.0,Regular Season
1642345,Oso Ighodaro,1642852,Derik Queen,4,7.8,38.0,4.0,2.0,2.0,0.0,0.0,1.0,1.0,Regular Season
203944,Julius Randle,1642846,Ace Bailey,4,5.9,38.0,18.0,7.0,12.0,2.0,5.0,1.0,2.0,Regular Season
1641737,Adem Bona,1642867,Collin Murray-Boyles,3,8.2,38.0,4.0,2.0,2.0,0.0,0.0,0.0,0.0,Regular Season
1641707,Taylor Hendricks,1642382,Branden Carlson,3,8.1,38.0,7.0,3.0,7.0,1.0,3.0,0.0,0.0,Regular Season
1629029,Luka Dončić,1642883,Sion James,2,8.2,37.9,14.0,5.0,9.0,2.0,5.0,0.0,2.0,Regular Season
1630217,Desmond Bane,1642845,VJ Edgecombe,2,6.8,37.9,2.0,1.0,3.0,0.0,1.0,0.0,0.0,Regular Season
1629614,Andrew Nembhard,1642266,Ja'Kobe Walter,3,7.9,37.9,0.0,0.0,8.0,0.0,1.0,1.0,0.0,Regular Season
1627742,Brandon Ingram,1642273,Kyshawn George,3,7.2,37.9,13.0,3.0,8.0,0.0,3.0,1.0,4.0,Regular Season
1630529,Herbert Jones,1642263,Reed Sheppard,3,7.8,37.9,5.0,1.0,5.0,1.0,4.0,0.0,1.0,Regular Season
1627747,Caris LeVert,1630217,Desmond Bane,3,5.8,37.9,4.0,0.0,5.0,0.0,2.0,0.0,1.0,Regular Season
1628969,Mikal Bridges,1630581,Josh Giddey,4,6.4,37.9,15.0,6.0,8.0,3.0,5.0,1.0,0.0,Regular Season
201142,Kevin Durant,201566,Russell Westbrook,4,7.8,37.9,2.0,1.0,2.0,0.0,1.0,0.0,0.0,Regular Season
201587,Nicolas Batum,202691,Klay Thompson,3,6.8,37.9,0.0,0.0,2.0,0.0,2.0,0.0,0.0,Regular Season
1626167,Myles Turner,202699,Tobias Harris,2,8.6,37.9,5.0,2.0,2.0,1.0,1.0,0.0,0.0,Regular Season
1628971,Bruce Brown,203084,Harrison Barnes,4,5.9,37.9,5.0,2.0,5.0,1.0,3.0,0.0,0.0,Regular Season
1630178,Tyrese Maxey,1629012,Collin Sexton,2,8.1,37.9,8.0,1.0,5.0,1.0,3.0,0.0,0.0,Regular Season
1642867,Collin Murray-Boyles,1628389,Bam Adebayo,4,8.9,37.9,7.0,2.0,4.0,1.0,1.0,0.0,0.0,Regular Season
203110,Draymond Green,1628976,Wendell Carter Jr.,2,7.2,37.9,6.0,3.0,4.0,0.0,1.0,4.0,1.0,Regular Season
1628404,Josh Hart,1629008,Michael Porter Jr.,3,6.6,37.9,0.0,0.0,1.0,0.0,0.0,0.0,0.0,Regular Season
1641708,Amen Thompson,1628404,Josh Hart,2,8.3,37.9,6.0,3.0,6.0,0.0,1.0,0.0,0.0,Regular Season
1628398,Kyle Kuzma,1630171,Isaac Okoro,4,6.3,37.9,6.0,2.0,8.0,1.0,4.0,2.0,1.0,Regular Season
1629014,Anfernee Simons,1629611,Terance Mann,3,7.5,37.9,11.0,3.0,5.0,2.0,4.0,0.0,2.0,Regular Season
1642846,Ace Bailey,1630162,Anthony Edwards,3,6.1,37.9,5.0,2.0,5.0,1.0,2.0,0.0,0.0,Regular Season
203999,Nikola Jokić,1629723,John Konchar,3,8.2,37.9,6.0,3.0,7.0,0.0,0.0,2.0,0.0,Regular Season
1631342,Daeqwon Plowden,1630180,Saddiq Bey,3,8.4,37.9,3.0,1.0,1.0,1.0,1.0,0.0,0.0,Regular Season
1630200,Tre Jones,1630178,Tyrese Maxey,2,7.8,37.9,8.0,4.0,7.0,0.0,1.0,0.0,0.0,Regular Season
1629012,Collin Sexton,1630193,Immanuel Quickley,5,9.8,37.9,16.0,6.0,9.0,4.0,6.0,0.0,0.0,Regular Season
203084,Harrison Barnes,1629060,Rui Hachimura,3,4.5,37.9,8.0,3.0,4.0,2.0,3.0,0.0,0.0,Regular Season
1626181,Norman Powell,1629614,Andrew Nembhard,2,7.1,37.8,5.0,1.0,4.0,1.0,2.0,1.0,1.0,Regular Season
1629655,Daniel Gafford,1629111,Jock Landale,4,8.4,37.8,7.0,2.0,3.0,0.0,0.0,0.0,3.0,Regular Season
1630217,Desmond Bane,1630241,Sam Merrill,2,7.7,37.8,7.0,2.0,5.0,0.0,1.0,2.0,1.0,Regular Season
1641737,Adem Bona,1630579,Jericho Sims,3,6.1,37.8,6.0,3.0,5.0,0.0,0.0,0.0,1.0,Regular Season
1630180,Saddiq Bey,1642843,Cooper Flagg,4,7.7,37.8,13.0,5.0,11.0,2.0,7.0,0.0,1.0,Regular Season
202695,Kawhi Leonard,1642377,Jaylen Wells,4,6.5,37.8,15.0,5.0,10.0,1.0,4.0,0.0,2.0,Regular Season
1641710,Anthony Black,1641824,Matas Buzelis,3,7.1,37.8,11.0,5.0,9.0,1.0,2.0,0.0,0.0,Regular Season
1642363,Nique Clifford,1641757,Jordan Miller,4,7.3,37.8,7.0,3.0,7.0,1.0,3.0,0.0,0.0,Regular Season
1631128,Christian Braun,1642271,Kyle Filipowski,3,5.7,37.8,9.0,4.0,5.0,1.0,1.0,0.0,0.0,Regular Season
1629656,Quentin Grimes,1642258,Zaccharie Risacher,4,7.5,37.8,15.0,5.0,6.0,3.0,3.0,0.0,0.0,Regular Season
1629611,Terance Mann,1642272,Jared McCain,4,7.6,37.8,3.0,1.0,3.0,1.0,3.0,3.0,0.0,Regular Season
1642848,Tre Johnson,1641796,Pelle Larsson,2,8.0,37.8,4.0,2.0,5.0,0.0,1.0,1.0,0.0,Regular Season
1630695,Micah Potter,1641737,Adem Bona,2,7.0,37.8,8.0,3.0,4.0,2.0,2.0,1.0,0.0,Regular Season
1642345,Oso Ighodaro,1641737,Adem Bona,2,8.6,37.8,6.0,3.0,5.0,0.0,0.0,2.0,0.0,Regular Season
1631260,AJ Green,1628973,Jalen Brunson,3,7.6,37.8,6.0,2.0,3.0,2.0,3.0,1.0,0.0,Regular Season
1628381,John Collins,1627759,Jaylen Brown,2,7.8,37.8,11.0,5.0,8.0,0.0,3.0,0.0,1.0,Regular Season
1641711,Gradey Dick,1628379,Luke Kennard,2,8.2,37.8,4.0,1.0,3.0,0.0,1.0,0.0,1.0,Regular Season
1628436,Luke Kornet,1628963,Marvin Bagley III,3,6.0,37.8,6.0,2.0,4.0,0.0,0.0,0.0,1.0,Regular Season
1628381,John Collins,1631096,Chet Holmgren,3,7.9,37.8,9.0,3.0,7.0,0.0,2.0,1.0,3.0,Regular Season
1641708,Amen Thompson,1631221,Collin Gillespie,4,6.5,37.8,8.0,4.0,5.0,0.0,0.0,0.0,0.0,Regular Season
203110,Draymond Green,1631119,Jaylin Williams,3,10.2,37.8,14.0,5.0,8.0,4.0,6.0,3.0,0.0,Regular Season
1631212,Peyton Watson,201142,Kevin Durant,2,6.7,37.8,5.0,2.0,3.0,1.0,1.0,2.0,0.0,Regular Season
1642875,Maxime Raynaud,203497,Rudy Gobert,2,8.4,37.8,2.0,1.0,5.0,0.0,0.0,0.0,0.0,Regular Season
1628997,Caleb Martin,203084,Harrison Barnes,2,8.2,37.8,3.0,1.0,2.0,1.0,1.0,2.0,0.0,Regular Season
201142,Kevin Durant,202699,Tobias Harris,2,6.9,37.8,18.0,4.0,5.0,1.0,1.0,0.0,2.0,Regular Season
1631221,Collin Gillespie,203935,Marcus Smart,4,8.3,37.8,5.0,2.0,3.0,1.0,2.0,1.0,0.0,Regular Season
1630171,Isaac Okoro,203924,Jerami Grant,2,6.0,37.8,3.0,1.0,3.0,0.0,1.0,0.0,2.0,Regular Season
1641783,Tristan da Silva,201142,Kevin Durant,2,8.3,37.7,6.0,2.0,5.0,2.0,5.0,0.0,0.0,Regular Season
1631222,Jake LaRavia,1626220,Royce O'Neale,5,9.2,37.7,4.0,2.0,4.0,0.0,1.0,2.0,0.0,Regular Season
202696,Nikola Vučević,204001,Kristaps Porziņģis,2,8.9,37.7,8.0,3.0,5.0,2.0,3.0,0.0,0.0,Regular Season
1631157,Ryan Rollins,1642845,VJ Edgecombe,3,7.1,37.7,4.0,1.0,4.0,0.0,1.0,1.0,1.0,Regular Season
1630643,Jay Huff,1630191,Isaiah Stewart,3,7.6,37.7,2.0,0.0,4.0,0.0,2.0,1.0,1.0,Regular Season
1631106,Tari Eason,1630166,Deni Avdija,3,8.4,37.7,7.0,3.0,7.0,1.0,1.0,2.0,0.0,Regular Season
1631222,Jake LaRavia,1630170,Devin Vassell,3,8.2,37.7,2.0,1.0,2.0,0.0,1.0,1.0,0.0,Regular Season
1630191,Isaiah Stewart,1629023,P.J. Washington,2,7.2,37.7,2.0,1.0,4.0,0.0,2.0,0.0,0.0,Regular Season
1629111,Jock Landale,1629627,Zion Williamson,4,6.3,37.7,5.0,2.0,6.0,0.0,1.0,1.0,1.0,Regular Season
1627750,Jamal Murray,1630529,Herbert Jones,2,7.4,37.7,8.0,1.0,6.0,0.0,2.0,1.0,1.0,Regular Season
1631221,Collin Gillespie,1630541,Moses Moody,4,7.3,37.7,3.0,1.0,5.0,1.0,4.0,2.0,0.0,Regular Season
1628975,Jevon Carter,1631221,Collin Gillespie,2,7.7,37.7,3.0,1.0,6.0,1.0,5.0,1.0,0.0,Regular Season
1630558,Davion Mitchell,1630700,Dyson Daniels,3,8.3,37.7,4.0,2.0,3.0,0.0,1.0,1.0,0.0,Regular Season
1628436,Luke Kornet,1630695,Micah Potter,2,7.7,37.7,3.0,1.0,1.0,0.0,0.0,0.0,0.0,Regular Season
1629638,Nickeil Alexander-Walker,1641709,Ausar Thompson,4,6.7,37.7,7.0,3.0,5.0,1.0,3.0,0.0,0.0,Regular Season
1631128,Christian Braun,1641729,Brice Sensabaugh,3,6.8,37.7,2.0,1.0,4.0,0.0,2.0,0.0,0.0,Regular Season
1628973,Jalen Brunson,1641775,Jordan Walsh,3,8.8,37.7,19.0,7.0,11.0,3.0,5.0,0.0,1.0,Regular Season
1641764,Brandin Podziemski,1641718,Keyonte George,4,7.0,37.7,11.0,4.0,6.0,1.0,3.0,0.0,1.0,Regular Season
1628384,OG Anunoby,1641824,Matas Buzelis,4,7.7,37.7,8.0,3.0,7.0,1.0,2.0,0.0,1.0,Regular Season
1630178,Tyrese Maxey,1629013,Landry Shamet,2,6.9,37.7,14.0,4.0,7.0,2.0,4.0,1.0,2.0,Regular Season
203944,Julius Randle,1628389,Bam Adebayo,2,8.0,37.7,2.0,1.0,4.0,0.0,2.0,1.0,0.0,Regular Season
1630549,Day'Ron Sharpe,1628963,Marvin Bagley III,3,7.3,37.6,0.0,0.0,3.0,0.0,1.0,1.0,0.0,Regular Season
1642267,Bub Carrington,1629018,Gary Trent Jr.,4,8.1,37.6,3.0,1.0,2.0,1.0,2.0,0.0,0.0,Regular Season
1629111,Jock Landale,1627826,Ivica Zubac,3,7.8,37.6,11.0,4.0,4.0,3.0,3.0,0.0,0.0,Regular Season
1629008,Michael Porter Jr.,1628970,Miles Bridges,2,8.2,37.6,13.0,4.0,8.0,4.0,7.0,0.0,1.0,Regular Season
1630583,Santi Aldama,1628381,John Collins,3,5.8,37.6,7.0,3.0,6.0,0.0,2.0,0.0,1.0,Regular Season
1629628,RJ Barrett,1630170,Devin Vassell,2,6.6,37.6,8.0,2.0,6.0,2.0,4.0,0.0,1.0,Regular Season
1631094,Paolo Banchero,1629652,Luguentz Dort,2,7.4,37.6,7.0,2.0,5.0,1.0,2.0,1.0,1.0,Regular Season
1631094,Paolo Banchero,1629023,P.J. Washington,1,8.2,37.6,5.0,2.0,8.0,1.0,4.0,2.0,0.0,Regular Season
1630530,Trey Murphy III,1627739,Kris Dunn,4,8.2,37.6,13.0,4.0,14.0,3.0,12.0,1.0,1.0,Regular Season
1630643,Jay Huff,203083,Andre Drummond,3,6.7,37.6,6.0,2.0,7.0,2.0,7.0,2.0,0.0,Regular Season
1628370,Malik Monk,203501,Tim Hardaway Jr.,3,6.5,37.6,0.0,0.0,4.0,0.0,3.0,0.0,0.0,Regular Season
204456,T.J. McConnell,1642859,Jase Richardson,3,7.0,37.6,8.0,4.0,5.0,0.0,0.0,0.0,0.0,Regular Season
1641796,Pelle Larsson,1642860,Will Riley,3,6.0,37.6,12.0,5.0,9.0,0.0,1.0,1.0,2.0,Regular Season
201144,Mike Conley,1642450,Daniss Jenkins,2,7.7,37.6,3.0,1.0,4.0,1.0,3.0,0.0,0.0,Regular Season
203994,Jusuf Nurkić,1642875,Maxime Raynaud,2,6.8,37.6,4.0,2.0,3.0,0.0,1.0,1.0,0.0,Regular Season
1628978,Donte DiVincenzo,1641739,Toumani Camara,4,5.3,37.6,6.0,2.0,8.0,2.0,8.0,2.0,0.0,Regular Season
1627739,Kris Dunn,1641708,Amen Thompson,4,8.1,37.6,5.0,2.0,4.0,1.0,2.0,1.0,0.0,Regular Season
1630200,Tre Jones,1641706,Brandon Miller,4,6.7,37.6,6.0,3.0,8.0,0.0,2.0,0.0,0.0,Regular Season
1630581,Josh Giddey,1641717,Cason Wallace,2,7.9,37.6,3.0,1.0,4.0,1.0,4.0,2.0,0.0,Regular Season
203084,Harrison Barnes,1630578,Alperen Sengun,3,6.7,37.6,14.0,5.0,9.0,4.0,7.0,1.0,0.0,Regular Season
1629008,Michael Porter Jr.,1630230,Naji Marshall,3,6.5,37.6,8.0,3.0,6.0,2.0,3.0,1.0,0.0,Regular Season
1630191,Isaiah Stewart,1630549,Day'Ron Sharpe,3,8.5,37.6,2.0,1.0,3.0,0.0,1.0,1.0,0.0,Regular Season
1642273,Kyshawn George,1630700,Dyson Daniels,2,6.4,37.6,0.0,0.0,4.0,0.0,2.0,1.0,0.0,Regular Season
1631157,Ryan Rollins,1631245,Quenton Jackson,3,6.0,37.6,6.0,2.0,3.0,0.0,1.0,3.0,1.0,Regular Season
1630700,Dyson Daniels,1631157,Ryan Rollins,3,5.0,37.6,4.0,2.0,4.0,0.0,1.0,0.0,0.0,Regular Season
201566,Russell Westbrook,1631157,Ryan Rollins,2,6.8,37.6,8.0,2.0,7.0,1.0,3.0,1.0,2.0,Regular Season
1626157,Karl-Anthony Towns,1631106,Tari Eason,2,8.3,37.6,8.0,2.0,4.0,0.0,0.0,0.0,2.0,Regular Season
201939,Stephen Curry,1631245,Quenton Jackson,1,6.8,37.6,3.0,1.0,7.0,0.0,5.0,2.0,1.0,Regular Season
1630183,Jaden McDaniels,1631222,Jake LaRavia,3,7.5,37.5,5.0,1.0,4.0,0.0,0.0,1.0,2.0,Regular Season
1631128,Christian Braun,1631096,Chet Holmgren,1,7.5,37.5,5.0,2.0,5.0,1.0,3.0,1.0,0.0,Regular Season
1630163,LaMelo Ball,1631245,Quenton Jackson,3,8.0,37.5,13.0,5.0,10.0,3.0,7.0,4.0,0.0,Regular Season
1630700,Dyson Daniels,1631260,AJ Green,3,6.5,37.5,9.0,4.0,6.0,0.0,1.0,0.0,1.0,Regular Season
203468,CJ McCollum,1626162,Kelly Oubre Jr.,3,6.0,37.5,2.0,1.0,2.0,0.0,0.0,2.0,0.0,Regular Season
203954,Joel Embiid,1626157,Karl-Anthony Towns,2,6.8,37.5,12.0,3.0,6.0,0.0,0.0,0.0,5.0,Regular Season
1626220,Royce O'Neale,203944,Julius Randle,3,7.2,37.5,5.0,2.0,4.0,1.0,3.0,0.0,0.0,Regular Season
1642883,Sion James,201935,James Harden,3,8.5,37.5,3.0,1.0,2.0,1.0,2.0,0.0,0.0,Regular Season
2544,LeBron James,1628381,John Collins,4,6.8,37.5,12.0,5.0,12.0,2.0,5.0,0.0,0.0,Regular Season
1628970,Miles Bridges,1627759,Jaylen Brown,2,7.5,37.5,0.0,0.0,0.0,0.0,0.0,0.0,0.0,Regular Season
1641989,Elijah Harkless,1627750,Jamal Murray,2,5.7,37.5,2.0,0.0,3.0,0.0,1.0,0.0,1.0,Regular Season
1641706,Brandon Miller,1628969,Mikal Bridges,2,8.0,37.5,7.0,1.0,6.0,1.0,4.0,2.0,2.0,Regular Season
1627750,Jamal Murray,1642942,Jahmai Mashack,2,7.5,37.5,9.0,4.0,7.0,1.0,3.0,2.0,0.0,Regular Season
1630611,Gui Santos,1629675,Naz Reid,4,8.9,37.5,7.0,3.0,7.0,1.0,3.0,1.0,0.0,Regular Season
201144,Mike Conley,1630163,LaMelo Ball,2,8.6,37.5,11.0,3.0,7.0,3.0,6.0,1.0,0.0,Regular Season
1630700,Dyson Daniels,1630217,Desmond Bane,4,7.5,37.5,2.0,1.0,5.0,0.0,1.0,1.0,0.0,Regular Season
1630217,Desmond Bane,1642877,Micah Peavy,2,7.6,37.5,12.0,3.0,6.0,1.0,1.0,2.0,3.0,Regular Season
1642267,Bub Carrington,1642849,Nolan Traore,3,7.0,37.5,9.0,4.0,6.0,1.0,1.0,1.0,0.0,Regular Season
1630549,Day'Ron Sharpe,1642276,Kel'el Ware,3,8.0,37.5,10.0,5.0,6.0,0.0,0.0,1.0,0.0,Regular Season
1628379,Luke Kennard,1642263,Reed Sheppard,3,8.7,37.5,5.0,2.0,4.0,1.0,2.0,1.0,0.0,Regular Season
1642867,Collin Murray-Boyles,1641737,Adem Bona,3,7.8,37.5,2.0,1.0,2.0,0.0,0.0,0.0,0.0,Regular Season
1630579,Jericho Sims,1641737,Adem Bona,3,7.8,37.5,6.0,3.0,4.0,0.0,0.0,2.0,0.0,Regular Season
1641712,Rayan Rupert,1642263,Reed Sheppard,4,8.1,37.4,4.0,1.0,6.0,1.0,3.0,1.0,0.0,Regular Season
1631221,Collin Gillespie,201950,Jrue Holiday,2,6.7,37.4,9.0,3.0,6.0,3.0,5.0,1.0,0.0,Regular Season
1629637,Jaxson Hayes,201572,Brook Lopez,3,7.4,37.4,8.0,4.0,4.0,0.0,0.0,0.0,0.0,Regular Season
1630591,Jalen Suggs,1630700,Dyson Daniels,4,7.4,37.4,5.0,2.0,5.0,1.0,3.0,2.0,0.0,Regular Season
202699,Tobias Harris,1628404,Josh Hart,2,8.1,37.4,8.0,3.0,10.0,2.0,7.0,0.0,1.0,Regular Season
1631222,Jake LaRavia,1628381,John Collins,4,7.8,37.4,10.0,3.0,7.0,2.0,4.0,0.0,1.0,Regular Season
1642267,Bub Carrington,1642857,Kasparas Jakučionis,4,7.6,37.4,9.0,4.0,8.0,1.0,2.0,0.0,0.0,Regular Season
1629661,Cameron Johnson,1642846,Ace Bailey,3,5.4,37.4,9.0,3.0,6.0,3.0,6.0,0.0,0.0,Regular Season
1630573,Sam Hauser,1629130,Duncan Robinson,4,9.1,37.4,0.0,0.0,2.0,0.0,2.0,0.0,0.0,Regular Season
1629048,Goga Bitadze,1630168,Onyeka Okongwu,4,8.0,37.4,4.0,2.0,5.0,0.0,1.0,0.0,0.0,Regular Season
1628989,Kevin Huerter,1629656,Quentin Grimes,4,6.9,37.4,7.0,3.0,9.0,1.0,5.0,2.0,0.0,Regular Season
203924,Jerami Grant,1629060,Rui Hachimura,3,7.6,37.4,11.0,4.0,4.0,2.0,2.0,1.0,1.0,Regular Season
203084,Harrison Barnes,1630583,Santi Aldama,3,6.1,37.4,15.0,5.0,9.0,3.0,4.0,0.0,1.0,Regular Season
1630241,Sam Merrill,1630200,Tre Jones,2,7.7,37.4,8.0,3.0,7.0,2.0,5.0,0.0,0.0,Regular Season
1630559,Austin Reaves,1630631,Jose Alvarado,3,7.4,37.4,14.0,5.0,7.0,0.0,1.0,3.0,2.0,Regular Season
203954,Joel Embiid,1630567,Scottie Barnes,2,9.5,37.3,29.0,11.0,16.0,0.0,2.0,2.0,3.0,Regular Season
203497,Rudy Gobert,1630643,Jay Huff,2,8.8,37.3,5.0,2.0,4.0,0.0,0.0,0.0,1.0,Regular Season
2544,LeBron James,1630230,Naji Marshall,4,6.5,37.3,10.0,5.0,9.0,0.0,1.0,0.0,0.0,Regular Season
1630533,Ziaire Williams,1630202,Payton Pritchard,4,6.9,37.3,5.0,1.0,1.0,1.0,1.0,0.0,0.0,Regular Season
203952,Andrew Wiggins,1630217,Desmond Bane,4,6.1,37.3,13.0,4.0,6.0,3.0,4.0,1.0,1.0,Regular Season
201142,Kevin Durant,1631094,Paolo Banchero,1,7.8,37.3,6.0,2.0,6.0,0.0,2.0,1.0,0.0,Regular Season
1628368,De'Aaron Fox,1631221,Collin Gillespie,3,5.7,37.3,9.0,3.0,4.0,1.0,1.0,0.0,2.0,Regular Season
1642883,Sion James,1631170,Jaime Jaquez Jr.,4,8.0,37.3,2.0,1.0,2.0,0.0,1.0,0.0,0.0,Regular Season
1628983,Shai Gilgeous-Alexander,1631097,Bennedict Mathurin,2,6.9,37.3,18.0,6.0,12.0,1.0,1.0,1.0,2.0,Regular Season
202696,Nikola Vučević,1642259,Alex Sarr,1,7.5,37.3,15.0,6.0,10.0,2.0,5.0,2.0,1.0,Regular Season
1630217,Desmond Bane,1641713,GG Jackson,2,7.3,37.3,5.0,2.0,5.0,1.0,3.0,2.0,0.0,Regular Season
1642262,Cody Williams,201935,James Harden,3,6.7,37.3,4.0,2.0,8.0,0.0,2.0,0.0,0.0,Regular Season
1628983,Shai Gilgeous-Alexander,1627739,Kris Dunn,3,6.1,37.3,8.0,4.0,7.0,0.0,1.0,1.0,0.0,Regular Season
203500,Steven Adams,202685,Jonas Valanciunas,3,9.6,37.3,4.0,1.0,2.0,0.0,0.0,0.0,0.0,Regular Season
1629023,P.J. Washington,203114,Khris Middleton,1,8.0,37.3,6.0,3.0,4.0,0.0,0.0,2.0,0.0,Regular Season
1630530,Trey Murphy III,203484,Kentavious Caldwell-Pope,4,8.1,37.3,11.0,4.0,5.0,2.0,3.0,0.0,1.0,Regular Season
1627826,Ivica Zubac,203497,Rudy Gobert,1,9.3,37.3,4.0,2.0,6.0,0.0,0.0,1.0,1.0,Regular Season
1631097,Bennedict Mathurin,1629652,Luguentz Dort,2,7.0,37.3,7.0,3.0,3.0,1.0,1.0,1.0,1.0,Regular Season
1630578,Alperen Sengun,1630188,Jalen Smith,2,6.1,37.3,17.0,8.0,9.0,0.0,0.0,1.0,1.0,Regular Season
202699,Tobias Harris,1630166,Deni Avdija,2,8.2,37.3,5.0,1.0,6.0,0.0,2.0,1.0,2.0,Regular Season
1642851,Kon Knueppel,1630193,Immanuel Quickley,4,6.4,37.3,8.0,3.0,6.0,2.0,3.0,1.0,0.0,Regular Season
1627783,Pascal Siakam,1630180,Saddiq Bey,2,7.6,37.3,10.0,3.0,8.0,2.0,4.0,1.0,1.0,Regular Season
1641709,Ausar Thompson,1629628,RJ Barrett,3,7.2,37.3,2.0,1.0,2.0,0.0,0.0,1.0,1.0,Regular Season
1627750,Jamal Murray,1628415,Dillon Brooks,2,7.2,37.3,10.0,2.0,4.0,2.0,3.0,0.0,2.0,Regular Season
1641764,Brandin Podziemski,1627750,Jamal Murray,4,7.5,37.3,7.0,3.0,6.0,1.0,4.0,0.0,0.0,Regular Season
1642845,VJ Edgecombe,1628378,Donovan Mitchell,3,6.8,37.3,0.0,0.0,1.0,0.0,0.0,1.0,0.0,Regular Season
1628384,OG Anunoby,1628983,Shai Gilgeous-Alexander,2,6.7,37.3,3.0,1.0,4.0,1.0,2.0,1.0,0.0,Regular Season
1630643,Jay Huff,1628386,Jarrett Allen,1,7.4,37.3,6.0,2.0,2.0,2.0,2.0,0.0,0.0,Regular Season
1642843,Cooper Flagg,1629006,Josh Okogie,4,7.0,37.3,15.0,6.0,7.0,1.0,1.0,2.0,3.0,Regular Season
1642843,Cooper Flagg,1628381,John Collins,4,6.6,37.3,9.0,3.0,5.0,0.0,0.0,0.0,1.0,Regular Season
1630577,Julian Champagnie,1628378,Donovan Mitchell,2,8.1,37.3,13.0,5.0,8.0,3.0,6.0,0.0,0.0,Regular Season
1628983,Shai Gilgeous-Alexander,1628368,De'Aaron Fox,4,7.3,37.3,19.0,8.0,11.0,0.0,2.0,0.0,1.0,Regular Season
202695,Kawhi Leonard,1628970,Miles Bridges,1,7.3,37.3,19.0,6.0,10.0,3.0,6.0,0.0,2.0,Regular Season
1630700,Dyson Daniels,1642849,Nolan Traore,2,5.5,37.3,2.0,1.0,1.0,0.0,0.0,0.0,0.0,Regular Season
1642268,Isaiah Collier,1642880,Kam Jones,1,6.9,37.3,0.0,0.0,5.0,0.0,1.0,0.0,0.0,Regular Season
202699,Tobias Harris,1642843,Cooper Flagg,2,7.6,37.3,2.0,1.0,3.0,0.0,1.0,0.0,1.0,Regular Season
1630217,Desmond Bane,1642883,Sion James,4,7.8,37.3,4.0,1.0,3.0,0.0,2.0,1.0,1.0,Regular Season
1630168,Onyeka Okongwu,1642843,Cooper Flagg,2,7.5,37.3,14.0,5.0,7.0,4.0,5.0,1.0,0.0,Regular Season
1630559,Austin Reaves,1641717,Cason Wallace,3,7.5,37.2,4.0,1.0,4.0,0.0,2.0,1.0,1.0,Regular Season
1629632,Coby White,1641718,Keyonte George,2,7.2,37.2,4.0,0.0,0.0,0.0,0.0,1.0,0.0,Regular Season
1630180,Saddiq Bey,1641708,Amen Thompson,4,6.8,37.2,5.0,2.0,6.0,1.0,3.0,2.0,0.0,Regular Season
1642851,Kon Knueppel,1630558,Davion Mitchell,4,7.5,37.2,25.0,9.0,15.0,3.0,8.0,1.0,2.0,Regular Season
202691,Klay Thompson,1630202,Payton Pritchard,2,8.3,37.2,6.0,2.0,8.0,2.0,7.0,0.0,0.0,Regular Season
1642962,Drake Powell,1630595,Cade Cunningham,3,7.7,37.2,2.0,1.0,5.0,0.0,4.0,0.0,0.0,Regular Season
1631097,Bennedict Mathurin,1630245,Ayo Dosunmu,3,7.5,37.2,5.0,2.0,3.0,1.0,1.0,1.0,0.0,Regular Season
1641710,Anthony Black,1631101,Shaedon Sharpe,2,6.2,37.2,5.0,2.0,4.0,1.0,1.0,2.0,0.0,Regular Season
1630541,Moses Moody,1631101,Shaedon Sharpe,3,7.3,37.2,5.0,2.0,4.0,1.0,2.0,0.0,0.0,Regular Season
1629628,RJ Barrett,1631260,AJ Green,3,7.0,37.2,7.0,2.0,5.0,1.0,3.0,0.0,1.0,Regular Season
1627783,Pascal Siakam,1631096,Chet Holmgren,2,6.8,37.2,14.0,6.0,14.0,2.0,5.0,1.0,0.0,Regular Season
1642276,Kel'el Ware,1631094,Paolo Banchero,4,7.0,37.2,0.0,0.0,1.0,0.0,1.0,0.0,0.0,Regular Season
201566,Russell Westbrook,1631095,Jabari Smith Jr.,4,8.1,37.2,22.0,9.0,17.0,4.0,8.0,1.0,0.0,Regular Season
1641737,Adem Bona,1630695,Micah Potter,2,6.8,37.2,4.0,2.0,4.0,0.0,0.0,1.0,0.0,Regular Season
1642264,Stephon Castle,1628401,Derrick White,2,7.7,37.2,8.0,2.0,11.0,2.0,11.0,0.0,1.0,Regular Season
1642846,Ace Bailey,1628978,Donte DiVincenzo,4,5.9,37.2,4.0,2.0,4.0,0.0,1.0,3.0,0.0,Regular Season
201566,Russell Westbrook,1628978,Donte DiVincenzo,4,8.2,37.2,2.0,1.0,9.0,0.0,4.0,3.0,0.0,Regular Season
1630180,Saddiq Bey,1629675,Naz Reid,3,7.3,37.2,19.0,6.0,9.0,2.0,5.0,0.0,3.0,Regular Season
1641737,Adem Bona,1629651,Nic Claxton,3,7.5,37.2,7.0,3.0,4.0,1.0,1.0,0.0,0.0,Regular Season
1627742,Brandon Ingram,1629060,Rui Hachimura,2,5.9,37.2,10.0,5.0,8.0,0.0,1.0,0.0,0.0,Regular Season
1630230,Naji Marshall,1629638,Nickeil Alexander-Walker,2,7.5,37.2,2.0,0.0,1.0,0.0,1.0,2.0,1.0,Regular Season
1630170,Devin Vassell,1630180,Saddiq Bey,4,6.0,37.2,2.0,1.0,6.0,0.0,3.0,0.0,0.0,Regular Season
1630530,Trey Murphy III,1629023,P.J. Washington,4,5.4,37.1,9.0,4.0,8.0,1.0,2.0,1.0,0.0,Regular Season
201142,Kevin Durant,1629060,Rui Hachimura,3,7.7,37.1,6.0,3.0,6.0,0.0,1.0,0.0,0.0,Regular Season
1641713,GG Jackson,1629675,Naz Reid,3,6.9,37.1,4.0,1.0,3.0,0.0,0.0,3.0,1.0,Regular Season
1641796,Pelle Larsson,1630163,LaMelo Ball,3,6.8,37.1,10.0,3.0,4.0,2.0,2.0,0.0,1.0,Regular Season
201142,Kevin Durant,1630532,Franz Wagner,1,7.6,37.1,7.0,3.0,5.0,0.0,1.0,1.0,1.0,Regular Season
1630577,Julian Champagnie,1630530,Trey Murphy III,4,6.2,37.1,6.0,3.0,4.0,0.0,1.0,0.0,0.0,Regular Season
1629029,Luka Dončić,1642851,Kon Knueppel,2,6.8,37.1,17.0,7.0,12.0,2.0,4.0,1.0,1.0,Regular Season
1629655,Daniel Gafford,1642852,Derik Queen,3,8.1,37.1,9.0,4.0,6.0,0.0,0.0,1.0,1.0,Regular Season
1630559,Austin Reaves,1642349,Ajay Mitchell,2,6.6,37.1,2.0,0.0,3.0,0.0,2.0,3.0,1.0,Regular Season
1629013,Landry Shamet,1642266,Ja'Kobe Walter,3,8.4,37.1,6.0,2.0,5.0,2.0,5.0,0.0,0.0,Regular Season
1630230,Naji Marshall,1641708,Amen Thompson,4,5.7,37.1,2.0,1.0,4.0,0.0,0.0,0.0,0.0,Regular Season
1642461,Spencer Jones,1629008,Michael Porter Jr.,2,8.1,37.1,0.0,0.0,1.0,0.0,1.0,0.0,0.0,Regular Season
1641775,Jordan Walsh,1629008,Michael Porter Jr.,3,8.2,37.1,2.0,1.0,3.0,0.0,1.0,0.0,0.0,Regular Season
1629638,Nickeil Alexander-Walker,1628378,Donovan Mitchell,3,5.8,37.1,8.0,2.0,7.0,2.0,3.0,1.0,1.0,Regular Season
1631248,Baylor Scheierman,1628973,Jalen Brunson,4,10.2,37.1,5.0,2.0,4.0,1.0,3.0,0.0,0.0,Regular Season
201942,DeMar DeRozan,1627783,Pascal Siakam,1,6.8,37.1,6.0,3.0,7.0,0.0,2.0,0.0,0.0,Regular Season
1630241,Sam Merrill,1626181,Norman Powell,4,7.3,37.1,0.0,0.0,1.0,0.0,1.0,2.0,0.0,Regular Season
203954,Joel Embiid,1626167,Myles Turner,1,7.5,37.1,19.0,8.0,16.0,1.0,3.0,1.0,1.0,Regular Season
203935,Marcus Smart,201942,DeMar DeRozan,4,5.9,37.1,1.0,0.0,2.0,0.0,2.0,0.0,1.0,Regular Season
1630534,Ochai Agbaji,201939,Stephen Curry,2,6.1,37.1,0.0,0.0,3.0,0.0,1.0,1.0,0.0,Regular Season
1628983,Shai Gilgeous-Alexander,1631222,Jake LaRavia,3,6.5,37.1,16.0,6.0,14.0,2.0,2.0,0.0,1.0,Regular Season
1642849,Nolan Traore,1631204,Marcus Sasser,3,7.8,37.1,0.0,0.0,3.0,0.0,1.0,3.0,0.0,Regular Season
1629008,Michael Porter Jr.,1631212,Peyton Watson,2,8.6,37.1,12.0,4.0,12.0,1.0,3.0,0.0,2.0,Regular Season
1630530,Trey Murphy III,1631097,Bennedict Mathurin,2,7.3,37.1,8.0,3.0,5.0,2.0,4.0,1.0,0.0,Regular Season
1630245,Ayo Dosunmu,1631097,Bennedict Mathurin,3,7.3,37.0,12.0,5.0,9.0,1.0,2.0,1.0,2.0,Regular Season
1628436,Luke Kornet,1642345,Oso Ighodaro,3,7.2,37.0,3.0,1.0,1.0,0.0,0.0,1.0,0.0,Regular Season
1642863,Khaman Maluach,1642382,Branden Carlson,2,8.5,37.0,9.0,4.0,11.0,1.0,4.0,0.0,0.0,Regular Season
202696,Nikola Vučević,1642276,Kel'el Ware,4,7.9,37.0,10.0,4.0,12.0,0.0,4.0,0.0,1.0,Regular Season
1641717,Cason Wallace,1630166,Deni Avdija,4,5.6,37.0,2.0,1.0,3.0,0.0,0.0,0.0,0.0,Regular Season
1629636,Darius Garland,1630171,Isaac Okoro,2,7.5,37.0,9.0,4.0,7.0,1.0,3.0,0.0,0.0,Regular Season
1642347,Jamal Shead,1629614,Andrew Nembhard,4,6.5,37.0,2.0,1.0,3.0,0.0,1.0,1.0,0.0,Regular Season
1630170,Devin Vassell,1629638,Nickeil Alexander-Walker,2,6.9,37.0,11.0,4.0,5.0,3.0,4.0,0.0,0.0,Regular Season
1642346,Ryan Dunn,1630552,Jalen Johnson,2,8.3,37.0,2.0,1.0,6.0,0.0,3.0,0.0,0.0,Regular Season
1629006,Josh Okogie,1630202,Payton Pritchard,2,6.1,37.0,6.0,2.0,4.0,2.0,3.0,0.0,0.0,Regular Season
1628973,Jalen Brunson,203935,Marcus Smart,2,8.1,37.0,6.0,2.0,4.0,2.0,3.0,1.0,0.0,Regular Season
1628415,Dillon Brooks,201935,James Harden,2,5.9,37.0,19.0,6.0,6.0,4.0,4.0,2.0,1.0,Regular Season
1630596,Evan Mobley,203497,Rudy Gobert,2,5.7,37.0,27.0,12.0,17.0,2.0,4.0,0.0,1.0,Regular Season
203501,Tim Hardaway Jr.,203484,Kentavious Caldwell-Pope,2,7.7,37.0,0.0,0.0,1.0,0.0,1.0,0.0,0.0,Regular Season
1642264,Stephon Castle,1641764,Brandin Podziemski,4,6.1,37.0,10.0,4.0,7.0,1.0,3.0,2.0,1.0,Regular Season
1629661,Cameron Johnson,1641708,Amen Thompson,4,6.3,37.0,4.0,2.0,2.0,0.0,0.0,0.0,0.0,Regular Season
201572,Brook Lopez,1628436,Luke Kornet,2,7.2,37.0,13.0,6.0,11.0,1.0,3.0,0.0,0.0,Regular Season
1629611,Terance Mann,1628973,Jalen Brunson,2,8.1,37.0,0.0,0.0,2.0,0.0,2.0,1.0,0.0,Regular Season
1630549,Day'Ron Sharpe,1628976,Wendell Carter Jr.,3,8.1,37.0,0.0,0.0,2.0,0.0,1.0,3.0,0.0,Regular Season
1629018,Gary Trent Jr.,1629012,Collin Sexton,4,7.9,36.9,0.0,0.0,2.0,0.0,0.0,0.0,0.0,Regular Season
1642845,VJ Edgecombe,1627759,Jaylen Brown,4,7.0,36.9,7.0,3.0,10.0,1.0,5.0,1.0,0.0,Regular Season
1628976,Wendell Carter Jr.,1628991,Jaren Jackson Jr.,3,5.3,36.9,7.0,2.0,2.0,1.0,1.0,0.0,1.0,Regular Season
1631217,Moussa Diabaté,1628386,Jarrett Allen,2,7.2,36.9,4.0,1.0,3.0,0.0,0.0,0.0,1.0,Regular Season
203944,Julius Randle,1629652,Luguentz Dort,4,6.6,36.9,9.0,2.0,6.0,1.0,3.0,1.0,1.0,Regular Season
1630171,Isaac Okoro,1629627,Zion Williamson,2,5.6,36.9,7.0,2.0,3.0,0.0,1.0,1.0,2.0,Regular Season
1642883,Sion James,1631157,Ryan Rollins,4,7.2,36.9,2.0,1.0,5.0,0.0,4.0,0.0,0.0,Regular Season
203484,Kentavious Caldwell-Pope,1631095,Jabari Smith Jr.,2,6.0,36.9,2.0,1.0,4.0,0.0,2.0,0.0,0.0,Regular Season
202699,Tobias Harris,1631094,Paolo Banchero,2,7.8,36.9,7.0,3.0,6.0,1.0,2.0,1.0,0.0,Regular Season
1631096,Chet Holmgren,1631094,Paolo Banchero,2,8.1,36.9,13.0,5.0,9.0,0.0,3.0,0.0,2.0,Regular Season
1642847,Jeremiah Fears,1631101,Shaedon Sharpe,3,6.4,36.9,11.0,4.0,5.0,0.0,0.0,0.0,2.0,Regular Season
1630200,Tre Jones,1642847,Jeremiah Fears,3,5.9,36.9,5.0,2.0,3.0,1.0,2.0,0.0,0.0,Regular Season
1630188,Jalen Smith,1642274,Yves Missi,3,6.1,36.9,7.0,2.0,5.0,1.0,3.0,0.0,1.0,Regular Season
1630217,Desmond Bane,1641706,Brandon Miller,3,6.1,36.9,6.0,2.0,7.0,2.0,4.0,2.0,0.0,Regular Season
1629008,Michael Porter Jr.,1642258,Zaccharie Risacher,2,7.1,36.9,12.0,4.0,7.0,1.0,2.0,0.0,2.0,Regular Season
1630578,Alperen Sengun,1642264,Stephon Castle,4,6.7,36.9,4.0,1.0,5.0,0.0,0.0,1.0,1.0,Regular Season
1642345,Oso Ighodaro,1642259,Alex Sarr,2,8.2,36.9,4.0,2.0,3.0,0.0,0.0,0.0,0.0,Regular Season
1641730,Noah Clowney,1630596,Evan Mobley,3,8.3,36.9,6.0,2.0,4.0,2.0,4.0,1.0,0.0,Regular Season
1630183,Jaden McDaniels,203084,Harrison Barnes,3,8.2,36.9,0.0,0.0,2.0,0.0,2.0,0.0,0.0,Regular Season
1641713,GG Jackson,203944,Julius Randle,3,6.4,36.9,6.0,3.0,4.0,0.0,1.0,1.0,0.0,Regular Season
1629661,Cameron Johnson,203897,Zach LaVine,3,7.3,36.9,10.0,4.0,6.0,2.0,4.0,1.0,0.0,Regular Season
202699,Tobias Harris,203952,Andrew Wiggins,1,7.1,36.8,13.0,5.0,7.0,1.0,3.0,1.0,1.0,Regular Season
1631243,Mouhamed Gueye,201942,DeMar DeRozan,2,7.4,36.8,2.0,1.0,2.0,0.0,0.0,0.0,0.0,Regular Season
1641717,Cason Wallace,201142,Kevin Durant,3,6.9,36.8,3.0,1.0,6.0,0.0,3.0,1.0,1.0,Regular Season
1641854,Craig Porter Jr.,204456,T.J. McConnell,3,7.4,36.8,4.0,2.0,4.0,0.0,0.0,0.0,0.0,Regular Season
1628379,Luke Kennard,1626145,Tyus Jones,4,7.2,36.8,6.0,2.0,3.0,0.0,1.0,1.0,1.0,Regular Season
1628401,Derrick White,1631260,AJ Green,3,9.9,36.8,8.0,3.0,9.0,2.0,5.0,2.0,0.0,Regular Season
1630529,Herbert Jones,1631108,Max Christie,3,5.3,36.8,4.0,2.0,7.0,0.0,2.0,1.0,0.0,Regular Season
1630168,Onyeka Okongwu,1628384,OG Anunoby,3,7.0,36.8,4.0,1.0,4.0,0.0,2.0,0.0,1.0,Regular Season
1627783,Pascal Siakam,1628404,Josh Hart,1,7.0,36.8,6.0,3.0,10.0,0.0,4.0,0.0,0.0,Regular Season
1628370,Malik Monk,1628971,Bruce Brown,3,6.5,36.8,12.0,4.0,11.0,2.0,6.0,0.0,2.0,Regular Season
1630230,Naji Marshall,1628401,Derrick White,2,8.0,36.8,9.0,4.0,10.0,1.0,3.0,0.0,0.0,Regular Season
1642345,Oso Ighodaro,1629674,Neemias Queta,2,8.7,36.8,4.0,2.0,3.0,0.0,0.0,0.0,0.0,Regular Season
1628386,Jarrett Allen,1629028,Deandre Ayton,2,7.4,36.8,16.0,8.0,10.0,0.0,0.0,1.0,0.0,Regular Season
1630596,Evan Mobley,1629023,P.J. Washington,1,6.7,36.8,8.0,4.0,8.0,0.0,3.0,2.0,0.0,Regular Season
1630578,Alperen Sengun,1630180,Saddiq Bey,3,8.9,36.8,14.0,7.0,11.0,0.0,1.0,0.0,0.0,Regular Season
1642349,Ajay Mitchell,1630631,Jose Alvarado,3,7.6,36.8,3.0,1.0,3.0,0.0,2.0,0.0,2.0,Regular Season
1626220,Royce O'Neale,1630577,Julian Champagnie,3,8.6,36.8,11.0,4.0,7.0,3.0,4.0,0.0,0.0,Regular Season
1630202,Payton Pritchard,1642281,Jaylon Tyson,3,7.3,36.8,13.0,4.0,11.0,1.0,5.0,0.0,0.0,Regular Season
1642285,Cam Spencer,1642363,Nique Clifford,4,6.8,36.8,4.0,1.0,5.0,1.0,3.0,2.0,1.0,Regular Season
1642259,Alex Sarr,1641750,Ryan Kalkbrenner,2,7.0,36.8,13.0,6.0,11.0,1.0,3.0,2.0,0.0,Regular Season
1626145,Tyus Jones,1642267,Bub Carrington,2,6.7,36.8,2.0,1.0,2.0,0.0,1.0,0.0,0.0,Regular Season
1641706,Brandon Miller,1642264,Stephon Castle,2,9.3,36.8,9.0,2.0,7.0,1.0,2.0,0.0,1.0,Regular Season
203914,Gary Harris,1642272,Jared McCain,3,7.0,36.8,0.0,0.0,0.0,0.0,0.0,1.0,0.0,Regular Season
1641717,Cason Wallace,1641764,Brandin Podziemski,4,6.5,36.7,3.0,1.0,2.0,1.0,1.0,0.0,0.0,Regular Season
1642847,Jeremiah Fears,1641740,Jaylen Clark,4,6.0,36.7,7.0,2.0,7.0,0.0,2.0,0.0,2.0,Regular Season
1628971,Bruce Brown,1642272,Jared McCain,4,7.4,36.7,2.0,1.0,5.0,0.0,2.0,0.0,0.0,Regular Season
1628384,OG Anunoby,1642273,Kyshawn George,2,5.8,36.7,13.0,4.0,7.0,3.0,4.0,1.0,1.0,Regular Season
1641750,Ryan Kalkbrenner,1641737,Adem Bona,3,6.6,36.7,4.0,2.0,2.0,0.0,0.0,1.0,0.0,Regular Season
1642262,Cody Williams,1641731,Bilal Coulibaly,2,6.4,36.7,8.0,3.0,4.0,0.0,0.0,2.0,0.0,Regular Season
1642264,Stephon Castle,1642262,Cody Williams,3,7.3,36.7,11.0,4.0,9.0,1.0,3.0,1.0,1.0,Regular Season
1628384,OG Anunoby,1641731,Bilal Coulibaly,3,7.4,36.7,6.0,3.0,3.0,0.0,0.0,2.0,0.0,Regular Season
1631222,Jake LaRavia,1642268,Isaiah Collier,3,5.6,36.7,5.0,2.0,4.0,1.0,2.0,0.0,0.0,Regular Season
201935,James Harden,1628415,Dillon Brooks,2,8.2,36.7,8.0,2.0,5.0,0.0,2.0,1.0,2.0,Regular Season
1642285,Cam Spencer,1627739,Kris Dunn,4,7.4,36.7,17.0,7.0,10.0,3.0,5.0,2.0,0.0,Regular Season
1631230,Dominick Barlow,203944,Julius Randle,2,7.5,36.7,4.0,1.0,1.0,0.0,0.0,0.0,2.0,Regular Season
1628374,Lauri Markkanen,201142,Kevin Durant,3,6.2,36.7,9.0,3.0,9.0,0.0,2.0,0.0,1.0,Regular Season
1642851,Kon Knueppel,201950,Jrue Holiday,2,8.7,36.7,3.0,1.0,2.0,1.0,2.0,0.0,0.0,Regular Season
203114,Khris Middleton,201935,James Harden,4,7.0,36.7,9.0,4.0,6.0,1.0,2.0,2.0,0.0,Regular Season
1629614,Andrew Nembhard,203468,CJ McCollum,3,6.2,36.7,8.0,3.0,7.0,1.0,4.0,2.0,2.0,Regular Season
1628386,Jarrett Allen,1642928,Dylan Cardwell,2,6.7,36.7,2.0,0.0,1.0,0.0,0.0,0.0,1.0,Regular Season
1629216,Gabe Vincent,1631221,Collin Gillespie,2,7.3,36.7,2.0,1.0,3.0,0.0,2.0,0.0,0.0,Regular Season
1629023,P.J. Washington,1631095,Jabari Smith Jr.,2,6.5,36.7,2.0,1.0,2.0,0.0,0.0,0.0,1.0,Regular Season
1642268,Isaiah Collier,1630700,Dyson Daniels,2,8.2,36.7,5.0,1.0,3.0,0.0,1.0,0.0,1.0,Regular Season
1629111,Jock Landale,1642274,Yves Missi,4,6.8,36.7,2.0,1.0,4.0,0.0,2.0,1.0,0.0,Regular Season
1642264,Stephon Castle,1642847,Jeremiah Fears,4,6.2,36.7,6.0,3.0,8.0,0.0,1.0,4.0,0.0,Regular Season
203991,Clint Capela,1642875,Maxime Raynaud,3,7.3,36.7,2.0,0.0,0.0,0.0,0.0,0.0,1.0,Regular Season
1631200,Kris Murray,1642852,Derik Queen,3,6.6,36.7,2.0,0.0,0.0,0.0,0.0,0.0,1.0,Regular Season
1629656,Quentin Grimes,1630163,LaMelo Ball,3,6.3,36.7,7.0,2.0,5.0,1.0,2.0,0.0,0.0,Regular Season
1642363,Nique Clifford,1629675,Naz Reid,4,7.2,36.7,2.0,0.0,2.0,0.0,1.0,0.0,1.0,Regular Season
1631157,Ryan Rollins,1629656,Quentin Grimes,2,7.2,36.7,9.0,4.0,7.0,1.0,2.0,0.0,0.0,Regular Season
1629638,Nickeil Alexander-Walker,1629652,Luguentz Dort,2,6.1,36.7,6.0,3.0,5.0,0.0,2.0,1.0,0.0,Regular Season
1629638,Nickeil Alexander-Walker,1630170,Devin Vassell,2,5.0,36.7,0.0,0.0,2.0,0.0,0.0,0.0,0.0,Regular Season
1630171,Isaac Okoro,1629636,Darius Garland,2,5.7,36.7,5.0,2.0,3.0,1.0,1.0,0.0,0.0,Regular Season
1630163,LaMelo Ball,1629638,Nickeil Alexander-Walker,3,8.8,36.7,13.0,5.0,11.0,3.0,8.0,0.0,0.0,Regular Season
1642450,Daniss Jenkins,1630178,Tyrese Maxey,2,7.6,36.7,9.0,2.0,4.0,2.0,2.0,0.0,1.0,Regular Season
1630530,Trey Murphy III,1630241,Sam Merrill,2,7.8,36.7,5.0,2.0,5.0,1.0,2.0,0.0,0.0,Regular Season
1630202,Payton Pritchard,1630558,Davion Mitchell,2,9.2,36.7,6.0,2.0,3.0,2.0,2.0,1.0,0.0,Regular Season
203999,Nikola Jokić,1630208,Nick Richards,3,7.2,36.7,12.0,4.0,5.0,2.0,2.0,0.0,1.0,Regular Season
1631096,Chet Holmgren,1630578,Alperen Sengun,3,5.8,36.6,13.0,5.0,9.0,1.0,4.0,2.0,2.0,Regular Season
1629008,Michael Porter Jr.,1630532,Franz Wagner,1,9.2,36.6,3.0,1.0,8.0,1.0,5.0,0.0,0.0,Regular Season
1642272,Jared McCain,1630314,Brandon Williams,3,6.5,36.6,6.0,2.0,7.0,0.0,4.0,0.0,0.0,Regular Season
1631108,Max Christie,1630577,Julian Champagnie,4,7.3,36.6,10.0,3.0,7.0,2.0,4.0,1.0,1.0,Regular Season
1641729,Brice Sensabaugh,1630202,Payton Pritchard,1,5.9,36.6,0.0,0.0,2.0,0.0,1.0,0.0,0.0,Regular Season
203468,CJ McCollum,1642962,Drake Powell,5,6.6,36.6,4.0,1.0,3.0,0.0,1.0,0.0,1.0,Regular Season
1628381,John Collins,1642928,Dylan Cardwell,3,7.2,36.6,19.0,7.0,10.0,2.0,2.0,1.0,2.0,Regular Season
1629651,Nic Claxton,1627751,Jakob Poeltl,2,8.0,36.6,9.0,4.0,6.0,0.0,0.0,0.0,1.0,Regular Season
1628991,Jaren Jackson Jr.,1628963,Marvin Bagley III,2,7.1,36.6,8.0,3.0,9.0,2.0,5.0,0.0,0.0,Regular Season
1630598,Aaron Wiggins,1628379,Luke Kennard,5,5.6,36.6,4.0,2.0,3.0,0.0,1.0,1.0,0.0,Regular Season
1627739,Kris Dunn,1628960,Grayson Allen,4,7.3,36.6,3.0,1.0,6.0,0.0,3.0,5.0,1.0,Regular Season
1631119,Jaylin Williams,1642271,Kyle Filipowski,3,6.2,36.6,6.0,2.0,4.0,2.0,4.0,1.0,0.0,Regular Season
1628401,Derrick White,1641796,Pelle Larsson,3,8.0,36.6,2.0,1.0,3.0,0.0,1.0,2.0,0.0,Regular Season
203952,Andrew Wiggins,202699,Tobias Harris,1,5.8,36.6,8.0,2.0,2.0,0.0,0.0,0.0,2.0,Regular Season
201142,Kevin Durant,1626162,Kelly Oubre Jr.,2,7.8,36.6,10.0,3.0,5.0,1.0,1.0,2.0,1.0,Regular Season
1641783,Tristan da Silva,203084,Harrison Barnes,2,7.4,36.6,0.0,0.0,3.0,0.0,2.0,1.0,0.0,Regular Season
1642874,Danny Wolf,202699,Tobias Harris,3,8.3,36.6,4.0,1.0,4.0,0.0,2.0,1.0,1.0,Regular Season
1630163,LaMelo Ball,1626162,Kelly Oubre Jr.,3,6.8,36.6,7.0,2.0,8.0,1.0,6.0,0.0,0.0,Regular Season
1629060,Rui Hachimura,203924,Jerami Grant,3,6.8,36.6,12.0,5.0,8.0,2.0,4.0,0.0,0.0,Regular Season
1641739,Toumani Camara,203932,Aaron Gordon,3,7.8,36.6,6.0,2.0,7.0,1.0,3.0,0.0,0.0,Regular Season
203471,Dennis Schröder,201144,Mike Conley,3,7.1,36.6,3.0,1.0,4.0,0.0,0.0,1.0,1.0,Regular Season
1642258,Zaccharie Risacher,203952,Andrew Wiggins,3,6.6,36.6,5.0,2.0,6.0,1.0,2.0,2.0,0.0,Regular Season
1627742,Brandon Ingram,1629611,Terance Mann,3,8.0,36.6,9.0,2.0,9.0,0.0,4.0,0.0,3.0,Regular Season
1631108,Max Christie,1629060,Rui Hachimura,4,5.4,36.6,5.0,1.0,2.0,1.0,2.0,0.0,0.0,Regular Season
1627826,Ivica Zubac,1629655,Daniel Gafford,1,7.9,36.6,12.0,5.0,7.0,0.0,0.0,1.0,2.0,Regular Season
1641796,Pelle Larsson,1629638,Nickeil Alexander-Walker,3,6.7,36.6,8.0,4.0,4.0,0.0,0.0,3.0,0.0,Regular Season
1627783,Pascal Siakam,1629627,Zion Williamson,2,7.8,36.6,8.0,4.0,5.0,0.0,1.0,0.0,1.0,Regular Season
201572,Brook Lopez,1629028,Deandre Ayton,2,6.5,36.5,6.0,3.0,5.0,0.0,0.0,0.0,0.0,Regular Season
1626167,Myles Turner,1629651,Nic Claxton,2,5.0,36.5,2.0,1.0,2.0,0.0,1.0,1.0,0.0,Regular Season
1626167,Myles Turner,1630192,Zeke Nnaji,2,6.3,36.5,2.0,1.0,2.0,0.0,1.0,0.0,0.0,Regular Season
1642271,Kyle Filipowski,1630166,Deni Avdija,3,6.1,36.5,3.0,1.0,2.0,1.0,1.0,1.0,0.0,Regular Season
1630230,Naji Marshall,1642262,Cody Williams,4,6.1,36.5,11.0,5.0,6.0,1.0,2.0,0.0,0.0,Regular Season
1630552,Jalen Johnson,1641731,Bilal Coulibaly,2,6.4,36.5,2.0,1.0,2.0,0.0,1.0,1.0,0.0,Regular Season
203501,Tim Hardaway Jr.,1642263,Reed Sheppard,4,7.2,36.5,12.0,5.0,10.0,2.0,5.0,0.0,0.0,Regular Season
1630700,Dyson Daniels,1641796,Pelle Larsson,3,6.2,36.5,2.0,1.0,1.0,0.0,0.0,2.0,0.0,Regular Season
1642276,Kel'el Ware,1630579,Jericho Sims,3,5.2,36.5,4.0,1.0,3.0,0.0,2.0,0.0,1.0,Regular Season
203999,Nikola Jokić,1630567,Scottie Barnes,1,7.5,36.5,11.0,4.0,6.0,0.0,1.0,0.0,1.0,Regular Season
201939,Stephen Curry,1630692,Jordan Goodwin,3,7.7,36.5,19.0,4.0,9.0,4.0,5.0,0.0,4.0,Regular Season
1631114,Jalen Williams,1629004,Svi Mykhailiuk,3,6.5,36.5,6.0,3.0,6.0,0.0,2.0,0.0,0.0,Regular Season
203497,Rudy Gobert,1627826,Ivica Zubac,1,8.2,36.5,0.0,0.0,0.0,0.0,0.0,1.0,0.0,Regular Season
1631157,Ryan Rollins,1628378,Donovan Mitchell,3,6.4,36.5,10.0,4.0,5.0,2.0,3.0,1.0,0.0,Regular Season
1630193,Immanuel Quickley,1628973,Jalen Brunson,3,6.6,36.5,14.0,5.0,10.0,4.0,7.0,3.0,0.0,Regular Season
203952,Andrew Wiggins,1626157,Karl-Anthony Towns,4,5.5,36.5,9.0,4.0,9.0,1.0,3.0,1.0,0.0,Regular Season
1629651,Nic Claxton,203076,Anthony Davis,1,7.5,36.5,12.0,4.0,9.0,0.0,0.0,0.0,2.0,Regular Season
1642962,Drake Powell,203468,CJ McCollum,5,7.7,36.5,0.0,0.0,1.0,0.0,0.0,1.0,0.0,Regular Season
1642843,Cooper Flagg,201142,Kevin Durant,4,5.2,36.5,6.0,2.0,10.0,0.0,1.0,0.0,1.0,Regular Season
1628374,Lauri Markkanen,202710,Jimmy Butler III,2,7.5,36.5,6.0,2.0,5.0,1.0,4.0,0.0,1.0,Regular Season
1628386,Jarrett Allen,203999,Nikola Jokić,1,7.9,36.5,8.0,4.0,7.0,0.0,0.0,0.0,0.0,Regular Season
1629130,Duncan Robinson,203468,CJ McCollum,2,7.2,36.5,11.0,4.0,9.0,3.0,8.0,0.0,0.0,Regular Season
201942,DeMar DeRozan,202695,Kawhi Leonard,4,7.3,36.5,7.0,2.0,3.0,0.0,1.0,2.0,2.0,Regular Season
1642259,Alex Sarr,202696,Nikola Vučević,1,7.0,36.5,10.0,4.0,12.0,2.0,5.0,0.0,2.0,Regular Season
1641705,Victor Wembanyama,1631106,Tari Eason,4,6.5,36.5,4.0,0.0,5.0,0.0,3.0,0.0,2.0,Regular Season
1630573,Sam Hauser,1642851,Kon Knueppel,3,8.7,36.5,3.0,1.0,4.0,1.0,4.0,0.0,0.0,Regular Season
1631128,Christian Braun,1642846,Ace Bailey,3,7.7,36.5,3.0,1.0,5.0,1.0,4.0,1.0,0.0,Regular Season
203999,Nikola Jokić,1642852,Derik Queen,1,6.1,36.5,8.0,4.0,9.0,0.0,2.0,4.0,0.0,Regular Season
1627824,Guerschon Yabusele,1642345,Oso Ighodaro,3,6.6,36.5,7.0,3.0,5.0,1.0,1.0,1.0,0.0,Regular Season
1641717,Cason Wallace,1642847,Jeremiah Fears,2,7.1,36.4,8.0,3.0,3.0,2.0,2.0,0.0,0.0,Regular Season
1630178,Tyrese Maxey,1630692,Jordan Goodwin,2,7.3,36.4,3.0,1.0,4.0,1.0,1.0,1.0,0.0,Regular Season
1642349,Ajay Mitchell,1630202,Payton Pritchard,2,7.0,36.4,2.0,1.0,2.0,0.0,0.0,0.0,0.0,Regular Season
1629627,Zion Williamson,1629028,Deandre Ayton,2,8.1,36.4,13.0,5.0,6.0,0.0,0.0,0.0,2.0,Regular Season
1629130,Duncan Robinson,1629630,Ja Morant,1,7.6,36.4,3.0,1.0,4.0,1.0,4.0,0.0,0.0,Regular Season
1630643,Jay Huff,1642270,Donovan Clingan,2,5.5,36.4,9.0,3.0,8.0,1.0,6.0,0.0,2.0,Regular Season
1629060,Rui Hachimura,1631096,Chet Holmgren,4,5.8,36.4,11.0,4.0,7.0,2.0,3.0,0.0,2.0,Regular Season
1629655,Daniel Gafford,1631109,Mark Williams,2,6.6,36.4,6.0,3.0,4.0,0.0,0.0,1.0,1.0,Regular Season
1631108,Max Christie,1631165,Keon Ellis,4,7.1,36.4,5.0,1.0,4.0,0.0,3.0,0.0,2.0,Regular Season
1631108,Max Christie,1631106,Tari Eason,3,5.5,36.4,5.0,2.0,2.0,1.0,1.0,0.0,0.0,Regular Season
1626157,Karl-Anthony Towns,1626167,Myles Turner,3,7.6,36.4,7.0,1.0,5.0,0.0,2.0,0.0,2.0,Regular Season
1626220,Royce O'Neale,201587,Nicolas Batum,4,6.0,36.4,7.0,3.0,6.0,1.0,4.0,0.0,0.0,Regular Season
1630583,Santi Aldama,203084,Harrison Barnes,3,7.5,36.4,4.0,2.0,4.0,0.0,0.0,1.0,0.0,Regular Season
1641717,Cason Wallace,203897,Zach LaVine,3,5.2,36.4,10.0,4.0,5.0,2.0,3.0,0.0,0.0,Regular Season
1631128,Christian Braun,201935,James Harden,2,7.3,36.4,7.0,3.0,5.0,1.0,3.0,0.0,0.0,Regular Season
1630611,Gui Santos,203944,Julius Randle,4,8.4,36.4,2.0,1.0,5.0,0.0,2.0,2.0,0.0,Regular Season
1630217,Desmond Bane,1629628,RJ Barrett,2,7.2,36.3,7.0,3.0,5.0,1.0,3.0,1.0,0.0,Regular Season
1629638,Nickeil Alexander-Walker,1629611,Terance Mann,4,7.4,36.3,5.0,2.0,6.0,1.0,2.0,1.0,0.0,Regular Season
1642907,Cedric Coward,1629627,Zion Williamson,4,6.9,36.3,6.0,2.0,4.0,2.0,4.0,2.0,0.0,Regular Season
1628415,Dillon Brooks,1629638,Nickeil Alexander-Walker,2,6.5,36.3,9.0,4.0,7.0,1.0,2.0,4.0,0.0,Regular Season
1630166,Deni Avdija,1642363,Nique Clifford,4,7.5,36.3,6.0,2.0,8.0,1.0,4.0,1.0,1.0,Regular Season
1628389,Bam Adebayo,1630568,Luka Garza,3,7.2,36.3,12.0,3.0,11.0,2.0,6.0,0.0,3.0,Regular Season
1630202,Payton Pritchard,1630591,Jalen Suggs,2,7.8,36.3,12.0,3.0,5.0,2.0,3.0,1.0,1.0,Regular Season
201142,Kevin Durant,1630567,Scottie Barnes,2,8.4,36.3,19.0,8.0,9.0,2.0,3.0,1.0,1.0,Regular Season
1642851,Kon Knueppel,1631108,Max Christie,2,7.8,36.3,9.0,3.0,6.0,1.0,3.0,0.0,1.0,Regular Season
1629023,P.J. Washington,1631094,Paolo Banchero,1,7.7,36.3,9.0,3.0,4.0,3.0,3.0,0.0,0.0,Regular Season
1642845,VJ Edgecombe,1631157,Ryan Rollins,3,6.4,36.3,18.0,6.0,10.0,2.0,2.0,0.0,0.0,Regular Season
1630551,Justin Champagnie,1631170,Jaime Jaquez Jr.,3,5.4,36.3,0.0,0.0,0.0,0.0,0.0,2.0,0.0,Regular Season
1628976,Wendell Carter Jr.,1631096,Chet Holmgren,2,7.3,36.3,4.0,1.0,3.0,0.0,2.0,1.0,1.0,Regular Season
1631222,Jake LaRavia,1628370,Malik Monk,4,7.0,36.3,8.0,2.0,4.0,0.0,2.0,1.0,3.0,Regular Season
1630249,Vít Krejčí,1627742,Brandon Ingram,3,6.8,36.3,5.0,2.0,4.0,1.0,3.0,0.0,0.0,Regular Season
1627783,Pascal Siakam,1627759,Jaylen Brown,3,6.3,36.3,12.0,4.0,7.0,3.0,5.0,0.0,2.0,Regular Season
1642272,Jared McCain,1628379,Luke Kennard,5,8.4,36.3,0.0,0.0,3.0,0.0,2.0,0.0,0.0,Regular Season
201142,Kevin Durant,1627936,Alex Caruso,3,8.5,36.3,4.0,1.0,5.0,0.0,2.0,1.0,0.0,Regular Season
1629661,Cameron Johnson,1641713,GG Jackson,2,6.7,36.3,5.0,2.0,3.0,1.0,2.0,0.0,0.0,Regular Season
1630559,Austin Reaves,1641739,Toumani Camara,1,7.0,36.3,6.0,2.0,3.0,0.0,1.0,3.0,1.0,Regular Season
1626162,Kelly Oubre Jr.,1641716,Jarace Walker,3,6.3,36.3,7.0,3.0,8.0,1.0,3.0,1.0,0.0,Regular Season
1642885,Mohamed Diawara,1641738,Kobe Brown,4,8.2,36.3,2.0,1.0,3.0,0.0,1.0,0.0,0.0,Regular Season
1641706,Brandon Miller,1641783,Tristan da Silva,3,8.4,36.3,8.0,3.0,7.0,2.0,5.0,0.0,0.0,Regular Season
1641796,Pelle Larsson,1641730,Noah Clowney,2,5.5,36.2,7.0,3.0,7.0,1.0,2.0,0.0,0.0,Regular Season
1630163,LaMelo Ball,1642273,Kyshawn George,4,6.7,36.2,13.0,4.0,9.0,2.0,7.0,0.0,1.0,Regular Season
1630595,Cade Cunningham,1641706,Brandon Miller,3,5.9,36.2,5.0,1.0,5.0,1.0,4.0,0.0,2.0,Regular Season
1629111,Jock Landale,1642271,Kyle Filipowski,3,6.2,36.2,11.0,4.0,7.0,2.0,5.0,0.0,1.0,Regular Season
1630596,Evan Mobley,1642366,Quinten Post,1,7.5,36.2,6.0,3.0,12.0,0.0,4.0,0.0,0.0,Regular Season
1628386,Jarrett Allen,203994,Jusuf Nurkić,1,7.8,36.2,4.0,1.0,4.0,0.0,0.0,2.0,1.0,Regular Season
1630700,Dyson Daniels,1626181,Norman Powell,2,6.5,36.2,0.0,0.0,1.0,0.0,1.0,1.0,0.0,Regular Season
1631165,Keon Ellis,203501,Tim Hardaway Jr.,4,6.2,36.2,4.0,1.0,4.0,1.0,4.0,0.0,1.0,Regular Season
1642276,Kel'el Ware,203944,Julius Randle,2,6.8,36.2,2.0,0.0,0.0,0.0,0.0,0.0,1.0,Regular Season
1629028,Deandre Ayton,1626167,Myles Turner,2,8.7,36.2,6.0,3.0,6.0,0.0,0.0,1.0,0.0,Regular Season
1631128,Christian Braun,202695,Kawhi Leonard,1,5.7,36.2,2.0,1.0,1.0,0.0,0.0,0.0,0.0,Regular Season
1628374,Lauri Markkanen,201942,DeMar DeRozan,3,5.5,36.2,13.0,5.0,7.0,1.0,3.0,0.0,1.0,Regular Season
1642258,Zaccharie Risacher,202331,Paul George,2,4.8,36.2,2.0,1.0,4.0,0.0,1.0,0.0,0.0,Regular Season
203994,Jusuf Nurkić,1630168,Onyeka Okongwu,1,7.3,36.2,6.0,2.0,4.0,1.0,2.0,3.0,0.0,Regular Season
1627742,Brandon Ingram,1629614,Andrew Nembhard,4,7.1,36.2,9.0,4.0,7.0,0.0,2.0,0.0,1.0,Regular Season
1642276,Kel'el Ware,1629674,Neemias Queta,4,6.1,36.2,20.0,6.0,13.0,6.0,10.0,0.0,1.0,Regular Season
1628989,Kevin Huerter,1629130,Duncan Robinson,3,5.8,36.2,15.0,7.0,10.0,1.0,2.0,1.0,1.0,Regular Season
203497,Rudy Gobert,1629651,Nic Claxton,2,6.0,36.2,0.0,0.0,1.0,0.0,0.0,0.0,0.0,Regular Season
1642928,Dylan Cardwell,1629646,Charles Bassey,2,7.5,36.2,5.0,2.0,3.0,1.0,1.0,0.0,0.0,Regular Season
2544,LeBron James,1629750,Javonte Green,2,8.5,36.2,11.0,3.0,7.0,1.0,4.0,3.0,2.0,Regular Season
1629750,Javonte Green,1628374,Lauri Markkanen,2,5.8,36.2,2.0,1.0,1.0,0.0,0.0,0.0,0.0,Regular Season
1628976,Wendell Carter Jr.,1628436,Luke Kornet,2,7.0,36.2,0.0,0.0,4.0,0.0,1.0,1.0,0.0,Regular Season
1642843,Cooper Flagg,1630573,Sam Hauser,2,8.2,36.2,10.0,4.0,12.0,0.0,3.0,1.0,0.0,Regular Season
1642347,Jamal Shead,1630558,Davion Mitchell,4,7.1,36.2,5.0,2.0,4.0,1.0,2.0,0.0,0.0,Regular Season
1629060,Rui Hachimura,1631108,Max Christie,4,5.0,36.2,8.0,3.0,7.0,2.0,4.0,1.0,0.0,Regular Season
1628415,Dillon Brooks,1631222,Jake LaRavia,4,6.7,36.2,13.0,6.0,8.0,1.0,3.0,1.0,0.0,Regular Season
1628381,John Collins,1631200,Kris Murray,4,7.6,36.2,6.0,2.0,5.0,2.0,3.0,0.0,0.0,Regular Season
1641764,Brandin Podziemski,1631221,Collin Gillespie,4,7.5,36.1,14.0,7.0,11.0,0.0,3.0,1.0,0.0,Regular Season
201567,Kevin Love,1631217,Moussa Diabaté,2,6.5,36.1,0.0,0.0,2.0,0.0,2.0,0.0,0.0,Regular Season
1641739,Toumani Camara,1631099,Keegan Murray,2,6.4,36.1,0.0,0.0,1.0,0.0,1.0,1.0,0.0,Regular Season
1630577,Julian Champagnie,1631095,Jabari Smith Jr.,4,6.3,36.1,0.0,0.0,4.0,0.0,3.0,0.0,0.0,Regular Season
1630567,Scottie Barnes,1631217,Moussa Diabaté,4,8.9,36.1,10.0,3.0,11.0,0.0,2.0,2.0,2.0,Regular Season
1628969,Mikal Bridges,1631245,Quenton Jackson,3,7.0,36.1,2.0,1.0,9.0,0.0,4.0,0.0,0.0,Regular Season
1630217,Desmond Bane,203501,Tim Hardaway Jr.,2,6.4,36.1,6.0,2.0,2.0,0.0,0.0,0.0,1.0,Regular Season
1628978,Donte DiVincenzo,203484,Kentavious Caldwell-Pope,3,7.9,36.1,4.0,1.0,4.0,1.0,3.0,1.0,1.0,Regular Season
1626167,Myles Turner,203954,Joel Embiid,1,5.4,36.1,7.0,2.0,6.0,0.0,3.0,2.0,2.0,Regular Season
1642875,Maxime Raynaud,203991,Clint Capela,3,6.2,36.1,13.0,6.0,9.0,0.0,1.0,0.0,1.0,Regular Season
1631099,Keegan Murray,201142,Kevin Durant,2,6.3,36.1,6.0,2.0,3.0,2.0,2.0,0.0,0.0,Regular Season
1630183,Jaden McDaniels,203114,Khris Middleton,2,6.2,36.1,8.0,2.0,8.0,0.0,2.0,1.0,1.0,Regular Season
1642847,Jeremiah Fears,1642264,Stephon Castle,4,7.6,36.1,5.0,2.0,6.0,0.0,0.0,1.0,1.0,Regular Season
1628970,Miles Bridges,1642273,Kyshawn George,3,7.0,36.1,15.0,5.0,9.0,2.0,5.0,1.0,2.0,Regular Season
1631097,Bennedict Mathurin,1641824,Matas Buzelis,4,8.1,36.1,14.0,6.0,9.0,2.0,4.0,0.0,0.0,Regular Season
1630162,Anthony Edwards,1642954,Will Richard,2,6.2,36.1,19.0,6.0,9.0,3.0,4.0,1.0,1.0,Regular Season
1642264,Stephon Castle,1642954,Will Richard,3,7.9,36.1,6.0,0.0,2.0,0.0,1.0,1.0,3.0,Regular Season
1627750,Jamal Murray,1642883,Sion James,2,7.8,36.1,12.0,6.0,10.0,0.0,3.0,0.0,0.0,Regular Season
1628389,Bam Adebayo,1642366,Quinten Post,2,5.9,36.1,16.0,6.0,15.0,2.0,5.0,1.0,1.0,Regular Season
201935,James Harden,1642851,Kon Knueppel,3,8.3,36.1,25.0,8.0,14.0,3.0,6.0,0.0,3.0,Regular Season
1641775,Jordan Walsh,1630552,Jalen Johnson,4,9.5,36.1,6.0,2.0,3.0,0.0,0.0,0.0,1.0,Regular Season
1642845,VJ Edgecombe,1630679,Ethan Thompson,2,6.8,36.1,1.0,0.0,4.0,0.0,2.0,1.0,1.0,Regular Season
1642847,Jeremiah Fears,1630591,Jalen Suggs,1,6.9,36.1,10.0,2.0,6.0,2.0,4.0,1.0,1.0,Regular Season
1628973,Jalen Brunson,1630178,Tyrese Maxey,4,6.2,36.1,16.0,5.0,7.0,2.0,3.0,1.0,1.0,Regular Season
202691,Klay Thompson,1629638,Nickeil Alexander-Walker,2,8.1,36.1,5.0,2.0,6.0,1.0,4.0,0.0,0.0,Regular Season
1630530,Trey Murphy III,1630162,Anthony Edwards,3,6.5,36.1,17.0,7.0,12.0,3.0,4.0,0.0,0.0,Regular Season
1628389,Bam Adebayo,1629028,Deandre Ayton,1,6.4,36.1,15.0,5.0,11.0,1.0,4.0,0.0,3.0,Regular Season
1630541,Moses Moody,1630193,Immanuel Quickley,2,6.9,36.1,2.0,1.0,3.0,0.0,2.0,0.0,0.0,Regular Season
1628969,Mikal Bridges,1629130,Duncan Robinson,3,7.3,36.1,11.0,5.0,7.0,1.0,1.0,1.0,0.0,Regular Season
1628368,De'Aaron Fox,1628969,Mikal Bridges,2,6.5,36.1,13.0,6.0,9.0,1.0,3.0,0.0,0.0,Regular Season
1631245,Quenton Jackson,1628401,Derrick White,4,8.0,36.1,8.0,3.0,8.0,2.0,6.0,0.0,0.0,Regular Season
1642847,Jeremiah Fears,1627884,Derrick Jones Jr.,4,6.5,36.0,3.0,1.0,5.0,1.0,2.0,0.0,0.0,Regular Season
1641737,Adem Bona,1628392,Isaiah Hartenstein,2,6.7,36.0,2.0,1.0,2.0,0.0,0.0,0.0,0.0,Regular Season
1628973,Jalen Brunson,1628970,Miles Bridges,3,8.2,36.0,20.0,9.0,12.0,0.0,3.0,0.0,0.0,Regular Season
1630700,Dyson Daniels,1628401,Derrick White,3,8.1,36.0,13.0,6.0,9.0,1.0,2.0,2.0,1.0,Regular Season
203999,Nikola Jokić,1628386,Jarrett Allen,1,7.5,36.0,14.0,4.0,7.0,0.0,2.0,2.0,2.0,Regular Season
1630183,Jaden McDaniels,201950,Jrue Holiday,4,7.7,36.0,16.0,6.0,7.0,2.0,3.0,0.0,1.0,Regular Season
201935,James Harden,2544,LeBron James,4,5.7,36.0,14.0,5.0,11.0,4.0,6.0,2.0,0.0,Regular Season
203999,Nikola Jokić,204001,Kristaps Porziņģis,2,8.2,36.0,25.0,9.0,14.0,3.0,6.0,0.0,3.0,Regular Season
1631105,Jalen Duren,203994,Jusuf Nurkić,2,7.8,36.0,6.0,2.0,6.0,0.0,0.0,2.0,1.0,Regular Season
1642264,Stephon Castle,201142,Kevin Durant,4,5.8,36.0,8.0,3.0,9.0,0.0,3.0,0.0,2.0,Regular Season
1626164,Devin Booker,1631106,Tari Eason,2,5.0,36.0,3.0,1.0,6.0,0.0,1.0,2.0,1.0,Regular Season
203952,Andrew Wiggins,1631114,Jalen Williams,2,6.9,36.0,5.0,2.0,3.0,1.0,2.0,1.0,0.0,Regular Season
201566,Russell Westbrook,1631222,Jake LaRavia,3,7.2,36.0,2.0,1.0,5.0,0.0,2.0,2.0,2.0,Regular Season
1630581,Josh Giddey,1641709,Ausar Thompson,2,7.7,36.0,9.0,3.0,5.0,2.0,2.0,6.0,1.0,Regular Season
1629630,Ja Morant,1641717,Cason Wallace,1,5.8,36.0,6.0,2.0,9.0,2.0,7.0,2.0,0.0,Regular Season
202695,Kawhi Leonard,1641709,Ausar Thompson,2,7.9,36.0,21.0,6.0,7.0,3.0,3.0,3.0,3.0,Regular Season
1631096,Chet Holmgren,1629028,Deandre Ayton,4,7.0,36.0,10.0,3.0,6.0,1.0,1.0,0.0,2.0,Regular Season
201572,Brook Lopez,1630180,Saddiq Bey,4,7.8,36.0,4.0,2.0,5.0,0.0,1.0,0.0,0.0,Regular Season
203076,Anthony Davis,1629028,Deandre Ayton,1,8.6,36.0,4.0,2.0,6.0,0.0,1.0,0.0,0.0,Regular Season
1642346,Ryan Dunn,1629029,Luka Dončić,3,7.3,36.0,2.0,1.0,3.0,0.0,1.0,0.0,0.0,Regular Season
1629014,Anfernee Simons,1642857,Kasparas Jakučionis,2,9.0,36.0,14.0,4.0,7.0,4.0,7.0,0.0,0.0,Regular Season
1641708,Amen Thompson,1642846,Ace Bailey,4,6.1,36.0,12.0,4.0,8.0,0.0,1.0,0.0,3.0,Regular Season
1629614,Andrew Nembhard,1630217,Desmond Bane,3,4.2,36.0,9.0,3.0,7.0,1.0,4.0,0.0,1.0,Regular Season
1628398,Kyle Kuzma,1630595,Cade Cunningham,3,6.5,35.9,2.0,1.0,7.0,0.0,1.0,2.0,0.0,Regular Season
1629029,Luka Dončić,1630577,Julian Champagnie,3,6.2,35.9,21.0,7.0,14.0,1.0,7.0,0.0,4.0,Regular Season
203935,Marcus Smart,1630577,Julian Champagnie,3,6.1,35.9,5.0,1.0,4.0,1.0,4.0,1.0,0.0,Regular Season
1628969,Mikal Bridges,1630241,Sam Merrill,3,8.0,35.9,10.0,3.0,6.0,1.0,1.0,2.0,1.0,Regular Season
1628378,Donovan Mitchell,1630217,Desmond Bane,4,6.5,35.9,14.0,4.0,11.0,1.0,5.0,2.0,2.0,Regular Season
1629638,Nickeil Alexander-Walker,1631221,Collin Gillespie,2,6.7,35.9,10.0,3.0,6.0,1.0,2.0,2.0,1.0,Regular Season
1631222,Jake LaRavia,1631108,Max Christie,4,6.7,35.9,4.0,2.0,3.0,0.0,1.0,1.0,0.0,Regular Season
1629637,Jaxson Hayes,1631119,Jaylin Williams,3,7.2,35.9,6.0,3.0,3.0,0.0,0.0,1.0,0.0,Regular Season
1630217,Desmond Bane,1628384,OG Anunoby,3,6.2,35.9,4.0,1.0,1.0,0.0,0.0,0.0,1.0,Regular Season
1629652,Luguentz Dort,1628978,Donte DiVincenzo,4,7.5,35.9,2.0,0.0,6.0,0.0,3.0,0.0,1.0,Regular Season
203935,Marcus Smart,1627750,Jamal Murray,3,6.9,35.9,6.0,2.0,4.0,2.0,4.0,1.0,0.0,Regular Season
1642285,Cam Spencer,1628971,Bruce Brown,3,7.4,35.9,0.0,0.0,2.0,0.0,1.0,1.0,0.0,Regular Season
1641750,Ryan Kalkbrenner,1628392,Isaiah Hartenstein,1,7.2,35.9,6.0,2.0,4.0,0.0,0.0,0.0,1.0,Regular Season
1642347,Jamal Shead,203903,Jordan Clarkson,4,7.5,35.9,6.0,2.0,6.0,2.0,3.0,1.0,0.0,Regular Season
1627742,Brandon Ingram,203084,Harrison Barnes,2,6.8,35.9,4.0,2.0,3.0,0.0,0.0,1.0,0.0,Regular Season
1628404,Josh Hart,1626181,Norman Powell,4,7.8,35.9,3.0,1.0,2.0,0.0,1.0,2.0,1.0,Regular Season
1642852,Derik Queen,203944,Julius Randle,3,6.4,35.9,5.0,1.0,3.0,1.0,1.0,1.0,1.0,Regular Season
1630595,Cade Cunningham,1641710,Anthony Black,2,6.4,35.9,13.0,5.0,10.0,0.0,1.0,1.0,1.0,Regular Season
1630171,Isaac Okoro,1641730,Noah Clowney,3,5.5,35.9,4.0,2.0,4.0,0.0,2.0,0.0,0.0,Regular Season
1627826,Ivica Zubac,1642259,Alex Sarr,1,7.4,35.9,2.0,1.0,2.0,0.0,0.0,1.0,0.0,Regular Season
1628436,Luke Kornet,1642271,Kyle Filipowski,2,7.2,35.9,5.0,2.0,2.0,0.0,0.0,1.0,0.0,Regular Season
1642852,Derik Queen,1629023,P.J. Washington,4,6.7,35.9,4.0,0.0,4.0,0.0,0.0,0.0,2.0,Regular Season
201950,Jrue Holiday,1630183,Jaden McDaniels,4,6.5,35.9,13.0,5.0,15.0,1.0,5.0,1.0,1.0,Regular Season
1642851,Kon Knueppel,1630171,Isaac Okoro,3,7.1,35.9,4.0,1.0,5.0,1.0,2.0,0.0,1.0,Regular Season
1631094,Paolo Banchero,1630168,Onyeka Okongwu,4,5.5,35.9,11.0,3.0,8.0,0.0,1.0,2.0,5.0,Regular Season
1642274,Yves Missi,1630188,Jalen Smith,3,6.7,35.9,6.0,3.0,6.0,0.0,0.0,0.0,1.0,Regular Season
1642954,Will Richard,1630162,Anthony Edwards,2,7.5,35.9,6.0,2.0,4.0,2.0,4.0,0.0,0.0,Regular Season
203110,Draymond Green,1629674,Neemias Queta,2,8.1,35.8,8.0,3.0,10.0,2.0,6.0,2.0,0.0,Regular Season
1630171,Isaac Okoro,1630163,LaMelo Ball,2,6.4,35.8,4.0,1.0,2.0,0.0,1.0,0.0,1.0,Regular Season
1628973,Jalen Brunson,1629611,Terance Mann,2,7.1,35.8,5.0,2.0,8.0,1.0,5.0,1.0,0.0,Regular Season
1626167,Myles Turner,1630168,Onyeka Okongwu,3,6.4,35.8,0.0,0.0,4.0,0.0,3.0,1.0,0.0,Regular Season
1631109,Mark Williams,1629655,Daniel Gafford,2,7.5,35.8,8.0,4.0,4.0,0.0,0.0,0.0,0.0,Regular Season
1641705,Victor Wembanyama,1629060,Rui Hachimura,2,7.0,35.8,11.0,5.0,10.0,0.0,1.0,2.0,0.0,Regular Season
1629627,Zion Williamson,1628398,Kyle Kuzma,2,6.7,35.8,8.0,3.0,8.0,0.0,0.0,1.0,1.0,Regular Season
1629637,Jaxson Hayes,1628389,Bam Adebayo,2,8.1,35.8,2.0,1.0,3.0,0.0,0.0,1.0,0.0,Regular Season
1630552,Jalen Johnson,1628404,Josh Hart,1,8.6,35.8,5.0,1.0,4.0,1.0,2.0,3.0,1.0,Regular Season
1641842,Ronald Holland II,1628989,Kevin Huerter,3,6.0,35.8,0.0,0.0,5.0,0.0,3.0,3.0,0.0,Regular Season
1629018,Gary Trent Jr.,1627747,Caris LeVert,4,7.1,35.8,9.0,3.0,6.0,1.0,4.0,0.0,1.0,Regular Season
1629018,Gary Trent Jr.,1628973,Jalen Brunson,2,7.2,35.8,3.0,1.0,1.0,0.0,0.0,1.0,1.0,Regular Season
1626171,Bobby Portis Jr.,1627783,Pascal Siakam,3,9.6,35.8,2.0,1.0,6.0,0.0,1.0,0.0,0.0,Regular Season
202691,Klay Thompson,1630530,Trey Murphy III,3,6.3,35.8,8.0,3.0,6.0,2.0,4.0,0.0,0.0,Regular Season
1628404,Josh Hart,1630217,Desmond Bane,4,6.4,35.8,8.0,3.0,8.0,2.0,5.0,0.0,0.0,Regular Season
1641730,Noah Clowney,1630230,Naji Marshall,3,6.4,35.8,7.0,3.0,3.0,1.0,1.0,0.0,0.0,Regular Season
1630595,Cade Cunningham,1631108,Max Christie,2,7.6,35.8,2.0,1.0,5.0,0.0,1.0,0.0,0.0,Regular Season
1629636,Darius Garland,1631245,Quenton Jackson,2,7.7,35.8,9.0,4.0,7.0,1.0,2.0,3.0,0.0,Regular Season
1629008,Michael Porter Jr.,1631248,Baylor Scheierman,4,7.0,35.8,24.0,8.0,13.0,5.0,6.0,0.0,2.0,Regular Season
203903,Jordan Clarkson,1641710,Anthony Black,4,5.7,35.8,4.0,2.0,5.0,0.0,3.0,1.0,0.0,Regular Season
1630700,Dyson Daniels,1641783,Tristan da Silva,4,7.6,35.8,11.0,5.0,6.0,0.0,1.0,1.0,1.0,Regular Season
1629638,Nickeil Alexander-Walker,1641718,Keyonte George,1,5.7,35.8,7.0,3.0,6.0,1.0,3.0,1.0,0.0,Regular Season
1629636,Darius Garland,1642847,Jeremiah Fears,2,6.9,35.8,7.0,3.0,9.0,1.0,3.0,1.0,0.0,Regular Season
1629628,RJ Barrett,1642845,VJ Edgecombe,2,7.3,35.8,10.0,2.0,7.0,0.0,2.0,0.0,3.0,Regular Season
1642271,Kyle Filipowski,1642882,Julian Reese,1,8.5,35.8,10.0,4.0,8.0,2.0,2.0,2.0,0.0,Regular Season
1631119,Jaylin Williams,203497,Rudy Gobert,3,8.2,35.8,11.0,3.0,6.0,3.0,5.0,0.0,1.0,Regular Season
1631222,Jake LaRavia,202695,Kawhi Leonard,4,6.1,35.8,2.0,1.0,1.0,0.0,0.0,0.0,0.0,Regular Season
202696,Nikola Vučević,1627734,Domantas Sabonis,1,6.6,35.7,9.0,4.0,7.0,1.0,1.0,0.0,0.0,Regular Season
1631106,Tari Eason,2544,LeBron James,3,8.7,35.7,0.0,0.0,9.0,0.0,6.0,1.0,0.0,Regular Season
1642262,Cody Williams,203999,Nikola Jokić,4,4.5,35.7,6.0,3.0,6.0,0.0,1.0,1.0,0.0,Regular Season
1628969,Mikal Bridges,202331,Paul George,3,6.0,35.7,7.0,3.0,7.0,1.0,5.0,1.0,0.0,Regular Season
202699,Tobias Harris,1630591,Jalen Suggs,3,7.5,35.7,8.0,4.0,9.0,0.0,3.0,0.0,0.0,Regular Season
1641706,Brandon Miller,1630581,Josh Giddey,3,6.8,35.7,5.0,2.0,6.0,1.0,3.0,3.0,0.0,Regular Season
203083,Andre Drummond,1630579,Jericho Sims,3,7.0,35.7,2.0,1.0,2.0,0.0,0.0,0.0,0.0,Regular Season
1629014,Anfernee Simons,1630533,Ziaire Williams,4,7.2,35.7,7.0,3.0,8.0,0.0,3.0,2.0,1.0,Regular Season
1641764,Brandin Podziemski,1630314,Brandon Williams,2,6.1,35.7,2.0,1.0,1.0,0.0,0.0,1.0,0.0,Regular Season
1642258,Zaccharie Risacher,1630217,Desmond Bane,3,7.1,35.7,14.0,5.0,5.0,2.0,2.0,0.0,2.0,Regular Season
1630230,Naji Marshall,1630162,Anthony Edwards,3,5.8,35.7,7.0,3.0,8.0,0.0,4.0,1.0,1.0,Regular Season
1631170,Jaime Jaquez Jr.,1630171,Isaac Okoro,4,7.1,35.7,8.0,4.0,9.0,0.0,2.0,0.0,0.0,Regular Season
201566,Russell Westbrook,1630162,Anthony Edwards,3,6.6,35.7,7.0,2.0,5.0,2.0,4.0,1.0,1.0,Regular Season
1628384,OG Anunoby,1642907,Cedric Coward,2,7.2,35.7,7.0,2.0,5.0,0.0,2.0,0.0,1.0,Regular Season
1628971,Bruce Brown,1628368,De'Aaron Fox,4,7.0,35.7,8.0,3.0,4.0,0.0,1.0,0.0,1.0,Regular Season
1629029,Luka Dončić,1628415,Dillon Brooks,2,7.7,35.7,11.0,4.0,9.0,0.0,5.0,0.0,2.0,Regular Season
1630193,Immanuel Quickley,1629012,Collin Sexton,5,8.5,35.7,3.0,1.0,5.0,0.0,2.0,0.0,1.0,Regular Season
1641796,Pelle Larsson,1628989,Kevin Huerter,4,6.7,35.7,17.0,5.0,9.0,2.0,3.0,0.0,3.0,Regular Season
1642366,Quinten Post,1628374,Lauri Markkanen,3,7.1,35.7,7.0,3.0,6.0,1.0,3.0,0.0,0.0,Regular Season
1628370,Malik Monk,1628978,Donte DiVincenzo,4,7.3,35.7,7.0,2.0,6.0,1.0,2.0,0.0,0.0,Regular Season
1627759,Jaylen Brown,1642877,Micah Peavy,1,8.3,35.7,1.0,0.0,2.0,0.0,0.0,2.0,1.0,Regular Season
1627750,Jamal Murray,1642846,Ace Bailey,4,6.9,35.7,36.0,9.0,12.0,9.0,10.0,2.0,4.0,Regular Season
1630591,Jalen Suggs,1642847,Jeremiah Fears,1,6.9,35.7,5.0,2.0,9.0,1.0,7.0,0.0,0.0,Regular Season
1631221,Collin Gillespie,1642847,Jeremiah Fears,4,7.5,35.7,6.0,2.0,3.0,2.0,3.0,1.0,0.0,Regular Season
1641709,Ausar Thompson,1631094,Paolo Banchero,3,6.7,35.7,6.0,3.0,5.0,0.0,1.0,0.0,0.0,Regular Season
1628389,Bam Adebayo,1631217,Moussa Diabaté,2,6.6,35.7,11.0,5.0,10.0,0.0,1.0,0.0,1.0,Regular Season
1641783,Tristan da Silva,1631095,Jabari Smith Jr.,2,7.1,35.7,3.0,1.0,4.0,1.0,4.0,0.0,0.0,Regular Season
1629636,Darius Garland,1641706,Brandon Miller,2,5.4,35.7,20.0,6.0,11.0,4.0,6.0,1.0,1.0,Regular Season
1642955,Kadary Richmond,1641716,Jarace Walker,2,5.7,35.7,0.0,0.0,0.0,0.0,0.0,0.0,0.0,Regular Season
203999,Nikola Jokić,1642271,Kyle Filipowski,4,5.0,35.6,7.0,2.0,2.0,0.0,0.0,4.0,2.0,Regular Season
1631260,AJ Green,1641869,Malachi Smith,2,7.6,35.6,15.0,5.0,8.0,5.0,7.0,0.0,0.0,Regular Season
1642281,Jaylon Tyson,1642267,Bub Carrington,4,6.2,35.6,5.0,2.0,3.0,1.0,2.0,0.0,0.0,Regular Season
201935,James Harden,1641731,Bilal Coulibaly,2,5.4,35.6,4.0,0.0,0.0,0.0,0.0,3.0,2.0,Regular Season
1631131,Oscar Tshiebwe,1642942,Jahmai Mashack,2,6.0,35.6,8.0,4.0,6.0,0.0,0.0,1.0,1.0,Regular Season
2544,LeBron James,1642907,Cedric Coward,2,7.0,35.6,4.0,2.0,8.0,0.0,3.0,1.0,0.0,Regular Season
1630178,Tyrese Maxey,1630540,Miles McBride,2,6.5,35.6,16.0,6.0,10.0,3.0,4.0,2.0,1.0,Regular Season
1630166,Deni Avdija,1630532,Franz Wagner,1,7.0,35.6,7.0,2.0,6.0,1.0,2.0,0.0,1.0,Regular Season
1631169,Josh Minott,1630596,Evan Mobley,3,7.9,35.6,3.0,1.0,6.0,1.0,4.0,0.0,0.0,Regular Season
201942,DeMar DeRozan,1630230,Naji Marshall,3,6.7,35.6,7.0,2.0,5.0,1.0,1.0,0.0,0.0,Regular Season
1628404,Josh Hart,202331,Paul George,2,7.1,35.6,5.0,2.0,4.0,1.0,2.0,2.0,0.0,Regular Season
1628976,Wendell Carter Jr.,203497,Rudy Gobert,1,6.0,35.6,2.0,1.0,1.0,0.0,0.0,0.0,0.0,Regular Season
1631212,Peyton Watson,201566,Russell Westbrook,4,7.9,35.6,9.0,4.0,7.0,1.0,2.0,1.0,0.0,Regular Season
201572,Brook Lopez,1626157,Karl-Anthony Towns,2,6.7,35.6,2.0,0.0,1.0,0.0,1.0,0.0,1.0,Regular Season
1641718,Keyonte George,203935,Marcus Smart,3,7.1,35.6,10.0,4.0,7.0,2.0,3.0,1.0,0.0,Regular Season
1629611,Terance Mann,1629130,Duncan Robinson,3,7.4,35.6,3.0,1.0,2.0,0.0,0.0,0.0,1.0,Regular Season
1626157,Karl-Anthony Towns,1629048,Goga Bitadze,3,6.6,35.6,0.0,0.0,3.0,0.0,2.0,1.0,0.0,Regular Season
1629638,Nickeil Alexander-Walker,1629636,Darius Garland,1,6.0,35.6,19.0,6.0,9.0,4.0,7.0,0.0,1.0,Regular Season
1642875,Maxime Raynaud,1631200,Kris Murray,3,6.3,35.6,2.0,1.0,3.0,0.0,0.0,4.0,0.0,Regular Season
1626157,Karl-Anthony Towns,1631170,Jaime Jaquez Jr.,4,8.4,35.6,12.0,3.0,7.0,0.0,1.0,1.0,2.0,Regular Season
1630532,Franz Wagner,1631170,Jaime Jaquez Jr.,2,5.9,35.6,11.0,4.0,10.0,1.0,4.0,1.0,1.0,Regular Season
1629130,Duncan Robinson,1631222,Jake LaRavia,2,6.5,35.6,9.0,3.0,4.0,2.0,3.0,1.0,1.0,Regular Season
1628973,Jalen Brunson,1627759,Jaylen Brown,3,7.5,35.6,14.0,4.0,6.0,1.0,3.0,1.0,1.0,Regular Season
1628389,Bam Adebayo,1627783,Pascal Siakam,2,6.2,35.6,8.0,3.0,9.0,0.0,1.0,1.0,1.0,Regular Season
1629611,Terance Mann,1627750,Jamal Murray,2,7.1,35.6,5.0,2.0,3.0,1.0,2.0,0.0,0.0,Regular Season
1627826,Ivica Zubac,1642867,Collin Murray-Boyles,1,9.1,35.6,4.0,2.0,2.0,0.0,0.0,1.0,1.0,Regular Season
1629012,Collin Sexton,1642383,Walter Clayton Jr.,3,5.2,35.6,4.0,1.0,5.0,0.0,3.0,1.0,1.0,Regular Season
1641739,Toumani Camara,1642847,Jeremiah Fears,4,6.6,35.6,15.0,5.0,9.0,5.0,9.0,0.0,0.0,Regular Season
1628976,Wendell Carter Jr.,1642274,Yves Missi,1,7.0,35.6,8.0,4.0,5.0,0.0,1.0,1.0,1.0,Regular Season
1628973,Jalen Brunson,1642377,Jaylen Wells,1,6.7,35.5,10.0,4.0,7.0,2.0,3.0,0.0,0.0,Regular Season
1630228,Jonathan Kuminga,1642860,Will Riley,2,6.9,35.5,9.0,4.0,8.0,1.0,3.0,2.0,0.0,Regular Season
1629638,Nickeil Alexander-Walker,1642847,Jeremiah Fears,2,6.8,35.5,8.0,3.0,3.0,2.0,2.0,1.0,0.0,Regular Season
1628404,Josh Hart,203507,Giannis Antetokounmpo,2,7.0,35.5,6.0,1.0,6.0,0.0,3.0,0.0,1.0,Regular Season
1642274,Yves Missi,203999,Nikola Jokić,2,7.5,35.5,10.0,4.0,5.0,0.0,0.0,0.0,2.0,Regular Season
1626162,Kelly Oubre Jr.,201942,DeMar DeRozan,1,7.5,35.5,0.0,0.0,0.0,0.0,0.0,0.0,0.0,Regular Season
203935,Marcus Smart,1626164,Devin Booker,2,7.0,35.5,13.0,4.0,6.0,3.0,4.0,1.0,0.0,Regular Season
1630619,Moussa Cisse,1626167,Myles Turner,2,7.1,35.5,5.0,2.0,3.0,0.0,0.0,0.0,1.0,Regular Season
1630178,Tyrese Maxey,1641706,Brandon Miller,3,5.8,35.5,2.0,0.0,4.0,0.0,1.0,0.0,1.0,Regular Season
1630230,Naji Marshall,1641764,Brandin Podziemski,3,7.0,35.5,8.0,3.0,4.0,0.0,0.0,3.0,1.0,Regular Season
1642847,Jeremiah Fears,1641710,Anthony Black,1,7.4,35.5,5.0,2.0,4.0,1.0,1.0,1.0,0.0,Regular Season
1629627,Zion Williamson,1630579,Jericho Sims,2,7.2,35.5,9.0,3.0,6.0,0.0,0.0,0.0,2.0,Regular Season
1631165,Keon Ellis,1630314,Brandon Williams,3,6.5,35.5,0.0,0.0,3.0,0.0,1.0,0.0,0.0,Regular Season
1631204,Marcus Sasser,1630536,Sharife Cooper,3,6.0,35.5,8.0,3.0,6.0,2.0,5.0,1.0,0.0,Regular Season
1630549,Day'Ron Sharpe,1630643,Jay Huff,2,7.3,35.5,8.0,3.0,3.0,0.0,0.0,0.0,1.0,Regular Season
1629655,Daniel Gafford,1627826,Ivica Zubac,1,7.4,35.5,6.0,2.0,3.0,0.0,0.0,2.0,1.0,Regular Season
1642845,VJ Edgecombe,1628404,Josh Hart,3,6.3,35.5,7.0,3.0,8.0,1.0,5.0,0.0,0.0,Regular Season
1626164,Devin Booker,1628398,Kyle Kuzma,2,6.8,35.5,9.0,3.0,7.0,1.0,3.0,0.0,1.0,Regular Season
1631128,Christian Braun,1629660,Ty Jerome,2,7.4,35.5,6.0,3.0,5.0,0.0,1.0,1.0,0.0,Regular Season
1630552,Jalen Johnson,1629628,RJ Barrett,4,6.5,35.5,18.0,5.0,11.0,2.0,4.0,2.0,3.0,Regular Season
1626167,Myles Turner,1630191,Isaiah Stewart,3,6.1,35.5,2.0,1.0,4.0,0.0,3.0,0.0,0.0,Regular Season
1642845,VJ Edgecombe,1629130,Duncan Robinson,4,6.0,35.5,7.0,3.0,9.0,1.0,4.0,0.0,0.0,Regular Season
1642879,Ben Saraf,1630163,LaMelo Ball,3,8.3,35.5,3.0,1.0,4.0,0.0,3.0,0.0,0.0,Regular Season
1641767,Ben Sheppard,1629636,Darius Garland,4,8.1,35.5,0.0,0.0,0.0,0.0,0.0,0.0,0.0,Regular Season
1629638,Nickeil Alexander-Walker,1629628,RJ Barrett,4,5.5,35.5,11.0,3.0,12.0,1.0,4.0,1.0,1.0,Regular Season
1631106,Tari Eason,1631097,Bennedict Mathurin,4,8.6,35.5,0.0,0.0,1.0,0.0,1.0,1.0,0.0,Regular Season
1642270,Donovan Clingan,1631096,Chet Holmgren,2,7.1,35.5,9.0,3.0,5.0,2.0,2.0,3.0,0.0,Regular Season
1628988,Aaron Holiday,1631221,Collin Gillespie,4,7.9,35.4,5.0,2.0,7.0,1.0,4.0,0.0,0.0,Regular Season
1626171,Bobby Portis Jr.,1631105,Jalen Duren,3,7.6,35.4,8.0,3.0,6.0,2.0,3.0,0.0,0.0,Regular Season
1642845,VJ Edgecombe,1630703,Scoot Henderson,2,6.2,35.4,8.0,3.0,6.0,0.0,1.0,1.0,1.0,Regular Season
1641739,Toumani Camara,1641729,Brice Sensabaugh,4,6.2,35.4,7.0,2.0,4.0,1.0,2.0,2.0,2.0,Regular Season
1631097,Bennedict Mathurin,1641710,Anthony Black,2,7.0,35.4,6.0,1.0,4.0,1.0,2.0,0.0,1.0,Regular Season
1630193,Immanuel Quickley,1642258,Zaccharie Risacher,4,4.7,35.4,9.0,3.0,10.0,1.0,7.0,1.0,2.0,Regular Season
1628978,Donte DiVincenzo,1642349,Ajay Mitchell,3,6.2,35.4,5.0,2.0,4.0,1.0,3.0,0.0,0.0,Regular Season
203083,Andre Drummond,1642276,Kel'el Ware,1,7.5,35.4,3.0,1.0,2.0,0.0,0.0,0.0,1.0,Regular Season
203935,Marcus Smart,1642285,Cam Spencer,3,6.6,35.4,5.0,1.0,3.0,0.0,1.0,0.0,1.0,Regular Season
201939,Stephen Curry,1642883,Sion James,2,7.6,35.4,6.0,3.0,4.0,0.0,1.0,0.0,0.0,Regular Season
1641765,Olivier-Maxence Prosper,203497,Rudy Gobert,4,7.2,35.4,9.0,4.0,7.0,1.0,4.0,1.0,0.0,Regular Season
1628384,OG Anunoby,1626181,Norman Powell,3,7.9,35.4,7.0,3.0,6.0,1.0,2.0,1.0,0.0,Regular Season
203952,Andrew Wiggins,201142,Kevin Durant,1,6.4,35.4,0.0,0.0,4.0,0.0,2.0,0.0,0.0,Regular Season
1630191,Isaiah Stewart,1626167,Myles Turner,3,8.3,35.4,13.0,4.0,5.0,1.0,2.0,0.0,2.0,Regular Season
1630567,Scottie Barnes,202699,Tobias Harris,3,7.8,35.4,3.0,1.0,2.0,0.0,0.0,1.0,0.0,Regular Season
1630700,Dyson Daniels,1626167,Myles Turner,3,7.2,35.4,6.0,3.0,6.0,0.0,2.0,0.0,0.0,Regular Season
1642258,Zaccharie Risacher,1629631,De'Andre Hunter,2,4.8,35.4,4.0,2.0,2.0,0.0,0.0,0.0,0.0,Regular Season
1641708,Amen Thompson,1630166,Deni Avdija,3,6.3,35.4,14.0,5.0,6.0,0.0,0.0,1.0,3.0,Regular Season
1628384,OG Anunoby,1629628,RJ Barrett,2,8.4,35.4,16.0,6.0,7.0,3.0,4.0,0.0,2.0,Regular Season
1630581,Josh Giddey,1630183,Jaden McDaniels,2,6.8,35.4,7.0,2.0,5.0,0.0,2.0,0.0,2.0,Regular Season
1628378,Donovan Mitchell,1630202,Payton Pritchard,3,6.1,35.4,17.0,6.0,8.0,5.0,6.0,0.0,0.0,Regular Season
1627750,Jamal Murray,1630245,Ayo Dosunmu,2,6.4,35.4,7.0,3.0,8.0,0.0,1.0,2.0,1.0,Regular Season
1628969,Mikal Bridges,1627759,Jaylen Brown,3,6.0,35.4,13.0,5.0,9.0,3.0,6.0,0.0,0.0,Regular Season
1642349,Ajay Mitchell,1629012,Collin Sexton,3,5.8,35.3,7.0,3.0,4.0,0.0,0.0,2.0,1.0,Regular Season
1628368,De'Aaron Fox,1627936,Alex Caruso,4,6.8,35.3,10.0,3.0,7.0,0.0,2.0,0.0,2.0,Regular Season
1630541,Moses Moody,1628368,De'Aaron Fox,3,6.8,35.3,11.0,4.0,7.0,3.0,6.0,1.0,0.0,Regular Season
1642349,Ajay Mitchell,1628978,Donte DiVincenzo,3,6.4,35.3,14.0,5.0,8.0,0.0,1.0,0.0,1.0,Regular Season
1642461,Spencer Jones,1627742,Brandon Ingram,2,7.2,35.3,0.0,0.0,1.0,0.0,1.0,1.0,0.0,Regular Season
202699,Tobias Harris,1642851,Kon Knueppel,3,6.2,35.3,8.0,4.0,5.0,0.0,0.0,0.0,0.0,Regular Season
1641717,Cason Wallace,1642846,Ace Bailey,4,5.7,35.3,0.0,0.0,2.0,0.0,1.0,2.0,0.0,Regular Season
1630173,Precious Achiuwa,1642843,Cooper Flagg,2,8.2,35.3,5.0,2.0,10.0,0.0,2.0,0.0,1.0,Regular Season
1628415,Dillon Brooks,1642843,Cooper Flagg,3,6.6,35.3,7.0,3.0,11.0,0.0,5.0,0.0,1.0,Regular Season
1642382,Branden Carlson,1642863,Khaman Maluach,2,6.0,35.3,19.0,8.0,15.0,3.0,7.0,0.0,0.0,Regular Season
1630171,Isaac Okoro,1631170,Jaime Jaquez Jr.,4,4.9,35.3,5.0,2.0,3.0,0.0,0.0,0.0,1.0,Regular Season
1642347,Jamal Shead,1631157,Ryan Rollins,4,8.3,35.3,8.0,2.0,8.0,2.0,5.0,1.0,0.0,Regular Season
1642363,Nique Clifford,1642962,Drake Powell,2,6.9,35.3,2.0,1.0,2.0,0.0,0.0,0.0,0.0,Regular Season
201142,Kevin Durant,1642262,Cody Williams,2,6.8,35.3,3.0,1.0,3.0,0.0,0.0,2.0,1.0,Regular Season
1642267,Bub Carrington,1641739,Toumani Camara,2,6.8,35.3,6.0,3.0,7.0,0.0,1.0,4.0,0.0,Regular Season
1628971,Bruce Brown,1641757,Jordan Miller,3,6.8,35.3,3.0,1.0,3.0,0.0,1.0,0.0,1.0,Regular Season
1629012,Collin Sexton,1642266,Ja'Kobe Walter,5,6.4,35.3,9.0,2.0,6.0,0.0,1.0,1.0,2.0,Regular Season
203999,Nikola Jokić,1630543,Isaiah Jackson,3,7.5,35.3,8.0,4.0,7.0,0.0,2.0,1.0,0.0,Regular Season
1628976,Wendell Carter Jr.,1630583,Santi Aldama,2,6.8,35.3,5.0,2.0,6.0,1.0,4.0,0.0,0.0,Regular Season
1631093,Jaden Ivey,1630202,Payton Pritchard,4,6.4,35.3,10.0,4.0,10.0,2.0,7.0,0.0,0.0,Regular Season
1629651,Nic Claxton,203939,Dwight Powell,3,6.5,35.3,3.0,1.0,2.0,0.0,0.0,1.0,1.0,Regular Season
203999,Nikola Jokić,201950,Jrue Holiday,4,6.6,35.3,4.0,2.0,3.0,0.0,0.0,2.0,0.0,Regular Season
1629060,Rui Hachimura,202691,Klay Thompson,4,8.4,35.3,4.0,2.0,3.0,0.0,0.0,0.0,0.0,Regular Season
1628436,Luke Kornet,1627734,Domantas Sabonis,1,7.2,35.3,6.0,3.0,3.0,0.0,0.0,1.0,0.0,Regular Season
1642962,Drake Powell,1629638,Nickeil Alexander-Walker,3,6.5,35.3,2.0,0.0,2.0,0.0,1.0,0.0,1.0,Regular Season
1629638,Nickeil Alexander-Walker,1630162,Anthony Edwards,2,4.2,35.3,3.0,1.0,1.0,1.0,1.0,1.0,0.0,Regular Season
1642363,Nique Clifford,1630166,Deni Avdija,4,7.1,35.3,8.0,3.0,8.0,0.0,4.0,0.0,1.0,Regular Season
1627734,Domantas Sabonis,1629028,Deandre Ayton,1,7.0,35.3,0.0,0.0,4.0,0.0,1.0,0.0,0.0,Regular Season
1630578,Alperen Sengun,1629651,Nic Claxton,2,7.6,35.3,12.0,4.0,6.0,2.0,2.0,1.0,1.0,Regular Season
1627759,Jaylen Brown,1629651,Nic Claxton,4,9.1,35.3,10.0,4.0,17.0,0.0,2.0,2.0,2.0,Regular Season
1631109,Mark Williams,1629111,Jock Landale,2,7.0,35.2,4.0,2.0,3.0,0.0,0.0,0.0,0.0,Regular Season
1642852,Derik Queen,1629651,Nic Claxton,2,6.8,35.2,0.0,0.0,2.0,0.0,0.0,1.0,0.0,Regular Season
1629661,Cameron Johnson,1630170,Devin Vassell,3,5.1,35.2,7.0,3.0,7.0,1.0,3.0,1.0,0.0,Regular Season
1641757,Jordan Miller,1630180,Saddiq Bey,3,6.3,35.2,4.0,2.0,2.0,0.0,0.0,0.0,0.0,Regular Season
1629631,De'Andre Hunter,1629638,Nickeil Alexander-Walker,2,7.0,35.2,0.0,0.0,2.0,0.0,1.0,1.0,0.0,Regular Season
1628973,Jalen Brunson,1642851,Kon Knueppel,3,6.9,35.2,13.0,6.0,16.0,1.0,3.0,0.0,0.0,Regular Season
1631106,Tari Eason,1642285,Cam Spencer,3,7.8,35.2,13.0,5.0,8.0,3.0,6.0,0.0,0.0,Regular Season
1630573,Sam Hauser,1628378,Donovan Mitchell,3,7.2,35.2,0.0,0.0,1.0,0.0,1.0,0.0,0.0,Regular Season
1627750,Jamal Murray,1628368,De'Aaron Fox,3,5.7,35.2,10.0,3.0,7.0,2.0,5.0,1.0,0.0,Regular Season
1630581,Josh Giddey,1631097,Bennedict Mathurin,4,7.1,35.2,7.0,3.0,9.0,1.0,3.0,0.0,0.0,Regular Season
1628401,Derrick White,1631097,Bennedict Mathurin,2,7.2,35.2,5.0,2.0,6.0,1.0,3.0,0.0,0.0,Regular Season
1629028,Deandre Ayton,201572,Brook Lopez,2,6.6,35.2,3.0,1.0,4.0,0.0,0.0,0.0,1.0,Regular Season
202695,Kawhi Leonard,201566,Russell Westbrook,3,7.0,35.2,6.0,2.0,5.0,0.0,1.0,2.0,1.0,Regular Season
1630700,Dyson Daniels,1626220,Royce O'Neale,2,7.3,35.2,2.0,1.0,1.0,0.0,0.0,0.0,0.0,Regular Season
1629627,Zion Williamson,201572,Brook Lopez,3,8.3,35.2,13.0,4.0,6.0,0.0,0.0,0.0,3.0,Regular Season
2544,LeBron James,203084,Harrison Barnes,1,5.4,35.2,4.0,2.0,4.0,0.0,1.0,0.0,0.0,Regular Season
1629652,Luguentz Dort,1626220,Royce O'Neale,4,5.6,35.2,5.0,2.0,5.0,1.0,3.0,0.0,0.0,Regular Season
1642907,Cedric Coward,201142,Kevin Durant,3,4.8,35.2,2.0,0.0,2.0,0.0,0.0,1.0,1.0,Regular Season
1630166,Deni Avdija,1641731,Bilal Coulibaly,2,6.1,35.2,2.0,1.0,2.0,0.0,0.0,3.0,0.0,Regular Season
1630194,Paul Reed,1641774,Tristan Vukcevic,3,7.0,35.2,8.0,3.0,5.0,0.0,0.0,1.0,1.0,Regular Season
1641718,Keyonte George,1630245,Ayo Dosunmu,2,7.2,35.2,8.0,2.0,7.0,1.0,3.0,1.0,2.0,Regular Season
1629638,Nickeil Alexander-Walker,1630591,Jalen Suggs,4,7.5,35.2,18.0,6.0,9.0,4.0,5.0,1.0,1.0,Regular Season
1630178,Tyrese Maxey,1630533,Ziaire Williams,3,6.3,35.2,3.0,1.0,5.0,1.0,5.0,1.0,0.0,Regular Season
1629611,Terance Mann,1630552,Jalen Johnson,4,6.3,35.2,5.0,2.0,5.0,1.0,3.0,1.0,0.0,Regular Season
1628368,De'Aaron Fox,1630200,Tre Jones,2,5.8,35.1,2.0,1.0,2.0,0.0,1.0,1.0,0.0,Regular Season
1628379,Luke Kennard,1630577,Julian Champagnie,3,6.5,35.1,2.0,0.0,1.0,0.0,1.0,0.0,1.0,Regular Season
1629028,Deandre Ayton,1628386,Jarrett Allen,2,7.5,35.1,4.0,2.0,3.0,0.0,0.0,0.0,0.0,Regular Season
202331,Paul George,1628404,Josh Hart,2,5.8,35.1,5.0,1.0,7.0,0.0,2.0,0.0,1.0,Regular Season
1628398,Kyle Kuzma,1627759,Jaylen Brown,3,6.5,35.1,12.0,4.0,4.0,2.0,2.0,0.0,2.0,Regular Season
1626181,Norman Powell,1629638,Nickeil Alexander-Walker,2,8.3,35.1,7.0,3.0,8.0,0.0,3.0,1.0,1.0,Regular Season
1630540,Miles McBride,1630163,LaMelo Ball,3,7.5,35.1,5.0,1.0,4.0,1.0,3.0,0.0,1.0,Regular Season
1630568,Luka Garza,1629048,Goga Bitadze,3,6.4,35.1,9.0,3.0,4.0,0.0,1.0,0.0,3.0,Regular Season
1641709,Ausar Thompson,1629029,Luka Dončić,2,5.6,35.1,4.0,2.0,3.0,0.0,0.0,0.0,0.0,Regular Season
1630595,Cade Cunningham,1629645,Kevin Porter Jr.,2,8.2,35.1,4.0,2.0,8.0,0.0,3.0,2.0,0.0,Regular Season
203468,CJ McCollum,1630163,LaMelo Ball,4,6.2,35.1,4.0,1.0,5.0,0.0,2.0,0.0,0.0,Regular Season
1641708,Amen Thompson,1630174,Aaron Nesmith,2,8.2,35.1,2.0,1.0,7.0,0.0,0.0,1.0,0.0,Regular Season
1630552,Jalen Johnson,1642851,Kon Knueppel,4,7.4,35.1,21.0,9.0,15.0,1.0,2.0,0.0,1.0,Regular Season
1630536,Sharife Cooper,1642450,Daniss Jenkins,2,7.8,35.1,4.0,2.0,4.0,0.0,1.0,2.0,0.0,Regular Season
1630162,Anthony Edwards,1642264,Stephon Castle,2,7.2,35.1,12.0,5.0,9.0,0.0,2.0,1.0,0.0,Regular Season
1641709,Ausar Thompson,1642267,Bub Carrington,3,7.0,35.1,2.0,1.0,1.0,0.0,0.0,0.0,0.0,Regular Season
1642262,Cody Williams,1630702,Jaden Hardy,5,5.9,35.1,4.0,2.0,4.0,0.0,2.0,3.0,0.0,Regular Season
1641730,Noah Clowney,1631170,Jaime Jaquez Jr.,3,6.8,35.1,8.0,3.0,5.0,2.0,4.0,1.0,0.0,Regular Season
1628404,Josh Hart,1631230,Dominick Barlow,3,6.8,35.1,2.0,1.0,8.0,0.0,1.0,0.0,0.0,Regular Season
201142,Kevin Durant,202331,Paul George,2,7.1,35.1,11.0,4.0,8.0,2.0,4.0,0.0,1.0,Regular Season
1628401,Derrick White,202699,Tobias Harris,4,6.5,35.1,12.0,4.0,8.0,2.0,5.0,1.0,0.0,Regular Season
1626167,Myles Turner,203497,Rudy Gobert,1,6.1,35.1,2.0,1.0,6.0,0.0,3.0,0.0,0.0,Regular Season
1630173,Precious Achiuwa,2544,LeBron James,3,7.7,35.1,2.0,1.0,4.0,0.0,1.0,0.0,0.0,Regular Season
1631323,Simone Fontecchio,203903,Jordan Clarkson,4,6.7,35.1,9.0,3.0,7.0,3.0,6.0,0.0,0.0,Regular Season
1630166,Deni Avdija,201566,Russell Westbrook,3,6.0,35.1,4.0,0.0,1.0,0.0,1.0,2.0,1.0,Regular Season
201942,DeMar DeRozan,201935,James Harden,2,6.7,35.0,3.0,1.0,4.0,1.0,2.0,0.0,0.0,Regular Season
1627739,Kris Dunn,1626164,Devin Booker,3,7.4,35.0,5.0,2.0,3.0,1.0,1.0,1.0,0.0,Regular Season
1628404,Josh Hart,1626167,Myles Turner,3,7.8,35.0,5.0,1.0,5.0,1.0,3.0,2.0,1.0,Regular Season
1630170,Devin Vassell,1627739,Kris Dunn,3,6.7,35.0,7.0,2.0,4.0,2.0,4.0,0.0,1.0,Regular Season
1630530,Trey Murphy III,202691,Klay Thompson,3,7.0,35.0,3.0,1.0,4.0,1.0,2.0,0.0,0.0,Regular Season
1626167,Myles Turner,1629731,Dean Wade,3,7.0,35.0,0.0,0.0,2.0,0.0,2.0,0.0,0.0,Regular Season
1629637,Jaxson Hayes,1629111,Jock Landale,3,8.7,35.0,2.0,1.0,2.0,0.0,0.0,0.0,0.0,Regular Season
1627759,Jaylen Brown,1630183,Jaden McDaniels,2,6.9,35.0,17.0,7.0,13.0,3.0,5.0,3.0,0.0,Regular Season
1641705,Victor Wembanyama,1630180,Saddiq Bey,3,7.0,35.0,4.0,2.0,9.0,0.0,5.0,1.0,0.0,Regular Season
1631222,Jake LaRavia,1630583,Santi Aldama,3,7.1,35.0,4.0,1.0,5.0,0.0,4.0,1.0,1.0,Regular Season
1630700,Dyson Daniels,1630578,Alperen Sengun,2,7.8,35.0,3.0,1.0,8.0,0.0,1.0,1.0,1.0,Regular Season
1628384,OG Anunoby,1630217,Desmond Bane,3,7.0,35.0,5.0,1.0,2.0,1.0,2.0,0.0,0.0,Regular Season
1629614,Andrew Nembhard,1630559,Austin Reaves,2,4.8,35.0,4.0,1.0,5.0,0.0,2.0,0.0,1.0,Regular Season
1641708,Amen Thompson,1630577,Julian Champagnie,4,6.6,35.0,9.0,3.0,6.0,0.0,0.0,1.0,1.0,Regular Season
1641750,Ryan Kalkbrenner,1628389,Bam Adebayo,2,6.7,35.0,4.0,1.0,2.0,0.0,0.0,0.0,1.0,Regular Season
203468,CJ McCollum,1629012,Collin Sexton,2,6.4,35.0,8.0,3.0,9.0,2.0,3.0,0.0,0.0,Regular Season
1642845,VJ Edgecombe,1629014,Anfernee Simons,3,7.2,35.0,10.0,3.0,6.0,2.0,3.0,2.0,0.0,Regular Season
1631260,AJ Green,1628401,Derrick White,3,6.5,35.0,3.0,1.0,3.0,1.0,3.0,1.0,0.0,Regular Season
1628401,Derrick White,1628978,Donte DiVincenzo,2,7.6,35.0,2.0,0.0,4.0,0.0,1.0,0.0,1.0,Regular Season
1629661,Cameron Johnson,1628960,Grayson Allen,3,7.5,35.0,5.0,1.0,3.0,1.0,3.0,1.0,1.0,Regular Season
202695,Kawhi Leonard,1627936,Alex Caruso,2,7.5,35.0,2.0,1.0,3.0,0.0,1.0,1.0,0.0,Regular Season
1630173,Precious Achiuwa,1631095,Jabari Smith Jr.,3,7.2,35.0,0.0,0.0,1.0,0.0,1.0,1.0,0.0,Regular Season
1641765,Olivier-Maxence Prosper,1642875,Maxime Raynaud,3,6.5,35.0,6.0,3.0,5.0,0.0,1.0,0.0,0.0,Regular Season
1642450,Daniss Jenkins,1642847,Jeremiah Fears,2,6.3,35.0,14.0,4.0,7.0,4.0,6.0,3.0,1.0,Regular Season
1628398,Kyle Kuzma,1642883,Sion James,4,5.9,35.0,9.0,4.0,7.0,1.0,2.0,3.0,0.0,Regular Season
1630202,Payton Pritchard,1642383,Walter Clayton Jr.,3,7.8,35.0,5.0,2.0,5.0,1.0,4.0,1.0,0.0,Regular Season
1631260,AJ Green,1642845,VJ Edgecombe,4,6.4,35.0,2.0,1.0,3.0,0.0,2.0,0.0,0.0,Regular Season
1642377,Jaylen Wells,1641764,Brandin Podziemski,3,7.9,35.0,4.0,1.0,5.0,0.0,2.0,1.0,0.0,Regular Season
1631260,AJ Green,1642267,Bub Carrington,4,6.2,35.0,3.0,1.0,3.0,1.0,3.0,0.0,0.0,Regular Season
1630581,Josh Giddey,1641708,Amen Thompson,1,5.3,35.0,0.0,0.0,2.0,0.0,0.0,0.0,0.0,Regular Season
1629673,Jordan Poole,1642264,Stephon Castle,1,7.9,35.0,5.0,2.0,6.0,1.0,4.0,0.0,0.0,Regular Season
1630178,Tyrese Maxey,1641708,Amen Thompson,2,7.3,35.0,5.0,1.0,5.0,1.0,2.0,2.0,0.0,Regular Season
1630619,Moussa Cisse,1642271,Kyle Filipowski,3,7.4,34.9,3.0,1.0,2.0,0.0,0.0,0.0,1.0,Regular Season
1631323,Simone Fontecchio,1630573,Sam Hauser,4,6.1,34.9,0.0,0.0,2.0,0.0,2.0,0.0,0.0,Regular Season
1641729,Brice Sensabaugh,1630230,Naji Marshall,3,5.2,34.9,3.0,1.0,5.0,0.0,3.0,1.0,1.0,Regular Season
1629011,Mitchell Robinson,1630572,Sandro Mamukelashvili,3,7.6,34.9,3.0,1.0,2.0,0.0,0.0,0.0,0.0,Regular Season
1630679,Ethan Thompson,1630202,Payton Pritchard,2,6.6,34.9,6.0,2.0,4.0,2.0,4.0,1.0,0.0,Regular Season
201942,DeMar DeRozan,203084,Harrison Barnes,3,6.2,34.9,8.0,3.0,4.0,0.0,0.0,1.0,1.0,Regular Season
1642843,Cooper Flagg,2544,LeBron James,3,6.3,34.9,4.0,2.0,2.0,0.0,0.0,0.0,0.0,Regular Season
203507,Giannis Antetokounmpo,1627734,Domantas Sabonis,1,8.2,34.9,15.0,5.0,10.0,1.0,1.0,0.0,2.0,Regular Season
1641783,Tristan da Silva,1626181,Norman Powell,5,8.1,34.9,3.0,1.0,3.0,1.0,2.0,1.0,0.0,Regular Season
1628404,Josh Hart,202699,Tobias Harris,2,6.8,34.9,3.0,1.0,4.0,1.0,1.0,0.0,0.0,Regular Season
1630543,Isaiah Jackson,1626167,Myles Turner,2,7.2,34.9,2.0,1.0,3.0,0.0,0.0,0.0,0.0,Regular Season
1642383,Walter Clayton Jr.,1642920,Kobe Sanders,4,6.2,34.9,4.0,1.0,2.0,0.0,0.0,3.0,1.0,Regular Season
1631217,Moussa Diabaté,1629651,Nic Claxton,3,6.8,34.9,6.0,2.0,2.0,0.0,0.0,0.0,1.0,Regular Season
1630224,Jalen Green,1629628,RJ Barrett,2,7.9,34.9,11.0,4.0,8.0,3.0,6.0,1.0,0.0,Regular Season
201142,Kevin Durant,1642843,Cooper Flagg,4,6.5,34.9,7.0,3.0,8.0,1.0,3.0,1.0,0.0,Regular Season
1631094,Paolo Banchero,1642867,Collin Murray-Boyles,2,6.6,34.9,11.0,4.0,8.0,2.0,2.0,1.0,1.0,Regular Season
1630577,Julian Champagnie,1628379,Luke Kennard,3,6.5,34.9,8.0,3.0,6.0,2.0,4.0,0.0,0.0,Regular Season
1630241,Sam Merrill,1628978,Donte DiVincenzo,2,5.6,34.9,12.0,4.0,7.0,4.0,7.0,1.0,0.0,Regular Season
1630249,Vít Krejčí,1628973,Jalen Brunson,2,7.3,34.9,6.0,2.0,3.0,2.0,3.0,0.0,0.0,Regular Season
1642856,Egor Dëmin,1628401,Derrick White,3,6.1,34.9,9.0,3.0,8.0,3.0,5.0,3.0,0.0,Regular Season
203944,Julius Randle,1628392,Isaiah Hartenstein,4,7.0,34.9,10.0,3.0,9.0,1.0,2.0,1.0,1.0,Regular Season
1630572,Sandro Mamukelashvili,1628976,Wendell Carter Jr.,3,7.0,34.9,5.0,2.0,5.0,0.0,3.0,2.0,1.0,Regular Season
1628415,Dillon Brooks,1631170,Jaime Jaquez Jr.,2,7.7,34.9,9.0,4.0,8.0,1.0,3.0,0.0,0.0,Regular Season
1627739,Kris Dunn,1631101,Shaedon Sharpe,3,6.6,34.9,0.0,0.0,1.0,0.0,0.0,1.0,0.0,Regular Season
1642844,Dylan Harper,1630703,Scoot Henderson,1,6.7,34.9,4.0,2.0,5.0,0.0,0.0,1.0,0.0,Regular Season
1630595,Cade Cunningham,1631094,Paolo Banchero,2,6.7,34.9,12.0,5.0,7.0,1.0,1.0,1.0,1.0,Regular Season
1629029,Luka Dončić,1631108,Max Christie,2,7.0,34.9,12.0,3.0,7.0,2.0,4.0,0.0,2.0,Regular Season
1631108,Max Christie,1631095,Jabari Smith Jr.,3,6.1,34.9,12.0,4.0,10.0,3.0,5.0,1.0,1.0,Regular Season
1641730,Noah Clowney,1631230,Dominick Barlow,2,6.9,34.8,9.0,2.0,5.0,2.0,5.0,1.0,2.0,Regular Season
1628415,Dillon Brooks,1631094,Paolo Banchero,2,7.1,34.8,7.0,3.0,8.0,1.0,1.0,1.0,0.0,Regular Season
1630530,Trey Murphy III,1631246,Vince Williams Jr.,3,8.3,34.8,4.0,2.0,7.0,0.0,4.0,0.0,0.0,Regular Season
1629011,Mitchell Robinson,1642928,Dylan Cardwell,2,7.0,34.8,4.0,2.0,3.0,0.0,0.0,0.0,0.0,Regular Season
1630568,Luka Garza,1630578,Alperen Sengun,2,7.8,34.8,5.0,2.0,6.0,1.0,4.0,2.0,0.0,Regular Season
1630224,Jalen Green,1630200,Tre Jones,2,6.9,34.8,6.0,3.0,6.0,0.0,2.0,1.0,0.0,Regular Season
203939,Dwight Powell,1642270,Donovan Clingan,2,7.5,34.8,2.0,1.0,2.0,0.0,0.0,2.0,1.0,Regular Season
202691,Klay Thompson,201587,Nicolas Batum,3,8.4,34.8,10.0,4.0,8.0,2.0,5.0,0.0,0.0,Regular Season
201587,Nicolas Batum,2544,LeBron James,4,7.3,34.8,3.0,1.0,2.0,1.0,2.0,0.0,0.0,Regular Season
203939,Dwight Powell,203937,Kyle Anderson,4,6.5,34.8,3.0,1.0,1.0,0.0,0.0,1.0,1.0,Regular Season
1631260,AJ Green,1629012,Collin Sexton,5,8.2,34.8,6.0,2.0,7.0,2.0,7.0,0.0,0.0,Regular Season
1631248,Baylor Scheierman,1628983,Shai Gilgeous-Alexander,2,8.7,34.8,9.0,3.0,5.0,3.0,4.0,0.0,0.0,Regular Season
1629614,Andrew Nembhard,1629013,Landry Shamet,2,7.6,34.8,2.0,0.0,3.0,0.0,1.0,0.0,1.0,Regular Season
1641708,Amen Thompson,1628368,De'Aaron Fox,3,6.0,34.8,9.0,2.0,4.0,0.0,0.0,0.0,2.0,Regular Season
1631217,Moussa Diabaté,1629111,Jock Landale,2,9.2,34.8,0.0,0.0,2.0,0.0,1.0,1.0,0.0,Regular Season
1641750,Ryan Kalkbrenner,1629057,Robert Williams III,2,8.1,34.8,5.0,2.0,4.0,0.0,1.0,0.0,1.0,Regular Season
1642942,Jahmai Mashack,1629723,John Konchar,2,4.6,34.8,3.0,1.0,2.0,0.0,0.0,2.0,1.0,Regular Season
1629731,Dean Wade,1642851,Kon Knueppel,4,5.6,34.8,0.0,0.0,2.0,0.0,2.0,0.0,0.0,Regular Season
1641796,Pelle Larsson,1642851,Kon Knueppel,4,5.1,34.8,12.0,3.0,6.0,0.0,1.0,0.0,4.0,Regular Season
1629018,Gary Trent Jr.,1642845,VJ Edgecombe,3,7.8,34.8,3.0,1.0,6.0,1.0,4.0,0.0,0.0,Regular Season
1628398,Kyle Kuzma,1642851,Kon Knueppel,3,6.7,34.7,8.0,3.0,5.0,0.0,0.0,0.0,1.0,Regular Season
203471,Dennis Schröder,1642857,Kasparas Jakučionis,3,6.6,34.7,3.0,1.0,4.0,0.0,1.0,3.0,1.0,Regular Season
1631260,AJ Green,1642879,Ben Saraf,3,6.0,34.7,18.0,6.0,7.0,6.0,7.0,0.0,0.0,Regular Season
1630703,Scoot Henderson,1642844,Dylan Harper,1,6.9,34.7,2.0,1.0,5.0,0.0,1.0,0.0,0.0,Regular Season
1642366,Quinten Post,1642345,Oso Ighodaro,4,7.9,34.7,3.0,1.0,5.0,1.0,5.0,0.0,0.0,Regular Season
1628389,Bam Adebayo,1642867,Collin Murray-Boyles,4,5.9,34.7,9.0,3.0,7.0,0.0,1.0,1.0,2.0,Regular Season
1642846,Ace Bailey,1641778,Leaky Black,2,6.5,34.7,13.0,5.0,7.0,2.0,2.0,0.0,1.0,Regular Season
1641706,Brandon Miller,1641796,Pelle Larsson,2,7.4,34.7,3.0,1.0,8.0,1.0,3.0,0.0,0.0,Regular Season
201942,DeMar DeRozan,1641717,Cason Wallace,3,6.6,34.7,13.0,5.0,9.0,1.0,2.0,1.0,2.0,Regular Season
1630193,Immanuel Quickley,1631108,Max Christie,2,6.8,34.7,13.0,5.0,9.0,3.0,4.0,0.0,0.0,Regular Season
1629684,Grant Williams,1630552,Jalen Johnson,2,8.4,34.7,8.0,2.0,3.0,1.0,2.0,1.0,2.0,Regular Season
1630214,Xavier Tillman,1630596,Evan Mobley,1,7.9,34.7,0.0,0.0,2.0,0.0,2.0,0.0,0.0,Regular Season
1629006,Josh Okogie,1630178,Tyrese Maxey,2,8.8,34.7,5.0,2.0,2.0,1.0,1.0,0.0,0.0,Regular Season
204001,Kristaps Porziņģis,1629651,Nic Claxton,2,6.5,34.7,0.0,0.0,4.0,0.0,3.0,1.0,0.0,Regular Season
1629048,Goga Bitadze,1630188,Jalen Smith,2,6.6,34.7,2.0,1.0,1.0,0.0,0.0,0.0,0.0,Regular Season
1631260,AJ Green,1630163,LaMelo Ball,3,8.3,34.7,7.0,3.0,6.0,1.0,4.0,0.0,0.0,Regular Season
1627751,Jakob Poeltl,203999,Nikola Jokić,1,8.2,34.7,10.0,4.0,6.0,0.0,0.0,0.0,2.0,Regular Season
1630217,Desmond Bane,203935,Marcus Smart,2,7.2,34.7,7.0,2.0,6.0,1.0,3.0,1.0,1.0,Regular Season
1641718,Keyonte George,201939,Stephen Curry,3,4.5,34.7,11.0,4.0,6.0,1.0,1.0,1.0,1.0,Regular Season
1628368,De'Aaron Fox,1627739,Kris Dunn,3,6.9,34.7,17.0,7.0,10.0,2.0,5.0,1.0,1.0,Regular Season
1628978,Donte DiVincenzo,201939,Stephen Curry,2,6.6,34.7,5.0,1.0,4.0,1.0,3.0,0.0,0.0,Regular Season
1630178,Tyrese Maxey,203471,Dennis Schröder,1,7.6,34.7,13.0,3.0,5.0,3.0,5.0,0.0,2.0,Regular Season
1629029,Luka Dončić,1628404,Josh Hart,2,6.9,34.7,18.0,6.0,13.0,3.0,8.0,1.0,2.0,Regular Season
1628978,Donte DiVincenzo,1629006,Josh Okogie,2,6.5,34.7,3.0,1.0,3.0,1.0,3.0,0.0,0.0,Regular Season
1629012,Collin Sexton,1629018,Gary Trent Jr.,5,8.6,34.7,8.0,3.0,4.0,2.0,2.0,1.0,0.0,Regular Season
1630631,Jose Alvarado,1629012,Collin Sexton,4,6.3,34.7,3.0,1.0,6.0,1.0,5.0,0.0,0.0,Regular Season
1628398,Kyle Kuzma,1628401,Derrick White,3,6.2,34.7,4.0,1.0,6.0,1.0,3.0,1.0,1.0,Regular Season
1642363,Nique Clifford,1628960,Grayson Allen,2,6.5,34.7,0.0,0.0,0.0,0.0,0.0,0.0,0.0,Regular Season
1631243,Mouhamed Gueye,1627783,Pascal Siakam,3,6.0,34.6,6.0,3.0,5.0,0.0,1.0,0.0,0.0,Regular Season
1631221,Collin Gillespie,1627750,Jamal Murray,3,6.4,34.6,3.0,1.0,6.0,1.0,6.0,1.0,0.0,Regular Season
202691,Klay Thompson,1628978,Donte DiVincenzo,3,6.8,34.6,0.0,0.0,3.0,0.0,3.0,1.0,0.0,Regular Season
1630264,Anthony Gill,1631159,Leonard Miller,3,7.5,34.6,6.0,1.0,1.0,1.0,1.0,0.0,3.0,Regular Season
1631246,Vince Williams Jr.,1642847,Jeremiah Fears,3,6.8,34.6,12.0,4.0,10.0,2.0,7.0,5.0,0.0,Regular Season
1630558,Davion Mitchell,1642851,Kon Knueppel,4,5.4,34.6,4.0,2.0,8.0,0.0,1.0,1.0,0.0,Regular Season
1642258,Zaccharie Risacher,1642846,Ace Bailey,2,6.8,34.6,7.0,3.0,7.0,1.0,4.0,0.0,0.0,Regular Season
1630245,Ayo Dosunmu,1642920,Kobe Sanders,3,7.3,34.6,6.0,2.0,4.0,2.0,3.0,0.0,0.0,Regular Season
1642845,VJ Edgecombe,1641989,Elijah Harkless,1,5.8,34.6,7.0,2.0,4.0,1.0,2.0,2.0,1.0,Regular Season
203954,Joel Embiid,203497,Rudy Gobert,1,6.6,34.6,8.0,3.0,9.0,0.0,3.0,1.0,2.0,Regular Season
203994,Jusuf Nurkić,202696,Nikola Vučević,1,9.0,34.6,0.0,0.0,1.0,0.0,0.0,0.0,0.0,Regular Season
1628389,Bam Adebayo,203944,Julius Randle,2,6.2,34.6,2.0,1.0,2.0,0.0,0.0,0.0,1.0,Regular Season
1626157,Karl-Anthony Towns,1630230,Naji Marshall,2,6.4,34.6,7.0,3.0,5.0,1.0,2.0,1.0,1.0,Regular Season
1626157,Karl-Anthony Towns,1630572,Sandro Mamukelashvili,5,5.4,34.6,12.0,5.0,6.0,0.0,0.0,1.0,1.0,Regular Season
1629627,Zion Williamson,1630230,Naji Marshall,3,6.8,34.6,6.0,2.0,3.0,0.0,0.0,1.0,1.0,Regular Season
1641705,Victor Wembanyama,1630568,Luka Garza,2,6.5,34.6,22.0,5.0,12.0,4.0,8.0,1.0,4.0,Regular Season
1630241,Sam Merrill,1630530,Trey Murphy III,2,6.7,34.6,5.0,2.0,3.0,1.0,2.0,0.0,0.0,Regular Season
1626164,Devin Booker,1630173,Precious Achiuwa,3,6.9,34.6,6.0,3.0,11.0,0.0,4.0,0.0,0.0,Regular Season
1642851,Kon Knueppel,1629614,Andrew Nembhard,2,7.3,34.6,4.0,2.0,8.0,0.0,4.0,0.0,0.0,Regular Season
1630578,Alperen Sengun,1629684,Grant Williams,2,7.7,34.6,2.0,1.0,8.0,0.0,3.0,0.0,0.0,Regular Season
1641718,Keyonte George,1629029,Luka Dončić,3,6.2,34.6,12.0,5.0,10.0,2.0,6.0,1.0,0.0,Regular Season
1626181,Norman Powell,1629130,Duncan Robinson,2,5.3,34.6,11.0,4.0,6.0,1.0,2.0,0.0,2.0,Regular Season
1629675,Naz Reid,1630180,Saddiq Bey,3,4.7,34.5,6.0,2.0,4.0,2.0,4.0,1.0,0.0,Regular Season
1641717,Cason Wallace,1629630,Ja Morant,1,5.8,34.5,6.0,2.0,6.0,1.0,4.0,0.0,1.0,Regular Season
1630202,Payton Pritchard,1629656,Quentin Grimes,4,9.1,34.5,4.0,2.0,8.0,0.0,4.0,2.0,0.0,Regular Season
201942,DeMar DeRozan,1629640,Keldon Johnson,3,6.5,34.5,6.0,3.0,5.0,0.0,0.0,0.0,0.0,Regular Season
203468,CJ McCollum,1629638,Nickeil Alexander-Walker,2,6.3,34.5,13.0,5.0,7.0,2.0,2.0,2.0,1.0,Regular Season
1630572,Sandro Mamukelashvili,1631094,Paolo Banchero,3,7.3,34.5,6.0,2.0,4.0,0.0,1.0,0.0,1.0,Regular Season
202696,Nikola Vučević,1631217,Moussa Diabaté,3,6.7,34.5,2.0,1.0,6.0,0.0,5.0,1.0,0.0,Regular Season
1628991,Jaren Jackson Jr.,1631110,Jeremy Sochan,3,8.1,34.5,5.0,2.0,5.0,1.0,2.0,3.0,0.0,Regular Season
1630171,Isaac Okoro,1627750,Jamal Murray,2,4.7,34.5,2.0,1.0,2.0,0.0,1.0,0.0,0.0,Regular Season
1642262,Cody Williams,1628973,Jalen Brunson,1,7.1,34.5,5.0,2.0,2.0,1.0,1.0,0.0,0.0,Regular Season
1629029,Luka Dončić,1628398,Kyle Kuzma,2,5.8,34.5,22.0,5.0,8.0,3.0,4.0,1.0,5.0,Regular Season
1630180,Saddiq Bey,1627884,Derrick Jones Jr.,4,7.5,34.5,15.0,5.0,7.0,3.0,5.0,0.0,2.0,Regular Season
1629008,Michael Porter Jr.,1628401,Derrick White,3,7.1,34.5,7.0,2.0,2.0,1.0,1.0,0.0,1.0,Regular Season
1629130,Duncan Robinson,1629008,Michael Porter Jr.,3,6.5,34.5,13.0,4.0,5.0,3.0,4.0,0.0,0.0,Regular Season
1626164,Devin Booker,1642845,VJ Edgecombe,2,5.6,34.5,2.0,1.0,6.0,0.0,3.0,1.0,0.0,Regular Season
203952,Andrew Wiggins,1642851,Kon Knueppel,2,5.6,34.5,12.0,5.0,7.0,2.0,3.0,0.0,0.0,Regular Season
1629632,Coby White,1630202,Payton Pritchard,4,7.3,34.5,7.0,3.0,5.0,1.0,2.0,1.0,0.0,Regular Season
1630572,Sandro Mamukelashvili,1630573,Sam Hauser,4,8.2,34.5,8.0,3.0,4.0,2.0,3.0,0.0,0.0,Regular Season
1641706,Brandon Miller,1630245,Ayo Dosunmu,3,8.2,34.5,5.0,2.0,9.0,1.0,6.0,0.0,0.0,Regular Season
1630183,Jaden McDaniels,1641718,Keyonte George,3,5.0,34.5,6.0,3.0,5.0,0.0,1.0,3.0,0.0,Regular Season
1641854,Craig Porter Jr.,1642267,Bub Carrington,3,7.1,34.5,4.0,2.0,3.0,0.0,0.0,0.0,0.0,Regular Season
1628960,Grayson Allen,1641718,Keyonte George,2,6.1,34.5,4.0,1.0,5.0,0.0,3.0,1.0,2.0,Regular Season
1630700,Dyson Daniels,1626164,Devin Booker,2,5.4,34.5,3.0,1.0,1.0,0.0,0.0,0.0,1.0,Regular Season
1630170,Devin Vassell,203952,Andrew Wiggins,2,6.0,34.5,9.0,3.0,8.0,2.0,7.0,1.0,1.0,Regular Season
1627884,Derrick Jones Jr.,201142,Kevin Durant,2,7.5,34.5,0.0,0.0,3.0,0.0,2.0,0.0,0.0,Regular Season
1641790,PJ Hall,202696,Nikola Vučević,1,6.7,34.5,7.0,3.0,4.0,1.0,1.0,2.0,0.0,Regular Season
1630173,Precious Achiuwa,203114,Khris Middleton,2,8.5,34.5,11.0,4.0,7.0,3.0,3.0,0.0,0.0,Regular Season
1641709,Ausar Thompson,2544,LeBron James,2,8.6,34.5,0.0,0.0,3.0,0.0,0.0,1.0,0.0,Regular Season
203944,Julius Randle,1626157,Karl-Anthony Towns,2,5.1,34.5,21.0,8.0,13.0,1.0,3.0,0.0,2.0,Regular Season
1629060,Rui Hachimura,201142,Kevin Durant,3,8.3,34.5,6.0,2.0,6.0,2.0,4.0,0.0,0.0,Regular Season
201942,DeMar DeRozan,203952,Andrew Wiggins,2,5.0,34.4,6.0,2.0,3.0,2.0,2.0,0.0,0.0,Regular Season
1630170,Devin Vassell,203468,CJ McCollum,2,6.6,34.4,12.0,4.0,7.0,2.0,3.0,0.0,0.0,Regular Season
203083,Andre Drummond,1626157,Karl-Anthony Towns,2,6.7,34.4,11.0,3.0,5.0,2.0,3.0,0.0,1.0,Regular Season
1627739,Kris Dunn,201939,Stephen Curry,3,7.3,34.4,6.0,1.0,1.0,0.0,0.0,2.0,1.0,Regular Season
1627783,Pascal Siakam,203507,Giannis Antetokounmpo,1,6.1,34.4,8.0,3.0,8.0,1.0,2.0,1.0,1.0,Regular Season
1626162,Kelly Oubre Jr.,201142,Kevin Durant,2,6.1,34.4,16.0,6.0,8.0,3.0,4.0,2.0,1.0,Regular Season
1630567,Scottie Barnes,203110,Draymond Green,2,8.1,34.4,2.0,1.0,4.0,0.0,2.0,0.0,0.0,Regular Season
1641705,Victor Wembanyama,202696,Nikola Vučević,1,5.1,34.4,18.0,6.0,12.0,4.0,6.0,0.0,1.0,Regular Season
203497,Rudy Gobert,203954,Joel Embiid,1,7.5,34.4,0.0,0.0,4.0,0.0,1.0,0.0,0.0,Regular Season
1628991,Jaren Jackson Jr.,1628381,John Collins,3,6.7,34.4,13.0,6.0,9.0,1.0,3.0,0.0,1.0,Regular Season
1630163,LaMelo Ball,1628969,Mikal Bridges,3,7.6,34.4,3.0,1.0,2.0,1.0,2.0,1.0,0.0,Regular Season
1630552,Jalen Johnson,1628969,Mikal Bridges,3,7.1,34.4,5.0,1.0,4.0,1.0,1.0,1.0,1.0,Regular Season
1642258,Zaccharie Risacher,1630162,Anthony Edwards,2,7.6,34.4,3.0,1.0,3.0,1.0,3.0,1.0,0.0,Regular Season
1630700,Dyson Daniels,1629029,Luka Dončić,2,5.8,34.4,2.0,1.0,2.0,0.0,0.0,0.0,0.0,Regular Season
1626162,Kelly Oubre Jr.,1629638,Nickeil Alexander-Walker,2,6.1,34.4,6.0,2.0,4.0,1.0,1.0,2.0,1.0,Regular Season
1630217,Desmond Bane,1629656,Quentin Grimes,3,6.4,34.4,8.0,3.0,4.0,0.0,1.0,0.0,0.0,Regular Season
1630591,Jalen Suggs,1629639,Tyler Herro,2,7.2,34.4,10.0,4.0,7.0,2.0,3.0,1.0,0.0,Regular Season
1629111,Jock Landale,1630180,Saddiq Bey,4,6.6,34.4,3.0,1.0,5.0,1.0,2.0,1.0,0.0,Regular Season
1631351,Lucas Williamson,1631113,Kennedy Chandler,1,4.9,34.4,0.0,0.0,1.0,0.0,1.0,0.0,0.0,Regular Season
1642349,Ajay Mitchell,1631126,Caleb Love,3,5.6,34.4,5.0,2.0,4.0,0.0,1.0,0.0,0.0,Regular Season
1630567,Scottie Barnes,1641796,Pelle Larsson,2,8.1,34.4,7.0,2.0,3.0,1.0,1.0,0.0,2.0,Regular Season
1630577,Julian Champagnie,1642843,Cooper Flagg,4,5.8,34.4,13.0,4.0,7.0,2.0,5.0,0.0,2.0,Regular Season
1630245,Ayo Dosunmu,1642845,VJ Edgecombe,3,5.3,34.4,5.0,2.0,3.0,1.0,2.0,0.0,0.0,Regular Season
203484,Kentavious Caldwell-Pope,1642349,Ajay Mitchell,3,6.3,34.4,0.0,0.0,1.0,0.0,0.0,1.0,0.0,Regular Season
1630696,Dru Smith,1630245,Ayo Dosunmu,4,6.0,34.4,0.0,0.0,1.0,0.0,0.0,0.0,0.0,Regular Season
1626171,Bobby Portis Jr.,1630596,Evan Mobley,3,7.3,34.4,7.0,3.0,9.0,1.0,6.0,1.0,0.0,Regular Season
1642869,Noah Penda,1630530,Trey Murphy III,1,5.7,34.4,0.0,0.0,1.0,0.0,1.0,0.0,0.0,Regular Season
1629006,Josh Okogie,1630577,Julian Champagnie,4,6.7,34.4,2.0,1.0,3.0,0.0,1.0,0.0,0.0,Regular Season
203084,Harrison Barnes,1630530,Trey Murphy III,4,7.0,34.4,10.0,4.0,5.0,2.0,3.0,0.0,0.0,Regular Season
1630198,Isaiah Joe,1630311,Pat Spencer,4,6.4,34.4,11.0,2.0,4.0,2.0,3.0,0.0,1.0,Regular Season
1642907,Cedric Coward,1630532,Franz Wagner,2,6.5,34.4,13.0,5.0,7.0,1.0,1.0,0.0,1.0,Regular Season
1626220,Royce O'Neale,1630552,Jalen Johnson,2,7.1,34.4,2.0,1.0,2.0,0.0,1.0,0.0,0.0,Regular Season
203952,Andrew Wiggins,1630573,Sam Hauser,3,6.3,34.3,12.0,4.0,9.0,3.0,6.0,0.0,1.0,Regular Season
1642954,Will Richard,1630581,Josh Giddey,2,7.7,34.3,8.0,3.0,3.0,2.0,2.0,1.0,0.0,Regular Season
203937,Kyle Anderson,1630578,Alperen Sengun,3,8.5,34.3,9.0,4.0,6.0,0.0,0.0,0.0,1.0,Regular Season
1631128,Christian Braun,1630174,Aaron Nesmith,1,6.2,34.3,3.0,1.0,3.0,0.0,1.0,0.0,1.0,Regular Season
1628978,Donte DiVincenzo,1629611,Terance Mann,2,6.4,34.3,17.0,5.0,7.0,4.0,5.0,0.0,0.0,Regular Season
1642845,VJ Edgecombe,1629636,Darius Garland,2,7.7,34.3,6.0,3.0,9.0,0.0,3.0,2.0,0.0,Regular Season
1641718,Keyonte George,201566,Russell Westbrook,2,6.6,34.3,8.0,1.0,3.0,0.0,2.0,1.0,0.0,Regular Season
1641705,Victor Wembanyama,203932,Aaron Gordon,1,8.2,34.3,6.0,1.0,7.0,0.0,2.0,0.0,1.0,Regular Season
1642271,Kyle Filipowski,203932,Aaron Gordon,2,5.3,34.3,10.0,3.0,7.0,2.0,6.0,0.0,1.0,Regular Season
1642843,Cooper Flagg,1642907,Cedric Coward,2,7.7,34.3,7.0,3.0,8.0,1.0,4.0,0.0,0.0,Regular Season
1642345,Oso Ighodaro,1628976,Wendell Carter Jr.,2,7.9,34.3,2.0,1.0,2.0,0.0,0.0,2.0,0.0,Regular Season
1631108,Max Christie,1628969,Mikal Bridges,2,6.4,34.3,2.0,1.0,2.0,0.0,0.0,0.0,0.0,Regular Season
1627739,Kris Dunn,1642843,Cooper Flagg,4,5.7,34.3,2.0,1.0,4.0,0.0,0.0,0.0,0.0,Regular Season
1642843,Cooper Flagg,1642377,Jaylen Wells,3,8.0,34.3,7.0,3.0,4.0,0.0,0.0,0.0,1.0,Regular Season
203500,Steven Adams,1642852,Derik Queen,2,8.0,34.3,2.0,1.0,3.0,0.0,0.0,0.0,0.0,Regular Season
203084,Harrison Barnes,1641783,Tristan da Silva,2,6.1,34.3,5.0,2.0,4.0,1.0,1.0,0.0,0.0,Regular Season
1630183,Jaden McDaniels,1641764,Brandin Podziemski,4,6.1,34.3,4.0,1.0,3.0,0.0,1.0,3.0,1.0,Regular Season
1627742,Brandon Ingram,1642264,Stephon Castle,2,6.7,34.3,10.0,5.0,11.0,0.0,2.0,1.0,0.0,Regular Season
1642285,Cam Spencer,1642268,Isaiah Collier,3,6.7,34.3,16.0,5.0,6.0,5.0,6.0,0.0,0.0,Regular Season
1628378,Donovan Mitchell,1641775,Jordan Walsh,1,6.1,34.3,4.0,2.0,7.0,0.0,3.0,0.0,0.0,Regular Season
1630533,Ziaire Williams,1641783,Tristan da Silva,3,7.5,34.2,8.0,3.0,4.0,2.0,3.0,0.0,0.0,Regular Season
1630581,Josh Giddey,1641739,Toumani Camara,2,5.5,34.2,3.0,1.0,5.0,1.0,2.0,1.0,0.0,Regular Season
1631114,Jalen Williams,1642264,Stephon Castle,4,7.1,34.2,7.0,2.0,8.0,1.0,2.0,3.0,1.0,Regular Season
1642347,Jamal Shead,1641767,Ben Sheppard,4,7.3,34.2,0.0,0.0,3.0,0.0,3.0,0.0,0.0,Regular Season
1631170,Jaime Jaquez Jr.,1642267,Bub Carrington,4,5.3,34.2,2.0,1.0,6.0,0.0,2.0,0.0,0.0,Regular Season
1629111,Jock Landale,1629675,Naz Reid,4,7.1,34.2,6.0,3.0,3.0,0.0,0.0,3.0,0.0,Regular Season
1630165,Killian Hayes,1630163,LaMelo Ball,1,8.5,34.2,3.0,1.0,4.0,1.0,3.0,2.0,0.0,Regular Season
1630595,Cade Cunningham,1629611,Terance Mann,2,5.9,34.2,8.0,3.0,4.0,1.0,2.0,3.0,1.0,Regular Season
1626162,Kelly Oubre Jr.,1629130,Duncan Robinson,3,6.8,34.2,2.0,0.0,4.0,0.0,2.0,2.0,1.0,Regular Season
1642867,Collin Murray-Boyles,1630643,Jay Huff,4,6.8,34.2,4.0,1.0,3.0,0.0,1.0,0.0,1.0,Regular Season
1629675,Naz Reid,1630611,Gui Santos,4,5.6,34.2,9.0,4.0,7.0,1.0,1.0,0.0,0.0,Regular Season
203932,Aaron Gordon,1630228,Jonathan Kuminga,2,6.2,34.2,17.0,5.0,9.0,4.0,6.0,1.0,2.0,Regular Season
1642845,VJ Edgecombe,203468,CJ McCollum,3,6.1,34.2,4.0,2.0,6.0,0.0,2.0,0.0,0.0,Regular Season
1642846,Ace Bailey,201942,DeMar DeRozan,3,6.1,34.2,2.0,1.0,2.0,0.0,0.0,0.0,0.0,Regular Season
1641729,Brice Sensabaugh,201942,DeMar DeRozan,4,5.8,34.2,8.0,3.0,6.0,1.0,3.0,0.0,1.0,Regular Season
1642274,Yves Missi,204001,Kristaps Porziņģis,2,6.6,34.2,5.0,1.0,2.0,0.0,0.0,0.0,1.0,Regular Season
1642272,Jared McCain,203501,Tim Hardaway Jr.,3,5.2,34.2,5.0,2.0,3.0,1.0,2.0,0.0,0.0,Regular Season
1631260,AJ Green,203897,Zach LaVine,2,7.2,34.2,10.0,3.0,7.0,3.0,7.0,0.0,0.0,Regular Season
1641705,Victor Wembanyama,1626157,Karl-Anthony Towns,2,6.0,34.2,12.0,4.0,9.0,0.0,4.0,2.0,2.0,Regular Season
1630700,Dyson Daniels,202331,Paul George,2,6.6,34.2,5.0,2.0,5.0,1.0,2.0,1.0,0.0,Regular Season
203944,Julius Randle,1642461,Spencer Jones,1,6.0,34.2,5.0,2.0,8.0,0.0,3.0,1.0,1.0,Regular Season
1628379,Luke Kennard,1642349,Ajay Mitchell,4,5.8,34.2,4.0,1.0,2.0,0.0,1.0,1.0,1.0,Regular Season
1630162,Anthony Edwards,1642847,Jeremiah Fears,3,5.0,34.2,14.0,5.0,10.0,3.0,6.0,1.0,1.0,Regular Season
1631101,Shaedon Sharpe,1642281,Jaylon Tyson,2,6.3,34.2,8.0,3.0,10.0,2.0,7.0,1.0,0.0,Regular Season
1642851,Kon Knueppel,1630700,Dyson Daniels,4,8.0,34.2,21.0,7.0,9.0,7.0,9.0,1.0,0.0,Regular Season
1629111,Jock Landale,1631094,Paolo Banchero,4,6.9,34.2,7.0,3.0,5.0,1.0,3.0,0.0,0.0,Regular Season
1630560,Cam Thomas,1630700,Dyson Daniels,3,5.7,34.2,2.0,0.0,2.0,0.0,1.0,1.0,1.0,Regular Season
1626220,Royce O'Neale,1631101,Shaedon Sharpe,2,6.5,34.2,3.0,1.0,4.0,1.0,3.0,0.0,0.0,Regular Season
1626167,Myles Turner,1641705,Victor Wembanyama,2,6.3,34.2,9.0,3.0,6.0,3.0,5.0,0.0,0.0,Regular Season
1641718,Keyonte George,1628401,Derrick White,2,5.0,34.2,22.0,9.0,14.0,3.0,8.0,1.0,1.0,Regular Season
1631248,Baylor Scheierman,1627783,Pascal Siakam,4,7.8,34.2,3.0,1.0,3.0,1.0,2.0,0.0,0.0,Regular Season
203501,Tim Hardaway Jr.,1629013,Landry Shamet,2,8.3,34.2,4.0,1.0,3.0,1.0,2.0,1.0,1.0,Regular Season
1642281,Jaylon Tyson,1627742,Brandon Ingram,2,6.6,34.2,2.0,1.0,3.0,0.0,2.0,1.0,0.0,Regular Season
1642263,Reed Sheppard,1627739,Kris Dunn,4,8.0,34.2,1.0,0.0,4.0,0.0,3.0,0.0,1.0,Regular Season
1631222,Jake LaRavia,1628991,Jaren Jackson Jr.,3,5.8,34.2,17.0,5.0,6.0,3.0,4.0,0.0,2.0,Regular Season
1630541,Moses Moody,1627750,Jamal Murray,2,5.8,34.1,2.0,1.0,6.0,0.0,5.0,2.0,0.0,Regular Season
1642377,Jaylen Wells,1628401,Derrick White,2,7.2,34.1,6.0,3.0,5.0,0.0,1.0,0.0,0.0,Regular Season
1629731,Dean Wade,1627742,Brandon Ingram,2,5.9,34.1,0.0,0.0,1.0,0.0,1.0,0.0,0.0,Regular Season
201587,Nicolas Batum,1642263,Reed Sheppard,2,5.9,34.1,6.0,2.0,2.0,2.0,2.0,0.0,0.0,Regular Season
1641708,Amen Thompson,1641739,Toumani Camara,4,5.7,34.1,9.0,4.0,6.0,0.0,1.0,0.0,1.0,Regular Season
1626171,Bobby Portis Jr.,1629731,Dean Wade,4,7.8,34.1,2.0,1.0,1.0,0.0,0.0,0.0,0.0,Regular Season
202691,Klay Thompson,1629216,Gabe Vincent,4,6.9,34.1,12.0,4.0,8.0,4.0,6.0,1.0,0.0,Regular Season
1629645,Kevin Porter Jr.,1630183,Jaden McDaniels,2,6.6,34.1,11.0,4.0,6.0,3.0,3.0,0.0,0.0,Regular Season
1641739,Toumani Camara,1630183,Jaden McDaniels,4,5.5,34.1,8.0,3.0,7.0,2.0,5.0,2.0,0.0,Regular Season
1630578,Alperen Sengun,1629627,Zion Williamson,3,6.3,34.1,16.0,2.0,5.0,0.0,0.0,0.0,5.0,Regular Season
1630572,Sandro Mamukelashvili,1629675,Naz Reid,2,7.0,34.1,11.0,4.0,5.0,3.0,3.0,1.0,0.0,Regular Season
203507,Giannis Antetokounmpo,1630171,Isaac Okoro,2,7.3,34.1,9.0,3.0,10.0,1.0,3.0,0.0,2.0,Regular Season
1630217,Desmond Bane,1630171,Isaac Okoro,2,6.0,34.1,3.0,1.0,3.0,1.0,3.0,0.0,0.0,Regular Season
1627750,Jamal Murray,1629628,RJ Barrett,2,6.8,34.1,9.0,2.0,4.0,0.0,0.0,0.0,2.0,Regular Season
1628389,Bam Adebayo,1631230,Dominick Barlow,3,6.5,34.1,10.0,4.0,6.0,1.0,1.0,0.0,2.0,Regular Season
1630529,Herbert Jones,1631260,AJ Green,2,5.7,34.1,2.0,1.0,3.0,0.0,1.0,0.0,0.0,Regular Season
1631095,Jabari Smith Jr.,1631108,Max Christie,3,6.7,34.1,6.0,3.0,8.0,0.0,3.0,0.0,0.0,Regular Season
1629023,P.J. Washington,203110,Draymond Green,3,6.0,34.1,8.0,4.0,6.0,0.0,1.0,2.0,0.0,Regular Season
203084,Harrison Barnes,202710,Jimmy Butler III,2,6.3,34.1,13.0,4.0,4.0,3.0,3.0,0.0,0.0,Regular Season
1630180,Saddiq Bey,1626162,Kelly Oubre Jr.,2,7.5,34.1,5.0,1.0,3.0,1.0,1.0,1.0,1.0,Regular Season
1628978,Donte DiVincenzo,202691,Klay Thompson,3,5.0,34.1,2.0,1.0,2.0,0.0,1.0,1.0,0.0,Regular Season
1630578,Alperen Sengun,1642882,Julian Reese,1,7.8,34.1,12.0,4.0,7.0,0.0,1.0,4.0,2.0,Regular Season
203468,CJ McCollum,1642851,Kon Knueppel,4,6.1,34.1,4.0,1.0,7.0,0.0,4.0,0.0,2.0,Regular Season
1630526,Jeremiah Robinson-Earl,1642846,Ace Bailey,3,6.3,34.0,8.0,3.0,5.0,2.0,4.0,0.0,0.0,Regular Season
1631221,Collin Gillespie,1641764,Brandin Podziemski,4,6.6,34.0,8.0,3.0,7.0,2.0,6.0,0.0,0.0,Regular Season
1630598,Aaron Wiggins,1642264,Stephon Castle,5,7.9,34.0,8.0,2.0,3.0,2.0,3.0,0.0,1.0,Regular Season
1630174,Aaron Nesmith,1641783,Tristan da Silva,3,5.2,34.0,8.0,3.0,4.0,2.0,3.0,0.0,0.0,Regular Season
1631245,Quenton Jackson,1641709,Ausar Thompson,2,6.4,34.0,4.0,2.0,4.0,0.0,0.0,2.0,0.0,Regular Season
1630170,Devin Vassell,1641764,Brandin Podziemski,4,5.9,34.0,2.0,1.0,3.0,0.0,1.0,3.0,0.0,Regular Season
1641796,Pelle Larsson,1630578,Alperen Sengun,2,6.0,34.0,17.0,7.0,8.0,2.0,3.0,2.0,1.0,Regular Season
1629060,Rui Hachimura,1630581,Josh Giddey,2,6.0,34.0,10.0,4.0,5.0,2.0,3.0,2.0,0.0,Regular Season
203952,Andrew Wiggins,1630596,Evan Mobley,3,6.0,34.0,16.0,6.0,9.0,2.0,4.0,1.0,1.0,Regular Season
1627759,Jaylen Brown,1630552,Jalen Johnson,3,6.1,34.0,5.0,2.0,9.0,0.0,4.0,1.0,1.0,Regular Season
1628983,Shai Gilgeous-Alexander,1642907,Cedric Coward,2,4.5,34.0,17.0,6.0,12.0,2.0,8.0,0.0,2.0,Regular Season
1642851,Kon Knueppel,1642920,Kobe Sanders,2,6.8,34.0,6.0,2.0,4.0,0.0,2.0,1.0,1.0,Regular Season
1641796,Pelle Larsson,1628401,Derrick White,3,5.3,34.0,0.0,0.0,1.0,0.0,0.0,0.0,0.0,Regular Season
1631170,Jaime Jaquez Jr.,1628401,Derrick White,3,5.6,34.0,11.0,5.0,8.0,1.0,3.0,0.0,0.0,Regular Season
1630314,Brandon Williams,1628978,Donte DiVincenzo,4,5.2,34.0,9.0,4.0,9.0,0.0,0.0,0.0,1.0,Regular Season
203952,Andrew Wiggins,1628415,Dillon Brooks,2,6.0,34.0,6.0,2.0,8.0,0.0,5.0,0.0,0.0,Regular Season
1628983,Shai Gilgeous-Alexander,1627741,Buddy Hield,3,5.9,34.0,22.0,8.0,10.0,4.0,4.0,0.0,1.0,Regular Season
1631094,Paolo Banchero,1627759,Jaylen Brown,2,6.0,34.0,1.0,0.0,6.0,0.0,4.0,1.0,1.0,Regular Season
1641710,Anthony Black,1628401,Derrick White,3,6.5,34.0,9.0,3.0,7.0,1.0,3.0,3.0,0.0,Regular Season
1631105,Jalen Duren,1628396,Tony Bradley,3,5.6,34.0,4.0,0.0,0.0,0.0,0.0,2.0,2.0,Regular Season
1629631,De'Andre Hunter,1626181,Norman Powell,2,7.3,34.0,10.0,3.0,5.0,2.0,4.0,0.0,0.0,Regular Season
1642851,Kon Knueppel,1626164,Devin Booker,2,8.1,34.0,13.0,4.0,4.0,2.0,2.0,0.0,2.0,Regular Season
201942,DeMar DeRozan,1626162,Kelly Oubre Jr.,1,7.5,34.0,9.0,4.0,4.0,0.0,0.0,0.0,1.0,Regular Season
1629631,De'Andre Hunter,203952,Andrew Wiggins,2,6.8,34.0,8.0,3.0,6.0,1.0,3.0,0.0,1.0,Regular Season
1629645,Kevin Porter Jr.,203471,Dennis Schröder,3,7.5,34.0,9.0,3.0,3.0,0.0,0.0,2.0,1.0,Regular Season
202699,Tobias Harris,203944,Julius Randle,2,7.3,34.0,6.0,2.0,2.0,1.0,1.0,0.0,1.0,Regular Season
1641713,GG Jackson,1629661,Cameron Johnson,2,5.9,34.0,13.0,4.0,7.0,1.0,1.0,0.0,3.0,Regular Season
1626220,Royce O'Neale,1629130,Duncan Robinson,2,7.2,34.0,2.0,1.0,4.0,0.0,2.0,0.0,0.0,Regular Season
1626157,Karl-Anthony Towns,1629111,Jock Landale,1,7.2,34.0,11.0,3.0,8.0,2.0,5.0,1.0,2.0,Regular Season
1631108,Max Christie,1631222,Jake LaRavia,4,5.5,34.0,8.0,2.0,4.0,0.0,2.0,0.0,2.0,Regular Season
1642383,Walter Clayton Jr.,1631221,Collin Gillespie,3,7.2,34.0,2.0,1.0,3.0,0.0,0.0,1.0,0.0,Regular Season
1630549,Day'Ron Sharpe,1631217,Moussa Diabaté,2,7.5,33.9,18.0,7.0,9.0,1.0,2.0,1.0,1.0,Regular Season
1630591,Jalen Suggs,1631170,Jaime Jaquez Jr.,5,7.1,33.9,12.0,5.0,9.0,0.0,2.0,2.0,0.0,Regular Season
1642843,Cooper Flagg,1631095,Jabari Smith Jr.,3,4.7,33.9,6.0,3.0,7.0,0.0,1.0,1.0,0.0,Regular Season
1628389,Bam Adebayo,1631095,Jabari Smith Jr.,1,7.3,33.9,12.0,5.0,9.0,0.0,0.0,1.0,0.0,Regular Season
1629675,Naz Reid,1641713,GG Jackson,3,6.1,33.9,6.0,2.0,7.0,2.0,5.0,0.0,0.0,Regular Season
1630200,Tre Jones,1642845,VJ Edgecombe,3,5.6,33.9,6.0,2.0,4.0,0.0,1.0,0.0,1.0,Regular Season
1629618,Jalen Pickett,1642848,Tre Johnson,2,8.7,33.9,2.0,0.0,5.0,0.0,2.0,0.0,0.0,Regular Season
1631106,Tari Eason,1630559,Austin Reaves,3,7.7,33.9,7.0,3.0,6.0,1.0,2.0,1.0,0.0,Regular Season
1628978,Donte DiVincenzo,1630679,Ethan Thompson,1,8.1,33.9,6.0,2.0,2.0,2.0,2.0,1.0,0.0,Regular Season
1630692,Jordan Goodwin,1630577,Julian Champagnie,4,7.9,33.9,4.0,2.0,6.0,0.0,1.0,0.0,0.0,Regular Season
1628381,John Collins,1629627,Zion Williamson,3,7.1,33.9,9.0,3.0,8.0,2.0,5.0,1.0,1.0,Regular Season
1626181,Norman Powell,1630174,Aaron Nesmith,2,5.1,33.9,8.0,2.0,8.0,1.0,5.0,3.0,1.0,Regular Season
1630558,Davion Mitchell,1629645,Kevin Porter Jr.,2,6.5,33.9,2.0,1.0,4.0,0.0,2.0,0.0,0.0,Regular Season
1630567,Scottie Barnes,1629651,Nic Claxton,3,7.2,33.9,4.0,1.0,3.0,0.0,2.0,1.0,1.0,Regular Season
1628978,Donte DiVincenzo,1629632,Coby White,3,6.1,33.9,3.0,1.0,5.0,1.0,5.0,0.0,0.0,Regular Season
1627783,Pascal Siakam,1628398,Kyle Kuzma,2,5.7,33.9,3.0,1.0,2.0,0.0,0.0,1.0,1.0,Regular Season
202710,Jimmy Butler III,203944,Julius Randle,1,7.3,33.9,6.0,3.0,4.0,0.0,0.0,0.0,0.0,Regular Season
1642851,Kon Knueppel,201935,James Harden,3,7.0,33.9,17.0,6.0,9.0,3.0,5.0,0.0,0.0,Regular Season
1641709,Ausar Thompson,203468,CJ McCollum,1,6.9,33.9,6.0,3.0,4.0,0.0,0.0,1.0,0.0,Regular Season
202691,Klay Thompson,1627739,Kris Dunn,4,8.2,33.9,21.0,7.0,10.0,7.0,9.0,0.0,0.0,Regular Season
1630162,Anthony Edwards,201950,Jrue Holiday,3,5.1,33.9,11.0,3.0,5.0,0.0,1.0,2.0,2.0,Regular Season
1642366,Quinten Post,1626157,Karl-Anthony Towns,2,7.2,33.9,6.0,2.0,7.0,2.0,5.0,0.0,0.0,Regular Season
1630230,Naji Marshall,1627739,Kris Dunn,4,6.8,33.9,0.0,0.0,6.0,0.0,4.0,1.0,0.0,Regular Season
1627936,Alex Caruso,203897,Zach LaVine,3,5.5,33.9,0.0,0.0,4.0,0.0,4.0,0.0,0.0,Regular Season
1631095,Jabari Smith Jr.,2544,LeBron James,3,7.6,33.9,1.0,0.0,4.0,0.0,3.0,0.0,0.0,Regular Season
1629675,Naz Reid,203924,Jerami Grant,3,6.8,33.8,3.0,0.0,2.0,0.0,1.0,1.0,1.0,Regular Season
1642843,Cooper Flagg,201587,Nicolas Batum,3,6.2,33.8,10.0,3.0,4.0,0.0,0.0,3.0,1.0,Regular Season
1628381,John Collins,201942,DeMar DeRozan,4,7.0,33.8,4.0,0.0,2.0,0.0,1.0,0.0,2.0,Regular Season
1630166,Deni Avdija,1627739,Kris Dunn,4,7.6,33.8,13.0,4.0,7.0,0.0,3.0,0.0,4.0,Regular Season
203944,Julius Randle,1626220,Royce O'Neale,3,6.7,33.8,10.0,2.0,5.0,0.0,1.0,2.0,2.0,Regular Season
1642450,Daniss Jenkins,1642845,VJ Edgecombe,3,7.5,33.8,3.0,1.0,5.0,1.0,4.0,1.0,0.0,Regular Season
1642844,Dylan Harper,1642383,Walter Clayton Jr.,4,6.1,33.8,6.0,3.0,4.0,0.0,1.0,1.0,0.0,Regular Season
1642264,Stephon Castle,1642843,Cooper Flagg,3,4.2,33.8,8.0,3.0,4.0,2.0,2.0,1.0,1.0,Regular Season
1630559,Austin Reaves,1642450,Daniss Jenkins,1,6.8,33.8,10.0,4.0,7.0,1.0,4.0,0.0,0.0,Regular Season
202695,Kawhi Leonard,1631128,Christian Braun,1,5.4,33.8,3.0,0.0,2.0,0.0,1.0,1.0,1.0,Regular Season
1642852,Derik Queen,1641705,Victor Wembanyama,3,8.0,33.8,4.0,1.0,6.0,1.0,2.0,1.0,1.0,Regular Season
1629632,Coby White,1642258,Zaccharie Risacher,2,6.6,33.8,3.0,1.0,4.0,0.0,3.0,0.0,0.0,Regular Season
1630560,Cam Thomas,1641740,Jaylen Clark,2,7.0,33.8,11.0,4.0,7.0,1.0,2.0,0.0,2.0,Regular Season
1630314,Brandon Williams,1642268,Isaiah Collier,3,5.5,33.8,4.0,1.0,3.0,0.0,1.0,0.0,0.0,Regular Season
1628975,Jevon Carter,1642267,Bub Carrington,3,7.3,33.8,6.0,2.0,5.0,2.0,5.0,0.0,0.0,Regular Season
1629611,Terance Mann,1628978,Donte DiVincenzo,2,7.1,33.8,0.0,0.0,0.0,0.0,0.0,1.0,0.0,Regular Season
1627734,Domantas Sabonis,1628436,Luke Kornet,1,6.6,33.8,9.0,4.0,9.0,0.0,1.0,1.0,1.0,Regular Season
1642363,Nique Clifford,1627739,Kris Dunn,4,7.2,33.8,16.0,6.0,10.0,4.0,7.0,0.0,0.0,Regular Season
1630217,Desmond Bane,1627747,Caris LeVert,3,6.5,33.8,9.0,3.0,7.0,0.0,4.0,1.0,2.0,Regular Season
1626171,Bobby Portis Jr.,1630552,Jalen Johnson,3,7.0,33.8,3.0,1.0,5.0,1.0,3.0,0.0,0.0,Regular Season
1642450,Daniss Jenkins,1630591,Jalen Suggs,3,6.3,33.8,0.0,0.0,1.0,0.0,0.0,0.0,0.0,Regular Season
1629628,RJ Barrett,1630581,Josh Giddey,2,6.2,33.8,13.0,3.0,5.0,2.0,4.0,0.0,2.0,Regular Season
1631221,Collin Gillespie,1630577,Julian Champagnie,4,7.0,33.8,18.0,6.0,8.0,4.0,5.0,0.0,1.0,Regular Season
1627747,Caris LeVert,1630200,Tre Jones,4,6.7,33.8,7.0,3.0,4.0,0.0,1.0,1.0,0.0,Regular Season
1629638,Nickeil Alexander-Walker,1630595,Cade Cunningham,3,5.7,33.8,13.0,4.0,10.0,3.0,6.0,1.0,2.0,Regular Season
1642852,Derik Queen,1630543,Isaiah Jackson,4,6.8,33.8,11.0,3.0,4.0,0.0,0.0,1.0,2.0,Regular Season
1642851,Kon Knueppel,1630577,Julian Champagnie,2,8.5,33.8,4.0,1.0,3.0,0.0,1.0,0.0,1.0,Regular Season
1630560,Cam Thomas,1630171,Isaac Okoro,3,7.7,33.8,2.0,0.0,5.0,0.0,2.0,0.0,2.0,Regular Season
1642345,Oso Ighodaro,1630173,Precious Achiuwa,3,6.7,33.7,6.0,3.0,3.0,0.0,0.0,0.0,1.0,Regular Season
1631094,Paolo Banchero,1630174,Aaron Nesmith,3,6.1,33.7,9.0,2.0,6.0,0.0,0.0,4.0,4.0,Regular Season
1630171,Isaac Okoro,1630162,Anthony Edwards,2,7.9,33.7,2.0,0.0,1.0,0.0,1.0,0.0,1.0,Regular Season
1630577,Julian Champagnie,1630162,Anthony Edwards,3,8.1,33.7,3.0,1.0,2.0,1.0,2.0,1.0,0.0,Regular Season
1631260,AJ Green,1629130,Duncan Robinson,2,7.8,33.7,6.0,2.0,5.0,2.0,4.0,0.0,0.0,Regular Season
202696,Nikola Vučević,1629048,Goga Bitadze,3,5.3,33.7,5.0,1.0,2.0,1.0,2.0,0.0,1.0,Regular Season
1631157,Ryan Rollins,1630696,Dru Smith,3,6.1,33.7,5.0,2.0,2.0,1.0,1.0,3.0,0.0,Regular Season
1626157,Karl-Anthony Towns,1630695,Micah Potter,1,6.5,33.7,4.0,2.0,7.0,0.0,3.0,1.0,0.0,Regular Season
203110,Draymond Green,1631109,Mark Williams,4,6.2,33.7,2.0,1.0,3.0,0.0,2.0,3.0,0.0,Regular Season
1630180,Saddiq Bey,1631260,AJ Green,2,5.6,33.7,14.0,5.0,7.0,2.0,3.0,0.0,1.0,Regular Season
202695,Kawhi Leonard,1630700,Dyson Daniels,1,8.0,33.7,4.0,1.0,4.0,0.0,1.0,0.0,1.0,Regular Season
1627750,Jamal Murray,1630700,Dyson Daniels,1,7.1,33.7,7.0,3.0,4.0,1.0,1.0,2.0,0.0,Regular Season
203944,Julius Randle,1626171,Bobby Portis Jr.,2,5.6,33.7,9.0,3.0,6.0,0.0,2.0,0.0,2.0,Regular Season
1630173,Precious Achiuwa,201572,Brook Lopez,4,7.1,33.7,4.0,2.0,7.0,0.0,1.0,0.0,1.0,Regular Season
1628401,Derrick White,1626181,Norman Powell,3,7.5,33.7,9.0,2.0,6.0,1.0,5.0,0.0,2.0,Regular Season
1630591,Jalen Suggs,1642450,Daniss Jenkins,3,7.2,33.7,5.0,1.0,3.0,1.0,2.0,1.0,1.0,Regular Season
1642273,Kyshawn George,1642851,Kon Knueppel,4,6.5,33.7,6.0,2.0,8.0,2.0,3.0,2.0,0.0,Regular Season
1628970,Miles Bridges,1630529,Herbert Jones,2,7.7,33.7,8.0,2.0,6.0,2.0,5.0,0.0,1.0,Regular Season
1631096,Chet Holmgren,1630567,Scottie Barnes,2,7.1,33.7,6.0,3.0,5.0,0.0,1.0,0.0,0.0,Regular Season
203114,Khris Middleton,1641713,GG Jackson,3,6.8,33.7,8.0,3.0,6.0,0.0,0.0,0.0,1.0,Regular Season
1628374,Lauri Markkanen,1641708,Amen Thompson,3,5.6,33.7,4.0,0.0,3.0,0.0,1.0,0.0,2.0,Regular Season
1627759,Jaylen Brown,1641731,Bilal Coulibaly,2,7.7,33.7,6.0,3.0,7.0,0.0,3.0,1.0,0.0,Regular Season
1630217,Desmond Bane,1628404,Josh Hart,4,5.5,33.7,4.0,1.0,3.0,1.0,2.0,1.0,1.0,Regular Season
203497,Rudy Gobert,1629011,Mitchell Robinson,2,7.2,33.7,2.0,1.0,2.0,0.0,0.0,1.0,0.0,Regular Season
1630163,LaMelo Ball,1628404,Josh Hart,3,5.8,33.7,18.0,7.0,11.0,4.0,6.0,0.0,0.0,Regular Season
1642867,Collin Murray-Boyles,1627826,Ivica Zubac,1,7.7,33.7,3.0,1.0,2.0,0.0,1.0,2.0,2.0,Regular Season
1628973,Jalen Brunson,1628398,Kyle Kuzma,3,7.7,33.7,5.0,2.0,9.0,1.0,2.0,0.0,0.0,Regular Season
1628381,John Collins,1628970,Miles Bridges,2,6.0,33.7,0.0,0.0,1.0,0.0,1.0,1.0,0.0,Regular Season
1630162,Anthony Edwards,1628983,Shai Gilgeous-Alexander,4,4.7,33.6,8.0,2.0,5.0,0.0,0.0,1.0,3.0,Regular Season
1629130,Duncan Robinson,1628973,Jalen Brunson,3,7.0,33.6,10.0,3.0,7.0,3.0,6.0,0.0,1.0,Regular Season
1630577,Julian Champagnie,1627750,Jamal Murray,3,6.1,33.6,9.0,3.0,6.0,2.0,5.0,0.0,1.0,Regular Season
1628960,Grayson Allen,1627750,Jamal Murray,3,7.4,33.6,5.0,2.0,5.0,1.0,4.0,0.0,0.0,Regular Season
1641783,Tristan da Silva,1627742,Brandon Ingram,2,6.9,33.6,6.0,2.0,5.0,2.0,4.0,0.0,0.0,Regular Season
1630200,Tre Jones,1628368,De'Aaron Fox,2,7.1,33.6,12.0,3.0,5.0,1.0,1.0,0.0,2.0,Regular Season
1631095,Jabari Smith Jr.,201566,Russell Westbrook,4,6.3,33.6,3.0,0.0,2.0,0.0,2.0,0.0,2.0,Regular Season
1628963,Marvin Bagley III,1626171,Bobby Portis Jr.,3,6.8,33.6,2.0,1.0,2.0,0.0,1.0,1.0,0.0,Regular Season
1630180,Saddiq Bey,1630162,Anthony Edwards,3,5.8,33.6,8.0,3.0,9.0,0.0,5.0,0.0,1.0,Regular Season
202695,Kawhi Leonard,1630173,Precious Achiuwa,4,6.4,33.6,20.0,5.0,11.0,2.0,4.0,0.0,4.0,Regular Season
201566,Russell Westbrook,1629060,Rui Hachimura,3,7.0,33.6,11.0,3.0,6.0,2.0,4.0,1.0,2.0,Regular Season
1631094,Paolo Banchero,1630171,Isaac Okoro,2,6.1,33.6,16.0,5.0,6.0,1.0,1.0,2.0,4.0,Regular Season
1642867,Collin Murray-Boyles,1629674,Neemias Queta,4,8.5,33.6,3.0,1.0,3.0,0.0,2.0,0.0,1.0,Regular Season
1641718,Keyonte George,1629611,Terance Mann,2,5.8,33.6,3.0,1.0,4.0,0.0,2.0,0.0,1.0,Regular Season
203110,Draymond Green,1629023,P.J. Washington,3,7.0,33.6,5.0,2.0,4.0,1.0,2.0,3.0,0.0,Regular Season
1642907,Cedric Coward,1629661,Cameron Johnson,3,5.8,33.6,7.0,2.0,7.0,1.0,4.0,0.0,1.0,Regular Season
1631121,Bryce McGowens,1630166,Deni Avdija,2,6.2,33.6,11.0,3.0,6.0,3.0,3.0,1.0,1.0,Regular Season
1629006,Josh Okogie,1629130,Duncan Robinson,2,7.5,33.6,4.0,1.0,2.0,0.0,1.0,0.0,1.0,Regular Season
1626164,Devin Booker,1631212,Peyton Watson,2,5.9,33.6,7.0,2.0,4.0,0.0,1.0,1.0,1.0,Regular Season
1631101,Shaedon Sharpe,1631095,Jabari Smith Jr.,3,4.5,33.6,8.0,3.0,10.0,1.0,3.0,0.0,1.0,Regular Season
1629661,Cameron Johnson,1631097,Bennedict Mathurin,2,6.3,33.6,2.0,1.0,2.0,0.0,0.0,0.0,0.0,Regular Season
1631260,AJ Green,1642263,Reed Sheppard,2,6.2,33.6,3.0,1.0,3.0,1.0,1.0,1.0,0.0,Regular Season
1628969,Mikal Bridges,1641716,Jarace Walker,3,5.8,33.6,4.0,2.0,6.0,0.0,4.0,1.0,1.0,Regular Season
1630692,Jordan Goodwin,1641764,Brandin Podziemski,4,7.8,33.6,6.0,2.0,4.0,2.0,3.0,0.0,0.0,Regular Season
1642285,Cam Spencer,1641717,Cason Wallace,2,6.3,33.6,0.0,0.0,3.0,0.0,2.0,1.0,0.0,Regular Season
1627750,Jamal Murray,1641764,Brandin Podziemski,4,5.5,33.6,10.0,4.0,4.0,2.0,2.0,1.0,0.0,Regular Season
1628368,De'Aaron Fox,1641764,Brandin Podziemski,4,5.3,33.6,9.0,4.0,10.0,1.0,4.0,1.0,0.0,Regular Season
201935,James Harden,1642346,Ryan Dunn,2,7.2,33.6,8.0,2.0,3.0,0.0,1.0,2.0,2.0,Regular Season
1628976,Wendell Carter Jr.,1642276,Kel'el Ware,3,8.2,33.6,7.0,3.0,4.0,1.0,2.0,0.0,0.0,Regular Season
1629638,Nickeil Alexander-Walker,1642281,Jaylon Tyson,3,6.0,33.6,7.0,2.0,4.0,1.0,3.0,1.0,0.0,Regular Season
202685,Jonas Valanciunas,1642875,Maxime Raynaud,2,7.3,33.6,13.0,6.0,7.0,1.0,1.0,0.0,1.0,Regular Season
1642846,Ace Bailey,1630526,Jeremiah Robinson-Earl,3,6.7,33.6,4.0,2.0,3.0,0.0,1.0,1.0,0.0,Regular Season
1628398,Kyle Kuzma,1630581,Josh Giddey,3,5.0,33.6,2.0,1.0,1.0,0.0,0.0,1.0,0.0,Regular Season
1629029,Luka Dončić,1630581,Josh Giddey,2,6.2,33.6,18.0,7.0,12.0,3.0,5.0,0.0,1.0,Regular Season
1631157,Ryan Rollins,1630529,Herbert Jones,2,6.5,33.6,4.0,2.0,4.0,0.0,2.0,1.0,0.0,Regular Season
1642264,Stephon Castle,1630200,Tre Jones,2,4.5,33.6,8.0,3.0,5.0,0.0,1.0,1.0,1.0,Regular Season
1627783,Pascal Siakam,1630579,Jericho Sims,3,6.6,33.5,9.0,3.0,8.0,1.0,5.0,0.0,3.0,Regular Season
1631170,Jaime Jaquez Jr.,1630573,Sam Hauser,3,5.9,33.5,8.0,3.0,4.0,1.0,1.0,2.0,1.0,Regular Season
1631157,Ryan Rollins,1630540,Miles McBride,1,8.1,33.5,3.0,1.0,3.0,1.0,2.0,0.0,0.0,Regular Season
1642277,Johnny Furphy,1630573,Sam Hauser,4,5.1,33.5,5.0,2.0,3.0,1.0,2.0,0.0,0.0,Regular Season
1628970,Miles Bridges,1629628,RJ Barrett,2,7.4,33.5,10.0,4.0,7.0,1.0,3.0,0.0,1.0,Regular Season
1642845,VJ Edgecombe,1629639,Tyler Herro,2,5.3,33.5,6.0,2.0,2.0,0.0,0.0,0.0,1.0,Regular Season
1626181,Norman Powell,1630171,Isaac Okoro,2,5.9,33.5,9.0,3.0,8.0,2.0,4.0,0.0,1.0,Regular Season
1641739,Toumani Camara,1628378,Donovan Mitchell,2,6.0,33.5,0.0,0.0,3.0,0.0,3.0,1.0,0.0,Regular Season
1642846,Ace Bailey,1627750,Jamal Murray,4,5.2,33.5,5.0,2.0,8.0,1.0,6.0,0.0,0.0,Regular Season
1627759,Jaylen Brown,1628404,Josh Hart,3,8.5,33.5,8.0,3.0,10.0,0.0,4.0,1.0,2.0,Regular Season
1642263,Reed Sheppard,1627750,Jamal Murray,4,8.3,33.5,9.0,3.0,9.0,3.0,7.0,0.0,0.0,Regular Season
1631170,Jaime Jaquez Jr.,1628989,Kevin Huerter,4,6.3,33.5,4.0,2.0,4.0,0.0,1.0,1.0,0.0,Regular Season
203935,Marcus Smart,201935,James Harden,3,6.2,33.5,2.0,1.0,6.0,0.0,4.0,0.0,0.0,Regular Season
1642276,Kel'el Ware,203083,Andre Drummond,1,5.7,33.5,8.0,3.0,5.0,2.0,2.0,0.0,0.0,Regular Season
1641739,Toumani Camara,201566,Russell Westbrook,3,6.4,33.5,7.0,2.0,3.0,1.0,2.0,1.0,0.0,Regular Season
201566,Russell Westbrook,203935,Marcus Smart,4,7.0,33.5,6.0,2.0,2.0,2.0,2.0,1.0,0.0,Regular Season
202695,Kawhi Leonard,201142,Kevin Durant,4,5.3,33.5,5.0,1.0,7.0,1.0,4.0,1.0,1.0,Regular Season
1627739,Kris Dunn,1642875,Maxime Raynaud,4,5.3,33.5,8.0,3.0,6.0,2.0,2.0,1.0,0.0,Regular Season
1630595,Cade Cunningham,1642864,Hugo González,4,6.7,33.5,8.0,2.0,8.0,2.0,4.0,2.0,1.0,Regular Season
1642882,Julian Reese,1642276,Kel'el Ware,2,8.0,33.5,4.0,2.0,5.0,0.0,0.0,0.0,0.0,Regular Season
1642847,Jeremiah Fears,1642450,Daniss Jenkins,2,6.6,33.5,8.0,2.0,4.0,0.0,1.0,1.0,2.0,Regular Season
1627826,Ivica Zubac,1642274,Yves Missi,1,6.5,33.5,6.0,2.0,4.0,0.0,0.0,1.0,0.0,Regular Season
1631128,Christian Braun,1642285,Cam Spencer,2,5.5,33.5,6.0,3.0,4.0,0.0,0.0,0.0,0.0,Regular Season
1631094,Paolo Banchero,1631212,Peyton Watson,1,6.4,33.5,4.0,2.0,2.0,0.0,0.0,2.0,1.0,Regular Season
1641709,Ausar Thompson,1642258,Zaccharie Risacher,3,6.9,33.5,0.0,0.0,2.0,0.0,0.0,1.0,0.0,Regular Season
1628989,Kevin Huerter,1641767,Ben Sheppard,2,6.5,33.5,6.0,3.0,7.0,0.0,2.0,0.0,1.0,Regular Season
1642285,Cam Spencer,1642264,Stephon Castle,2,6.6,33.4,3.0,1.0,4.0,0.0,3.0,0.0,1.0,Regular Season
1628978,Donte DiVincenzo,1641767,Ben Sheppard,1,6.4,33.4,6.0,1.0,3.0,1.0,2.0,0.0,1.0,Regular Season
1629011,Mitchell Robinson,1641737,Adem Bona,4,7.9,33.4,5.0,2.0,3.0,0.0,0.0,0.0,0.0,Regular Season
1641869,Malachi Smith,1627742,Brandon Ingram,1,6.6,33.4,3.0,1.0,3.0,1.0,3.0,1.0,0.0,Regular Season
1630567,Scottie Barnes,1629008,Michael Porter Jr.,3,6.7,33.4,7.0,3.0,5.0,0.0,0.0,2.0,1.0,Regular Season
1630230,Naji Marshall,1628404,Josh Hart,2,6.7,33.4,15.0,5.0,8.0,2.0,4.0,0.0,2.0,Regular Season
1630193,Immanuel Quickley,1627750,Jamal Murray,2,6.8,33.4,2.0,1.0,4.0,0.0,2.0,0.0,0.0,Regular Season
1631217,Moussa Diabaté,1628963,Marvin Bagley III,2,7.6,33.4,8.0,3.0,5.0,0.0,0.0,0.0,1.0,Regular Season
1631217,Moussa Diabaté,1630549,Day'Ron Sharpe,2,6.2,33.4,2.0,1.0,2.0,0.0,0.0,0.0,0.0,Regular Season
1628973,Jalen Brunson,1630533,Ziaire Williams,3,7.2,33.4,12.0,5.0,8.0,2.0,4.0,2.0,0.0,Regular Season
1642271,Kyle Filipowski,1630543,Isaiah Jackson,2,7.2,33.4,8.0,2.0,7.0,0.0,1.0,2.0,2.0,Regular Season
1627750,Jamal Murray,1630692,Jordan Goodwin,3,6.2,33.4,7.0,3.0,5.0,1.0,3.0,0.0,0.0,Regular Season
1630311,Pat Spencer,1630198,Isaiah Joe,4,7.7,33.4,12.0,4.0,8.0,2.0,3.0,1.0,1.0,Regular Season
1642875,Maxime Raynaud,1630166,Deni Avdija,4,5.1,33.4,14.0,4.0,4.0,1.0,1.0,1.0,3.0,Regular Season
1631099,Keegan Murray,1629661,Cameron Johnson,2,6.4,33.4,5.0,2.0,4.0,1.0,3.0,0.0,0.0,Regular Season
2544,LeBron James,1629652,Luguentz Dort,2,5.9,33.4,4.0,2.0,5.0,0.0,1.0,1.0,1.0,Regular Season
1630193,Immanuel Quickley,1629611,Terance Mann,3,7.1,33.4,12.0,3.0,7.0,2.0,5.0,0.0,2.0,Regular Season
201572,Brook Lopez,1629057,Robert Williams III,3,6.8,33.4,6.0,2.0,6.0,2.0,4.0,0.0,0.0,Regular Season
1631114,Jalen Williams,1631200,Kris Murray,2,5.2,33.4,11.0,5.0,9.0,0.0,1.0,0.0,1.0,Regular Season
1629018,Gary Trent Jr.,1631126,Caleb Love,2,6.5,33.4,2.0,0.0,2.0,0.0,0.0,1.0,1.0,Regular Season
1629029,Luka Dončić,203484,Kentavious Caldwell-Pope,3,6.9,33.4,12.0,4.0,9.0,2.0,3.0,0.0,0.0,Regular Season
1642846,Ace Bailey,203932,Aaron Gordon,2,4.9,33.4,11.0,5.0,9.0,1.0,5.0,0.0,0.0,Regular Season
1630643,Jay Huff,203497,Rudy Gobert,2,5.5,33.4,5.0,2.0,5.0,1.0,2.0,1.0,0.0,Regular Season
1628415,Dillon Brooks,203952,Andrew Wiggins,2,6.4,33.4,12.0,5.0,12.0,1.0,6.0,3.0,1.0,Regular Season
1642347,Jamal Shead,1642845,VJ Edgecombe,4,5.3,33.4,8.0,2.0,3.0,0.0,1.0,1.0,1.0,Regular Season
1642856,Egor Dëmin,1642847,Jeremiah Fears,2,7.3,33.4,3.0,1.0,2.0,1.0,2.0,0.0,0.0,Regular Season
1642844,Dylan Harper,1642843,Cooper Flagg,4,4.8,33.4,2.0,1.0,1.0,0.0,0.0,1.0,0.0,Regular Season
1627747,Caris LeVert,1642364,Jamir Watkins,3,6.5,33.4,8.0,3.0,4.0,1.0,2.0,1.0,1.0,Regular Season
1627751,Jakob Poeltl,1642345,Oso Ighodaro,2,6.5,33.4,2.0,1.0,3.0,0.0,0.0,0.0,0.0,Regular Season
1642852,Derik Queen,1642345,Oso Ighodaro,4,6.2,33.3,7.0,3.0,8.0,0.0,0.0,2.0,2.0,Regular Season
203471,Dennis Schröder,1642349,Ajay Mitchell,3,6.3,33.3,9.0,4.0,7.0,1.0,3.0,1.0,0.0,Regular Season
1629028,Deandre Ayton,1642274,Yves Missi,4,6.8,33.3,8.0,2.0,2.0,0.0,0.0,2.0,2.0,Regular Season
201142,Kevin Durant,1642846,Ace Bailey,4,4.8,33.3,8.0,4.0,6.0,0.0,0.0,0.0,0.0,Regular Season
1630579,Jericho Sims,1630549,Day'Ron Sharpe,2,7.9,33.3,2.0,1.0,2.0,0.0,0.0,0.0,0.0,Regular Season
1641783,Tristan da Silva,1630552,Jalen Johnson,4,6.5,33.3,8.0,3.0,4.0,2.0,3.0,0.0,0.0,Regular Season
1628381,John Collins,1630552,Jalen Johnson,1,8.5,33.3,0.0,0.0,2.0,0.0,1.0,0.0,0.0,Regular Season
1642849,Nolan Traore,1641717,Cason Wallace,2,6.5,33.3,8.0,3.0,8.0,2.0,4.0,1.0,0.0,Regular Season
203944,Julius Randle,1641765,Olivier-Maxence Prosper,4,6.8,33.3,10.0,4.0,8.0,1.0,2.0,3.0,1.0,Regular Season
1628370,Malik Monk,1641708,Amen Thompson,3,7.2,33.3,10.0,4.0,6.0,2.0,3.0,0.0,0.0,Regular Season
1642928,Dylan Cardwell,1628386,Jarrett Allen,2,7.1,33.3,8.0,4.0,5.0,0.0,0.0,1.0,0.0,Regular Season
1641783,Tristan da Silva,1629008,Michael Porter Jr.,3,7.1,33.3,11.0,4.0,6.0,3.0,5.0,0.0,0.0,Regular Season
1627759,Jaylen Brown,1628389,Bam Adebayo,4,8.6,33.3,21.0,7.0,16.0,1.0,8.0,2.0,3.0,Regular Season
201142,Kevin Durant,1628971,Bruce Brown,4,6.9,33.3,9.0,1.0,4.0,0.0,1.0,1.0,0.0,Regular Season
1628983,Shai Gilgeous-Alexander,1627759,Jaylen Brown,2,7.3,33.3,7.0,2.0,3.0,1.0,1.0,0.0,1.0,Regular Season
204456,T.J. McConnell,203468,CJ McCollum,4,7.4,33.3,8.0,3.0,9.0,0.0,2.0,0.0,1.0,Regular Season
1642854,Asa Newell,203944,Julius Randle,2,6.6,33.3,2.0,1.0,1.0,0.0,0.0,1.0,0.0,Regular Season
1642259,Alex Sarr,203497,Rudy Gobert,1,6.1,33.3,5.0,2.0,7.0,1.0,2.0,2.0,0.0,Regular Season
203497,Rudy Gobert,204001,Kristaps Porziņģis,2,6.8,33.3,4.0,1.0,1.0,0.0,0.0,0.0,1.0,Regular Season
203083,Andre Drummond,1629057,Robert Williams III,2,6.0,33.3,2.0,1.0,4.0,0.0,1.0,1.0,0.0,Regular Season
1630173,Precious Achiuwa,1629611,Terance Mann,2,6.9,33.3,8.0,3.0,3.0,0.0,0.0,1.0,1.0,Regular Season
1629111,Jock Landale,1629048,Goga Bitadze,3,7.0,33.3,11.0,4.0,4.0,2.0,2.0,2.0,0.0,Regular Season
202695,Kawhi Leonard,1629631,De'Andre Hunter,2,6.6,33.3,12.0,5.0,10.0,1.0,5.0,1.0,1.0,Regular Season
1628374,Lauri Markkanen,1630191,Isaiah Stewart,2,6.8,33.3,14.0,5.0,10.0,2.0,4.0,0.0,1.0,Regular Season
1630249,Vít Krejčí,1629656,Quentin Grimes,3,8.1,33.3,9.0,3.0,6.0,3.0,4.0,1.0,0.0,Regular Season
1630577,Julian Champagnie,1629628,RJ Barrett,2,6.2,33.3,5.0,2.0,6.0,1.0,5.0,0.0,0.0,Regular Season
1642883,Sion James,1629029,Luka Dončić,2,6.6,33.3,3.0,1.0,4.0,0.0,3.0,1.0,1.0,Regular Season
1631243,Mouhamed Gueye,1631094,Paolo Banchero,4,5.5,33.3,3.0,1.0,3.0,1.0,3.0,1.0,0.0,Regular Season
1629008,Michael Porter Jr.,1630700,Dyson Daniels,2,7.2,33.3,7.0,3.0,9.0,1.0,5.0,1.0,0.0,Regular Season
203076,Anthony Davis,1631105,Jalen Duren,1,7.8,33.3,3.0,1.0,6.0,1.0,2.0,1.0,0.0,Regular Season
1627741,Buddy Hield,1631170,Jaime Jaquez Jr.,3,5.8,33.3,9.0,3.0,11.0,3.0,10.0,0.0,0.0,Regular Season
1630568,Luka Garza,1641705,Victor Wembanyama,2,6.4,33.2,8.0,3.0,5.0,2.0,3.0,0.0,0.0,Regular Season
1628370,Malik Monk,1631222,Jake LaRavia,4,6.7,33.2,12.0,4.0,9.0,4.0,9.0,3.0,0.0,Regular Season
1630230,Naji Marshall,1631212,Peyton Watson,4,5.7,33.2,9.0,3.0,6.0,1.0,2.0,1.0,1.0,Regular Season
1626167,Myles Turner,1631230,Dominick Barlow,3,8.6,33.2,11.0,3.0,6.0,2.0,5.0,0.0,2.0,Regular Season
1631101,Shaedon Sharpe,1631222,Jake LaRavia,3,5.1,33.2,6.0,2.0,8.0,0.0,5.0,1.0,2.0,Regular Season
1630572,Sandro Mamukelashvili,1631217,Moussa Diabaté,4,7.5,33.2,7.0,3.0,7.0,1.0,2.0,0.0,0.0,Regular Season
1641824,Matas Buzelis,1641710,Anthony Black,4,5.7,33.2,10.0,3.0,10.0,3.0,8.0,0.0,0.0,Regular Season
1628989,Kevin Huerter,1641710,Anthony Black,3,6.4,33.2,11.0,5.0,7.0,1.0,2.0,1.0,0.0,Regular Season
1642267,Bub Carrington,1641842,Ronald Holland II,4,6.9,33.2,5.0,1.0,2.0,1.0,2.0,0.0,1.0,Regular Season
1630573,Sam Hauser,1641783,Tristan da Silva,3,7.7,33.2,6.0,2.0,3.0,2.0,2.0,0.0,0.0,Regular Season
1626157,Karl-Anthony Towns,1642271,Kyle Filipowski,2,6.7,33.2,5.0,1.0,5.0,1.0,2.0,1.0,1.0,Regular Season
202710,Jimmy Butler III,1641739,Toumani Camara,4,5.5,33.2,16.0,5.0,7.0,0.0,1.0,1.0,4.0,Regular Season
1642843,Cooper Flagg,1642844,Dylan Harper,4,7.3,33.2,5.0,1.0,4.0,1.0,1.0,0.0,1.0,Regular Season
202699,Tobias Harris,1642860,Will Riley,2,4.9,33.2,3.0,1.0,3.0,0.0,0.0,0.0,1.0,Regular Season
1641824,Matas Buzelis,1630217,Desmond Bane,4,6.0,33.2,7.0,3.0,8.0,0.0,4.0,1.0,1.0,Regular Season
1642263,Reed Sheppard,1630692,Jordan Goodwin,4,6.7,33.2,0.0,0.0,1.0,0.0,1.0,3.0,0.0,Regular Season
1628415,Dillon Brooks,1630541,Moses Moody,3,8.5,33.2,10.0,4.0,11.0,1.0,3.0,2.0,1.0,Regular Season
1629631,De'Andre Hunter,1630581,Josh Giddey,3,6.0,33.2,5.0,1.0,5.0,1.0,3.0,3.0,0.0,Regular Season
1631133,Jabari Walker,1630572,Sandro Mamukelashvili,4,7.1,33.2,6.0,2.0,3.0,1.0,2.0,2.0,0.0,Regular Season
203999,Nikola Jokić,1630183,Jaden McDaniels,4,4.4,33.2,16.0,4.0,7.0,1.0,2.0,0.0,2.0,Regular Season
1629611,Terance Mann,1629656,Quentin Grimes,3,6.3,33.2,0.0,0.0,0.0,0.0,0.0,0.0,0.0,Regular Season
1628970,Miles Bridges,1630170,Devin Vassell,2,7.2,33.2,0.0,0.0,1.0,0.0,1.0,0.0,0.0,Regular Season
1628401,Derrick White,1629645,Kevin Porter Jr.,2,8.8,33.2,5.0,1.0,2.0,1.0,1.0,0.0,1.0,Regular Season
1630577,Julian Champagnie,1630180,Saddiq Bey,4,6.8,33.2,0.0,0.0,2.0,0.0,2.0,0.0,0.0,Regular Season
1629060,Rui Hachimura,1629023,P.J. Washington,4,5.6,33.2,16.0,5.0,6.0,5.0,5.0,0.0,1.0,Regular Season
1630559,Austin Reaves,1627780,Gary Payton II,3,5.5,33.2,11.0,4.0,7.0,2.0,4.0,1.0,1.0,Regular Season
1641796,Pelle Larsson,1628398,Kyle Kuzma,3,7.0,33.2,11.0,4.0,6.0,1.0,2.0,1.0,1.0,Regular Season
1642270,Donovan Clingan,1628389,Bam Adebayo,1,6.0,33.2,7.0,3.0,4.0,1.0,2.0,1.0,0.0,Regular Season
1642270,Donovan Clingan,1628386,Jarrett Allen,1,5.7,33.2,3.0,1.0,6.0,1.0,3.0,0.0,0.0,Regular Season
203897,Zach LaVine,1628415,Dillon Brooks,2,5.8,33.2,3.0,1.0,7.0,1.0,5.0,1.0,0.0,Regular Season
202699,Tobias Harris,1628415,Dillon Brooks,2,6.1,33.2,14.0,6.0,8.0,2.0,4.0,1.0,0.0,Regular Season
1630552,Jalen Johnson,1628401,Derrick White,4,5.0,33.2,9.0,2.0,5.0,1.0,2.0,2.0,2.0,Regular Season
1630552,Jalen Johnson,201935,James Harden,3,6.6,33.2,4.0,1.0,5.0,0.0,2.0,3.0,1.0,Regular Season
1630168,Onyeka Okongwu,201935,James Harden,4,6.1,33.2,0.0,0.0,1.0,0.0,1.0,0.0,0.0,Regular Season
1628971,Bruce Brown,201942,DeMar DeRozan,4,6.4,33.2,5.0,2.0,4.0,1.0,1.0,0.0,0.0,Regular Season
1629216,Gabe Vincent,201939,Stephen Curry,1,6.2,33.2,0.0,0.0,1.0,0.0,1.0,0.0,0.0,Regular Season
1642461,Spencer Jones,202699,Tobias Harris,1,6.8,33.2,3.0,1.0,1.0,1.0,1.0,1.0,0.0,Regular Season
1642377,Jaylen Wells,202695,Kawhi Leonard,4,4.7,33.2,2.0,1.0,4.0,0.0,3.0,0.0,0.0,Regular Season
203507,Giannis Antetokounmpo,203114,Khris Middleton,3,6.0,33.1,21.0,7.0,11.0,0.0,1.0,4.0,5.0,Regular Season
203952,Andrew Wiggins,1626220,Royce O'Neale,2,6.6,33.1,4.0,2.0,6.0,0.0,1.0,0.0,0.0,Regular Season
1629006,Josh Okogie,203468,CJ McCollum,3,7.1,33.1,3.0,1.0,3.0,1.0,2.0,0.0,0.0,Regular Season
1631117,Walker Kessler,1627734,Domantas Sabonis,1,7.3,33.1,1.0,0.0,0.0,0.0,0.0,4.0,1.0,Regular Season
1629627,Zion Williamson,1642345,Oso Ighodaro,3,6.9,33.1,15.0,2.0,4.0,0.0,0.0,0.0,6.0,Regular Season
1641740,Jaylen Clark,1642847,Jeremiah Fears,4,6.7,33.1,6.0,2.0,5.0,1.0,4.0,0.0,1.0,Regular Season
1626167,Myles Turner,1642276,Kel'el Ware,3,6.2,33.1,7.0,2.0,5.0,1.0,4.0,2.0,2.0,Regular Season
1630591,Jalen Suggs,1642281,Jaylon Tyson,3,6.7,33.1,3.0,1.0,4.0,1.0,2.0,0.0,0.0,Regular Season
1626164,Devin Booker,1631095,Jabari Smith Jr.,3,5.9,33.1,13.0,4.0,8.0,1.0,4.0,3.0,2.0,Regular Season
1628970,Miles Bridges,1631212,Peyton Watson,2,6.8,33.1,6.0,3.0,6.0,0.0,1.0,0.0,0.0,Regular Season
1630573,Sam Hauser,1631260,AJ Green,3,9.3,33.1,9.0,3.0,4.0,3.0,4.0,0.0,0.0,Regular Season
1631260,AJ Green,1642272,Jared McCain,3,6.5,33.1,6.0,2.0,3.0,2.0,2.0,0.0,0.0,Regular Season
1629627,Zion Williamson,1641739,Toumani Camara,2,5.8,33.1,4.0,1.0,5.0,0.0,0.0,1.0,1.0,Regular Season
1631170,Jaime Jaquez Jr.,1641730,Noah Clowney,3,5.7,33.1,9.0,4.0,6.0,0.0,0.0,0.0,1.0,Regular Season
1629675,Naz Reid,1641765,Olivier-Maxence Prosper,4,6.3,33.1,2.0,1.0,6.0,0.0,3.0,1.0,0.0,Regular Season
1631170,Jaime Jaquez Jr.,1628970,Miles Bridges,4,6.5,33.1,7.0,2.0,6.0,0.0,2.0,0.0,2.0,Regular Season
1631108,Max Christie,1629018,Gary Trent Jr.,2,6.9,33.1,0.0,0.0,3.0,0.0,2.0,1.0,0.0,Regular Season
1641764,Brandin Podziemski,1628379,Luke Kennard,4,7.7,33.1,6.0,3.0,6.0,0.0,0.0,0.0,0.0,Regular Season
202331,Paul George,1628378,Donovan Mitchell,2,7.2,33.1,3.0,1.0,3.0,1.0,3.0,0.0,0.0,Regular Season
203076,Anthony Davis,1630567,Scottie Barnes,1,6.2,33.1,7.0,3.0,4.0,0.0,1.0,0.0,1.0,Regular Season
1642856,Egor Dëmin,1630591,Jalen Suggs,2,8.1,33.1,19.0,6.0,12.0,4.0,8.0,1.0,0.0,Regular Season
1630558,Davion Mitchell,1630241,Sam Merrill,4,6.0,33.1,0.0,0.0,1.0,0.0,0.0,3.0,0.0,Regular Season
1630166,Deni Avdija,1630533,Ziaire Williams,2,6.4,33.1,6.0,0.0,1.0,0.0,0.0,0.0,3.0,Regular Season
1627739,Kris Dunn,1630217,Desmond Bane,2,6.8,33.1,2.0,1.0,2.0,0.0,0.0,0.0,1.0,Regular Season
202710,Jimmy Butler III,1630552,Jalen Johnson,1,6.6,33.1,0.0,0.0,5.0,0.0,3.0,0.0,0.0,Regular Season
1628368,De'Aaron Fox,1630162,Anthony Edwards,3,7.0,33.1,9.0,4.0,8.0,1.0,5.0,0.0,0.0,Regular Season
1631097,Bennedict Mathurin,1629631,De'Andre Hunter,2,6.4,33.1,0.0,0.0,3.0,0.0,2.0,1.0,0.0,Regular Season
1642377,Jaylen Wells,1629640,Keldon Johnson,3,6.5,33.1,5.0,2.0,5.0,0.0,1.0,0.0,2.0,Regular Season
1629048,Goga Bitadze,1629111,Jock Landale,3,7.7,33.1,4.0,2.0,3.0,0.0,0.0,1.0,0.0,Regular Season
1630700,Dyson Daniels,1629614,Andrew Nembhard,2,6.6,33.1,11.0,5.0,8.0,1.0,2.0,1.0,0.0,Regular Season
1629027,Trae Young,1630193,Immanuel Quickley,1,4.9,33.1,5.0,1.0,1.0,0.0,0.0,1.0,2.0,Regular Season
1627936,Alex Caruso,1629675,Naz Reid,3,5.9,33.0,7.0,3.0,6.0,1.0,3.0,0.0,0.0,Regular Season
1630193,Immanuel Quickley,1629656,Quentin Grimes,4,5.3,33.0,2.0,1.0,3.0,0.0,1.0,0.0,0.0,Regular Season
1628404,Josh Hart,1629674,Neemias Queta,4,7.8,33.0,20.0,7.0,12.0,3.0,7.0,2.0,2.0,Regular Season
1642276,Kel'el Ware,1630194,Paul Reed,3,6.4,33.0,8.0,4.0,6.0,0.0,1.0,0.0,0.0,Regular Season
1631096,Chet Holmgren,1629060,Rui Hachimura,4,6.0,33.0,5.0,2.0,4.0,0.0,2.0,0.0,1.0,Regular Season
1641729,Brice Sensabaugh,1631128,Christian Braun,3,6.0,33.0,8.0,2.0,2.0,2.0,2.0,3.0,1.0,Regular Season
1628384,OG Anunoby,1631097,Bennedict Mathurin,2,7.8,33.0,7.0,3.0,7.0,1.0,5.0,1.0,0.0,Regular Season
1631108,Max Christie,1631260,AJ Green,2,5.7,33.0,0.0,0.0,2.0,0.0,1.0,1.0,0.0,Regular Season
1628991,Jaren Jackson Jr.,1631114,Jalen Williams,2,6.8,33.0,4.0,1.0,2.0,0.0,0.0,0.0,1.0,Regular Season
1630595,Cade Cunningham,1631248,Baylor Scheierman,4,5.8,33.0,14.0,4.0,8.0,2.0,4.0,1.0,1.0,Regular Season
1642851,Kon Knueppel,203952,Andrew Wiggins,2,6.8,33.0,12.0,4.0,8.0,4.0,7.0,0.0,0.0,Regular Season
203507,Giannis Antetokounmpo,203944,Julius Randle,1,6.1,33.0,10.0,4.0,7.0,0.0,1.0,0.0,2.0,Regular Season
1642262,Cody Williams,203944,Julius Randle,2,5.3,33.0,4.0,2.0,2.0,0.0,0.0,0.0,0.0,Regular Season
1631096,Chet Holmgren,201142,Kevin Durant,3,6.7,33.0,6.0,2.0,6.0,0.0,2.0,1.0,1.0,Regular Season
1630696,Dru Smith,203903,Jordan Clarkson,4,6.4,33.0,9.0,1.0,1.0,1.0,1.0,0.0,3.0,Regular Season
203924,Jerami Grant,201142,Kevin Durant,2,4.8,33.0,5.0,1.0,5.0,1.0,3.0,0.0,1.0,Regular Season
1629723,John Konchar,1642942,Jahmai Mashack,2,4.7,33.0,9.0,3.0,5.0,1.0,3.0,0.0,1.0,Regular Season
1642852,Derik Queen,1642866,Joan Beringer,1,5.7,33.0,14.0,4.0,10.0,1.0,1.0,0.0,3.0,Regular Season
1630578,Alperen Sengun,1642274,Yves Missi,3,7.1,33.0,14.0,5.0,14.0,2.0,3.0,0.0,1.0,Regular Season
1630224,Jalen Green,1642851,Kon Knueppel,2,6.5,33.0,10.0,4.0,10.0,2.0,5.0,1.0,0.0,Regular Season
1629029,Luka Dončić,1642877,Micah Peavy,3,6.5,33.0,12.0,1.0,7.0,1.0,4.0,0.0,3.0,Regular Season
1629611,Terance Mann,1642843,Cooper Flagg,2,6.8,33.0,5.0,2.0,4.0,1.0,3.0,0.0,0.0,Regular Season
203944,Julius Randle,1642852,Derik Queen,3,5.1,33.0,17.0,6.0,11.0,0.0,1.0,3.0,3.0,Regular Season
1642846,Ace Bailey,1642377,Jaylen Wells,3,5.6,33.0,4.0,2.0,8.0,0.0,5.0,1.0,0.0,Regular Season
201587,Nicolas Batum,1630551,Justin Champagnie,2,6.2,33.0,6.0,2.0,5.0,2.0,5.0,1.0,0.0,Regular Season
1641717,Cason Wallace,1630200,Tre Jones,2,5.6,33.0,2.0,0.0,3.0,0.0,2.0,2.0,1.0,Regular Season
1642264,Stephon Castle,1630567,Scottie Barnes,2,6.0,33.0,7.0,3.0,4.0,0.0,0.0,2.0,1.0,Regular Season
201566,Russell Westbrook,1641718,Keyonte George,2,6.1,33.0,3.0,1.0,5.0,1.0,3.0,2.0,0.0,Regular Season
1630558,Davion Mitchell,1642258,Zaccharie Risacher,4,5.5,33.0,7.0,3.0,3.0,1.0,1.0,0.0,0.0,Regular Season
1641767,Ben Sheppard,1629014,Anfernee Simons,2,6.1,33.0,0.0,0.0,3.0,0.0,3.0,0.0,0.0,Regular Season
1630168,Onyeka Okongwu,1628963,Marvin Bagley III,3,6.2,33.0,6.0,3.0,6.0,0.0,1.0,0.0,0.0,Regular Season
201567,Kevin Love,1628976,Wendell Carter Jr.,1,4.8,33.0,9.0,3.0,3.0,3.0,3.0,0.0,0.0,Regular Season
1628381,John Collins,1628378,Donovan Mitchell,2,6.3,33.0,9.0,3.0,4.0,0.0,1.0,1.0,2.0,Regular Season
1641716,Jarace Walker,1629018,Gary Trent Jr.,3,6.6,33.0,0.0,0.0,2.0,0.0,1.0,0.0,0.0,Regular Season
1642843,Cooper Flagg,1627739,Kris Dunn,4,7.1,33.0,6.0,3.0,7.0,0.0,1.0,0.0,0.0,Regular Season
1629614,Andrew Nembhard,1628368,De'Aaron Fox,2,5.7,33.0,13.0,4.0,4.0,2.0,2.0,0.0,2.0,Regular Season
1641783,Tristan da Silva,1628378,Donovan Mitchell,4,7.7,33.0,8.0,3.0,3.0,2.0,2.0,0.0,0.0,Regular Season
201935,James Harden,1627759,Jaylen Brown,3,5.6,32.9,13.0,3.0,6.0,2.0,3.0,2.0,2.0,Regular Season
1630183,Jaden McDaniels,1629004,Svi Mykhailiuk,3,5.9,32.9,2.0,1.0,4.0,0.0,1.0,0.0,0.0,Regular Season
1629020,Jarred Vanderbilt,1628991,Jaren Jackson Jr.,3,7.9,32.9,7.0,3.0,4.0,1.0,2.0,1.0,0.0,Regular Season
1628379,Luke Kennard,1628989,Kevin Huerter,4,6.1,32.9,2.0,0.0,1.0,0.0,1.0,1.0,1.0,Regular Season
1630171,Isaac Okoro,1628374,Lauri Markkanen,1,5.5,32.9,0.0,0.0,2.0,0.0,0.0,0.0,0.0,Regular Season
1641707,Taylor Hendricks,1628970,Miles Bridges,3,6.2,32.9,2.0,0.0,2.0,0.0,1.0,0.0,0.0,Regular Season
1630552,Jalen Johnson,1631170,Jaime Jaquez Jr.,3,6.9,32.9,12.0,6.0,14.0,0.0,2.0,1.0,0.0,Regular Season
1630568,Luka Garza,1631105,Jalen Duren,3,7.4,32.9,0.0,0.0,3.0,0.0,3.0,0.0,0.0,Regular Season
1631097,Bennedict Mathurin,1630183,Jaden McDaniels,2,6.8,32.9,5.0,2.0,4.0,1.0,1.0,3.0,0.0,Regular Season
1630540,Miles McBride,1630193,Immanuel Quickley,1,7.3,32.9,2.0,1.0,2.0,0.0,1.0,0.0,0.0,Regular Season
1641705,Victor Wembanyama,1629028,Deandre Ayton,2,4.2,32.9,4.0,2.0,4.0,0.0,0.0,3.0,0.0,Regular Season
1629130,Duncan Robinson,1629628,RJ Barrett,3,5.3,32.9,6.0,2.0,3.0,1.0,2.0,1.0,1.0,Regular Season
1642883,Sion James,1629636,Darius Garland,2,7.2,32.9,8.0,2.0,3.0,2.0,3.0,0.0,1.0,Regular Season
203897,Zach LaVine,1629652,Luguentz Dort,2,6.8,32.9,10.0,3.0,6.0,1.0,3.0,1.0,1.0,Regular Season
1642345,Oso Ighodaro,1630168,Onyeka Okongwu,2,7.6,32.9,2.0,1.0,2.0,0.0,0.0,0.0,0.0,Regular Season
203497,Rudy Gobert,1629234,Drew Eubanks,3,6.3,32.9,2.0,1.0,1.0,0.0,0.0,0.0,0.0,Regular Season
1641783,Tristan da Silva,201942,DeMar DeRozan,2,7.0,32.9,9.0,3.0,4.0,3.0,4.0,1.0,0.0,Regular Season
1626157,Karl-Anthony Towns,201572,Brook Lopez,2,7.9,32.9,13.0,5.0,8.0,3.0,3.0,0.0,0.0,Regular Season
1628975,Jevon Carter,203471,Dennis Schröder,2,6.3,32.9,6.0,2.0,4.0,2.0,4.0,0.0,0.0,Regular Season
1641729,Brice Sensabaugh,201142,Kevin Durant,4,6.1,32.9,14.0,4.0,6.0,3.0,4.0,0.0,1.0,Regular Season
1630173,Precious Achiuwa,202699,Tobias Harris,2,6.9,32.9,0.0,0.0,1.0,0.0,0.0,0.0,0.0,Regular Season
202699,Tobias Harris,1626220,Royce O'Neale,2,7.0,32.9,6.0,3.0,3.0,0.0,0.0,0.0,0.0,Regular Season
203939,Dwight Powell,203999,Nikola Jokić,2,6.7,32.9,2.0,1.0,1.0,0.0,0.0,0.0,1.0,Regular Season
1642920,Kobe Sanders,201939,Stephen Curry,2,8.4,32.9,7.0,3.0,7.0,1.0,1.0,1.0,0.0,Regular Season
1631221,Collin Gillespie,1641783,Tristan da Silva,2,7.6,32.9,3.0,1.0,5.0,1.0,5.0,1.0,0.0,Regular Season
1630578,Alperen Sengun,1642259,Alex Sarr,1,7.0,32.9,10.0,3.0,7.0,2.0,2.0,1.0,1.0,Regular Season
1628970,Miles Bridges,1641713,GG Jackson,2,6.3,32.9,4.0,2.0,3.0,0.0,0.0,0.0,0.0,Regular Season
201942,DeMar DeRozan,1642264,Stephon Castle,3,6.5,32.9,11.0,3.0,7.0,0.0,1.0,1.0,3.0,Regular Season
1630578,Alperen Sengun,1642461,Spencer Jones,4,8.9,32.9,10.0,4.0,7.0,0.0,0.0,2.0,2.0,Regular Season
1631157,Ryan Rollins,1642348,Justin Edwards,2,5.5,32.9,6.0,3.0,5.0,0.0,0.0,1.0,0.0,Regular Season
1642950,Lachlan Olbrich,1642882,Julian Reese,2,5.5,32.9,5.0,2.0,4.0,0.0,1.0,0.0,1.0,Regular Season
203924,Jerami Grant,1642846,Ace Bailey,3,5.6,32.9,3.0,0.0,6.0,0.0,5.0,2.0,1.0,Regular Season
1642267,Bub Carrington,1642347,Jamal Shead,3,6.4,32.9,3.0,1.0,1.0,1.0,1.0,0.0,0.0,Regular Season
1641764,Brandin Podziemski,1642349,Ajay Mitchell,3,6.3,32.9,8.0,3.0,6.0,2.0,3.0,1.0,0.0,Regular Season
1630217,Desmond Bane,1642846,Ace Bailey,2,6.4,32.9,13.0,5.0,7.0,1.0,2.0,1.0,1.0,Regular Season
1631221,Collin Gillespie,1630595,Cade Cunningham,2,6.8,32.9,5.0,2.0,5.0,1.0,4.0,2.0,0.0,Regular Season
1631248,Baylor Scheierman,1630595,Cade Cunningham,4,7.4,32.9,3.0,1.0,2.0,1.0,2.0,0.0,0.0,Regular Season
1626167,Myles Turner,1630619,Moussa Cisse,2,5.1,32.9,7.0,2.0,8.0,1.0,5.0,0.0,2.0,Regular Season
1642262,Cody Williams,1630230,Naji Marshall,4,6.3,32.9,11.0,5.0,7.0,1.0,2.0,0.0,0.0,Regular Season
1642281,Jaylon Tyson,1630217,Desmond Bane,3,6.0,32.9,5.0,2.0,4.0,1.0,2.0,0.0,0.0,Regular Season
202699,Tobias Harris,1630581,Josh Giddey,2,6.6,32.9,7.0,3.0,5.0,0.0,1.0,0.0,1.0,Regular Season
1630230,Naji Marshall,1630595,Cade Cunningham,2,7.3,32.8,4.0,2.0,3.0,0.0,1.0,1.0,0.0,Regular Season
203497,Rudy Gobert,1630572,Sandro Mamukelashvili,2,8.2,32.8,2.0,1.0,1.0,0.0,0.0,0.0,0.0,Regular Season
1630577,Julian Champagnie,1630198,Isaiah Joe,4,6.8,32.8,2.0,1.0,4.0,0.0,3.0,0.0,0.0,Regular Season
1630208,Nick Richards,1630578,Alperen Sengun,2,6.3,32.8,9.0,3.0,7.0,1.0,2.0,0.0,2.0,Regular Season
1630245,Ayo Dosunmu,1630591,Jalen Suggs,3,5.5,32.8,5.0,2.0,5.0,1.0,3.0,1.0,0.0,Regular Season
1628973,Jalen Brunson,1630534,Ochai Agbaji,3,7.0,32.8,9.0,4.0,6.0,1.0,2.0,0.0,0.0,Regular Season
1641708,Amen Thompson,1629614,Andrew Nembhard,2,6.7,32.8,0.0,0.0,1.0,0.0,1.0,1.0,0.0,Regular Season
201935,James Harden,1629029,Luka Dončić,4,5.6,32.8,10.0,3.0,7.0,1.0,2.0,3.0,1.0,Regular Season
1641767,Ben Sheppard,1630178,Tyrese Maxey,2,5.6,32.8,5.0,1.0,1.0,1.0,1.0,0.0,1.0,Regular Season
202710,Jimmy Butler III,1629004,Svi Mykhailiuk,2,5.6,32.8,8.0,3.0,5.0,1.0,1.0,0.0,1.0,Regular Season
1627826,Ivica Zubac,1628991,Jaren Jackson Jr.,3,6.8,32.8,2.0,1.0,5.0,0.0,0.0,0.0,0.0,Regular Season
1631121,Bryce McGowens,1628978,Donte DiVincenzo,3,6.5,32.8,5.0,2.0,2.0,0.0,0.0,0.0,1.0,Regular Season
203076,Anthony Davis,1628392,Isaiah Hartenstein,1,7.9,32.8,13.0,5.0,9.0,1.0,2.0,0.0,0.0,Regular Season
1631230,Dominick Barlow,1628389,Bam Adebayo,3,7.2,32.8,7.0,3.0,5.0,1.0,2.0,0.0,0.0,Regular Season
1642274,Yves Missi,1627826,Ivica Zubac,1,5.6,32.8,0.0,0.0,0.0,0.0,0.0,2.0,0.0,Regular Season
1628369,Jayson Tatum,1641706,Brandon Miller,2,7.5,32.8,8.0,3.0,5.0,1.0,2.0,0.0,1.0,Regular Season
1642262,Cody Williams,1631172,Ousmane Dieng,4,5.0,32.8,6.0,2.0,7.0,0.0,2.0,1.0,1.0,Regular Season
1630191,Isaiah Stewart,1631217,Moussa Diabaté,3,6.0,32.8,6.0,2.0,6.0,0.0,2.0,0.0,0.0,Regular Season
1629029,Luka Dončić,1631248,Baylor Scheierman,1,6.8,32.8,7.0,3.0,9.0,1.0,3.0,2.0,0.0,Regular Season
1629731,Dean Wade,1631101,Shaedon Sharpe,2,6.3,32.8,0.0,0.0,3.0,0.0,3.0,0.0,0.0,Regular Season
203501,Tim Hardaway Jr.,1631165,Keon Ellis,4,6.1,32.8,8.0,3.0,7.0,2.0,5.0,0.0,0.0,Regular Season
202685,Jonas Valanciunas,1642382,Branden Carlson,1,7.7,32.8,11.0,5.0,6.0,1.0,1.0,1.0,0.0,Regular Season
201142,Kevin Durant,201942,DeMar DeRozan,4,5.3,32.8,25.0,10.0,13.0,3.0,3.0,0.0,0.0,Regular Season
1629048,Goga Bitadze,202696,Nikola Vučević,3,6.8,32.8,2.0,1.0,3.0,0.0,0.0,0.0,0.0,Regular Season
1630692,Jordan Goodwin,201939,Stephen Curry,3,7.2,32.8,1.0,0.0,2.0,0.0,2.0,1.0,1.0,Regular Season
1642345,Oso Ighodaro,201572,Brook Lopez,4,7.3,32.8,8.0,3.0,6.0,0.0,0.0,0.0,2.0,Regular Season
1629656,Quentin Grimes,1641796,Pelle Larsson,3,6.8,32.8,11.0,4.0,5.0,2.0,2.0,1.0,1.0,Regular Season
1628368,De'Aaron Fox,1641718,Keyonte George,2,6.7,32.8,8.0,3.0,3.0,2.0,2.0,0.0,0.0,Regular Season
1641706,Brandon Miller,1642258,Zaccharie Risacher,3,9.1,32.8,8.0,2.0,8.0,2.0,6.0,0.0,1.0,Regular Season
1629656,Quentin Grimes,1642263,Reed Sheppard,2,5.7,32.8,5.0,2.0,5.0,0.0,2.0,1.0,1.0,Regular Season
1628401,Derrick White,1642273,Kyshawn George,2,7.8,32.8,14.0,6.0,7.0,1.0,2.0,0.0,1.0,Regular Season
1626162,Kelly Oubre Jr.,1641738,Kobe Brown,2,5.5,32.7,2.0,1.0,1.0,0.0,0.0,1.0,0.0,Regular Season
1628991,Jaren Jackson Jr.,1642271,Kyle Filipowski,2,6.1,32.7,13.0,6.0,12.0,1.0,2.0,0.0,1.0,Regular Season
1630178,Tyrese Maxey,1642273,Kyshawn George,2,5.8,32.7,17.0,7.0,13.0,0.0,2.0,2.0,1.0,Regular Season
1630532,Franz Wagner,1628384,OG Anunoby,2,7.2,32.7,2.0,1.0,6.0,0.0,3.0,0.0,1.0,Regular Season
1629216,Gabe Vincent,1628370,Malik Monk,3,7.4,32.7,0.0,0.0,2.0,0.0,2.0,1.0,0.0,Regular Season
1642274,Yves Missi,1628976,Wendell Carter Jr.,1,5.5,32.7,6.0,3.0,3.0,0.0,0.0,0.0,1.0,Regular Season
1630695,Micah Potter,1628389,Bam Adebayo,2,6.1,32.7,15.0,5.0,7.0,5.0,6.0,1.0,0.0,Regular Season
1642271,Kyle Filipowski,1630619,Moussa Cisse,3,6.9,32.7,8.0,3.0,7.0,1.0,3.0,2.0,1.0,Regular Season
1642270,Donovan Clingan,1630578,Alperen Sengun,2,7.0,32.7,16.0,7.0,8.0,1.0,2.0,0.0,2.0,Regular Season
1628404,Josh Hart,1630578,Alperen Sengun,2,7.5,32.7,5.0,2.0,8.0,1.0,4.0,2.0,0.0,Regular Season
1627750,Jamal Murray,1642907,Cedric Coward,3,7.5,32.7,6.0,2.0,5.0,0.0,1.0,0.0,1.0,Regular Season
1630581,Josh Giddey,1642954,Will Richard,2,5.8,32.7,8.0,3.0,6.0,1.0,1.0,1.0,1.0,Regular Season
1642867,Collin Murray-Boyles,1630188,Jalen Smith,2,7.7,32.7,6.0,3.0,4.0,0.0,0.0,0.0,0.0,Regular Season
1630171,Isaac Okoro,1630178,Tyrese Maxey,2,5.5,32.7,3.0,1.0,3.0,1.0,2.0,0.0,0.0,Regular Season
1630578,Alperen Sengun,1629111,Jock Landale,2,8.1,32.7,13.0,6.0,11.0,0.0,2.0,3.0,1.0,Regular Season
201566,Russell Westbrook,1630166,Deni Avdija,3,5.6,32.7,13.0,4.0,6.0,2.0,3.0,0.0,3.0,Regular Season
1626162,Kelly Oubre Jr.,1630193,Immanuel Quickley,3,7.6,32.7,4.0,2.0,3.0,0.0,1.0,1.0,0.0,Regular Season
202699,Tobias Harris,201935,James Harden,2,6.5,32.7,3.0,1.0,3.0,1.0,1.0,0.0,0.0,Regular Season
1629130,Duncan Robinson,203471,Dennis Schröder,4,6.7,32.7,6.0,2.0,4.0,2.0,4.0,0.0,0.0,Regular Season
1631105,Jalen Duren,203999,Nikola Jokić,1,6.7,32.7,7.0,2.0,4.0,0.0,0.0,1.0,2.0,Regular Season
1628378,Donovan Mitchell,1627739,Kris Dunn,2,5.0,32.7,7.0,3.0,5.0,0.0,1.0,1.0,1.0,Regular Season
1642267,Bub Carrington,203897,Zach LaVine,2,6.4,32.7,5.0,1.0,2.0,1.0,2.0,0.0,1.0,Regular Season
1642383,Walter Clayton Jr.,1642844,Dylan Harper,4,8.3,32.7,3.0,1.0,4.0,1.0,2.0,2.0,1.0,Regular Season
1629636,Darius Garland,1642363,Nique Clifford,2,5.6,32.7,9.0,3.0,9.0,1.0,5.0,1.0,1.0,Regular Season
203999,Nikola Jokić,1642274,Yves Missi,2,6.4,32.6,17.0,7.0,11.0,2.0,3.0,2.0,1.0,Regular Season
1631095,Jabari Smith Jr.,1642851,Kon Knueppel,2,6.8,32.6,8.0,3.0,5.0,1.0,2.0,0.0,1.0,Regular Season
1642270,Donovan Clingan,1642852,Derik Queen,2,6.2,32.6,0.0,0.0,3.0,0.0,2.0,0.0,0.0,Regular Season
1641737,Adem Bona,1642874,Danny Wolf,3,6.6,32.6,5.0,2.0,2.0,0.0,0.0,0.0,1.0,Regular Season
1642954,Will Richard,1642860,Will Riley,2,6.7,32.6,3.0,1.0,2.0,1.0,2.0,0.0,0.0,Regular Season
1629673,Jordan Poole,1643016,Bez Mbeng,1,3.7,32.6,9.0,3.0,7.0,2.0,5.0,1.0,1.0,Regular Season
203994,Jusuf Nurkić,1628396,Tony Bradley,1,6.0,32.6,0.0,0.0,2.0,0.0,0.0,0.0,0.0,Regular Season
1628971,Bruce Brown,1628370,Malik Monk,3,6.0,32.6,2.0,1.0,4.0,0.0,1.0,1.0,0.0,Regular Season
1630217,Desmond Bane,1628378,Donovan Mitchell,4,6.3,32.6,11.0,3.0,9.0,1.0,5.0,0.0,1.0,Regular Season
1641705,Victor Wembanyama,1628384,OG Anunoby,2,6.0,32.6,6.0,3.0,7.0,0.0,1.0,0.0,0.0,Regular Season
1629673,Jordan Poole,1641739,Toumani Camara,2,5.5,32.6,17.0,6.0,10.0,4.0,7.0,2.0,1.0,Regular Season
1631097,Bennedict Mathurin,1642266,Ja'Kobe Walter,2,7.7,32.6,5.0,1.0,4.0,0.0,1.0,1.0,2.0,Regular Season
1641824,Matas Buzelis,1641842,Ronald Holland II,4,4.8,32.6,0.0,0.0,4.0,0.0,2.0,0.0,0.0,Regular Season
1629008,Michael Porter Jr.,1641775,Jordan Walsh,3,6.7,32.6,6.0,1.0,3.0,1.0,2.0,2.0,1.0,Regular Season
1629628,RJ Barrett,1630217,Desmond Bane,2,6.1,32.6,4.0,2.0,7.0,0.0,4.0,0.0,0.0,Regular Season
1641709,Ausar Thompson,1630532,Franz Wagner,2,5.3,32.6,7.0,3.0,6.0,1.0,2.0,1.0,0.0,Regular Season
1641709,Ausar Thompson,1630202,Payton Pritchard,4,4.5,32.6,9.0,4.0,5.0,1.0,1.0,0.0,0.0,Regular Season
1631097,Bennedict Mathurin,1630530,Trey Murphy III,2,5.0,32.6,0.0,0.0,2.0,0.0,2.0,1.0,0.0,Regular Season
1641716,Jarace Walker,202710,Jimmy Butler III,2,5.5,32.6,3.0,1.0,2.0,1.0,2.0,1.0,0.0,Regular Season
1642461,Spencer Jones,201935,James Harden,2,5.8,32.6,7.0,2.0,2.0,2.0,2.0,0.0,1.0,Regular Season
1630174,Aaron Nesmith,202695,Kawhi Leonard,2,5.8,32.6,4.0,2.0,5.0,0.0,3.0,0.0,0.0,Regular Season
1626162,Kelly Oubre Jr.,202695,Kawhi Leonard,1,6.4,32.6,8.0,3.0,5.0,2.0,3.0,0.0,0.0,Regular Season
1642347,Jamal Shead,204456,T.J. McConnell,4,6.2,32.6,8.0,1.0,3.0,0.0,1.0,0.0,2.0,Regular Season
201142,Kevin Durant,1631246,Vince Williams Jr.,3,6.8,32.6,9.0,4.0,10.0,1.0,3.0,1.0,0.0,Regular Season
1641708,Amen Thompson,1631321,Sidy Cissoko,4,7.6,32.6,16.0,6.0,9.0,1.0,3.0,1.0,3.0,Regular Season
1629731,Dean Wade,1631094,Paolo Banchero,4,6.0,32.6,0.0,0.0,1.0,0.0,0.0,0.0,0.0,Regular Season
1630245,Ayo Dosunmu,1630178,Tyrese Maxey,3,6.6,32.6,5.0,2.0,5.0,1.0,2.0,0.0,0.0,Regular Season
1628398,Kyle Kuzma,1630180,Saddiq Bey,2,6.8,32.6,3.0,1.0,2.0,1.0,2.0,0.0,0.0,Regular Season
1642276,Kel'el Ware,1629111,Jock Landale,2,5.8,32.6,9.0,4.0,9.0,1.0,2.0,0.0,0.0,Regular Season
202699,Tobias Harris,1630180,Saddiq Bey,2,6.0,32.6,6.0,2.0,7.0,1.0,3.0,0.0,1.0,Regular Season
1627884,Derrick Jones Jr.,1630180,Saddiq Bey,4,5.2,32.6,0.0,0.0,0.0,0.0,0.0,0.0,0.0,Regular Season
1642347,Jamal Shead,1629656,Quentin Grimes,4,6.1,32.6,5.0,2.0,4.0,0.0,1.0,0.0,0.0,Regular Season
1629008,Michael Porter Jr.,1629652,Luguentz Dort,1,6.0,32.5,13.0,4.0,7.0,1.0,4.0,0.0,2.0,Regular Season
1641739,Toumani Camara,1629023,P.J. Washington,3,6.3,32.5,6.0,2.0,4.0,2.0,3.0,0.0,0.0,Regular Season
1642346,Ryan Dunn,1629675,Naz Reid,3,7.2,32.5,2.0,1.0,3.0,0.0,0.0,0.0,0.0,Regular Season
1631095,Jabari Smith Jr.,1629060,Rui Hachimura,3,6.8,32.5,13.0,4.0,4.0,3.0,3.0,0.0,1.0,Regular Season
1642860,Will Riley,1641796,Pelle Larsson,3,6.1,32.5,5.0,2.0,4.0,1.0,2.0,0.0,0.0,Regular Season
1641764,Brandin Podziemski,1641767,Ben Sheppard,2,6.7,32.5,2.0,1.0,2.0,0.0,1.0,2.0,0.0,Regular Season
1642262,Cody Williams,1641767,Ben Sheppard,2,6.1,32.5,2.0,1.0,2.0,0.0,1.0,0.0,0.0,Regular Season
1626145,Tyus Jones,1642844,Dylan Harper,6,7.5,32.5,7.0,3.0,3.0,1.0,1.0,0.0,0.0,Regular Season
1630202,Payton Pritchard,1642883,Sion James,3,7.6,32.5,2.0,0.0,3.0,0.0,2.0,2.0,0.0,Regular Season
203991,Clint Capela,1642345,Oso Ighodaro,4,7.9,32.5,2.0,1.0,3.0,0.0,0.0,0.0,0.0,Regular Season
1642267,Bub Carrington,1642285,Cam Spencer,2,6.3,32.5,5.0,2.0,6.0,1.0,2.0,1.0,0.0,Regular Season
1628368,De'Aaron Fox,1642450,Daniss Jenkins,2,6.1,32.5,4.0,2.0,7.0,0.0,2.0,0.0,1.0,Regular Season
1629014,Anfernee Simons,1642845,VJ Edgecombe,3,7.3,32.5,1.0,0.0,8.0,0.0,4.0,0.0,1.0,Regular Season
1631221,Collin Gillespie,1642848,Tre Johnson,2,6.1,32.5,10.0,3.0,4.0,2.0,3.0,0.0,1.0,Regular Season
1642258,Zaccharie Risacher,1642851,Kon Knueppel,4,5.3,32.5,6.0,2.0,5.0,2.0,4.0,1.0,0.0,Regular Season
1630581,Josh Giddey,1627884,Derrick Jones Jr.,1,6.0,32.5,8.0,3.0,5.0,2.0,4.0,2.0,0.0,Regular Season
1631217,Moussa Diabaté,1628418,Thomas Bryant,2,8.4,32.5,9.0,4.0,4.0,0.0,0.0,2.0,1.0,Regular Season
1642883,Sion James,1628983,Shai Gilgeous-Alexander,2,6.0,32.5,0.0,0.0,2.0,0.0,1.0,1.0,0.0,Regular Season
1642281,Jaylon Tyson,1627750,Jamal Murray,2,5.8,32.5,0.0,0.0,1.0,0.0,1.0,1.0,0.0,Regular Season
203084,Harrison Barnes,1627750,Jamal Murray,3,6.2,32.5,11.0,4.0,6.0,2.0,4.0,0.0,1.0,Regular Season
1630692,Jordan Goodwin,1628988,Aaron Holiday,4,6.4,32.5,0.0,0.0,4.0,0.0,3.0,2.0,0.0,Regular Season
1642268,Isaiah Collier,1627739,Kris Dunn,2,6.2,32.5,3.0,1.0,1.0,0.0,0.0,0.0,1.0,Regular Season
1630552,Jalen Johnson,1627783,Pascal Siakam,3,5.2,32.5,9.0,3.0,8.0,1.0,1.0,1.0,1.0,Regular Season
1628368,De'Aaron Fox,1641706,Brandon Miller,2,6.8,32.5,7.0,3.0,9.0,1.0,4.0,0.0,0.0,Regular Season
203083,Andre Drummond,1631217,Moussa Diabaté,3,6.4,32.5,4.0,2.0,3.0,0.0,0.0,1.0,0.0,Regular Season
1631094,Paolo Banchero,1631246,Vince Williams Jr.,3,7.0,32.5,2.0,0.0,0.0,0.0,0.0,0.0,1.0,Regular Season
1630173,Precious Achiuwa,1631230,Dominick Barlow,2,6.4,32.5,6.0,2.0,4.0,0.0,1.0,0.0,1.0,Regular Season
1631105,Jalen Duren,1630568,Luka Garza,3,6.6,32.5,11.0,3.0,4.0,0.0,0.0,1.0,3.0,Regular Season
1630170,Devin Vassell,1630595,Cade Cunningham,2,7.0,32.5,15.0,5.0,6.0,4.0,5.0,0.0,0.0,Regular Season
2544,LeBron James,1630541,Moses Moody,2,5.8,32.5,5.0,2.0,5.0,1.0,2.0,1.0,0.0,Regular Season
1641775,Jordan Walsh,1630595,Cade Cunningham,3,5.8,32.5,5.0,2.0,4.0,1.0,1.0,2.0,0.0,Regular Season
1628374,Lauri Markkanen,1630567,Scottie Barnes,1,6.3,32.5,8.0,2.0,3.0,0.0,0.0,0.0,0.0,Regular Season
203944,Julius Randle,1630567,Scottie Barnes,2,5.3,32.5,3.0,1.0,5.0,0.0,0.0,3.0,1.0,Regular Season
1629012,Collin Sexton,1630631,Jose Alvarado,4,7.5,32.5,3.0,1.0,2.0,1.0,2.0,0.0,0.0,Regular Season
1629011,Mitchell Robinson,1630619,Moussa Cisse,2,6.6,32.5,4.0,2.0,2.0,0.0,0.0,1.0,1.0,Regular Season
1631217,Moussa Diabaté,1626171,Bobby Portis Jr.,3,7.7,32.5,4.0,2.0,3.0,0.0,0.0,0.0,0.0,Regular Season
203932,Aaron Gordon,203952,Andrew Wiggins,1,6.0,32.5,14.0,5.0,6.0,1.0,1.0,0.0,2.0,Regular Season
1631095,Jabari Smith Jr.,203501,Tim Hardaway Jr.,4,6.4,32.5,8.0,3.0,8.0,2.0,6.0,2.0,0.0,Regular Season
1626220,Royce O'Neale,201566,Russell Westbrook,4,5.5,32.5,9.0,3.0,3.0,3.0,3.0,2.0,0.0,Regular Season
1642852,Derik Queen,203999,Nikola Jokić,1,4.8,32.5,9.0,4.0,7.0,0.0,0.0,1.0,2.0,Regular Season
203897,Zach LaVine,203484,Kentavious Caldwell-Pope,3,6.7,32.5,7.0,2.0,2.0,1.0,1.0,0.0,1.0,Regular Season
1630217,Desmond Bane,1627739,Kris Dunn,2,5.8,32.5,17.0,7.0,8.0,3.0,3.0,0.0,1.0,Regular Season
1631170,Jaime Jaquez Jr.,201935,James Harden,4,5.9,32.5,7.0,3.0,9.0,1.0,4.0,1.0,1.0,Regular Season
2544,LeBron James,202699,Tobias Harris,2,7.2,32.4,4.0,2.0,4.0,0.0,0.0,1.0,0.0,Regular Season
1642270,Donovan Clingan,203939,Dwight Powell,2,7.6,32.4,9.0,4.0,5.0,1.0,1.0,2.0,0.0,Regular Season
203944,Julius Randle,202699,Tobias Harris,2,7.0,32.4,7.0,2.0,8.0,1.0,3.0,3.0,1.0,Regular Season
1642450,Daniss Jenkins,1642347,Jamal Shead,2,6.5,32.4,10.0,3.0,6.0,1.0,3.0,1.0,1.0,Regular Season
1629111,Jock Landale,1642276,Kel'el Ware,2,6.7,32.4,2.0,1.0,5.0,0.0,3.0,1.0,0.0,Regular Season
1642259,Alex Sarr,1642345,Oso Ighodaro,2,6.7,32.4,0.0,0.0,3.0,0.0,1.0,2.0,0.0,Regular Season
1641854,Craig Porter Jr.,1630178,Tyrese Maxey,3,5.6,32.4,2.0,1.0,3.0,0.0,1.0,1.0,0.0,Regular Season
203944,Julius Randle,1629028,Deandre Ayton,3,6.7,32.4,16.0,5.0,13.0,1.0,4.0,2.0,3.0,Regular Season
1627742,Brandon Ingram,1629638,Nickeil Alexander-Walker,4,4.8,32.4,6.0,2.0,4.0,0.0,0.0,2.0,1.0,Regular Season
203110,Draymond Green,1629637,Jaxson Hayes,3,7.3,32.4,2.0,1.0,6.0,0.0,4.0,1.0,1.0,Regular Season
1630228,Jonathan Kuminga,1629661,Cameron Johnson,2,8.1,32.4,2.0,1.0,2.0,0.0,0.0,0.0,0.0,Regular Season
1631221,Collin Gillespie,1642263,Reed Sheppard,4,5.8,32.4,15.0,5.0,7.0,3.0,4.0,1.0,1.0,Regular Season
1627739,Kris Dunn,1641729,Brice Sensabaugh,3,6.8,32.4,0.0,0.0,1.0,0.0,0.0,1.0,0.0,Regular Season
1642874,Danny Wolf,1641737,Adem Bona,3,7.6,32.4,6.0,2.0,5.0,0.0,1.0,0.0,1.0,Regular Season
1641783,Tristan da Silva,1641716,Jarace Walker,3,7.0,32.4,3.0,1.0,5.0,1.0,3.0,0.0,0.0,Regular Season
1628436,Luke Kornet,1641750,Ryan Kalkbrenner,2,7.7,32.4,2.0,0.0,0.0,0.0,0.0,0.0,1.0,Regular Season
201950,Jrue Holiday,1630245,Ayo Dosunmu,3,7.6,32.4,9.0,4.0,9.0,1.0,3.0,0.0,0.0,Regular Season
1641796,Pelle Larsson,1630241,Sam Merrill,4,5.6,32.4,11.0,3.0,4.0,1.0,1.0,1.0,2.0,Regular Season
1641710,Anthony Black,1630202,Payton Pritchard,3,5.1,32.4,0.0,0.0,1.0,0.0,1.0,0.0,0.0,Regular Season
1630581,Josh Giddey,1630567,Scottie Barnes,2,5.9,32.4,3.0,1.0,2.0,0.0,1.0,2.0,2.0,Regular Season
203471,Dennis Schröder,1630200,Tre Jones,2,5.7,32.4,5.0,1.0,3.0,1.0,1.0,1.0,0.0,Regular Season
1630591,Jalen Suggs,1630202,Payton Pritchard,2,6.0,32.4,10.0,3.0,3.0,1.0,1.0,2.0,1.0,Regular Season
1642273,Kyshawn George,1630595,Cade Cunningham,2,5.3,32.4,3.0,0.0,2.0,0.0,1.0,2.0,1.0,Regular Season
1630700,Dyson Daniels,1628976,Wendell Carter Jr.,4,5.8,32.4,12.0,5.0,6.0,0.0,0.0,0.0,1.0,Regular Season
1630170,Devin Vassell,1628989,Kevin Huerter,2,4.7,32.4,2.0,1.0,2.0,0.0,0.0,0.0,0.0,Regular Season
1630172,Patrick Williams,1627759,Jaylen Brown,3,6.9,32.4,3.0,1.0,3.0,1.0,3.0,2.0,0.0,Regular Season
1629111,Jock Landale,1628963,Marvin Bagley III,3,5.7,32.4,4.0,2.0,5.0,0.0,2.0,0.0,0.0,Regular Season
1641713,GG Jackson,1628970,Miles Bridges,2,6.6,32.4,4.0,2.0,7.0,0.0,2.0,1.0,0.0,Regular Season
1642851,Kon Knueppel,1627742,Brandon Ingram,4,5.3,32.4,13.0,4.0,8.0,3.0,6.0,1.0,0.0,Regular Season
202699,Tobias Harris,1628970,Miles Bridges,3,4.0,32.4,3.0,1.0,4.0,0.0,2.0,0.0,1.0,Regular Season
1630559,Austin Reaves,1631157,Ryan Rollins,1,5.9,32.4,5.0,2.0,3.0,1.0,2.0,1.0,0.0,Regular Season
1642267,Bub Carrington,1631260,AJ Green,4,5.9,32.4,8.0,3.0,7.0,2.0,4.0,0.0,0.0,Regular Season
1626164,Devin Booker,1641706,Brandon Miller,2,7.5,32.4,19.0,6.0,8.0,1.0,2.0,0.0,3.0,Regular Season
1630703,Scoot Henderson,1631128,Christian Braun,3,5.4,32.4,6.0,2.0,5.0,2.0,3.0,0.0,0.0,Regular Season
1629614,Andrew Nembhard,1631157,Ryan Rollins,2,6.1,32.4,6.0,1.0,5.0,0.0,4.0,0.0,1.0,Regular Season
1642281,Jaylon Tyson,1631260,AJ Green,3,7.3,32.4,4.0,1.0,10.0,0.0,6.0,1.0,0.0,Regular Season
201142,Kevin Durant,1631172,Ousmane Dieng,1,7.0,32.3,6.0,2.0,4.0,0.0,2.0,1.0,0.0,Regular Season
1641717,Cason Wallace,1631321,Sidy Cissoko,3,5.3,32.3,3.0,1.0,3.0,1.0,3.0,0.0,0.0,Regular Season
1642345,Oso Ighodaro,1631218,Trayce Jackson-Davis,4,6.2,32.3,4.0,2.0,5.0,0.0,0.0,0.0,0.0,Regular Season
1642847,Jeremiah Fears,1631212,Peyton Watson,3,5.7,32.3,0.0,0.0,4.0,0.0,4.0,0.0,0.0,Regular Season
1642281,Jaylon Tyson,1629656,Quentin Grimes,4,5.7,32.3,10.0,3.0,4.0,2.0,2.0,1.0,1.0,Regular Season
1627759,Jaylen Brown,1629638,Nickeil Alexander-Walker,3,5.2,32.3,5.0,2.0,10.0,0.0,4.0,0.0,2.0,Regular Season
1641739,Toumani Camara,1629627,Zion Williamson,2,6.5,32.3,0.0,0.0,4.0,0.0,4.0,0.0,0.0,Regular Season
1630166,Deni Avdija,1629060,Rui Hachimura,2,6.3,32.3,16.0,5.0,7.0,2.0,2.0,2.0,1.0,Regular Season
2544,LeBron James,1630188,Jalen Smith,2,6.5,32.3,8.0,3.0,6.0,0.0,0.0,1.0,1.0,Regular Season
1642259,Alex Sarr,1629048,Goga Bitadze,3,6.2,32.3,11.0,4.0,8.0,1.0,2.0,1.0,1.0,Regular Season
1642843,Cooper Flagg,1630180,Saddiq Bey,4,4.9,32.3,2.0,1.0,2.0,0.0,0.0,0.0,0.0,Regular Season
1627751,Jakob Poeltl,203497,Rudy Gobert,1,6.7,32.3,7.0,3.0,3.0,0.0,0.0,1.0,1.0,Regular Season
1627884,Derrick Jones Jr.,1626164,Devin Booker,3,6.5,32.3,5.0,1.0,1.0,1.0,1.0,0.0,1.0,Regular Season
1631094,Paolo Banchero,1626167,Myles Turner,3,4.9,32.3,4.0,1.0,7.0,0.0,3.0,0.0,2.0,Regular Season
1642263,Reed Sheppard,1642920,Kobe Sanders,4,7.6,32.3,6.0,2.0,4.0,2.0,2.0,1.0,0.0,Regular Season
1628969,Mikal Bridges,1642846,Ace Bailey,2,7.0,32.3,4.0,2.0,4.0,0.0,1.0,0.0,0.0,Regular Season
1642846,Ace Bailey,1628398,Kyle Kuzma,2,5.7,32.3,2.0,1.0,4.0,0.0,2.0,2.0,0.0,Regular Season
203937,Kyle Anderson,1628989,Kevin Huerter,3,5.7,32.3,1.0,0.0,1.0,0.0,0.0,1.0,1.0,Regular Season
1642849,Nolan Traore,1642269,Devin Carter,2,6.3,32.3,12.0,4.0,9.0,2.0,6.0,2.0,1.0,Regular Season
1630178,Tyrese Maxey,1641739,Toumani Camara,1,6.8,32.3,12.0,4.0,10.0,0.0,5.0,2.0,2.0,Regular Season
1641708,Amen Thompson,1641796,Pelle Larsson,2,6.3,32.3,9.0,3.0,5.0,0.0,0.0,0.0,3.0,Regular Season
1642263,Reed Sheppard,1641717,Cason Wallace,3,8.5,32.3,7.0,3.0,6.0,0.0,2.0,2.0,1.0,Regular Season
1629023,P.J. Washington,1630583,Santi Aldama,2,7.0,32.3,2.0,1.0,7.0,0.0,2.0,3.0,0.0,Regular Season
1641824,Matas Buzelis,1630573,Sam Hauser,3,6.2,32.3,9.0,4.0,6.0,0.0,1.0,0.0,1.0,Regular Season
1630193,Immanuel Quickley,1630224,Jalen Green,2,7.7,32.3,4.0,1.0,4.0,0.0,2.0,0.0,1.0,Regular Season
201942,DeMar DeRozan,1630595,Cade Cunningham,2,6.6,32.2,12.0,3.0,6.0,0.0,0.0,1.0,3.0,Regular Season
204001,Kristaps Porziņģis,1630567,Scottie Barnes,3,7.2,32.2,4.0,1.0,6.0,0.0,2.0,0.0,0.0,Regular Season
1642461,Spencer Jones,1630552,Jalen Johnson,1,5.4,32.2,0.0,0.0,0.0,0.0,0.0,0.0,0.0,Regular Season
1630286,Trevon Scott,1630643,Jay Huff,1,6.6,32.2,4.0,2.0,7.0,0.0,0.0,0.0,0.0,Regular Season
1629655,Daniel Gafford,1630168,Onyeka Okongwu,2,9.7,32.2,5.0,2.0,4.0,0.0,0.0,0.0,0.0,Regular Season
1642845,VJ Edgecombe,1629628,RJ Barrett,2,6.5,32.2,13.0,4.0,8.0,1.0,3.0,1.0,2.0,Regular Season
1629656,Quentin Grimes,1629750,Javonte Green,3,6.1,32.2,7.0,3.0,4.0,1.0,2.0,0.0,1.0,Regular Season
1642846,Ace Bailey,1629029,Luka Dončić,3,5.6,32.2,7.0,3.0,5.0,1.0,2.0,0.0,0.0,Regular Season
1628370,Malik Monk,1629638,Nickeil Alexander-Walker,1,7.0,32.2,4.0,2.0,5.0,0.0,1.0,1.0,0.0,Regular Season
1630202,Payton Pritchard,1629216,Gabe Vincent,3,6.5,32.2,5.0,2.0,7.0,1.0,3.0,2.0,0.0,Regular Season
1641708,Amen Thompson,1629639,Tyler Herro,2,4.6,32.2,6.0,3.0,6.0,0.0,0.0,1.0,0.0,Regular Season
1630541,Moses Moody,1630170,Devin Vassell,3,7.4,32.2,5.0,1.0,5.0,1.0,4.0,0.0,1.0,Regular Season
1629622,Max Strus,1629638,Nickeil Alexander-Walker,2,6.7,32.2,0.0,0.0,4.0,0.0,1.0,1.0,0.0,Regular Season
1630595,Cade Cunningham,1629023,P.J. Washington,2,5.6,32.2,12.0,5.0,12.0,2.0,5.0,2.0,0.0,Regular Season
1642271,Kyle Filipowski,1629675,Naz Reid,3,6.4,32.2,8.0,2.0,6.0,1.0,4.0,2.0,1.0,Regular Season
1642276,Kel'el Ware,1630191,Isaiah Stewart,3,4.9,32.2,4.0,2.0,6.0,0.0,4.0,2.0,0.0,Regular Season
1642867,Collin Murray-Boyles,1631170,Jaime Jaquez Jr.,4,5.4,32.2,0.0,0.0,1.0,0.0,0.0,2.0,0.0,Regular Season
1626157,Karl-Anthony Towns,1631109,Mark Williams,2,5.7,32.2,11.0,4.0,11.0,1.0,5.0,1.0,1.0,Regular Season
1630557,Corey Kispert,1631260,AJ Green,3,7.2,32.2,6.0,2.0,3.0,0.0,1.0,0.0,1.0,Regular Season
1631212,Peyton Watson,1630700,Dyson Daniels,2,6.7,32.2,0.0,0.0,1.0,0.0,0.0,2.0,0.0,Regular Season
1642846,Ace Bailey,1631094,Paolo Banchero,2,5.1,32.2,5.0,2.0,3.0,1.0,1.0,0.0,0.0,Regular Season
1628381,John Collins,203932,Aaron Gordon,1,5.8,32.2,0.0,0.0,3.0,0.0,1.0,0.0,0.0,Regular Season
1630552,Jalen Johnson,202696,Nikola Vučević,3,5.7,32.2,16.0,7.0,10.0,0.0,2.0,0.0,1.0,Regular Season
1642843,Cooper Flagg,203110,Draymond Green,3,5.6,32.2,4.0,1.0,6.0,0.0,3.0,4.0,2.0,Regular Season
1627783,Pascal Siakam,203944,Julius Randle,1,5.5,32.2,7.0,2.0,7.0,1.0,3.0,1.0,1.0,Regular Season
1642928,Dylan Cardwell,201572,Brook Lopez,3,7.0,32.2,6.0,3.0,5.0,0.0,0.0,1.0,0.0,Regular Season
1628370,Malik Monk,1641740,Jaylen Clark,4,6.5,32.2,0.0,0.0,1.0,0.0,0.0,1.0,0.0,Regular Season
1642843,Cooper Flagg,1642267,Bub Carrington,2,6.1,32.2,5.0,2.0,6.0,1.0,4.0,1.0,0.0,Regular Season
1642856,Egor Dëmin,1641710,Anthony Black,2,6.0,32.2,8.0,2.0,5.0,2.0,5.0,1.0,1.0,Regular Season
1631222,Jake LaRavia,1642267,Bub Carrington,2,5.6,32.2,2.0,1.0,1.0,0.0,0.0,0.0,0.0,Regular Season
202696,Nikola Vučević,1642270,Donovan Clingan,1,5.7,32.2,19.0,8.0,14.0,3.0,7.0,1.0,0.0,Regular Season
1631095,Jabari Smith Jr.,1641729,Brice Sensabaugh,4,7.2,32.2,6.0,2.0,5.0,1.0,2.0,1.0,1.0,Regular Season
1631260,AJ Green,1642450,Daniss Jenkins,2,7.1,32.2,3.0,1.0,1.0,1.0,1.0,0.0,0.0,Regular Season
1641772,Nae'Qwan Tomlin,1642860,Will Riley,4,6.8,32.2,4.0,1.0,2.0,0.0,1.0,1.0,1.0,Regular Season
1630188,Jalen Smith,1642867,Collin Murray-Boyles,2,5.4,32.2,8.0,3.0,5.0,1.0,3.0,1.0,1.0,Regular Season
202710,Jimmy Butler III,1628384,OG Anunoby,1,5.8,32.2,5.0,2.0,4.0,1.0,2.0,0.0,0.0,Regular Season
1642281,Jaylon Tyson,1629008,Michael Porter Jr.,3,5.5,32.2,6.0,2.0,2.0,2.0,2.0,1.0,0.0,Regular Season
1642847,Jeremiah Fears,1628368,De'Aaron Fox,3,7.1,32.2,6.0,3.0,8.0,0.0,3.0,0.0,0.0,Regular Season
1626145,Tyus Jones,1627750,Jamal Murray,2,6.5,32.2,0.0,0.0,1.0,0.0,0.0,0.0,0.0,Regular Season
1642267,Bub Carrington,1628975,Jevon Carter,3,7.1,32.2,2.0,0.0,1.0,0.0,1.0,1.0,0.0,Regular Season
1642856,Egor Dëmin,1628969,Mikal Bridges,3,6.7,32.2,3.0,1.0,4.0,1.0,3.0,0.0,0.0,Regular Season
1642845,VJ Edgecombe,1628368,De'Aaron Fox,2,6.4,32.1,5.0,2.0,6.0,1.0,4.0,0.0,0.0,Regular Season
1630703,Scoot Henderson,1627750,Jamal Murray,3,7.4,32.1,5.0,2.0,9.0,1.0,6.0,0.0,0.0,Regular Season
1641740,Jaylen Clark,1628370,Malik Monk,4,5.8,32.1,3.0,1.0,3.0,1.0,1.0,0.0,0.0,Regular Season
1630530,Trey Murphy III,1629008,Michael Porter Jr.,2,5.2,32.1,10.0,4.0,8.0,1.0,3.0,0.0,1.0,Regular Season
1642875,Maxime Raynaud,1628389,Bam Adebayo,2,6.4,32.1,6.0,3.0,7.0,0.0,0.0,0.0,0.0,Regular Season
1641708,Amen Thompson,1628378,Donovan Mitchell,2,7.3,32.1,4.0,2.0,4.0,0.0,1.0,0.0,0.0,Regular Season
1631128,Christian Braun,1628969,Mikal Bridges,2,6.9,32.1,2.0,0.0,3.0,0.0,1.0,0.0,0.0,Regular Season
1631097,Bennedict Mathurin,1631106,Tari Eason,4,6.7,32.1,10.0,3.0,6.0,1.0,2.0,0.0,1.0,Regular Season
201935,James Harden,1631222,Jake LaRavia,4,5.8,32.1,5.0,2.0,7.0,0.0,1.0,0.0,1.0,Regular Season
1631096,Chet Holmgren,1631217,Moussa Diabaté,2,5.8,32.1,11.0,5.0,8.0,1.0,2.0,1.0,0.0,Regular Season
1630162,Anthony Edwards,1631128,Christian Braun,1,7.5,32.1,7.0,3.0,6.0,1.0,2.0,0.0,1.0,Regular Season
1641717,Cason Wallace,1630249,Vít Krejčí,2,4.7,32.1,9.0,3.0,4.0,3.0,4.0,0.0,0.0,Regular Season
1630572,Sandro Mamukelashvili,1630643,Jay Huff,3,7.0,32.1,10.0,4.0,9.0,2.0,5.0,0.0,0.0,Regular Season
1631260,AJ Green,1630573,Sam Hauser,3,6.6,32.1,0.0,0.0,2.0,0.0,2.0,2.0,0.0,Regular Season
1642877,Micah Peavy,1630217,Desmond Bane,2,6.9,32.1,5.0,2.0,5.0,1.0,3.0,0.0,0.0,Regular Season
1629057,Robert Williams III,1630208,Nick Richards,2,8.0,32.1,8.0,4.0,5.0,0.0,0.0,2.0,0.0,Regular Season
1642843,Cooper Flagg,1630567,Scottie Barnes,2,6.2,32.1,13.0,5.0,9.0,1.0,1.0,1.0,1.0,Regular Season
1627734,Domantas Sabonis,1630583,Santi Aldama,1,6.8,32.1,11.0,4.0,7.0,0.0,0.0,0.0,2.0,Regular Season
1642276,Kel'el Ware,1629655,Daniel Gafford,2,6.1,32.1,2.0,1.0,5.0,0.0,1.0,0.0,0.0,Regular Season
1630567,Scottie Barnes,1630172,Patrick Williams,3,7.1,32.1,2.0,1.0,7.0,0.0,3.0,0.0,0.0,Regular Season
1627759,Jaylen Brown,1630178,Tyrese Maxey,4,7.0,32.1,5.0,2.0,7.0,1.0,5.0,0.0,0.0,Regular Season
2544,LeBron James,1630192,Zeke Nnaji,2,6.6,32.1,7.0,2.0,4.0,1.0,2.0,0.0,1.0,Regular Season
1642271,Kyle Filipowski,1629111,Jock Landale,3,6.7,32.1,8.0,3.0,6.0,2.0,3.0,0.0,0.0,Regular Season
1628368,De'Aaron Fox,1629636,Darius Garland,3,6.6,32.1,11.0,5.0,10.0,1.0,4.0,0.0,0.0,Regular Season
1642846,Ace Bailey,1629661,Cameron Johnson,3,4.6,32.1,4.0,2.0,7.0,0.0,3.0,0.0,0.0,Regular Season
202699,Tobias Harris,1629628,RJ Barrett,3,6.0,32.1,12.0,4.0,10.0,2.0,3.0,0.0,1.0,Regular Season
1641737,Adem Bona,1630188,Jalen Smith,2,5.9,32.1,3.0,1.0,2.0,0.0,0.0,0.0,1.0,Regular Season
201142,Kevin Durant,1630172,Patrick Williams,2,6.5,32.1,8.0,3.0,7.0,0.0,3.0,0.0,1.0,Regular Season
1626157,Karl-Anthony Towns,1629652,Luguentz Dort,2,6.8,32.1,3.0,1.0,2.0,0.0,1.0,1.0,1.0,Regular Season
1626171,Bobby Portis Jr.,1642867,Collin Murray-Boyles,3,6.4,32.1,2.0,0.0,1.0,0.0,1.0,0.0,1.0,Regular Season
1630217,Desmond Bane,1642281,Jaylon Tyson,3,6.0,32.1,9.0,3.0,3.0,1.0,1.0,0.0,1.0,Regular Season
1641717,Cason Wallace,1642844,Dylan Harper,4,7.2,32.1,2.0,1.0,5.0,0.0,4.0,0.0,0.0,Regular Season
1631217,Moussa Diabaté,1642867,Collin Murray-Boyles,4,6.8,32.1,0.0,0.0,1.0,0.0,0.0,1.0,0.0,Regular Season
1627826,Ivica Zubac,203954,Joel Embiid,1,6.8,32.1,3.0,1.0,1.0,0.0,0.0,0.0,0.0,Regular Season
201942,DeMar DeRozan,202699,Tobias Harris,2,5.2,32.1,4.0,2.0,6.0,0.0,1.0,0.0,0.0,Regular Season
203944,Julius Randle,202710,Jimmy Butler III,1,6.3,32.1,7.0,2.0,4.0,1.0,3.0,1.0,1.0,Regular Season
1629023,P.J. Washington,202699,Tobias Harris,2,7.0,32.1,0.0,0.0,5.0,0.0,3.0,0.0,0.0,Regular Season
1642377,Jaylen Wells,203924,Jerami Grant,3,5.0,32.1,12.0,5.0,7.0,2.0,3.0,0.0,0.0,Regular Season
1631108,Max Christie,201142,Kevin Durant,4,5.5,32.1,6.0,2.0,6.0,2.0,5.0,0.0,0.0,Regular Season
203939,Dwight Powell,1626157,Karl-Anthony Towns,1,6.9,32.1,2.0,0.0,0.0,0.0,0.0,2.0,0.0,Regular Season
1631097,Bennedict Mathurin,1641731,Bilal Coulibaly,1,6.5,32.1,6.0,2.0,4.0,1.0,1.0,0.0,1.0,Regular Season
1641706,Brandon Miller,1642273,Kyshawn George,3,6.9,32.1,6.0,2.0,6.0,2.0,4.0,0.0,0.0,Regular Season
1628978,Donte DiVincenzo,1642268,Isaiah Collier,4,6.9,32.1,6.0,2.0,5.0,1.0,4.0,0.0,1.0,Regular Season
1642844,Dylan Harper,1642268,Isaiah Collier,3,4.3,32.1,2.0,1.0,3.0,0.0,2.0,1.0,0.0,Regular Season
1627739,Kris Dunn,1641717,Cason Wallace,3,5.5,32.0,2.0,1.0,2.0,0.0,1.0,1.0,0.0,Regular Season
2544,LeBron James,1630551,Justin Champagnie,2,6.3,32.0,4.0,1.0,1.0,0.0,0.0,2.0,1.0,Regular Season
1627759,Jaylen Brown,1630533,Ziaire Williams,4,6.9,32.0,14.0,4.0,5.0,1.0,2.0,0.0,3.0,Regular Season
1630202,Payton Pritchard,1630631,Jose Alvarado,2,7.4,32.0,0.0,0.0,2.0,0.0,1.0,0.0,0.0,Regular Season
1629651,Nic Claxton,1630567,Scottie Barnes,3,7.0,32.0,4.0,1.0,2.0,0.0,0.0,2.0,1.0,Regular Season
203944,Julius Randle,1630230,Naji Marshall,3,4.8,32.0,14.0,5.0,6.0,1.0,2.0,0.0,2.0,Regular Season
1630568,Luka Garza,1628389,Bam Adebayo,3,7.8,32.0,2.0,1.0,3.0,0.0,1.0,0.0,0.0,Regular Season
203084,Harrison Barnes,1628983,Shai Gilgeous-Alexander,4,5.6,32.0,5.0,1.0,2.0,1.0,2.0,0.0,1.0,Regular Season
1631099,Keegan Murray,1627750,Jamal Murray,2,4.9,32.0,4.0,2.0,4.0,0.0,1.0,0.0,0.0,Regular Season
201566,Russell Westbrook,1627750,Jamal Murray,4,6.0,32.0,11.0,4.0,7.0,1.0,3.0,2.0,1.0,Regular Season
1642347,Jamal Shead,1628378,Donovan Mitchell,2,6.5,32.0,5.0,2.0,2.0,1.0,1.0,0.0,0.0,Regular Season
1629656,Quentin Grimes,1628378,Donovan Mitchell,4,6.8,32.0,5.0,2.0,6.0,1.0,5.0,0.0,0.0,Regular Season
201942,DeMar DeRozan,1629020,Jarred Vanderbilt,3,5.9,32.0,5.0,1.0,1.0,0.0,0.0,0.0,2.0,Regular Season
1642270,Donovan Clingan,1631117,Walker Kessler,1,7.1,32.0,0.0,0.0,2.0,0.0,1.0,0.0,0.0,Regular Season
1641869,Malachi Smith,1631260,AJ Green,2,6.3,32.0,7.0,3.0,3.0,1.0,1.0,0.0,0.0,Regular Season
1630180,Saddiq Bey,1631342,Daeqwon Plowden,3,7.1,32.0,9.0,4.0,6.0,0.0,0.0,1.0,1.0,Regular Season
1626162,Kelly Oubre Jr.,1631094,Paolo Banchero,2,6.6,32.0,7.0,3.0,7.0,0.0,2.0,0.0,1.0,Regular Season
1641739,Toumani Camara,1631157,Ryan Rollins,2,5.8,32.0,2.0,1.0,2.0,0.0,0.0,1.0,0.0,Regular Season
1629029,Luka Dončić,1631165,Keon Ellis,3,6.2,32.0,16.0,6.0,8.0,2.0,4.0,0.0,2.0,Regular Season
1642851,Kon Knueppel,1626162,Kelly Oubre Jr.,3,5.4,32.0,2.0,1.0,3.0,0.0,2.0,1.0,0.0,Regular Season
201950,Jrue Holiday,1627739,Kris Dunn,3,7.7,32.0,15.0,4.0,9.0,3.0,4.0,2.0,2.0,Regular Season
1629638,Nickeil Alexander-Walker,1626162,Kelly Oubre Jr.,2,4.8,32.0,2.0,1.0,3.0,0.0,1.0,1.0,0.0,Regular Season
1642907,Cedric Coward,203897,Zach LaVine,3,6.8,32.0,8.0,3.0,7.0,2.0,5.0,0.0,0.0,Regular Season
1631096,Chet Holmgren,203507,Giannis Antetokounmpo,1,6.0,32.0,1.0,0.0,3.0,0.0,1.0,1.0,1.0,Regular Season
1642285,Cam Spencer,203468,CJ McCollum,3,5.7,32.0,0.0,0.0,4.0,0.0,3.0,0.0,0.0,Regular Season
1626220,Royce O'Neale,203932,Aaron Gordon,2,6.4,32.0,9.0,3.0,6.0,3.0,6.0,0.0,0.0,Regular Season
1628384,OG Anunoby,203084,Harrison Barnes,2,6.0,32.0,5.0,1.0,3.0,1.0,2.0,0.0,1.0,Regular Season
1642259,Alex Sarr,1629028,Deandre Ayton,1,6.4,32.0,6.0,3.0,6.0,0.0,2.0,1.0,0.0,Regular Season
1642377,Jaylen Wells,1630183,Jaden McDaniels,4,4.6,32.0,7.0,2.0,8.0,1.0,3.0,1.0,1.0,Regular Season
1629028,Deandre Ayton,1630188,Jalen Smith,2,6.2,32.0,6.0,3.0,5.0,0.0,0.0,0.0,0.0,Regular Season
1629011,Mitchell Robinson,1630168,Onyeka Okongwu,2,7.0,32.0,4.0,2.0,3.0,0.0,0.0,0.0,0.0,Regular Season
1630679,Ethan Thompson,1629656,Quentin Grimes,2,7.0,32.0,3.0,1.0,3.0,0.0,2.0,0.0,0.0,Regular Season
1631217,Moussa Diabaté,1630191,Isaiah Stewart,3,8.5,32.0,4.0,1.0,2.0,0.0,0.0,0.0,1.0,Regular Season
1629628,RJ Barrett,1630180,Saddiq Bey,2,5.5,32.0,5.0,2.0,5.0,1.0,2.0,1.0,0.0,Regular Season
1642345,Oso Ighodaro,1642366,Quinten Post,3,6.6,32.0,2.0,1.0,3.0,0.0,0.0,0.0,0.0,Regular Season
1641824,Matas Buzelis,1642281,Jaylon Tyson,4,5.1,32.0,9.0,2.0,4.0,1.0,3.0,0.0,3.0,Regular Season
1641737,Adem Bona,1642345,Oso Ighodaro,2,6.7,31.9,3.0,1.0,1.0,0.0,0.0,1.0,1.0,Regular Season
1630162,Anthony Edwards,1642347,Jamal Shead,2,6.5,31.9,6.0,2.0,4.0,0.0,1.0,0.0,1.0,Regular Season
1642450,Daniss Jenkins,1628975,Jevon Carter,3,5.8,31.9,1.0,0.0,2.0,0.0,0.0,1.0,1.0,Regular Season
1641708,Amen Thompson,1627749,Dejounte Murray,2,6.5,31.9,6.0,3.0,5.0,0.0,0.0,0.0,0.0,Regular Season
1641705,Victor Wembanyama,1627824,Guerschon Yabusele,2,6.1,31.9,15.0,7.0,12.0,1.0,3.0,2.0,0.0,Regular Season
1631106,Tari Eason,1628368,De'Aaron Fox,3,7.4,31.9,5.0,2.0,3.0,1.0,1.0,1.0,0.0,Regular Season
1642273,Kyshawn George,1628384,OG Anunoby,2,5.5,31.9,2.0,1.0,2.0,0.0,0.0,0.0,0.0,Regular Season
1630193,Immanuel Quickley,1628969,Mikal Bridges,3,4.9,31.9,2.0,0.0,2.0,0.0,2.0,1.0,1.0,Regular Season
1630631,Jose Alvarado,1642263,Reed Sheppard,3,6.5,31.9,6.0,2.0,5.0,2.0,3.0,0.0,0.0,Regular Season
203924,Jerami Grant,1641707,Taylor Hendricks,3,4.6,31.9,12.0,4.0,5.0,1.0,1.0,0.0,2.0,Regular Season
1641739,Toumani Camara,1641708,Amen Thompson,4,5.6,31.9,6.0,2.0,6.0,2.0,6.0,1.0,0.0,Regular Season
1631230,Dominick Barlow,1641716,Jarace Walker,4,5.9,31.9,0.0,0.0,0.0,0.0,0.0,0.0,0.0,Regular Season
1627739,Kris Dunn,1642907,Cedric Coward,4,6.1,31.9,0.0,0.0,0.0,0.0,0.0,0.0,0.0,Regular Season
1631157,Ryan Rollins,1630591,Jalen Suggs,2,6.6,31.9,2.0,1.0,4.0,0.0,2.0,5.0,0.0,Regular Season
1643007,Taelon Peter,1630536,Sharife Cooper,3,4.8,31.9,12.0,4.0,7.0,4.0,7.0,0.0,0.0,Regular Season
203507,Giannis Antetokounmpo,1630596,Evan Mobley,2,6.5,31.9,16.0,6.0,9.0,0.0,0.0,1.0,4.0,Regular Season
1628415,Dillon Brooks,1630552,Jalen Johnson,2,5.3,31.9,10.0,4.0,6.0,0.0,1.0,0.0,0.0,Regular Season
1641706,Brandon Miller,1630541,Moses Moody,2,4.6,31.9,13.0,5.0,8.0,3.0,5.0,0.0,0.0,Regular Season
1642268,Isaiah Collier,1630230,Naji Marshall,4,4.6,31.9,5.0,2.0,4.0,1.0,3.0,1.0,0.0,Regular Season
1630193,Immanuel Quickley,1630540,Miles McBride,1,6.4,31.9,0.0,0.0,3.0,0.0,3.0,1.0,0.0,Regular Season
1628978,Donte DiVincenzo,1630198,Isaiah Joe,4,6.8,31.9,6.0,2.0,2.0,2.0,2.0,1.0,0.0,Regular Season
1630170,Devin Vassell,1630529,Herbert Jones,4,6.1,31.9,13.0,5.0,7.0,3.0,4.0,0.0,0.0,Regular Season
1629004,Svi Mykhailiuk,1629060,Rui Hachimura,3,5.9,31.9,9.0,3.0,4.0,3.0,4.0,1.0,0.0,Regular Season
1628384,OG Anunoby,1629029,Luka Dončić,2,5.5,31.9,4.0,1.0,6.0,0.0,4.0,0.0,1.0,Regular Season
1631248,Baylor Scheierman,1630178,Tyrese Maxey,2,6.5,31.9,3.0,1.0,3.0,1.0,3.0,0.0,0.0,Regular Season
1630559,Austin Reaves,1630178,Tyrese Maxey,2,6.4,31.9,9.0,3.0,5.0,1.0,1.0,0.0,0.0,Regular Season
1628983,Shai Gilgeous-Alexander,1629614,Andrew Nembhard,2,5.1,31.9,12.0,2.0,5.0,1.0,3.0,1.0,3.0,Regular Season
1642877,Micah Peavy,1629675,Naz Reid,3,6.6,31.9,2.0,1.0,1.0,0.0,0.0,0.0,0.0,Regular Season
1642267,Bub Carrington,1629656,Quentin Grimes,3,6.8,31.9,18.0,5.0,9.0,5.0,6.0,2.0,1.0,Regular Season
1631221,Collin Gillespie,1630163,LaMelo Ball,2,7.2,31.9,3.0,1.0,3.0,1.0,3.0,1.0,0.0,Regular Season
1641705,Victor Wembanyama,1629655,Daniel Gafford,2,3.4,31.9,9.0,1.0,6.0,1.0,6.0,1.0,4.0,Regular Season
202695,Kawhi Leonard,1629023,P.J. Washington,1,6.9,31.9,8.0,3.0,8.0,2.0,4.0,0.0,0.0,Regular Season
1628381,John Collins,1630180,Saddiq Bey,4,6.4,31.9,13.0,5.0,8.0,2.0,4.0,2.0,1.0,Regular Season
1642874,Danny Wolf,1631170,Jaime Jaquez Jr.,3,6.4,31.9,4.0,2.0,7.0,0.0,1.0,3.0,0.0,Regular Season
201572,Brook Lopez,1631095,Jabari Smith Jr.,4,6.8,31.9,5.0,2.0,4.0,1.0,1.0,0.0,0.0,Regular Season
1641731,Bilal Coulibaly,1631260,AJ Green,3,5.6,31.9,8.0,3.0,6.0,0.0,0.0,1.0,0.0,Regular Season
1641764,Brandin Podziemski,203471,Dennis Schröder,3,6.3,31.9,3.0,1.0,3.0,1.0,2.0,0.0,0.0,Regular Season
202695,Kawhi Leonard,203114,Khris Middleton,3,5.2,31.9,7.0,2.0,4.0,1.0,3.0,2.0,1.0,Regular Season
1628398,Kyle Kuzma,203114,Khris Middleton,5,5.3,31.9,3.0,1.0,6.0,0.0,3.0,1.0,1.0,Regular Season
1630700,Dyson Daniels,203114,Khris Middleton,3,5.9,31.9,6.0,3.0,6.0,0.0,2.0,1.0,0.0,Regular Season
1626157,Karl-Anthony Towns,203083,Andre Drummond,2,6.4,31.8,9.0,4.0,8.0,1.0,4.0,1.0,0.0,Regular Season
1630178,Tyrese Maxey,203952,Andrew Wiggins,2,6.2,31.8,7.0,2.0,10.0,1.0,6.0,0.0,1.0,Regular Season
1642875,Maxime Raynaud,201143,Al Horford,3,6.7,31.8,8.0,4.0,8.0,0.0,3.0,1.0,0.0,Regular Season
1628983,Shai Gilgeous-Alexander,203110,Draymond Green,3,5.6,31.8,21.0,7.0,10.0,1.0,2.0,2.0,4.0,Regular Season
1629655,Daniel Gafford,202696,Nikola Vučević,1,6.0,31.8,3.0,1.0,4.0,0.0,0.0,0.0,1.0,Regular Season
203471,Dennis Schröder,1642948,Ryan Nembhard,4,6.8,31.8,12.0,5.0,8.0,2.0,4.0,1.0,0.0,Regular Season
1629014,Anfernee Simons,1642962,Drake Powell,4,7.7,31.8,0.0,0.0,1.0,0.0,1.0,1.0,0.0,Regular Season
203994,Jusuf Nurkić,1628392,Isaiah Hartenstein,1,6.6,31.8,2.0,1.0,3.0,0.0,0.0,0.0,0.0,Regular Season
1626162,Kelly Oubre Jr.,1628415,Dillon Brooks,2,5.7,31.8,13.0,4.0,5.0,4.0,5.0,1.0,1.0,Regular Season
1629638,Nickeil Alexander-Walker,1628978,Donte DiVincenzo,2,6.4,31.8,3.0,1.0,3.0,1.0,3.0,2.0,0.0,Regular Season
201950,Jrue Holiday,1642845,VJ Edgecombe,2,5.8,31.8,5.0,2.0,8.0,1.0,4.0,0.0,0.0,Regular Season
1631096,Chet Holmgren,1642366,Quinten Post,3,4.8,31.8,11.0,4.0,5.0,1.0,2.0,0.0,1.0,Regular Season
1629731,Dean Wade,1642843,Cooper Flagg,2,6.2,31.8,3.0,1.0,2.0,1.0,1.0,0.0,0.0,Regular Season
1630264,Anthony Gill,1641750,Ryan Kalkbrenner,2,5.2,31.8,2.0,1.0,3.0,0.0,2.0,0.0,0.0,Regular Season
1628963,Marvin Bagley III,1641737,Adem Bona,3,5.5,31.8,2.0,0.0,1.0,0.0,0.0,1.0,1.0,Regular Season
1641737,Adem Bona,1641750,Ryan Kalkbrenner,3,6.9,31.8,1.0,0.0,0.0,0.0,0.0,0.0,0.0,Regular Season
1642875,Maxime Raynaud,1641765,Olivier-Maxence Prosper,3,6.3,31.8,2.0,1.0,4.0,0.0,0.0,0.0,0.0,Regular Season
1630200,Tre Jones,1641842,Ronald Holland II,4,5.7,31.8,4.0,2.0,3.0,0.0,0.0,0.0,0.0,Regular Season
1628398,Kyle Kuzma,1641824,Matas Buzelis,4,5.8,31.8,17.0,6.0,10.0,0.0,0.0,0.0,3.0,Regular Season
1630170,Devin Vassell,1631128,Christian Braun,2,5.2,31.8,7.0,3.0,10.0,1.0,7.0,0.0,0.0,Regular Season
201950,Jrue Holiday,1630700,Dyson Daniels,2,6.3,31.8,10.0,4.0,6.0,2.0,3.0,0.0,0.0,Regular Season
1631119,Jaylin Williams,1641705,Victor Wembanyama,3,6.8,31.8,14.0,5.0,9.0,2.0,6.0,1.0,1.0,Regular Season
1630170,Devin Vassell,1631106,Tari Eason,3,4.9,31.8,5.0,1.0,3.0,1.0,2.0,0.0,1.0,Regular Season
203497,Rudy Gobert,1631217,Moussa Diabaté,2,6.5,31.8,7.0,3.0,5.0,0.0,0.0,0.0,1.0,Regular Season
201950,Jrue Holiday,1631222,Jake LaRavia,3,6.3,31.8,8.0,3.0,7.0,2.0,5.0,0.0,0.0,Regular Season
1628368,De'Aaron Fox,1631108,Max Christie,3,6.1,31.8,10.0,4.0,8.0,0.0,2.0,2.0,1.0,Regular Season
1642882,Julian Reese,1630578,Alperen Sengun,1,6.0,31.8,0.0,0.0,1.0,0.0,0.0,2.0,0.0,Regular Season
1642267,Bub Carrington,1630202,Payton Pritchard,3,5.8,31.8,0.0,0.0,1.0,0.0,0.0,0.0,0.0,Regular Season
1630162,Anthony Edwards,1630631,Jose Alvarado,2,5.7,31.8,11.0,4.0,5.0,3.0,4.0,1.0,0.0,Regular Season
1631222,Jake LaRavia,1630230,Naji Marshall,4,4.8,31.8,3.0,1.0,4.0,0.0,3.0,1.0,1.0,Regular Season
203501,Tim Hardaway Jr.,1630598,Aaron Wiggins,4,5.7,31.8,10.0,3.0,8.0,3.0,6.0,0.0,2.0,Regular Season
1630170,Devin Vassell,1630532,Franz Wagner,1,5.3,31.8,10.0,4.0,8.0,2.0,4.0,0.0,0.0,Regular Season
1630530,Trey Murphy III,1629661,Cameron Johnson,2,7.0,31.8,4.0,1.0,5.0,0.0,2.0,2.0,1.0,Regular Season
202695,Kawhi Leonard,1630180,Saddiq Bey,3,6.1,31.8,4.0,2.0,4.0,0.0,1.0,0.0,0.0,Regular Season
1641710,Anthony Black,1629614,Andrew Nembhard,2,5.6,31.8,11.0,4.0,5.0,1.0,1.0,0.0,1.0,Regular Season
1627742,Brandon Ingram,1630171,Isaac Okoro,2,5.5,31.8,15.0,6.0,8.0,3.0,3.0,0.0,0.0,Regular Season
203501,Tim Hardaway Jr.,1630183,Jaden McDaniels,4,5.2,31.8,11.0,3.0,7.0,3.0,5.0,0.0,1.0,Regular Season
1631213,Tyrese Martin,1630178,Tyrese Maxey,3,6.3,31.8,3.0,1.0,4.0,1.0,3.0,0.0,0.0,Regular Season
1641718,Keyonte George,1629638,Nickeil Alexander-Walker,1,5.2,31.7,0.0,0.0,2.0,0.0,0.0,1.0,0.0,Regular Season
1641767,Ben Sheppard,1630193,Immanuel Quickley,3,6.5,31.7,0.0,0.0,2.0,0.0,1.0,0.0,0.0,Regular Season
1629111,Jock Landale,1629637,Jaxson Hayes,3,5.9,31.7,6.0,2.0,3.0,2.0,3.0,0.0,0.0,Regular Season
1629611,Terance Mann,1629638,Nickeil Alexander-Walker,4,6.5,31.7,0.0,0.0,0.0,0.0,0.0,0.0,0.0,Regular Season
1629675,Naz Reid,1629026,Kenrich Williams,3,6.5,31.7,7.0,3.0,3.0,1.0,1.0,0.0,0.0,Regular Season
1627759,Jaylen Brown,1629639,Tyler Herro,2,6.6,31.7,16.0,5.0,9.0,1.0,2.0,0.0,4.0,Regular Season
1641710,Anthony Black,1629130,Duncan Robinson,2,5.7,31.7,3.0,1.0,4.0,0.0,2.0,2.0,1.0,Regular Season
1642263,Reed Sheppard,1642461,Spencer Jones,4,7.8,31.7,5.0,2.0,2.0,0.0,0.0,2.0,1.0,Regular Season
1642259,Alex Sarr,1642852,Derik Queen,1,5.0,31.7,7.0,3.0,7.0,0.0,2.0,1.0,1.0,Regular Season
1629723,John Konchar,1642882,Julian Reese,2,4.6,31.7,0.0,0.0,2.0,0.0,2.0,0.0,0.0,Regular Season
1629028,Deandre Ayton,1642928,Dylan Cardwell,3,6.3,31.7,7.0,3.0,6.0,0.0,0.0,1.0,1.0,Regular Season
1627742,Brandon Ingram,203114,Khris Middleton,3,5.4,31.7,8.0,4.0,9.0,0.0,3.0,0.0,0.0,Regular Season
1627742,Brandon Ingram,203924,Jerami Grant,2,6.9,31.7,5.0,2.0,4.0,1.0,1.0,1.0,0.0,Regular Season
1642382,Branden Carlson,202685,Jonas Valanciunas,1,5.7,31.7,8.0,3.0,9.0,2.0,7.0,0.0,0.0,Regular Season
202691,Klay Thompson,203471,Dennis Schröder,3,5.9,31.7,5.0,2.0,6.0,1.0,3.0,0.0,0.0,Regular Season
1630208,Nick Richards,203999,Nikola Jokić,3,7.1,31.7,2.0,1.0,1.0,0.0,0.0,1.0,0.0,Regular Season
1630577,Julian Champagnie,1629004,Svi Mykhailiuk,3,5.7,31.7,3.0,1.0,3.0,1.0,3.0,0.0,0.0,Regular Season
203084,Harrison Barnes,1627783,Pascal Siakam,2,6.9,31.7,0.0,0.0,3.0,0.0,3.0,0.0,0.0,Regular Season
1630166,Deni Avdija,1628983,Shai Gilgeous-Alexander,4,6.7,31.7,18.0,5.0,9.0,1.0,4.0,2.0,4.0,Regular Season
1628401,Derrick White,1630679,Ethan Thompson,2,7.6,31.7,16.0,6.0,9.0,2.0,3.0,1.0,1.0,Regular Season
1626164,Devin Booker,1630230,Naji Marshall,2,6.5,31.7,0.0,0.0,2.0,0.0,1.0,1.0,0.0,Regular Season
1630178,Tyrese Maxey,1630559,Austin Reaves,2,6.0,31.7,11.0,5.0,13.0,1.0,4.0,3.0,0.0,Regular Season
1629675,Naz Reid,1642271,Kyle Filipowski,3,5.3,31.7,6.0,3.0,9.0,0.0,6.0,0.0,0.0,Regular Season
1628970,Miles Bridges,1641707,Taylor Hendricks,3,6.4,31.7,8.0,3.0,4.0,2.0,3.0,0.0,0.0,Regular Season
1628392,Isaiah Hartenstein,1641750,Ryan Kalkbrenner,1,6.2,31.7,2.0,1.0,5.0,0.0,0.0,1.0,0.0,Regular Season
1642383,Walter Clayton Jr.,1641739,Toumani Camara,5,5.0,31.7,5.0,2.0,6.0,1.0,4.0,2.0,0.0,Regular Season
1629652,Luguentz Dort,1641729,Brice Sensabaugh,2,4.5,31.7,3.0,1.0,2.0,1.0,2.0,1.0,0.0,Regular Season
1628401,Derrick White,1641708,Amen Thompson,2,6.6,31.7,10.0,4.0,4.0,2.0,2.0,0.0,0.0,Regular Season
1642844,Dylan Harper,1631108,Max Christie,4,4.9,31.7,10.0,5.0,6.0,0.0,0.0,0.0,0.0,Regular Season
1627783,Pascal Siakam,1631248,Baylor Scheierman,4,6.3,31.7,11.0,4.0,8.0,0.0,1.0,1.0,1.0,Regular Season
1630202,Payton Pritchard,1631097,Bennedict Mathurin,2,7.0,31.7,3.0,1.0,2.0,0.0,1.0,0.0,1.0,Regular Season
1641824,Matas Buzelis,1631170,Jaime Jaquez Jr.,4,5.5,31.7,7.0,3.0,9.0,1.0,3.0,1.0,0.0,Regular Season
1641739,Toumani Camara,1631221,Collin Gillespie,3,4.5,31.7,3.0,1.0,1.0,1.0,1.0,0.0,0.0,Regular Season
1642846,Ace Bailey,1631128,Christian Braun,3,6.1,31.7,9.0,4.0,9.0,1.0,2.0,1.0,0.0,Regular Season
201142,Kevin Durant,1631128,Christian Braun,1,6.9,31.6,6.0,3.0,4.0,0.0,0.0,3.0,0.0,Regular Season
1630168,Onyeka Okongwu,1631094,Paolo Banchero,4,4.8,31.6,4.0,1.0,8.0,0.0,2.0,0.0,2.0,Regular Season
201143,Al Horford,1626171,Bobby Portis Jr.,2,6.8,31.6,2.0,1.0,6.0,0.0,4.0,1.0,0.0,Regular Season
1627750,Jamal Murray,203897,Zach LaVine,3,5.8,31.6,3.0,1.0,5.0,1.0,3.0,0.0,0.0,Regular Season
1630543,Isaiah Jackson,203999,Nikola Jokić,3,6.0,31.6,3.0,1.0,4.0,0.0,0.0,0.0,1.0,Regular Season
1630578,Alperen Sengun,201143,Al Horford,1,8.1,31.6,12.0,6.0,14.0,0.0,3.0,1.0,0.0,Regular Season
1628976,Wendell Carter Jr.,203110,Draymond Green,2,5.8,31.6,6.0,2.0,3.0,0.0,1.0,0.0,1.0,Regular Season
1642267,Bub Carrington,204456,T.J. McConnell,3,5.7,31.6,6.0,2.0,3.0,2.0,2.0,0.0,0.0,Regular Season
1642281,Jaylon Tyson,202699,Tobias Harris,3,6.6,31.6,2.0,1.0,2.0,0.0,1.0,0.0,0.0,Regular Season
1630188,Jalen Smith,2544,LeBron James,2,6.4,31.6,0.0,0.0,1.0,0.0,0.0,0.0,1.0,Regular Season
1630171,Isaac Okoro,1642851,Kon Knueppel,3,6.6,31.6,6.0,3.0,8.0,0.0,4.0,0.0,0.0,Regular Season
1628415,Dillon Brooks,1629060,Rui Hachimura,3,6.0,31.6,12.0,5.0,14.0,0.0,3.0,1.0,1.0,Regular Season
1631165,Keon Ellis,1629029,Luka Dončić,3,5.7,31.6,4.0,1.0,3.0,0.0,2.0,0.0,1.0,Regular Season
1641767,Ben Sheppard,1629639,Tyler Herro,2,6.4,31.6,0.0,0.0,1.0,0.0,0.0,0.0,0.0,Regular Season
1630700,Dyson Daniels,1630193,Immanuel Quickley,4,4.4,31.6,2.0,1.0,3.0,0.0,1.0,2.0,0.0,Regular Season
1641708,Amen Thompson,1629638,Nickeil Alexander-Walker,2,7.7,31.6,3.0,1.0,2.0,0.0,0.0,0.0,1.0,Regular Season
1629130,Duncan Robinson,1630170,Devin Vassell,2,4.2,31.6,0.0,0.0,1.0,0.0,1.0,0.0,0.0,Regular Season
1629628,RJ Barrett,1629656,Quentin Grimes,2,6.4,31.6,3.0,0.0,3.0,0.0,1.0,1.0,2.0,Regular Season
1629628,RJ Barrett,1630162,Anthony Edwards,2,6.8,31.6,3.0,1.0,6.0,0.0,2.0,2.0,1.0,Regular Season
1630217,Desmond Bane,1629652,Luguentz Dort,2,6.5,31.6,9.0,3.0,6.0,3.0,5.0,0.0,0.0,Regular Season
1641705,Victor Wembanyama,1630191,Isaiah Stewart,1,6.0,31.6,8.0,3.0,8.0,2.0,5.0,1.0,0.0,Regular Season
1629611,Terance Mann,1630173,Precious Achiuwa,2,6.2,31.6,6.0,2.0,3.0,2.0,3.0,0.0,0.0,Regular Season
1641738,Kobe Brown,1642955,Kadary Richmond,2,4.5,31.6,5.0,2.0,4.0,1.0,3.0,0.0,0.0,Regular Season
1642955,Kadary Richmond,1641738,Kobe Brown,2,4.9,31.6,2.0,1.0,1.0,0.0,0.0,1.0,0.0,Regular Season
1630311,Pat Spencer,1642264,Stephon Castle,2,6.7,31.6,5.0,2.0,5.0,0.0,0.0,3.0,1.0,Regular Season
1629048,Goga Bitadze,1642259,Alex Sarr,3,6.2,31.6,2.0,1.0,5.0,0.0,0.0,0.0,0.0,Regular Season
1642856,Egor Dëmin,1641718,Keyonte George,2,7.3,31.6,0.0,0.0,3.0,0.0,2.0,1.0,0.0,Regular Season
201566,Russell Westbrook,1641764,Brandin Podziemski,2,5.8,31.6,9.0,3.0,4.0,1.0,1.0,1.0,1.0,Regular Season
1631097,Bennedict Mathurin,1628969,Mikal Bridges,2,7.0,31.6,2.0,1.0,3.0,0.0,1.0,1.0,0.0,Regular Season
1630619,Moussa Cisse,1629011,Mitchell Robinson,2,6.5,31.6,6.0,1.0,2.0,0.0,0.0,0.0,1.0,Regular Season
1642877,Micah Peavy,1627759,Jaylen Brown,1,4.9,31.6,0.0,0.0,2.0,0.0,2.0,0.0,0.0,Regular Season
1626181,Norman Powell,1628960,Grayson Allen,2,5.3,31.6,10.0,3.0,10.0,2.0,7.0,0.0,1.0,Regular Season
1630529,Herbert Jones,1628989,Kevin Huerter,2,6.6,31.6,11.0,4.0,7.0,3.0,6.0,0.0,0.0,Regular Season
1627747,Caris LeVert,1629014,Anfernee Simons,4,6.5,31.6,4.0,2.0,5.0,0.0,2.0,1.0,0.0,Regular Season
1641707,Taylor Hendricks,1627759,Jaylen Brown,3,5.0,31.6,2.0,1.0,1.0,0.0,0.0,0.0,0.0,Regular Season
1642266,Ja'Kobe Walter,1629013,Landry Shamet,3,6.1,31.6,0.0,0.0,1.0,0.0,1.0,0.0,0.0,Regular Season
1626164,Devin Booker,1630631,Jose Alvarado,3,6.5,31.6,8.0,3.0,7.0,1.0,1.0,0.0,1.0,Regular Season
1628963,Marvin Bagley III,1630549,Day'Ron Sharpe,3,6.9,31.6,8.0,4.0,4.0,0.0,0.0,0.0,0.0,Regular Season
203497,Rudy Gobert,1630611,Gui Santos,4,5.6,31.6,8.0,2.0,2.0,0.0,0.0,0.0,2.0,Regular Season
1642264,Stephon Castle,1630598,Aaron Wiggins,5,5.3,31.6,8.0,3.0,5.0,2.0,2.0,1.0,0.0,Regular Season
203083,Andre Drummond,1630568,Luka Garza,2,6.2,31.5,3.0,1.0,5.0,0.0,2.0,0.0,0.0,Regular Season
1642866,Joan Beringer,1630578,Alperen Sengun,2,6.0,31.5,4.0,1.0,1.0,0.0,0.0,0.0,1.0,Regular Season
201935,James Harden,1630228,Jonathan Kuminga,3,6.4,31.5,3.0,1.0,5.0,0.0,1.0,1.0,1.0,Regular Season
1641712,Rayan Rupert,1630581,Josh Giddey,2,5.1,31.5,0.0,0.0,3.0,0.0,2.0,1.0,0.0,Regular Season
201935,James Harden,1630540,Miles McBride,1,6.0,31.5,7.0,1.0,5.0,1.0,3.0,2.0,2.0,Regular Season
1642347,Jamal Shead,1629636,Darius Garland,1,7.9,31.5,5.0,2.0,5.0,1.0,2.0,1.0,0.0,Regular Season
1631342,Daeqwon Plowden,1629632,Coby White,2,7.3,31.5,6.0,2.0,8.0,2.0,8.0,0.0,0.0,Regular Season
1642450,Daniss Jenkins,1629614,Andrew Nembhard,2,6.6,31.5,7.0,3.0,6.0,0.0,2.0,0.0,1.0,Regular Season
1630174,Aaron Nesmith,1629638,Nickeil Alexander-Walker,3,6.0,31.5,9.0,3.0,6.0,1.0,2.0,1.0,1.0,Regular Season
1630573,Sam Hauser,1629628,RJ Barrett,2,6.2,31.5,0.0,0.0,1.0,0.0,0.0,0.0,0.0,Regular Season
1631212,Peyton Watson,1630180,Saddiq Bey,3,7.0,31.5,6.0,1.0,2.0,0.0,1.0,0.0,1.0,Regular Season
1626164,Devin Booker,201939,Stephen Curry,3,5.2,31.5,18.0,6.0,15.0,0.0,2.0,1.0,4.0,Regular Season
1628392,Isaiah Hartenstein,201572,Brook Lopez,2,7.1,31.5,4.0,2.0,3.0,0.0,0.0,0.0,0.0,Regular Season
1642883,Sion James,204456,T.J. McConnell,3,5.1,31.5,0.0,0.0,1.0,0.0,1.0,0.0,0.0,Regular Season
1629057,Robert Williams III,201572,Brook Lopez,3,8.1,31.5,5.0,2.0,5.0,1.0,1.0,0.0,0.0,Regular Season
1629021,Moritz Wagner,1626171,Bobby Portis Jr.,3,8.0,31.5,7.0,1.0,2.0,0.0,0.0,0.0,3.0,Regular Season
201142,Kevin Durant,1641706,Brandon Miller,2,6.0,31.5,12.0,5.0,7.0,1.0,1.0,1.0,1.0,Regular Season
1629640,Keldon Johnson,1631200,Kris Murray,3,6.0,31.5,2.0,1.0,2.0,0.0,0.0,0.0,1.0,Regular Season
1642273,Kyshawn George,1631157,Ryan Rollins,3,5.3,31.5,10.0,4.0,6.0,1.0,2.0,2.0,1.0,Regular Season
1642377,Jaylen Wells,1642846,Ace Bailey,3,5.2,31.5,11.0,3.0,7.0,3.0,5.0,0.0,1.0,Regular Season
201950,Jrue Holiday,1642851,Kon Knueppel,2,5.0,31.5,6.0,3.0,4.0,0.0,1.0,2.0,0.0,Regular Season
1630695,Micah Potter,1628436,Luke Kornet,2,4.8,31.5,10.0,3.0,6.0,2.0,4.0,0.0,1.0,Regular Season
1627751,Jakob Poeltl,1628436,Luke Kornet,1,5.0,31.5,7.0,2.0,5.0,0.0,0.0,0.0,1.0,Regular Season
1631157,Ryan Rollins,1628969,Mikal Bridges,3,6.5,31.5,11.0,4.0,6.0,3.0,4.0,1.0,0.0,Regular Season
201939,Stephen Curry,1629004,Svi Mykhailiuk,3,5.6,31.5,18.0,5.0,7.0,3.0,4.0,1.0,2.0,Regular Season
1630552,Jalen Johnson,1627759,Jaylen Brown,3,6.2,31.5,4.0,1.0,2.0,0.0,0.0,0.0,1.0,Regular Season
1642276,Kel'el Ware,1627751,Jakob Poeltl,3,6.6,31.5,5.0,2.0,5.0,1.0,3.0,0.0,0.0,Regular Season
1628398,Kyle Kuzma,1641796,Pelle Larsson,3,5.2,31.5,2.0,1.0,3.0,0.0,2.0,3.0,0.0,Regular Season
1630530,Trey Murphy III,1641706,Brandon Miller,1,5.8,31.5,7.0,2.0,6.0,0.0,3.0,0.0,1.0,Regular Season
1642263,Reed Sheppard,1641764,Brandin Podziemski,3,7.1,31.5,10.0,4.0,8.0,2.0,4.0,0.0,0.0,Regular Season
1642267,Bub Carrington,1641767,Ben Sheppard,3,5.8,31.5,5.0,2.0,7.0,1.0,6.0,0.0,0.0,Regular Season
1642281,Jaylon Tyson,1641824,Matas Buzelis,4,5.1,31.5,8.0,3.0,6.0,1.0,3.0,1.0,1.0,Regular Season
1630631,Jose Alvarado,1642265,Rob Dillingham,4,7.0,31.4,5.0,2.0,6.0,1.0,5.0,0.0,0.0,Regular Season
1629018,Gary Trent Jr.,1642273,Kyshawn George,3,6.0,31.4,6.0,1.0,3.0,1.0,3.0,0.0,1.0,Regular Season
1629060,Rui Hachimura,1641764,Brandin Podziemski,3,5.8,31.4,3.0,1.0,4.0,1.0,2.0,1.0,0.0,Regular Season
203501,Tim Hardaway Jr.,1641722,Jordan Hawkins,3,6.9,31.4,2.0,1.0,3.0,0.0,1.0,0.0,0.0,Regular Season
202331,Paul George,1642267,Bub Carrington,3,5.4,31.4,11.0,3.0,4.0,1.0,2.0,0.0,2.0,Regular Season
1642948,Ryan Nembhard,1631212,Peyton Watson,4,6.2,31.4,2.0,1.0,2.0,0.0,0.0,0.0,0.0,Regular Season
1642274,Yves Missi,1631095,Jabari Smith Jr.,4,6.7,31.4,2.0,1.0,2.0,0.0,0.0,0.0,1.0,Regular Season
1630643,Jay Huff,1631132,Christian Koloko,2,5.0,31.4,5.0,2.0,5.0,1.0,4.0,0.0,0.0,Regular Season
1641718,Keyonte George,1631114,Jalen Williams,2,6.2,31.4,5.0,2.0,3.0,1.0,2.0,1.0,0.0,Regular Season
1627783,Pascal Siakam,1631170,Jaime Jaquez Jr.,3,5.4,31.4,15.0,5.0,6.0,3.0,3.0,2.0,1.0,Regular Season
1642259,Alex Sarr,1631109,Mark Williams,1,4.5,31.4,13.0,4.0,10.0,0.0,2.0,0.0,3.0,Regular Season
1630591,Jalen Suggs,1630178,Tyrese Maxey,2,5.3,31.4,2.0,1.0,3.0,0.0,2.0,1.0,0.0,Regular Season
1642860,Will Riley,1630172,Patrick Williams,2,6.6,31.4,2.0,1.0,7.0,0.0,4.0,0.0,0.0,Regular Season
1642274,Yves Missi,1629028,Deandre Ayton,4,7.2,31.4,2.0,1.0,3.0,0.0,0.0,0.0,0.0,Regular Season
1641710,Anthony Black,1630170,Devin Vassell,2,6.8,31.4,0.0,0.0,3.0,0.0,0.0,0.0,0.0,Regular Season
1629639,Tyler Herro,1630182,Josh Green,2,5.6,31.4,12.0,3.0,8.0,2.0,2.0,1.0,1.0,Regular Season
1628398,Kyle Kuzma,1630557,Corey Kispert,4,6.3,31.4,2.0,1.0,3.0,0.0,0.0,0.0,0.0,Regular Season
1630596,Evan Mobley,1630208,Nick Richards,1,8.1,31.4,9.0,4.0,6.0,0.0,1.0,0.0,0.0,Regular Season
1642270,Donovan Clingan,1630579,Jericho Sims,2,6.4,31.4,9.0,4.0,5.0,1.0,2.0,1.0,0.0,Regular Season
1642377,Jaylen Wells,1630230,Naji Marshall,4,5.7,31.4,5.0,1.0,4.0,0.0,1.0,0.0,2.0,Regular Season
1627742,Brandon Ingram,1630533,Ziaire Williams,3,6.8,31.4,12.0,5.0,12.0,0.0,2.0,2.0,0.0,Regular Season
1641706,Brandon Miller,1626162,Kelly Oubre Jr.,3,6.8,31.4,15.0,4.0,5.0,3.0,4.0,2.0,1.0,Regular Season
1642949,Yanic Konan Niederhäuser,203991,Clint Capela,3,7.5,31.4,0.0,0.0,1.0,0.0,0.0,0.0,0.0,Regular Season
1629637,Jaxson Hayes,203110,Draymond Green,3,6.0,31.4,2.0,1.0,4.0,0.0,0.0,0.0,1.0,Regular Season
1626157,Karl-Anthony Towns,203999,Nikola Jokić,2,8.1,31.4,14.0,6.0,11.0,2.0,6.0,1.0,0.0,Regular Season
1630217,Desmond Bane,203114,Khris Middleton,4,7.3,31.4,5.0,1.0,5.0,0.0,1.0,0.0,1.0,Regular Season
1642271,Kyle Filipowski,201935,James Harden,4,5.7,31.4,13.0,5.0,6.0,3.0,4.0,0.0,0.0,Regular Season
1631246,Vince Williams Jr.,202695,Kawhi Leonard,3,4.3,31.4,5.0,2.0,6.0,1.0,4.0,0.0,0.0,Regular Season
1642954,Will Richard,203468,CJ McCollum,2,6.2,31.4,2.0,1.0,2.0,0.0,1.0,1.0,0.0,Regular Season
1630538,Bones Hyland,1627741,Buddy Hield,4,6.8,31.4,9.0,3.0,5.0,2.0,4.0,0.0,2.0,Regular Season
1628973,Jalen Brunson,1628368,De'Aaron Fox,2,6.6,31.4,18.0,6.0,12.0,3.0,7.0,0.0,1.0,Regular Season
1628381,John Collins,1629008,Michael Porter Jr.,2,7.0,31.4,4.0,2.0,7.0,0.0,2.0,0.0,0.0,Regular Season
1630552,Jalen Johnson,1628374,Lauri Markkanen,2,5.7,31.4,1.0,0.0,4.0,0.0,1.0,0.0,1.0,Regular Season
203501,Tim Hardaway Jr.,1628368,De'Aaron Fox,3,6.2,31.4,3.0,1.0,5.0,1.0,4.0,0.0,0.0,Regular Season
1641764,Brandin Podziemski,1642847,Jeremiah Fears,3,6.1,31.4,2.0,1.0,3.0,0.0,1.0,1.0,0.0,Regular Season
1630552,Jalen Johnson,1642877,Micah Peavy,2,5.9,31.4,5.0,2.0,3.0,0.0,1.0,0.0,1.0,Regular Season
1642868,Carter Bryant,1642285,Cam Spencer,4,6.7,31.4,0.0,0.0,0.0,0.0,0.0,0.0,0.0,Regular Season
1629636,Darius Garland,1642347,Jamal Shead,1,6.5,31.4,9.0,3.0,4.0,3.0,4.0,2.0,0.0,Regular Season
1642267,Bub Carrington,1642450,Daniss Jenkins,3,6.8,31.4,4.0,2.0,3.0,0.0,1.0,0.0,0.0,Regular Season
204001,Kristaps Porziņģis,1642274,Yves Missi,2,5.8,31.3,16.0,6.0,9.0,4.0,7.0,0.0,0.0,Regular Season
203935,Marcus Smart,1630530,Trey Murphy III,3,5.2,31.3,2.0,1.0,3.0,0.0,2.0,1.0,0.0,Regular Season
1629631,De'Andre Hunter,1630595,Cade Cunningham,2,5.5,31.3,0.0,0.0,1.0,0.0,1.0,2.0,0.0,Regular Season
1630591,Jalen Suggs,1630560,Cam Thomas,3,6.4,31.3,11.0,4.0,10.0,3.0,7.0,2.0,0.0,Regular Season
1630217,Desmond Bane,1630692,Jordan Goodwin,2,6.4,31.3,8.0,3.0,5.0,0.0,1.0,3.0,1.0,Regular Season
1642347,Jamal Shead,1630200,Tre Jones,2,6.3,31.3,2.0,1.0,3.0,0.0,1.0,0.0,0.0,Regular Season
203924,Jerami Grant,1630567,Scottie Barnes,2,6.1,31.3,7.0,3.0,4.0,1.0,2.0,1.0,0.0,Regular Season
1630183,Jaden McDaniels,1630577,Julian Champagnie,3,6.2,31.3,8.0,3.0,3.0,0.0,0.0,0.0,1.0,Regular Season
1627734,Domantas Sabonis,1631117,Walker Kessler,1,7.0,31.3,6.0,3.0,3.0,0.0,0.0,2.0,0.0,Regular Season
1641739,Toumani Camara,1631124,Julian Strawther,2,6.8,31.3,8.0,3.0,7.0,2.0,5.0,1.0,0.0,Regular Season
203897,Zach LaVine,1631108,Max Christie,1,6.6,31.3,4.0,2.0,6.0,0.0,1.0,0.0,0.0,Regular Season
2544,LeBron James,1642271,Kyle Filipowski,2,5.3,31.3,13.0,3.0,9.0,0.0,5.0,3.0,2.0,Regular Season
1628379,Luke Kennard,1641717,Cason Wallace,5,6.1,31.3,7.0,3.0,6.0,1.0,3.0,1.0,0.0,Regular Season
1630543,Isaiah Jackson,1642271,Kyle Filipowski,2,5.8,31.3,6.0,3.0,3.0,0.0,0.0,1.0,0.0,Regular Season
1628970,Miles Bridges,1641730,Noah Clowney,3,6.4,31.3,7.0,3.0,10.0,1.0,5.0,1.0,0.0,Regular Season
1641729,Brice Sensabaugh,1641708,Amen Thompson,4,6.2,31.3,12.0,5.0,9.0,1.0,3.0,1.0,1.0,Regular Season
1631170,Jaime Jaquez Jr.,1641824,Matas Buzelis,4,5.2,31.3,15.0,7.0,9.0,1.0,1.0,0.0,0.0,Regular Season
1642363,Nique Clifford,1641716,Jarace Walker,2,5.7,31.3,4.0,2.0,4.0,0.0,2.0,0.0,0.0,Regular Season
1628991,Jaren Jackson Jr.,1630173,Precious Achiuwa,2,5.5,31.3,9.0,4.0,8.0,0.0,2.0,1.0,1.0,Regular Season
1642920,Kobe Sanders,1629029,Luka Dončić,3,6.0,31.3,8.0,3.0,3.0,2.0,2.0,1.0,0.0,Regular Season
1642873,Amari Williams,1630168,Onyeka Okongwu,3,7.3,31.3,0.0,0.0,3.0,0.0,0.0,1.0,0.0,Regular Season
203110,Draymond Green,1629651,Nic Claxton,2,6.5,31.3,3.0,1.0,3.0,0.0,2.0,1.0,1.0,Regular Season
202710,Jimmy Butler III,1630166,Deni Avdija,3,4.8,31.3,4.0,0.0,6.0,0.0,0.0,0.0,2.0,Regular Season
1629023,P.J. Washington,1630191,Isaiah Stewart,2,5.8,31.3,4.0,2.0,3.0,0.0,0.0,1.0,0.0,Regular Season
1642843,Cooper Flagg,1629731,Dean Wade,2,5.5,31.3,9.0,3.0,4.0,0.0,0.0,0.0,2.0,Regular Season
1626164,Devin Booker,1629614,Andrew Nembhard,2,6.5,31.3,6.0,2.0,6.0,0.0,1.0,0.0,1.0,Regular Season
1642366,Quinten Post,1628389,Bam Adebayo,2,5.8,31.3,6.0,2.0,2.0,2.0,2.0,3.0,0.0,Regular Season
1642258,Zaccharie Risacher,1628378,Donovan Mitchell,2,6.0,31.3,7.0,3.0,3.0,1.0,1.0,0.0,0.0,Regular Season
1628378,Donovan Mitchell,1628415,Dillon Brooks,2,5.1,31.3,7.0,2.0,3.0,2.0,3.0,2.0,0.0,Regular Season
1627750,Jamal Murray,1629001,De'Anthony Melton,2,7.2,31.3,10.0,4.0,7.0,2.0,4.0,1.0,0.0,Regular Season
1642843,Cooper Flagg,1628971,Bruce Brown,4,5.8,31.3,13.0,6.0,9.0,1.0,2.0,0.0,0.0,Regular Season
203944,Julius Randle,1627759,Jaylen Brown,2,5.8,31.3,8.0,3.0,6.0,2.0,5.0,1.0,0.0,Regular Season
201942,DeMar DeRozan,1628991,Jaren Jackson Jr.,2,7.1,31.3,13.0,5.0,8.0,3.0,3.0,0.0,0.0,Regular Season
1628374,Lauri Markkanen,1627759,Jaylen Brown,2,5.8,31.3,0.0,0.0,2.0,0.0,1.0,0.0,0.0,Regular Season
1631200,Kris Murray,202695,Kawhi Leonard,4,6.1,31.3,7.0,3.0,6.0,0.0,2.0,1.0,1.0,Regular Season
1630552,Jalen Johnson,202710,Jimmy Butler III,1,5.6,31.3,4.0,2.0,3.0,0.0,0.0,0.0,0.0,Regular Season
1630166,Deni Avdija,203944,Julius Randle,3,5.8,31.3,4.0,1.0,4.0,0.0,2.0,0.0,1.0,Regular Season
1641708,Amen Thompson,201935,James Harden,2,7.5,31.3,6.0,2.0,2.0,0.0,0.0,0.0,1.0,Regular Season
203484,Kentavious Caldwell-Pope,203468,CJ McCollum,3,6.6,31.2,6.0,2.0,3.0,0.0,1.0,2.0,1.0,Regular Season
1629731,Dean Wade,203468,CJ McCollum,3,5.1,31.2,3.0,1.0,1.0,1.0,1.0,0.0,0.0,Regular Season
1630178,Tyrese Maxey,203468,CJ McCollum,4,3.8,31.2,15.0,3.0,7.0,2.0,5.0,0.0,2.0,Regular Season
1630183,Jaden McDaniels,203468,CJ McCollum,2,5.7,31.2,8.0,3.0,3.0,1.0,1.0,1.0,0.0,Regular Season
1628374,Lauri Markkanen,2544,LeBron James,2,5.1,31.2,0.0,0.0,3.0,0.0,2.0,0.0,0.0,Regular Season
1641711,Gradey Dick,1641767,Ben Sheppard,4,4.5,31.2,6.0,3.0,4.0,0.0,0.0,1.0,0.0,Regular Season
1629673,Jordan Poole,1641708,Amen Thompson,3,6.0,31.2,4.0,1.0,4.0,1.0,4.0,0.0,1.0,Regular Season
1631172,Ousmane Dieng,1641783,Tristan da Silva,3,7.5,31.2,5.0,2.0,5.0,1.0,4.0,0.0,0.0,Regular Season
1642285,Cam Spencer,1641710,Anthony Black,2,6.9,31.2,6.0,2.0,5.0,0.0,3.0,0.0,1.0,Regular Season
1629631,De'Andre Hunter,1641716,Jarace Walker,3,5.6,31.2,5.0,1.0,4.0,0.0,0.0,2.0,1.0,Regular Season
1642276,Kel'el Ware,1642270,Donovan Clingan,1,5.2,31.2,2.0,1.0,4.0,0.0,2.0,0.0,0.0,Regular Season
1642875,Maxime Raynaud,1630572,Sandro Mamukelashvili,2,6.3,31.2,4.0,1.0,3.0,0.0,1.0,0.0,1.0,Regular Season
1642846,Ace Bailey,1630541,Moses Moody,2,4.8,31.2,6.0,3.0,6.0,0.0,2.0,1.0,0.0,Regular Season
1631172,Ousmane Dieng,1630224,Jalen Green,2,5.3,31.2,0.0,0.0,2.0,0.0,1.0,0.0,0.0,Regular Season
1631157,Ryan Rollins,1630202,Payton Pritchard,3,5.7,31.2,8.0,3.0,5.0,1.0,2.0,2.0,1.0,Regular Season
1628983,Shai Gilgeous-Alexander,1630577,Julian Champagnie,4,5.6,31.2,4.0,2.0,10.0,0.0,4.0,1.0,0.0,Regular Season
201142,Kevin Durant,1630595,Cade Cunningham,2,5.6,31.2,12.0,4.0,5.0,1.0,2.0,0.0,2.0,Regular Season
1630202,Payton Pritchard,1642847,Jeremiah Fears,2,7.6,31.2,5.0,1.0,6.0,1.0,4.0,1.0,0.0,Regular Season
1642920,Kobe Sanders,1642851,Kon Knueppel,2,5.8,31.2,4.0,1.0,4.0,0.0,2.0,0.0,0.0,Regular Season
1642270,Donovan Clingan,1642345,Oso Ighodaro,3,7.5,31.2,6.0,2.0,3.0,1.0,2.0,0.0,1.0,Regular Season
1642845,VJ Edgecombe,1642450,Daniss Jenkins,3,4.8,31.2,2.0,1.0,2.0,0.0,0.0,3.0,0.0,Regular Season
203471,Dennis Schröder,1642450,Daniss Jenkins,3,6.5,31.2,2.0,1.0,2.0,0.0,0.0,4.0,0.0,Regular Season
1641730,Noah Clowney,1642843,Cooper Flagg,2,5.7,31.2,7.0,3.0,7.0,1.0,4.0,3.0,0.0,Regular Season
1642879,Ben Saraf,1631260,AJ Green,3,7.4,31.2,5.0,2.0,5.0,1.0,3.0,2.0,0.0,Regular Season
1641708,Amen Thompson,1631099,Keegan Murray,2,6.6,31.2,2.0,0.0,2.0,0.0,0.0,1.0,1.0,Regular Season
1642276,Kel'el Ware,1628418,Thomas Bryant,3,6.6,31.2,19.0,7.0,8.0,5.0,5.0,1.0,0.0,Regular Season
1630534,Ochai Agbaji,1628973,Jalen Brunson,3,7.2,31.2,4.0,2.0,3.0,0.0,1.0,0.0,0.0,Regular Season
1631260,AJ Green,1627742,Brandon Ingram,4,6.6,31.2,3.0,1.0,3.0,1.0,3.0,1.0,0.0,Regular Season
1641738,Kobe Brown,1628991,Jaren Jackson Jr.,3,6.4,31.2,12.0,3.0,9.0,2.0,7.0,0.0,1.0,Regular Season
1631170,Jaime Jaquez Jr.,1628969,Mikal Bridges,4,5.0,31.2,4.0,2.0,8.0,0.0,0.0,1.0,1.0,Regular Season
1641706,Brandon Miller,1629731,Dean Wade,4,6.8,31.2,10.0,4.0,10.0,0.0,3.0,2.0,1.0,Regular Season
1642874,Danny Wolf,1630188,Jalen Smith,2,6.9,31.2,6.0,2.0,6.0,2.0,5.0,1.0,0.0,Regular Season
1642948,Ryan Nembhard,1629636,Darius Garland,2,7.3,31.2,6.0,3.0,5.0,0.0,0.0,0.0,0.0,Regular Season
203084,Harrison Barnes,1629023,P.J. Washington,2,5.3,31.2,4.0,2.0,4.0,0.0,1.0,0.0,0.0,Regular Season
1642263,Reed Sheppard,1629656,Quentin Grimes,2,6.1,31.1,9.0,3.0,9.0,3.0,6.0,1.0,1.0,Regular Season
1630170,Devin Vassell,1630193,Immanuel Quickley,2,6.7,31.1,3.0,1.0,4.0,1.0,2.0,0.0,0.0,Regular Season
201142,Kevin Durant,1629628,RJ Barrett,2,5.7,31.1,6.0,1.0,4.0,0.0,1.0,1.0,1.0,Regular Season
1628389,Bam Adebayo,1629637,Jaxson Hayes,2,6.7,31.1,2.0,1.0,5.0,0.0,2.0,0.0,0.0,Regular Season
1626181,Norman Powell,1629731,Dean Wade,2,5.1,31.1,9.0,3.0,6.0,1.0,3.0,0.0,0.0,Regular Season
1626164,Devin Booker,1630180,Saddiq Bey,4,5.3,31.1,6.0,2.0,4.0,0.0,2.0,1.0,0.0,Regular Season
1630173,Precious Achiuwa,1629029,Luka Dončić,3,7.0,31.1,4.0,2.0,4.0,0.0,0.0,0.0,0.0,Regular Season
1641737,Adem Bona,1642875,Maxime Raynaud,2,6.0,31.1,2.0,0.0,1.0,0.0,0.0,0.0,1.0,Regular Season
1641710,Anthony Black,1642845,VJ Edgecombe,2,5.9,31.1,9.0,3.0,5.0,1.0,2.0,1.0,2.0,Regular Season
1642875,Maxime Raynaud,1642345,Oso Ighodaro,4,5.8,31.1,3.0,1.0,2.0,0.0,0.0,0.0,1.0,Regular Season
201935,James Harden,1641796,Pelle Larsson,4,6.6,31.1,15.0,4.0,8.0,4.0,6.0,0.0,1.0,Regular Season
1629014,Anfernee Simons,1641842,Ronald Holland II,5,6.8,31.1,5.0,1.0,5.0,1.0,4.0,2.0,1.0,Regular Season
1642860,Will Riley,1641772,Nae'Qwan Tomlin,4,5.2,31.1,7.0,1.0,2.0,0.0,0.0,1.0,2.0,Regular Season
1630217,Desmond Bane,1641731,Bilal Coulibaly,4,5.7,31.1,5.0,1.0,1.0,1.0,1.0,2.0,0.0,Regular Season
1630193,Immanuel Quickley,1641767,Ben Sheppard,3,5.9,31.1,10.0,5.0,9.0,0.0,2.0,0.0,0.0,Regular Season
1630578,Alperen Sengun,1642270,Donovan Clingan,2,7.0,31.1,25.0,10.0,13.0,4.0,4.0,1.0,1.0,Regular Season
1642268,Isaiah Collier,1641708,Amen Thompson,3,5.3,31.1,4.0,1.0,1.0,1.0,1.0,0.0,1.0,Regular Season
1631342,Daeqwon Plowden,1641757,Jordan Miller,3,6.0,31.1,4.0,1.0,2.0,1.0,2.0,0.0,1.0,Regular Season
1641783,Tristan da Silva,203114,Khris Middleton,4,5.6,31.1,8.0,2.0,4.0,2.0,3.0,0.0,1.0,Regular Season
1641708,Amen Thompson,202695,Kawhi Leonard,4,6.4,31.1,10.0,4.0,6.0,0.0,2.0,0.0,1.0,Regular Season
203110,Draymond Green,1626220,Royce O'Neale,4,5.2,31.1,4.0,1.0,3.0,0.0,2.0,1.0,1.0,Regular Season
1630198,Isaiah Joe,1630538,Bones Hyland,3,7.4,31.1,6.0,2.0,6.0,2.0,6.0,1.0,0.0,Regular Season
1628983,Shai Gilgeous-Alexander,1630541,Moses Moody,3,4.2,31.1,2.0,0.0,3.0,0.0,0.0,1.0,1.0,Regular Season
1629029,Luka Dončić,1630533,Ziaire Williams,2,5.5,31.1,13.0,5.0,11.0,1.0,5.0,3.0,0.0,Regular Season
1629661,Cameron Johnson,1630249,Vít Krejčí,2,6.0,31.1,5.0,1.0,3.0,1.0,2.0,0.0,0.0,Regular Season
201942,DeMar DeRozan,1628969,Mikal Bridges,2,6.7,31.1,16.0,5.0,9.0,1.0,3.0,1.0,3.0,Regular Season
1641708,Amen Thompson,1627884,Derrick Jones Jr.,2,7.0,31.1,4.0,1.0,2.0,0.0,0.0,1.0,1.0,Regular Season
1641716,Jarace Walker,1628398,Kyle Kuzma,3,5.6,31.1,8.0,3.0,5.0,1.0,2.0,1.0,1.0,Regular Season
1628971,Bruce Brown,1628960,Grayson Allen,3,5.5,31.1,4.0,2.0,2.0,0.0,0.0,2.0,0.0,Regular Season
1629631,De'Andre Hunter,1627742,Brandon Ingram,2,6.1,31.1,0.0,0.0,5.0,0.0,3.0,0.0,0.0,Regular Season
1641767,Ben Sheppard,1627742,Brandon Ingram,4,5.8,31.1,5.0,2.0,6.0,1.0,3.0,1.0,0.0,Regular Season
1630530,Trey Murphy III,1628973,Jalen Brunson,2,5.5,31.1,16.0,6.0,8.0,4.0,5.0,0.0,0.0,Regular Season
1626157,Karl-Anthony Towns,1628970,Miles Bridges,3,7.3,31.1,9.0,2.0,7.0,1.0,4.0,1.0,2.0,Regular Season
1642364,Jamir Watkins,1629008,Michael Porter Jr.,1,5.5,31.1,2.0,1.0,4.0,0.0,1.0,0.0,0.0,Regular Season
1629651,Nic Claxton,1629011,Mitchell Robinson,3,6.9,31.1,6.0,1.0,2.0,0.0,0.0,0.0,3.0,Regular Season
1629646,Charles Bassey,1642928,Dylan Cardwell,2,7.1,31.1,4.0,2.0,4.0,0.0,0.0,1.0,0.0,Regular Season
1630171,Isaac Okoro,1631094,Paolo Banchero,2,5.4,31.1,0.0,0.0,4.0,0.0,1.0,0.0,0.0,Regular Season
1631207,Dalen Terry,1631170,Jaime Jaquez Jr.,4,4.8,31.1,0.0,0.0,1.0,0.0,0.0,1.0,0.0,Regular Season
1641772,Nae'Qwan Tomlin,1631094,Paolo Banchero,3,6.6,31.0,0.0,0.0,3.0,0.0,3.0,1.0,0.0,Regular Season
201142,Kevin Durant,201935,James Harden,2,7.1,31.0,8.0,2.0,4.0,0.0,1.0,2.0,1.0,Regular Season
1641729,Brice Sensabaugh,203924,Jerami Grant,3,4.4,31.0,13.0,5.0,6.0,2.0,3.0,0.0,1.0,Regular Season
1631218,Trayce Jackson-Davis,1642345,Oso Ighodaro,4,6.9,31.0,2.0,1.0,3.0,0.0,0.0,0.0,0.0,Regular Season
1641708,Amen Thompson,1642363,Nique Clifford,3,7.0,31.0,0.0,0.0,1.0,0.0,1.0,1.0,0.0,Regular Season
1641708,Amen Thompson,1642848,Tre Johnson,2,7.2,31.0,4.0,2.0,2.0,0.0,0.0,0.0,0.0,Regular Season
1642847,Jeremiah Fears,1642848,Tre Johnson,2,6.2,31.0,7.0,3.0,5.0,0.0,1.0,2.0,1.0,Regular Season
1629656,Quentin Grimes,1642285,Cam Spencer,2,5.4,31.0,6.0,2.0,6.0,1.0,4.0,0.0,1.0,Regular Season
1631169,Josh Minott,1630191,Isaiah Stewart,4,6.5,31.0,7.0,3.0,5.0,1.0,1.0,0.0,0.0,Regular Season
1630533,Ziaire Williams,1629656,Quentin Grimes,3,6.0,31.0,4.0,2.0,4.0,0.0,2.0,0.0,0.0,Regular Season
1626164,Devin Booker,1629638,Nickeil Alexander-Walker,2,5.9,31.0,6.0,2.0,5.0,0.0,1.0,1.0,1.0,Regular Season
202695,Kawhi Leonard,1629627,Zion Williamson,2,5.7,31.0,9.0,2.0,4.0,1.0,2.0,0.0,2.0,Regular Season
1642928,Dylan Cardwell,1629028,Deandre Ayton,3,6.5,31.0,0.0,0.0,2.0,0.0,1.0,1.0,0.0,Regular Season
1626162,Kelly Oubre Jr.,1630162,Anthony Edwards,2,6.6,31.0,11.0,4.0,7.0,3.0,4.0,0.0,0.0,Regular Season
1630581,Josh Giddey,1629656,Quentin Grimes,3,6.2,31.0,10.0,3.0,5.0,2.0,3.0,1.0,1.0,Regular Season
1630188,Jalen Smith,1629048,Goga Bitadze,2,5.5,31.0,10.0,3.0,5.0,2.0,3.0,3.0,1.0,Regular Season
201942,DeMar DeRozan,1629029,Luka Dončić,3,5.6,31.0,20.0,8.0,13.0,1.0,1.0,3.0,2.0,Regular Season
203991,Clint Capela,1642270,Donovan Clingan,4,7.2,31.0,2.0,1.0,2.0,0.0,0.0,1.0,0.0,Regular Season
203468,CJ McCollum,1641740,Jaylen Clark,3,6.0,31.0,9.0,4.0,8.0,1.0,4.0,0.0,0.0,Regular Season
1642263,Reed Sheppard,1641854,Craig Porter Jr.,2,7.8,31.0,10.0,4.0,10.0,2.0,5.0,0.0,0.0,Regular Season
1631159,Leonard Miller,1630264,Anthony Gill,3,4.9,31.0,4.0,2.0,5.0,0.0,2.0,0.0,0.0,Regular Season
1631114,Jalen Williams,1630692,Jordan Goodwin,4,5.4,31.0,4.0,1.0,3.0,0.0,0.0,1.0,1.0,Regular Season
1628989,Kevin Huerter,1630529,Herbert Jones,2,4.9,31.0,3.0,1.0,1.0,1.0,1.0,1.0,0.0,Regular Season
1630198,Isaiah Joe,1628379,Luke Kennard,4,5.2,31.0,11.0,4.0,6.0,3.0,5.0,0.0,0.0,Regular Season
201143,Al Horford,1628381,John Collins,3,6.4,31.0,5.0,2.0,3.0,1.0,2.0,0.0,0.0,Regular Season
1641710,Anthony Black,1629014,Anfernee Simons,3,6.4,31.0,13.0,5.0,5.0,2.0,2.0,0.0,1.0,Regular Season
1629023,P.J. Washington,1629008,Michael Porter Jr.,2,7.2,30.9,5.0,1.0,2.0,1.0,2.0,1.0,1.0,Regular Season
1630180,Saddiq Bey,1628989,Kevin Huerter,3,5.4,30.9,4.0,1.0,5.0,0.0,0.0,0.0,1.0,Regular Season
1631096,Chet Holmgren,1628381,John Collins,3,6.0,30.9,10.0,2.0,3.0,2.0,2.0,1.0,1.0,Regular Season
1630595,Cade Cunningham,1628398,Kyle Kuzma,3,5.5,30.9,9.0,4.0,6.0,1.0,3.0,0.0,0.0,Regular Season
1630619,Moussa Cisse,1627826,Ivica Zubac,2,5.5,30.9,3.0,1.0,1.0,0.0,0.0,0.0,0.0,Regular Season
203897,Zach LaVine,1627936,Alex Caruso,3,5.9,30.9,3.0,1.0,3.0,1.0,2.0,0.0,0.0,Regular Season
201142,Kevin Durant,1628381,John Collins,4,5.5,30.9,12.0,5.0,12.0,0.0,3.0,1.0,2.0,Regular Season
1642270,Donovan Clingan,1627751,Jakob Poeltl,1,6.2,30.9,11.0,4.0,5.0,0.0,1.0,0.0,2.0,Regular Season
1631221,Collin Gillespie,1630178,Tyrese Maxey,2,6.5,30.9,9.0,3.0,5.0,3.0,5.0,0.0,0.0,Regular Season
202691,Klay Thompson,1630170,Devin Vassell,3,6.1,30.9,4.0,2.0,4.0,0.0,1.0,0.0,0.0,Regular Season
1642844,Dylan Harper,1629614,Andrew Nembhard,2,5.9,30.9,2.0,1.0,2.0,0.0,1.0,0.0,0.0,Regular Season
1630540,Miles McBride,1630178,Tyrese Maxey,2,5.7,30.9,3.0,1.0,4.0,1.0,4.0,0.0,0.0,Regular Season
1628963,Marvin Bagley III,1629674,Neemias Queta,2,6.4,30.9,3.0,1.0,5.0,0.0,0.0,1.0,2.0,Regular Season
1641716,Jarace Walker,1629628,RJ Barrett,2,6.7,30.9,6.0,2.0,5.0,1.0,4.0,0.0,1.0,Regular Season
1630188,Jalen Smith,1630180,Saddiq Bey,3,5.0,30.9,6.0,2.0,2.0,2.0,2.0,0.0,0.0,Regular Season
1627750,Jamal Murray,1629029,Luka Dončić,3,5.5,30.9,14.0,5.0,9.0,2.0,4.0,1.0,0.0,Regular Season
1641716,Jarace Walker,1629130,Duncan Robinson,3,5.9,30.9,1.0,0.0,2.0,0.0,1.0,2.0,1.0,Regular Season
1641717,Cason Wallace,203471,Dennis Schröder,4,6.1,30.9,4.0,2.0,2.0,0.0,0.0,1.0,0.0,Regular Season
1631094,Paolo Banchero,2544,LeBron James,2,6.2,30.9,4.0,1.0,1.0,0.0,0.0,1.0,1.0,Regular Season
1631218,Trayce Jackson-Davis,203497,Rudy Gobert,3,6.3,30.9,4.0,2.0,4.0,0.0,0.0,1.0,0.0,Regular Season
1630530,Trey Murphy III,201142,Kevin Durant,3,5.5,30.9,12.0,5.0,8.0,2.0,3.0,0.0,0.0,Regular Season
1631217,Moussa Diabaté,203083,Andre Drummond,3,8.3,30.9,8.0,3.0,3.0,0.0,0.0,0.0,1.0,Regular Season
1629111,Jock Landale,1631109,Mark Williams,2,6.2,30.9,2.0,1.0,4.0,0.0,3.0,0.0,0.0,Regular Season
1631245,Quenton Jackson,1631157,Ryan Rollins,3,5.6,30.9,0.0,0.0,1.0,0.0,1.0,3.0,0.0,Regular Season
1630198,Isaiah Joe,1631260,AJ Green,2,5.3,30.9,0.0,0.0,2.0,0.0,2.0,0.0,0.0,Regular Season
1642364,Jamir Watkins,1631170,Jaime Jaquez Jr.,3,6.3,30.9,5.0,2.0,3.0,1.0,2.0,1.0,0.0,Regular Season
1629627,Zion Williamson,1631246,Vince Williams Jr.,3,7.2,30.9,7.0,3.0,7.0,0.0,1.0,0.0,2.0,Regular Season
1627752,Taurean Prince,1642879,Ben Saraf,2,6.7,30.9,5.0,2.0,6.0,1.0,5.0,0.0,0.0,Regular Season
1628978,Donte DiVincenzo,1642848,Tre Johnson,2,6.3,30.9,2.0,1.0,4.0,0.0,2.0,1.0,0.0,Regular Season
1628404,Josh Hart,1642867,Collin Murray-Boyles,3,7.8,30.9,9.0,3.0,8.0,1.0,5.0,2.0,1.0,Regular Season
1630245,Ayo Dosunmu,1642450,Daniss Jenkins,3,6.9,30.9,5.0,2.0,4.0,1.0,2.0,2.0,0.0,Regular Season
1630170,Devin Vassell,1642851,Kon Knueppel,2,7.0,30.9,5.0,1.0,2.0,1.0,2.0,1.0,1.0,Regular Season
1628975,Jevon Carter,1630538,Bones Hyland,2,6.5,30.9,3.0,1.0,3.0,1.0,2.0,1.0,0.0,Regular Season
1641708,Amen Thompson,1630559,Austin Reaves,3,5.4,30.9,14.0,6.0,10.0,0.0,0.0,0.0,1.0,Regular Season
1642860,Will Riley,1630228,Jonathan Kuminga,2,4.5,30.9,2.0,1.0,2.0,0.0,1.0,0.0,0.0,Regular Season
1628370,Malik Monk,1630591,Jalen Suggs,2,8.0,30.9,7.0,3.0,4.0,1.0,2.0,0.0,0.0,Regular Season
1631222,Jake LaRavia,1630311,Pat Spencer,3,5.8,30.9,5.0,2.0,2.0,1.0,1.0,0.0,0.0,Regular Season
1630578,Alperen Sengun,1630567,Scottie Barnes,2,7.0,30.9,8.0,3.0,3.0,1.0,1.0,1.0,0.0,Regular Season
1630162,Anthony Edwards,1642907,Cedric Coward,3,5.2,30.9,11.0,4.0,11.0,2.0,5.0,0.0,1.0,Regular Season
1628392,Isaiah Hartenstein,1641737,Adem Bona,2,6.2,30.9,4.0,2.0,5.0,0.0,0.0,3.0,0.0,Regular Season
1642264,Stephon Castle,1641796,Pelle Larsson,2,5.6,30.9,4.0,0.0,0.0,0.0,0.0,1.0,2.0,Regular Season
1629014,Anfernee Simons,1642266,Ja'Kobe Walter,5,7.2,30.9,14.0,5.0,12.0,4.0,8.0,1.0,0.0,Regular Season
201950,Jrue Holiday,1642262,Cody Williams,3,5.9,30.9,7.0,2.0,4.0,1.0,3.0,2.0,0.0,Regular Season
1626181,Norman Powell,1641783,Tristan da Silva,5,5.1,30.8,3.0,1.0,6.0,1.0,3.0,0.0,0.0,Regular Season
203924,Jerami Grant,1641729,Brice Sensabaugh,3,4.5,30.8,8.0,3.0,5.0,2.0,4.0,2.0,0.0,Regular Season
1628401,Derrick White,1641709,Ausar Thompson,4,5.8,30.8,2.0,1.0,4.0,0.0,3.0,1.0,0.0,Regular Season
1630194,Paul Reed,1641737,Adem Bona,3,6.4,30.8,6.0,3.0,5.0,0.0,2.0,0.0,0.0,Regular Season
1642066,Myron Gardner,1641731,Bilal Coulibaly,2,4.5,30.8,2.0,1.0,3.0,0.0,1.0,2.0,0.0,Regular Season
1627759,Jaylen Brown,1641796,Pelle Larsson,3,6.9,30.8,10.0,3.0,8.0,1.0,1.0,0.0,2.0,Regular Season
1631221,Collin Gillespie,1631165,Keon Ellis,3,5.7,30.8,6.0,2.0,6.0,2.0,3.0,1.0,0.0,Regular Season
1629630,Ja Morant,1630700,Dyson Daniels,1,5.9,30.8,0.0,0.0,2.0,0.0,0.0,2.0,0.0,Regular Season
203935,Marcus Smart,1629639,Tyler Herro,1,5.5,30.8,7.0,1.0,4.0,1.0,3.0,1.0,1.0,Regular Season
1642363,Nique Clifford,1629636,Darius Garland,2,5.6,30.8,0.0,0.0,2.0,0.0,1.0,1.0,0.0,Regular Season
201143,Al Horford,1629640,Keldon Johnson,3,6.9,30.8,3.0,1.0,2.0,1.0,2.0,0.0,0.0,Regular Season
1628379,Luke Kennard,1630174,Aaron Nesmith,5,5.4,30.8,0.0,0.0,0.0,0.0,0.0,0.0,0.0,Regular Season
1628401,Derrick White,1629632,Coby White,3,6.9,30.8,0.0,0.0,8.0,0.0,5.0,0.0,0.0,Regular Season
1630541,Moses Moody,1629675,Naz Reid,3,6.2,30.8,5.0,2.0,3.0,1.0,2.0,0.0,0.0,Regular Season
1630577,Julian Champagnie,1630163,LaMelo Ball,2,6.8,30.8,3.0,1.0,3.0,1.0,3.0,0.0,0.0,Regular Season
1629675,Naz Reid,1629631,De'Andre Hunter,2,7.0,30.8,5.0,2.0,2.0,1.0,1.0,1.0,0.0,Regular Season
1631212,Peyton Watson,1630183,Jaden McDaniels,3,6.2,30.8,3.0,1.0,3.0,1.0,1.0,0.0,0.0,Regular Season
1627759,Jaylen Brown,1628997,Caleb Martin,2,7.3,30.8,9.0,4.0,12.0,1.0,1.0,0.0,0.0,Regular Season
1641710,Anthony Black,1629008,Michael Porter Jr.,3,5.1,30.8,6.0,2.0,4.0,2.0,4.0,0.0,0.0,Regular Season
1631099,Keegan Murray,1628978,Donte DiVincenzo,2,5.7,30.8,9.0,4.0,8.0,0.0,0.0,1.0,1.0,Regular Season
1631222,Jake LaRavia,1628978,Donte DiVincenzo,3,6.8,30.8,13.0,5.0,9.0,3.0,7.0,0.0,0.0,Regular Season
1628978,Donte DiVincenzo,1628401,Derrick White,2,4.6,30.8,0.0,0.0,1.0,0.0,1.0,1.0,0.0,Regular Season
1641737,Adem Bona,1628963,Marvin Bagley III,3,6.1,30.8,2.0,1.0,1.0,0.0,0.0,0.0,0.0,Regular Season
1642928,Dylan Cardwell,1629011,Mitchell Robinson,2,6.4,30.8,0.0,0.0,0.0,0.0,0.0,0.0,0.0,Regular Season
1629652,Luguentz Dort,1628374,Lauri Markkanen,2,4.5,30.8,0.0,0.0,2.0,0.0,2.0,0.0,0.0,Regular Season
1642867,Collin Murray-Boyles,1628970,Miles Bridges,4,5.3,30.8,0.0,0.0,1.0,0.0,0.0,1.0,0.0,Regular Season
1629614,Andrew Nembhard,1628401,Derrick White,4,5.3,30.8,10.0,4.0,9.0,1.0,3.0,3.0,1.0,Regular Season
1641705,Victor Wembanyama,1626167,Myles Turner,2,5.8,30.8,12.0,4.0,12.0,1.0,3.0,1.0,2.0,Regular Season
1630171,Isaac Okoro,201566,Russell Westbrook,2,6.2,30.8,4.0,1.0,5.0,1.0,5.0,0.0,0.0,Regular Season
1630180,Saddiq Bey,202710,Jimmy Butler III,2,5.0,30.8,0.0,0.0,4.0,0.0,4.0,0.0,0.0,Regular Season
1627936,Alex Caruso,201142,Kevin Durant,3,4.8,30.8,3.0,1.0,4.0,1.0,3.0,0.0,0.0,Regular Season
1642852,Derik Queen,203500,Steven Adams,2,5.9,30.8,13.0,6.0,11.0,1.0,2.0,1.0,0.0,Regular Season
1631105,Jalen Duren,203076,Anthony Davis,1,7.2,30.8,2.0,1.0,5.0,0.0,0.0,0.0,0.0,Regular Season
1629640,Keldon Johnson,203944,Julius Randle,3,6.3,30.8,10.0,4.0,6.0,2.0,2.0,0.0,0.0,Regular Season
1641718,Keyonte George,1642948,Ryan Nembhard,4,5.9,30.8,16.0,3.0,6.0,2.0,3.0,0.0,3.0,Regular Season
204456,T.J. McConnell,1642347,Jamal Shead,4,6.8,30.8,6.0,3.0,4.0,0.0,1.0,1.0,0.0,Regular Season
1630595,Cade Cunningham,1642883,Sion James,3,6.8,30.8,12.0,4.0,9.0,0.0,3.0,1.0,1.0,Regular Season
1630577,Julian Champagnie,1642846,Ace Bailey,2,5.5,30.8,3.0,1.0,3.0,1.0,2.0,0.0,0.0,Regular Season
1642847,Jeremiah Fears,1642377,Jaylen Wells,4,5.8,30.8,5.0,2.0,5.0,0.0,2.0,0.0,1.0,Regular Season
1630549,Day'Ron Sharpe,1630579,Jericho Sims,2,5.4,30.8,7.0,3.0,5.0,1.0,1.0,0.0,0.0,Regular Season
1629640,Keldon Johnson,1630598,Aaron Wiggins,5,5.2,30.8,4.0,2.0,7.0,0.0,2.0,0.0,0.0,Regular Season
1641731,Bilal Coulibaly,1630217,Desmond Bane,4,5.3,30.8,7.0,1.0,5.0,1.0,4.0,1.0,3.0,Regular Season
1642271,Kyle Filipowski,1630583,Santi Aldama,2,5.8,30.8,10.0,4.0,10.0,1.0,2.0,0.0,1.0,Regular Season
1641796,Pelle Larsson,1630577,Julian Champagnie,2,6.0,30.8,2.0,1.0,2.0,0.0,0.0,2.0,0.0,Regular Season
1631217,Moussa Diabaté,1630567,Scottie Barnes,4,6.8,30.7,6.0,2.0,4.0,0.0,0.0,0.0,1.0,Regular Season
202695,Kawhi Leonard,1630529,Herbert Jones,3,6.3,30.7,2.0,1.0,3.0,0.0,0.0,0.0,0.0,Regular Season
1642907,Cedric Coward,1630595,Cade Cunningham,2,6.3,30.7,3.0,1.0,2.0,1.0,1.0,0.0,0.0,Regular Season
1630200,Tre Jones,1630591,Jalen Suggs,3,6.2,30.7,8.0,3.0,4.0,1.0,1.0,0.0,0.0,Regular Season
1642504,Cormac Ryan,1630623,Tyson Etienne,2,6.0,30.7,10.0,3.0,5.0,1.0,3.0,1.0,1.0,Regular Season
1628384,OG Anunoby,1630573,Sam Hauser,2,6.2,30.7,4.0,1.0,3.0,0.0,1.0,1.0,1.0,Regular Season
1642954,Will Richard,1630202,Payton Pritchard,2,6.7,30.7,5.0,2.0,4.0,1.0,2.0,0.0,0.0,Regular Season
1628976,Wendell Carter Jr.,1627826,Ivica Zubac,1,5.6,30.7,0.0,0.0,4.0,0.0,1.0,0.0,0.0,Regular Season
1641716,Jarace Walker,1628973,Jalen Brunson,2,7.4,30.7,8.0,2.0,6.0,1.0,5.0,0.0,0.0,Regular Season
1642846,Ace Bailey,1627783,Pascal Siakam,1,6.5,30.7,11.0,4.0,6.0,3.0,5.0,0.0,0.0,Regular Season
1642349,Ajay Mitchell,1628379,Luke Kennard,4,5.9,30.7,11.0,4.0,7.0,3.0,5.0,0.0,0.0,Regular Season
1626181,Norman Powell,1628378,Donovan Mitchell,3,5.7,30.7,11.0,4.0,7.0,3.0,5.0,0.0,0.0,Regular Season
203897,Zach LaVine,1627750,Jamal Murray,3,5.9,30.7,9.0,4.0,9.0,1.0,4.0,1.0,0.0,Regular Season
1630529,Herbert Jones,1628973,Jalen Brunson,1,6.1,30.7,7.0,3.0,4.0,1.0,2.0,0.0,0.0,Regular Season
1642345,Oso Ighodaro,1627751,Jakob Poeltl,2,7.4,30.7,0.0,0.0,2.0,0.0,0.0,0.0,0.0,Regular Season
1630178,Tyrese Maxey,1631170,Jaime Jaquez Jr.,3,6.5,30.7,18.0,6.0,8.0,4.0,6.0,0.0,1.0,Regular Season
1642879,Ben Saraf,1631172,Ousmane Dieng,2,8.2,30.7,9.0,3.0,4.0,1.0,2.0,1.0,1.0,Regular Season
1629638,Nickeil Alexander-Walker,1631165,Keon Ellis,3,6.5,30.7,8.0,3.0,6.0,2.0,4.0,2.0,0.0,Regular Season
1631170,Jaime Jaquez Jr.,1631230,Dominick Barlow,3,6.3,30.7,8.0,4.0,9.0,0.0,2.0,1.0,0.0,Regular Season
1630314,Brandon Williams,1631165,Keon Ellis,3,4.1,30.7,2.0,1.0,4.0,0.0,2.0,1.0,0.0,Regular Season
1629627,Zion Williamson,1641709,Ausar Thompson,2,5.8,30.7,4.0,2.0,2.0,0.0,0.0,2.0,0.0,Regular Season
1641705,Victor Wembanyama,1641708,Amen Thompson,4,4.8,30.7,12.0,6.0,9.0,0.0,0.0,0.0,0.0,Regular Season
1628960,Grayson Allen,1641709,Ausar Thompson,2,6.3,30.7,14.0,4.0,9.0,4.0,9.0,0.0,1.0,Regular Season
1630702,Jaden Hardy,1642262,Cody Williams,5,5.4,30.7,8.0,3.0,7.0,2.0,5.0,0.0,0.0,Regular Season
203114,Khris Middleton,1641730,Noah Clowney,3,4.0,30.7,4.0,1.0,2.0,0.0,1.0,1.0,1.0,Regular Season
1630596,Evan Mobley,1629674,Neemias Queta,2,6.6,30.7,9.0,3.0,11.0,2.0,6.0,0.0,1.0,Regular Season
1642907,Cedric Coward,1630162,Anthony Edwards,3,6.1,30.7,4.0,1.0,4.0,0.0,1.0,0.0,0.0,Regular Season
1628378,Donovan Mitchell,1629656,Quentin Grimes,4,5.2,30.7,9.0,2.0,5.0,1.0,3.0,0.0,2.0,Regular Season
1628401,Derrick White,1630193,Immanuel Quickley,3,6.0,30.7,6.0,3.0,11.0,0.0,4.0,1.0,0.0,Regular Season
1629636,Darius Garland,1630162,Anthony Edwards,3,6.3,30.7,3.0,1.0,3.0,1.0,2.0,0.0,0.0,Regular Season
1631157,Ryan Rollins,1630171,Isaac Okoro,4,5.7,30.7,5.0,2.0,7.0,1.0,3.0,2.0,0.0,Regular Season
1630245,Ayo Dosunmu,1642856,Egor Dëmin,3,5.2,30.7,5.0,2.0,5.0,1.0,2.0,0.0,0.0,Regular Season
1626164,Devin Booker,1642843,Cooper Flagg,3,5.7,30.7,17.0,6.0,13.0,3.0,7.0,0.0,0.0,Regular Season
1629652,Luguentz Dort,202695,Kawhi Leonard,2,5.2,30.7,0.0,0.0,0.0,0.0,0.0,0.0,0.0,Regular Season
1629652,Luguentz Dort,203944,Julius Randle,4,6.2,30.7,7.0,2.0,7.0,1.0,4.0,0.0,1.0,Regular Season
1642258,Zaccharie Risacher,202699,Tobias Harris,3,6.7,30.7,4.0,2.0,3.0,0.0,1.0,1.0,0.0,Regular Season
203484,Kentavious Caldwell-Pope,203897,Zach LaVine,3,5.2,30.7,3.0,1.0,6.0,1.0,4.0,0.0,0.0,Regular Season
1642363,Nique Clifford,1626164,Devin Booker,4,5.0,30.7,0.0,0.0,1.0,0.0,0.0,1.0,0.0,Regular Season
1631217,Moussa Diabaté,202696,Nikola Vučević,3,8.7,30.7,2.0,0.0,2.0,0.0,0.0,0.0,1.0,Regular Season
1629023,P.J. Washington,202695,Kawhi Leonard,1,6.1,30.7,4.0,2.0,4.0,0.0,1.0,0.0,0.0,Regular Season
1641750,Ryan Kalkbrenner,203994,Jusuf Nurkić,1,7.4,30.6,2.0,1.0,3.0,0.0,0.0,0.0,0.0,Regular Season
1628386,Jarrett Allen,201572,Brook Lopez,1,6.0,30.6,2.0,1.0,3.0,0.0,0.0,0.0,0.0,Regular Season
1629638,Nickeil Alexander-Walker,202691,Klay Thompson,2,5.3,30.6,3.0,1.0,3.0,1.0,2.0,0.0,0.0,Regular Season
1630572,Sandro Mamukelashvili,1626167,Myles Turner,4,6.2,30.6,2.0,1.0,4.0,0.0,2.0,1.0,0.0,Regular Season
1629234,Drew Eubanks,203497,Rudy Gobert,3,6.3,30.6,3.0,1.0,4.0,0.0,0.0,1.0,1.0,Regular Season
202685,Jonas Valanciunas,1642259,Alex Sarr,1,7.7,30.6,12.0,6.0,12.0,0.0,1.0,0.0,0.0,Regular Season
1630692,Jordan Goodwin,1641724,Jett Howard,2,5.8,30.6,8.0,3.0,4.0,1.0,1.0,0.0,1.0,Regular Season
1630643,Jay Huff,1628963,Marvin Bagley III,2,6.8,30.6,10.0,4.0,6.0,2.0,4.0,0.0,0.0,Regular Season
1630171,Isaac Okoro,1628398,Kyle Kuzma,4,4.5,30.6,2.0,1.0,2.0,0.0,0.0,1.0,0.0,Regular Season
1629651,Nic Claxton,1627759,Jaylen Brown,4,3.5,30.6,3.0,1.0,2.0,0.0,0.0,1.0,0.0,Regular Season
1641775,Jordan Walsh,1628973,Jalen Brunson,4,6.5,30.6,2.0,1.0,1.0,0.0,0.0,0.0,0.0,Regular Season
1630162,Anthony Edwards,1629004,Svi Mykhailiuk,3,6.2,30.6,4.0,2.0,4.0,0.0,1.0,0.0,0.0,Regular Season
203501,Tim Hardaway Jr.,1629006,Josh Okogie,4,6.2,30.6,3.0,1.0,2.0,1.0,2.0,0.0,0.0,Regular Season
1631108,Max Christie,1630559,Austin Reaves,2,7.1,30.6,3.0,1.0,3.0,1.0,2.0,0.0,0.0,Regular Season
1630559,Austin Reaves,1630200,Tre Jones,1,5.9,30.6,4.0,2.0,4.0,0.0,1.0,1.0,0.0,Regular Season
1628374,Lauri Markkanen,1630578,Alperen Sengun,3,4.3,30.6,16.0,5.0,12.0,0.0,2.0,2.0,2.0,Regular Season
1630217,Desmond Bane,1630541,Moses Moody,2,6.1,30.6,9.0,4.0,6.0,1.0,3.0,0.0,0.0,Regular Season
1631230,Dominick Barlow,1630596,Evan Mobley,3,6.7,30.6,2.0,1.0,3.0,0.0,0.0,0.0,0.0,Regular Season
1628374,Lauri Markkanen,1630583,Santi Aldama,1,5.3,30.6,12.0,4.0,7.0,2.0,3.0,0.0,1.0,Regular Season
1642366,Quinten Post,1630596,Evan Mobley,1,7.0,30.6,7.0,3.0,9.0,1.0,3.0,1.0,0.0,Regular Season
1629652,Luguentz Dort,1630578,Alperen Sengun,3,6.5,30.6,6.0,2.0,3.0,2.0,3.0,0.0,0.0,Regular Season
1627734,Domantas Sabonis,1631105,Jalen Duren,1,6.0,30.6,6.0,3.0,3.0,0.0,0.0,0.0,0.0,Regular Season
1642848,Tre Johnson,1631221,Collin Gillespie,2,4.8,30.6,7.0,3.0,5.0,1.0,3.0,2.0,0.0,Regular Season
1630208,Nick Richards,1631119,Jaylin Williams,2,6.7,30.6,2.0,1.0,3.0,0.0,1.0,0.0,1.0,Regular Season
1641708,Amen Thompson,1631260,AJ Green,2,6.5,30.6,6.0,2.0,3.0,0.0,0.0,0.0,1.0,Regular Season
1629632,Coby White,1631097,Bennedict Mathurin,2,6.9,30.6,5.0,1.0,4.0,0.0,2.0,0.0,2.0,Regular Season
1628963,Marvin Bagley III,1631217,Moussa Diabaté,2,5.6,30.6,10.0,4.0,6.0,0.0,0.0,0.0,2.0,Regular Season
1630163,LaMelo Ball,1642848,Tre Johnson,4,6.8,30.6,18.0,5.0,7.0,5.0,6.0,1.0,1.0,Regular Season
203500,Steven Adams,1642274,Yves Missi,2,6.4,30.6,0.0,0.0,0.0,0.0,0.0,0.0,0.0,Regular Season
1629631,De'Andre Hunter,1629628,RJ Barrett,2,5.6,30.6,8.0,3.0,7.0,2.0,5.0,0.0,0.0,Regular Season
1642845,VJ Edgecombe,1629630,Ja Morant,1,7.3,30.6,6.0,2.0,3.0,2.0,3.0,1.0,0.0,Regular Season
1628991,Jaren Jackson Jr.,1629652,Luguentz Dort,2,6.4,30.6,7.0,2.0,5.0,1.0,2.0,0.0,2.0,Regular Season
1629013,Landry Shamet,1629614,Andrew Nembhard,2,5.7,30.6,3.0,1.0,3.0,1.0,3.0,0.0,0.0,Regular Season
1642267,Bub Carrington,1629130,Duncan Robinson,4,5.0,30.6,5.0,2.0,6.0,0.0,2.0,0.0,1.0,Regular Season
1642843,Cooper Flagg,1629029,Luka Dončić,2,6.7,30.6,9.0,4.0,7.0,0.0,1.0,1.0,0.0,Regular Season
1642268,Isaiah Collier,1630183,Jaden McDaniels,4,5.8,30.5,4.0,1.0,4.0,0.0,2.0,2.0,2.0,Regular Season
201566,Russell Westbrook,1629029,Luka Dončić,3,4.8,30.5,10.0,4.0,13.0,0.0,5.0,5.0,1.0,Regular Season
201935,James Harden,1630183,Jaden McDaniels,1,7.2,30.5,3.0,1.0,4.0,0.0,2.0,0.0,1.0,Regular Season
1629029,Luka Dončić,1630180,Saddiq Bey,3,4.8,30.5,10.0,4.0,9.0,2.0,4.0,2.0,0.0,Regular Season
1642366,Quinten Post,1630168,Onyeka Okongwu,2,6.4,30.5,8.0,3.0,6.0,2.0,5.0,2.0,0.0,Regular Season
1631106,Tari Eason,1629639,Tyler Herro,2,8.2,30.5,0.0,0.0,1.0,0.0,1.0,0.0,0.0,Regular Season
1642883,Sion James,1629638,Nickeil Alexander-Walker,4,6.6,30.5,2.0,1.0,3.0,0.0,2.0,0.0,0.0,Regular Season
1642258,Zaccharie Risacher,1629656,Quentin Grimes,4,5.4,30.5,1.0,0.0,1.0,0.0,1.0,0.0,1.0,Regular Season
1641708,Amen Thompson,1630217,Desmond Bane,2,7.3,30.5,6.0,2.0,5.0,0.0,0.0,0.0,1.0,Regular Season
1629656,Quentin Grimes,1630557,Corey Kispert,3,6.2,30.5,13.0,4.0,5.0,2.0,2.0,1.0,2.0,Regular Season
1630163,LaMelo Ball,1630200,Tre Jones,3,7.0,30.5,6.0,3.0,7.0,0.0,1.0,1.0,0.0,Regular Season
1630552,Jalen Johnson,1630230,Naji Marshall,2,6.2,30.5,7.0,2.0,4.0,1.0,3.0,1.0,1.0,Regular Season
1629656,Quentin Grimes,1630533,Ziaire Williams,3,6.4,30.5,5.0,2.0,5.0,0.0,2.0,1.0,0.0,Regular Season
1641706,Brandon Miller,1630200,Tre Jones,4,6.2,30.5,9.0,4.0,8.0,1.0,2.0,1.0,0.0,Regular Season
203994,Jusuf Nurkić,1641750,Ryan Kalkbrenner,1,5.5,30.5,3.0,1.0,5.0,0.0,2.0,0.0,1.0,Regular Season
1642843,Cooper Flagg,1641730,Noah Clowney,2,6.2,30.5,10.0,5.0,8.0,0.0,0.0,0.0,0.0,Regular Season
1628983,Shai Gilgeous-Alexander,1641764,Brandin Podziemski,4,5.0,30.5,11.0,5.0,10.0,1.0,2.0,1.0,1.0,Regular Season
201939,Stephen Curry,1641717,Cason Wallace,1,5.7,30.5,9.0,3.0,6.0,1.0,3.0,0.0,1.0,Regular Season
1642270,Donovan Clingan,1641737,Adem Bona,2,4.0,30.5,2.0,1.0,3.0,0.0,0.0,0.0,0.0,Regular Season
1642962,Drake Powell,1642267,Bub Carrington,4,6.5,30.5,4.0,1.0,3.0,0.0,0.0,1.0,1.0,Regular Season
1642847,Jeremiah Fears,1641764,Brandin Podziemski,3,5.3,30.5,11.0,4.0,7.0,1.0,1.0,0.0,2.0,Regular Season
1641708,Amen Thompson,201950,Jrue Holiday,2,7.1,30.5,3.0,1.0,1.0,0.0,0.0,0.0,0.0,Regular Season
1630530,Trey Murphy III,203084,Harrison Barnes,4,5.5,30.5,12.0,4.0,8.0,2.0,6.0,0.0,1.0,Regular Season
1629057,Robert Williams III,1626157,Karl-Anthony Towns,2,6.5,30.5,8.0,3.0,3.0,1.0,1.0,0.0,1.0,Regular Season
1629111,Jock Landale,1626157,Karl-Anthony Towns,1,5.0,30.5,4.0,2.0,3.0,0.0,0.0,0.0,0.0,Regular Season
1631212,Peyton Watson,1626164,Devin Booker,2,5.3,30.5,5.0,2.0,2.0,1.0,1.0,0.0,0.0,Regular Season
1628392,Isaiah Hartenstein,1627734,Domantas Sabonis,1,6.1,30.5,2.0,1.0,2.0,0.0,0.0,1.0,0.0,Regular Season
203110,Draymond Green,201142,Kevin Durant,2,4.1,30.5,3.0,1.0,1.0,1.0,1.0,1.0,0.0,Regular Season
1642263,Reed Sheppard,1627749,Dejounte Murray,2,8.6,30.5,6.0,2.0,4.0,2.0,4.0,2.0,0.0,Regular Season
1631323,Simone Fontecchio,1629013,Landry Shamet,3,4.8,30.5,5.0,2.0,5.0,1.0,4.0,1.0,0.0,Regular Season
1641731,Bilal Coulibaly,1627759,Jaylen Brown,2,4.8,30.5,5.0,2.0,5.0,1.0,4.0,1.0,0.0,Regular Season
1642928,Dylan Cardwell,1628381,John Collins,3,5.2,30.5,8.0,4.0,4.0,0.0,0.0,0.0,0.0,Regular Season
1642348,Justin Edwards,1628378,Donovan Mitchell,3,6.4,30.5,9.0,3.0,5.0,3.0,5.0,0.0,0.0,Regular Season
1630198,Isaiah Joe,1642285,Cam Spencer,3,5.8,30.5,6.0,2.0,4.0,1.0,2.0,0.0,0.0,Regular Season
1628392,Isaiah Hartenstein,1642274,Yves Missi,2,6.9,30.5,11.0,4.0,5.0,0.0,0.0,0.0,2.0,Regular Season
1641717,Cason Wallace,1642285,Cam Spencer,2,5.6,30.5,6.0,2.0,7.0,2.0,5.0,0.0,0.0,Regular Season
1630700,Dyson Daniels,1631217,Moussa Diabaté,3,5.8,30.5,8.0,4.0,7.0,0.0,1.0,0.0,0.0,Regular Season
1643052,Chaney Johnson,1631200,Kris Murray,2,5.9,30.5,4.0,2.0,2.0,0.0,0.0,1.0,0.0,Regular Season
1628368,De'Aaron Fox,1630700,Dyson Daniels,2,4.9,30.5,3.0,1.0,4.0,1.0,3.0,2.0,0.0,Regular Season
1642266,Ja'Kobe Walter,1631097,Bennedict Mathurin,2,4.8,30.5,0.0,0.0,2.0,0.0,1.0,0.0,0.0,Regular Season
1631097,Bennedict Mathurin,1631260,AJ Green,2,5.2,30.5,9.0,2.0,5.0,0.0,1.0,1.0,3.0,Regular Season
1642845,VJ Edgecombe,1631342,Daeqwon Plowden,1,5.2,30.5,13.0,5.0,6.0,1.0,1.0,1.0,1.0,Regular Season
1630530,Trey Murphy III,1642907,Cedric Coward,4,4.5,30.5,3.0,0.0,1.0,0.0,1.0,0.0,1.0,Regular Season
1630577,Julian Champagnie,1642920,Kobe Sanders,3,5.3,30.5,9.0,2.0,4.0,2.0,3.0,1.0,1.0,Regular Season
1630200,Tre Jones,1626145,Tyus Jones,3,6.4,30.4,9.0,2.0,3.0,1.0,2.0,0.0,2.0,Regular Season
1630168,Onyeka Okongwu,203110,Draymond Green,2,5.5,30.4,4.0,1.0,4.0,0.0,1.0,0.0,1.0,Regular Season
1629661,Cameron Johnson,1626164,Devin Booker,3,6.2,30.4,11.0,4.0,5.0,3.0,4.0,0.0,0.0,Regular Season
1642281,Jaylon Tyson,201942,DeMar DeRozan,2,4.8,30.4,3.0,1.0,6.0,1.0,2.0,2.0,0.0,Regular Season
1627826,Ivica Zubac,203939,Dwight Powell,1,6.0,30.4,8.0,3.0,5.0,0.0,0.0,0.0,0.0,Regular Season
1642349,Ajay Mitchell,203471,Dennis Schröder,3,6.0,30.4,10.0,5.0,5.0,0.0,0.0,1.0,0.0,Regular Season
1629028,Deandre Ayton,203076,Anthony Davis,1,5.7,30.4,0.0,0.0,1.0,0.0,0.0,1.0,0.0,Regular Season
1630567,Scottie Barnes,201935,James Harden,1,5.8,30.4,6.0,1.0,5.0,0.0,3.0,1.0,1.0,Regular Season
1626164,Devin Booker,1626162,Kelly Oubre Jr.,2,5.2,30.4,13.0,3.0,9.0,1.0,3.0,2.0,2.0,Regular Season
1629656,Quentin Grimes,1630217,Desmond Bane,3,5.4,30.4,5.0,1.0,3.0,0.0,1.0,0.0,1.0,Regular Season
1642856,Egor Dëmin,1630558,Davion Mitchell,1,6.6,30.4,6.0,2.0,7.0,1.0,4.0,0.0,0.0,Regular Season
1630598,Aaron Wiggins,1630577,Julian Champagnie,5,6.3,30.4,3.0,1.0,6.0,1.0,4.0,0.0,0.0,Regular Season
1630572,Sandro Mamukelashvili,1630578,Alperen Sengun,2,5.8,30.4,6.0,2.0,5.0,0.0,3.0,0.0,2.0,Regular Season
1642851,Kon Knueppel,1630567,Scottie Barnes,4,7.7,30.4,6.0,2.0,4.0,2.0,4.0,1.0,0.0,Regular Season
1629011,Mitchell Robinson,1630194,Paul Reed,3,5.7,30.4,4.0,2.0,3.0,0.0,0.0,0.0,0.0,Regular Season
203076,Anthony Davis,1629651,Nic Claxton,1,5.8,30.4,8.0,3.0,7.0,0.0,1.0,1.0,0.0,Regular Season
1627783,Pascal Siakam,1629750,Javonte Green,2,5.8,30.4,9.0,2.0,3.0,1.0,2.0,2.0,1.0,Regular Season
1628389,Bam Adebayo,1630168,Onyeka Okongwu,1,6.2,30.4,13.0,6.0,10.0,1.0,3.0,0.0,2.0,Regular Season
1627783,Pascal Siakam,1641772,Nae'Qwan Tomlin,3,6.4,30.4,4.0,2.0,5.0,0.0,1.0,0.0,1.0,Regular Season
1641842,Ronald Holland II,1641824,Matas Buzelis,4,7.5,30.4,20.0,7.0,10.0,2.0,3.0,1.0,1.0,Regular Season
1628398,Kyle Kuzma,1641715,Cam Whitmore,2,5.5,30.4,4.0,1.0,3.0,0.0,1.0,1.0,1.0,Regular Season
1629018,Gary Trent Jr.,1642261,Dalton Knecht,2,5.5,30.4,2.0,1.0,4.0,0.0,3.0,0.0,0.0,Regular Season
1641739,Toumani Camara,1642268,Isaiah Collier,3,5.3,30.4,2.0,1.0,4.0,0.0,3.0,1.0,0.0,Regular Season
1629639,Tyler Herro,1641710,Anthony Black,1,5.2,30.4,4.0,1.0,3.0,0.0,0.0,0.0,0.0,Regular Season
1641764,Brandin Podziemski,1642263,Reed Sheppard,3,5.7,30.4,7.0,3.0,4.0,1.0,1.0,2.0,0.0,Regular Season
1641739,Toumani Camara,1631222,Jake LaRavia,3,4.8,30.4,1.0,0.0,2.0,0.0,2.0,1.0,1.0,Regular Season
1630168,Onyeka Okongwu,1631096,Chet Holmgren,2,5.0,30.4,5.0,2.0,7.0,0.0,2.0,1.0,1.0,Regular Season
203084,Harrison Barnes,1631108,Max Christie,4,5.0,30.4,3.0,1.0,2.0,1.0,2.0,0.0,0.0,Regular Season
1630559,Austin Reaves,1631123,Jamaree Bouyea,3,5.5,30.4,0.0,0.0,1.0,0.0,0.0,0.0,0.0,Regular Season
2544,LeBron James,1631106,Tari Eason,3,5.4,30.4,2.0,1.0,1.0,0.0,0.0,0.0,0.0,Regular Season
1630578,Alperen Sengun,1627826,Ivica Zubac,1,6.9,30.4,10.0,5.0,11.0,0.0,1.0,3.0,0.0,Regular Season
1629028,Deandre Ayton,1628389,Bam Adebayo,1,5.7,30.4,2.0,1.0,2.0,0.0,0.0,0.0,0.0,Regular Season
1630193,Immanuel Quickley,1627749,Dejounte Murray,1,6.2,30.4,4.0,1.0,1.0,0.0,0.0,1.0,1.0,Regular Season
1629004,Svi Mykhailiuk,1642285,Cam Spencer,2,5.9,30.4,4.0,1.0,4.0,0.0,3.0,0.0,1.0,Regular Season
1641709,Ausar Thompson,1642860,Will Riley,3,5.3,30.4,8.0,4.0,6.0,0.0,0.0,0.0,0.0,Regular Season
1631260,AJ Green,1642848,Tre Johnson,3,5.2,30.3,5.0,2.0,4.0,1.0,3.0,0.0,0.0,Regular Season
1629014,Anfernee Simons,1642347,Jamal Shead,5,6.9,30.3,5.0,2.0,4.0,1.0,3.0,0.0,0.0,Regular Season
1627739,Kris Dunn,1642856,Egor Dëmin,2,5.7,30.3,7.0,3.0,6.0,1.0,2.0,1.0,0.0,Regular Season
1642948,Ryan Nembhard,1642461,Spencer Jones,4,5.8,30.3,4.0,2.0,3.0,0.0,0.0,0.0,0.0,Regular Season
201572,Brook Lopez,1629637,Jaxson Hayes,3,6.2,30.3,3.0,1.0,4.0,1.0,3.0,0.0,0.0,Regular Season
1641739,Toumani Camara,1629675,Naz Reid,3,6.4,30.3,6.0,2.0,7.0,1.0,3.0,1.0,1.0,Regular Season
1642848,Tre Johnson,1629630,Ja Morant,1,5.9,30.3,5.0,2.0,4.0,1.0,2.0,0.0,0.0,Regular Season
1642366,Quinten Post,1630166,Deni Avdija,3,6.8,30.3,5.0,2.0,3.0,1.0,2.0,0.0,0.0,Regular Season
1630163,LaMelo Ball,1630165,Killian Hayes,1,6.1,30.3,9.0,3.0,7.0,3.0,6.0,3.0,0.0,Regular Season
1629673,Jordan Poole,1629638,Nickeil Alexander-Walker,1,6.2,30.3,3.0,1.0,6.0,1.0,4.0,2.0,0.0,Regular Season
1630544,Tre Mann,203468,CJ McCollum,4,7.0,30.3,8.0,3.0,5.0,2.0,3.0,1.0,0.0,Regular Season
203497,Rudy Gobert,1626167,Myles Turner,1,6.4,30.3,4.0,2.0,2.0,0.0,0.0,0.0,0.0,Regular Season
1629008,Michael Porter Jr.,202331,Paul George,1,6.5,30.3,2.0,1.0,3.0,0.0,1.0,1.0,1.0,Regular Season
203114,Khris Middleton,1626167,Myles Turner,5,3.9,30.3,14.0,6.0,11.0,2.0,2.0,1.0,0.0,Regular Season
1629001,De'Anthony Melton,1630314,Brandon Williams,2,6.0,30.3,15.0,5.0,7.0,2.0,4.0,1.0,1.0,Regular Season
1626181,Norman Powell,1630534,Ochai Agbaji,2,6.7,30.3,4.0,2.0,7.0,0.0,4.0,1.0,0.0,Regular Season
1626145,Tyus Jones,1630200,Tre Jones,3,6.1,30.3,0.0,0.0,2.0,0.0,0.0,0.0,0.0,Regular Season
1630230,Naji Marshall,1630530,Trey Murphy III,4,4.8,30.3,6.0,3.0,4.0,0.0,0.0,1.0,0.0,Regular Season
1628991,Jaren Jackson Jr.,1630567,Scottie Barnes,1,6.7,30.3,10.0,4.0,5.0,0.0,1.0,0.0,2.0,Regular Season
1628384,OG Anunoby,1629008,Michael Porter Jr.,2,6.3,30.3,5.0,2.0,2.0,1.0,1.0,0.0,0.0,Regular Season
1642950,Lachlan Olbrich,1628976,Wendell Carter Jr.,2,5.8,30.3,4.0,2.0,3.0,0.0,1.0,1.0,0.0,Regular Season
202710,Jimmy Butler III,1628398,Kyle Kuzma,2,7.2,30.3,8.0,2.0,3.0,0.0,0.0,0.0,1.0,Regular Season
1629013,Landry Shamet,1627750,Jamal Murray,2,5.3,30.3,0.0,0.0,4.0,0.0,2.0,0.0,0.0,Regular Season
1641824,Matas Buzelis,1628398,Kyle Kuzma,4,5.5,30.3,7.0,3.0,9.0,1.0,6.0,1.0,0.0,Regular Season
1630538,Bones Hyland,1628975,Jevon Carter,2,6.3,30.3,5.0,1.0,4.0,1.0,4.0,2.0,0.0,Regular Season
1630171,Isaac Okoro,1627759,Jaylen Brown,2,3.8,30.3,2.0,1.0,3.0,0.0,2.0,0.0,0.0,Regular Season
1630530,Trey Murphy III,1641717,Cason Wallace,2,7.2,30.3,10.0,4.0,4.0,2.0,2.0,0.0,0.0,Regular Season
1641842,Ronald Holland II,1641716,Jarace Walker,3,6.8,30.3,2.0,1.0,3.0,0.0,1.0,1.0,0.0,Regular Season
1641708,Amen Thompson,1641709,Ausar Thompson,2,6.8,30.3,5.0,2.0,2.0,0.0,0.0,0.0,1.0,Regular Season
1629630,Ja Morant,1641710,Anthony Black,1,5.0,30.3,7.0,2.0,2.0,1.0,1.0,2.0,1.0,Regular Season
1630245,Ayo Dosunmu,1641710,Anthony Black,3,5.9,30.3,6.0,2.0,3.0,2.0,2.0,0.0,0.0,Regular Season
203903,Jordan Clarkson,1630696,Dru Smith,4,6.7,30.3,9.0,3.0,7.0,2.0,2.0,0.0,1.0,Regular Season
1642271,Kyle Filipowski,1631095,Jabari Smith Jr.,4,5.8,30.3,8.0,4.0,9.0,0.0,3.0,1.0,1.0,Regular Season
1631217,Moussa Diabaté,1631096,Chet Holmgren,2,7.0,30.3,2.0,1.0,1.0,0.0,0.0,0.0,0.0,Regular Season
1627751,Jakob Poeltl,1641705,Victor Wembanyama,2,6.5,30.2,8.0,3.0,10.0,0.0,0.0,2.0,1.0,Regular Season
1627750,Jamal Murray,1631113,Kennedy Chandler,2,6.2,30.2,13.0,4.0,7.0,3.0,4.0,0.0,1.0,Regular Season
1627742,Brandon Ingram,1631170,Jaime Jaquez Jr.,4,6.8,30.2,8.0,3.0,8.0,1.0,2.0,1.0,1.0,Regular Season
203991,Clint Capela,1641705,Victor Wembanyama,4,8.2,30.2,6.0,2.0,4.0,0.0,0.0,1.0,1.0,Regular Season
203952,Andrew Wiggins,1626162,Kelly Oubre Jr.,2,5.9,30.2,6.0,3.0,5.0,0.0,2.0,0.0,0.0,Regular Season
1631222,Jake LaRavia,201935,James Harden,4,7.4,30.2,2.0,1.0,1.0,0.0,0.0,0.0,0.0,Regular Season
1630173,Precious Achiuwa,203497,Rudy Gobert,4,5.8,30.2,4.0,2.0,6.0,0.0,1.0,2.0,0.0,Regular Season
1628978,Donte DiVincenzo,201566,Russell Westbrook,4,4.0,30.2,8.0,2.0,4.0,2.0,3.0,0.0,0.0,Regular Season
1642263,Reed Sheppard,204456,T.J. McConnell,2,6.7,30.2,7.0,3.0,8.0,1.0,4.0,1.0,0.0,Regular Season
1630573,Sam Hauser,1626162,Kelly Oubre Jr.,4,5.7,30.2,0.0,0.0,2.0,0.0,2.0,1.0,0.0,Regular Season
1642271,Kyle Filipowski,1626167,Myles Turner,2,6.1,30.2,13.0,3.0,7.0,1.0,2.0,1.0,3.0,Regular Season
1630245,Ayo Dosunmu,203468,CJ McCollum,2,5.6,30.2,6.0,2.0,5.0,1.0,2.0,0.0,1.0,Regular Season
1641713,GG Jackson,1642846,Ace Bailey,2,5.4,30.2,6.0,2.0,4.0,1.0,3.0,2.0,1.0,Regular Season
1642272,Jared McCain,1642860,Will Riley,2,4.7,30.2,8.0,3.0,6.0,2.0,4.0,0.0,0.0,Regular Season
1629636,Darius Garland,1642845,VJ Edgecombe,2,5.3,30.2,7.0,3.0,5.0,1.0,3.0,0.0,0.0,Regular Season
1641764,Brandin Podziemski,1642848,Tre Johnson,2,6.3,30.2,4.0,2.0,3.0,0.0,1.0,0.0,0.0,Regular Season
1642285,Cam Spencer,1642844,Dylan Harper,3,6.4,30.2,8.0,3.0,4.0,1.0,1.0,0.0,2.0,Regular Season
1630559,Austin Reaves,1642847,Jeremiah Fears,3,4.8,30.2,10.0,4.0,8.0,1.0,4.0,0.0,1.0,Regular Season
1642271,Kyle Filipowski,1643133,Lawson Lovering,1,5.0,30.2,9.0,4.0,7.0,0.0,1.0,0.0,1.0,Regular Season
1642954,Will Richard,1629661,Cameron Johnson,3,6.0,30.2,4.0,2.0,6.0,0.0,3.0,0.0,0.0,Regular Season
1641716,Jarace Walker,1630166,Deni Avdija,2,5.4,30.2,5.0,2.0,5.0,1.0,2.0,1.0,0.0,Regular Season
1642273,Kyshawn George,1629023,P.J. Washington,2,4.8,30.2,8.0,2.0,7.0,2.0,5.0,1.0,1.0,Regular Season
1630549,Day'Ron Sharpe,1629111,Jock Landale,2,6.9,30.2,3.0,1.0,2.0,0.0,0.0,1.0,1.0,Regular Season
1642349,Ajay Mitchell,1641718,Keyonte George,3,4.5,30.2,4.0,1.0,3.0,0.0,1.0,0.0,0.0,Regular Season
1630249,Vít Krejčí,1641717,Cason Wallace,2,5.6,30.2,8.0,2.0,3.0,1.0,2.0,0.0,1.0,Regular Season
1630193,Immanuel Quickley,1641739,Toumani Camara,2,4.7,30.2,6.0,2.0,3.0,2.0,3.0,3.0,0.0,Regular Season
1629674,Neemias Queta,1641750,Ryan Kalkbrenner,3,8.0,30.2,8.0,4.0,5.0,0.0,1.0,2.0,0.0,Regular Season
1642377,Jaylen Wells,1641739,Toumani Camara,3,4.8,30.2,8.0,2.0,6.0,1.0,5.0,1.0,2.0,Regular Season
1642504,Cormac Ryan,1641869,Malachi Smith,2,6.2,30.2,3.0,1.0,3.0,1.0,1.0,0.0,0.0,Regular Season
201144,Mike Conley,1642263,Reed Sheppard,3,6.8,30.2,4.0,1.0,3.0,1.0,2.0,1.0,1.0,Regular Season
1630198,Isaiah Joe,1641764,Brandin Podziemski,4,5.7,30.2,2.0,1.0,3.0,0.0,1.0,1.0,0.0,Regular Season
1642856,Egor Dëmin,1642272,Jared McCain,3,5.9,30.2,7.0,2.0,8.0,1.0,6.0,2.0,1.0,Regular Season
1642846,Ace Bailey,1641708,Amen Thompson,4,5.5,30.2,5.0,2.0,8.0,1.0,4.0,0.0,0.0,Regular Season
203084,Harrison Barnes,1630529,Herbert Jones,4,5.0,30.2,7.0,3.0,3.0,1.0,1.0,1.0,0.0,Regular Season
1641730,Noah Clowney,1630581,Josh Giddey,1,6.3,30.2,9.0,3.0,5.0,3.0,4.0,0.0,0.0,Regular Season
1627741,Buddy Hield,1630198,Isaiah Joe,3,7.4,30.2,7.0,3.0,6.0,1.0,4.0,1.0,0.0,Regular Season
1642845,VJ Edgecombe,1628983,Shai Gilgeous-Alexander,2,5.0,30.2,5.0,2.0,6.0,1.0,3.0,0.0,0.0,Regular Season
1630529,Herbert Jones,1627750,Jamal Murray,2,6.6,30.2,5.0,1.0,3.0,1.0,2.0,1.0,1.0,Regular Season
1642843,Cooper Flagg,1628374,Lauri Markkanen,2,5.2,30.2,7.0,3.0,9.0,1.0,4.0,1.0,0.0,Regular Season
1641764,Brandin Podziemski,1628971,Bruce Brown,4,6.5,30.2,6.0,3.0,4.0,0.0,0.0,0.0,0.0,Regular Season
1641705,Victor Wembanyama,1627751,Jakob Poeltl,2,6.1,30.2,4.0,2.0,4.0,0.0,2.0,1.0,0.0,Regular Season
1627759,Jaylen Brown,1628384,OG Anunoby,1,6.5,30.2,8.0,3.0,6.0,1.0,2.0,2.0,2.0,Regular Season
203114,Khris Middleton,1629018,Gary Trent Jr.,4,4.4,30.2,10.0,5.0,8.0,0.0,2.0,2.0,0.0,Regular Season
1642848,Tre Johnson,1628978,Donte DiVincenzo,2,4.6,30.2,5.0,2.0,3.0,1.0,2.0,0.0,0.0,Regular Season
1631101,Shaedon Sharpe,1628415,Dillon Brooks,2,5.5,30.2,7.0,3.0,5.0,0.0,1.0,0.0,0.0,Regular Season
1627734,Domantas Sabonis,1628392,Isaiah Hartenstein,1,6.8,30.1,2.0,1.0,5.0,0.0,1.0,1.0,0.0,Regular Season
201566,Russell Westbrook,1628969,Mikal Bridges,2,7.2,30.1,4.0,2.0,5.0,0.0,2.0,3.0,0.0,Regular Season
1628963,Marvin Bagley III,1628436,Luke Kornet,2,6.0,30.1,5.0,2.0,6.0,1.0,1.0,0.0,0.0,Regular Season
203497,Rudy Gobert,1627751,Jakob Poeltl,1,6.4,30.1,7.0,3.0,3.0,0.0,0.0,0.0,1.0,Regular Season
1628978,Donte DiVincenzo,1628368,De'Aaron Fox,3,7.1,30.1,9.0,3.0,8.0,3.0,6.0,0.0,0.0,Regular Season
1642267,Bub Carrington,1629012,Collin Sexton,5,5.6,30.1,5.0,1.0,4.0,1.0,3.0,0.0,0.0,Regular Season
1630217,Desmond Bane,1642920,Kobe Sanders,2,5.3,30.1,7.0,2.0,3.0,1.0,2.0,1.0,1.0,Regular Season
201572,Brook Lopez,1642928,Dylan Cardwell,2,5.7,30.1,2.0,1.0,5.0,0.0,0.0,0.0,0.0,Regular Season
1628404,Josh Hart,203468,CJ McCollum,2,6.7,30.1,0.0,0.0,1.0,0.0,1.0,0.0,0.0,Regular Season
1630552,Jalen Johnson,1626167,Myles Turner,3,3.2,30.1,9.0,4.0,7.0,1.0,2.0,2.0,0.0,Regular Season
1642846,Ace Bailey,1626220,Royce O'Neale,3,6.9,30.1,8.0,3.0,7.0,2.0,3.0,1.0,0.0,Regular Season
1630180,Saddiq Bey,203501,Tim Hardaway Jr.,3,6.5,30.1,6.0,2.0,3.0,1.0,1.0,0.0,1.0,Regular Season
1630643,Jay Huff,1626204,Larry Nance Jr.,2,6.4,30.1,0.0,0.0,2.0,0.0,1.0,1.0,0.0,Regular Season
1631165,Keon Ellis,202691,Klay Thompson,3,6.1,30.1,0.0,0.0,2.0,0.0,2.0,0.0,0.0,Regular Season
1628969,Mikal Bridges,1631097,Bennedict Mathurin,2,5.1,30.1,5.0,2.0,3.0,1.0,1.0,1.0,1.0,Regular Season
1642843,Cooper Flagg,1631094,Paolo Banchero,2,6.1,30.1,15.0,7.0,9.0,0.0,0.0,0.0,1.0,Regular Season
1629018,Gary Trent Jr.,1642860,Will Riley,2,5.8,30.1,3.0,1.0,4.0,1.0,4.0,0.0,0.0,Regular Season
1641842,Ronald Holland II,1642845,VJ Edgecombe,4,5.2,30.1,2.0,1.0,7.0,0.0,1.0,0.0,0.0,Regular Season
201142,Kevin Durant,1642883,Sion James,2,5.9,30.1,18.0,7.0,12.0,2.0,3.0,1.0,0.0,Regular Season
1641715,Cam Whitmore,1642843,Cooper Flagg,2,5.5,30.1,5.0,2.0,6.0,1.0,3.0,0.0,0.0,Regular Season
1642271,Kyle Filipowski,1642366,Quinten Post,4,6.5,30.1,7.0,2.0,5.0,0.0,3.0,0.0,2.0,Regular Season
1641713,GG Jackson,1630217,Desmond Bane,2,6.2,30.1,1.0,0.0,1.0,0.0,1.0,1.0,1.0,Regular Season
1642907,Cedric Coward,1630530,Trey Murphy III,4,5.2,30.1,8.0,3.0,4.0,1.0,2.0,1.0,0.0,Regular Season
1631170,Jaime Jaquez Jr.,1630533,Ziaire Williams,3,5.1,30.1,3.0,1.0,2.0,0.0,0.0,1.0,1.0,Regular Season
203952,Andrew Wiggins,1630595,Cade Cunningham,2,4.7,30.1,15.0,5.0,7.0,3.0,4.0,1.0,1.0,Regular Season
1630202,Payton Pritchard,1630182,Josh Green,3,6.9,30.1,8.0,3.0,6.0,2.0,4.0,1.0,0.0,Regular Season
1629723,John Konchar,1630180,Saddiq Bey,6,5.7,30.1,2.0,1.0,2.0,0.0,1.0,1.0,0.0,Regular Season
1628978,Donte DiVincenzo,1642263,Reed Sheppard,3,6.7,30.1,10.0,3.0,7.0,2.0,6.0,2.0,1.0,Regular Season
1631109,Mark Williams,1642259,Alex Sarr,1,5.7,30.1,8.0,4.0,4.0,0.0,0.0,0.0,0.0,Regular Season
203497,Rudy Gobert,1642259,Alex Sarr,1,5.6,30.1,14.0,5.0,6.0,0.0,0.0,1.0,1.0,Regular Season
1642860,Will Riley,1642272,Jared McCain,2,5.5,30.1,4.0,1.0,2.0,0.0,1.0,2.0,1.0,Regular Season
1642875,Maxime Raynaud,1641737,Adem Bona,2,5.3,30.0,7.0,3.0,4.0,1.0,1.0,0.0,0.0,Regular Season
1631101,Shaedon Sharpe,1641710,Anthony Black,2,4.5,30.0,11.0,4.0,9.0,1.0,3.0,0.0,2.0,Regular Season
1630579,Jericho Sims,1631170,Jaime Jaquez Jr.,3,5.2,30.0,4.0,2.0,2.0,0.0,0.0,0.0,0.0,Regular Season
203110,Draymond Green,1630700,Dyson Daniels,2,6.4,30.0,5.0,2.0,5.0,1.0,4.0,0.0,0.0,Regular Season
1642268,Isaiah Collier,1631222,Jake LaRavia,3,5.3,30.0,9.0,4.0,6.0,0.0,0.0,1.0,0.0,Regular Season
1642267,Bub Carrington,1631222,Jake LaRavia,2,5.5,30.0,7.0,2.0,4.0,2.0,2.0,1.0,1.0,Regular Season
1642363,Nique Clifford,1631097,Bennedict Mathurin,3,6.9,30.0,3.0,1.0,3.0,1.0,1.0,1.0,0.0,Regular Season
1630171,Isaac Okoro,1628970,Miles Bridges,3,5.4,30.0,2.0,1.0,1.0,0.0,0.0,0.0,0.0,Regular Season
1626167,Myles Turner,1627742,Brandon Ingram,4,6.0,30.0,6.0,2.0,6.0,2.0,5.0,0.0,0.0,Regular Season
203507,Giannis Antetokounmpo,1628384,OG Anunoby,1,7.2,30.0,13.0,6.0,9.0,0.0,1.0,1.0,1.0,Regular Season
1627826,Ivica Zubac,1628976,Wendell Carter Jr.,1,5.5,30.0,6.0,3.0,8.0,0.0,0.0,0.0,0.0,Regular Season
1628970,Miles Bridges,1628983,Shai Gilgeous-Alexander,2,5.4,30.0,7.0,2.0,4.0,1.0,3.0,0.0,1.0,Regular Season
1631109,Mark Williams,203954,Joel Embiid,1,6.2,30.0,3.0,1.0,3.0,0.0,0.0,0.0,1.0,Regular Season
1641705,Victor Wembanyama,1626220,Royce O'Neale,2,6.0,30.0,2.0,1.0,5.0,0.0,1.0,2.0,0.0,Regular Season
1630166,Deni Avdija,201935,James Harden,2,5.8,30.0,5.0,2.0,7.0,1.0,4.0,2.0,0.0,Regular Season
203507,Giannis Antetokounmpo,202696,Nikola Vučević,3,6.8,30.0,23.0,9.0,19.0,1.0,4.0,1.0,3.0,Regular Season
203954,Joel Embiid,203076,Anthony Davis,1,6.8,30.0,8.0,3.0,7.0,0.0,2.0,2.0,1.0,Regular Season
1629011,Mitchell Robinson,203083,Andre Drummond,2,5.6,30.0,4.0,1.0,1.0,0.0,0.0,0.0,1.0,Regular Season
1626220,Royce O'Neale,203924,Jerami Grant,2,6.3,30.0,4.0,2.0,5.0,0.0,3.0,1.0,0.0,Regular Season
1641739,Toumani Camara,1629661,Cameron Johnson,4,6.1,30.0,8.0,2.0,4.0,2.0,3.0,0.0,0.0,Regular Season
1631108,Max Christie,1629614,Andrew Nembhard,1,5.5,30.0,0.0,0.0,0.0,0.0,0.0,1.0,0.0,Regular Season
1628381,John Collins,1629661,Cameron Johnson,2,5.1,30.0,2.0,1.0,1.0,0.0,0.0,2.0,0.0,Regular Season
1629029,Luka Dončić,1629645,Kevin Porter Jr.,1,6.0,30.0,10.0,4.0,10.0,2.0,3.0,0.0,0.0,Regular Season
1641796,Pelle Larsson,1629628,RJ Barrett,2,7.8,30.0,3.0,1.0,6.0,1.0,3.0,1.0,0.0,Regular Season
1630173,Precious Achiuwa,1642345,Oso Ighodaro,3,6.7,30.0,5.0,2.0,5.0,0.0,0.0,0.0,1.0,Regular Season
1642847,Jeremiah Fears,1642844,Dylan Harper,3,7.4,30.0,6.0,2.0,5.0,0.0,0.0,0.0,1.0,Regular Season
1642263,Reed Sheppard,1630559,Austin Reaves,3,7.6,30.0,5.0,2.0,6.0,1.0,4.0,0.0,0.0,Regular Season
1627739,Kris Dunn,1630559,Austin Reaves,2,6.3,30.0,5.0,2.0,2.0,1.0,1.0,0.0,0.0,Regular Season
1630572,Sandro Mamukelashvili,1630579,Jericho Sims,3,5.3,30.0,10.0,4.0,6.0,2.0,4.0,0.0,0.0,Regular Season
1629029,Luka Dončić,1630558,Davion Mitchell,2,6.0,30.0,17.0,7.0,8.0,2.0,2.0,1.0,0.0,Regular Season
1629029,Luka Dončić,1630530,Trey Murphy III,3,4.3,30.0,5.0,2.0,6.0,1.0,4.0,0.0,0.0,Regular Season
1626171,Bobby Portis Jr.,1630572,Sandro Mamukelashvili,4,5.1,29.9,9.0,4.0,8.0,1.0,3.0,0.0,0.0,Regular Season
1642264,Stephon Castle,1630558,Davion Mitchell,2,6.0,29.9,9.0,2.0,4.0,0.0,1.0,1.0,3.0,Regular Season
1642852,Derik Queen,1630578,Alperen Sengun,3,4.7,29.9,6.0,3.0,8.0,0.0,2.0,2.0,1.0,Regular Season
1641772,Nae'Qwan Tomlin,1630551,Justin Champagnie,2,5.4,29.9,2.0,1.0,3.0,0.0,2.0,0.0,0.0,Regular Season
1642860,Will Riley,1630217,Desmond Bane,3,5.9,29.9,2.0,1.0,3.0,0.0,1.0,0.0,1.0,Regular Season
1628389,Bam Adebayo,1630217,Desmond Bane,5,2.9,29.9,8.0,2.0,3.0,2.0,2.0,0.0,1.0,Regular Season
1642266,Ja'Kobe Walter,1630202,Payton Pritchard,4,5.6,29.9,7.0,3.0,5.0,1.0,2.0,0.0,0.0,Regular Season
1641750,Ryan Kalkbrenner,1630574,Ariel Hukporti,3,7.2,29.9,2.0,0.0,0.0,0.0,0.0,0.0,1.0,Regular Season
1630557,Corey Kispert,1630245,Ayo Dosunmu,2,5.0,29.9,12.0,3.0,5.0,3.0,5.0,0.0,2.0,Regular Season
1631221,Collin Gillespie,1630559,Austin Reaves,3,6.1,29.9,9.0,3.0,4.0,3.0,4.0,0.0,0.0,Regular Season
1630631,Jose Alvarado,1630314,Brandon Williams,3,6.2,29.9,2.0,1.0,4.0,0.0,3.0,0.0,0.0,Regular Season
1642264,Stephon Castle,1627936,Alex Caruso,4,5.4,29.9,8.0,3.0,7.0,2.0,5.0,1.0,0.0,Regular Season
1642271,Kyle Filipowski,1628991,Jaren Jackson Jr.,2,5.5,29.9,7.0,3.0,4.0,1.0,2.0,0.0,1.0,Regular Season
1642366,Quinten Post,1627742,Brandon Ingram,2,5.8,29.9,3.0,1.0,5.0,1.0,2.0,0.0,0.0,Regular Season
1630171,Isaac Okoro,1627783,Pascal Siakam,2,5.9,29.9,3.0,1.0,2.0,1.0,1.0,0.0,0.0,Regular Season
1629651,Nic Claxton,1628963,Marvin Bagley III,2,5.8,29.9,3.0,1.0,4.0,0.0,0.0,1.0,1.0,Regular Season
1629130,Duncan Robinson,1628989,Kevin Huerter,3,5.6,29.9,3.0,1.0,3.0,1.0,3.0,0.0,0.0,Regular Season
1630245,Ayo Dosunmu,1627759,Jaylen Brown,3,6.3,29.9,6.0,3.0,6.0,0.0,3.0,1.0,0.0,Regular Season
1630178,Tyrese Maxey,1629018,Gary Trent Jr.,3,5.7,29.9,18.0,7.0,7.0,2.0,2.0,1.0,1.0,Regular Season
201572,Brook Lopez,1628976,Wendell Carter Jr.,2,5.5,29.9,5.0,2.0,3.0,1.0,1.0,0.0,0.0,Regular Season
1630174,Aaron Nesmith,1628379,Luke Kennard,5,6.0,29.9,13.0,5.0,6.0,3.0,4.0,0.0,1.0,Regular Season
202685,Jonas Valanciunas,1642270,Donovan Clingan,3,6.2,29.9,15.0,7.0,13.0,1.0,2.0,0.0,0.0,Regular Season
1627783,Pascal Siakam,1641775,Jordan Walsh,3,6.7,29.9,7.0,3.0,4.0,1.0,1.0,0.0,1.0,Regular Season
203944,Julius Randle,1642264,Stephon Castle,2,6.3,29.9,7.0,1.0,3.0,0.0,0.0,2.0,3.0,Regular Season
1628973,Jalen Brunson,1642264,Stephon Castle,2,7.2,29.9,0.0,0.0,4.0,0.0,1.0,1.0,0.0,Regular Season
1641716,Jarace Walker,1631230,Dominick Barlow,4,5.9,29.9,5.0,2.0,6.0,1.0,4.0,1.0,0.0,Regular Season
1628978,Donte DiVincenzo,1631097,Bennedict Mathurin,2,7.9,29.9,6.0,2.0,5.0,1.0,3.0,0.0,1.0,Regular Season
1628970,Miles Bridges,1631170,Jaime Jaquez Jr.,4,6.9,29.9,7.0,3.0,6.0,1.0,1.0,0.0,0.0,Regular Season
1629660,Ty Jerome,1631128,Christian Braun,2,5.7,29.9,9.0,3.0,8.0,2.0,6.0,0.0,1.0,Regular Season
1630245,Ayo Dosunmu,1630696,Dru Smith,4,5.7,29.9,7.0,2.0,4.0,1.0,2.0,1.0,2.0,Regular Season
202691,Klay Thompson,1631213,Tyrese Martin,2,5.1,29.9,6.0,2.0,5.0,2.0,4.0,0.0,0.0,Regular Season
1642281,Jaylon Tyson,1642845,VJ Edgecombe,3,4.9,29.9,10.0,3.0,4.0,1.0,2.0,1.0,1.0,Regular Season
201939,Stephen Curry,1642346,Ryan Dunn,3,5.9,29.9,0.0,0.0,7.0,0.0,3.0,1.0,0.0,Regular Season
1629639,Tyler Herro,1642347,Jamal Shead,2,6.2,29.9,7.0,3.0,5.0,1.0,1.0,0.0,0.0,Regular Season
1630314,Brandon Williams,1642847,Jeremiah Fears,4,6.4,29.9,0.0,0.0,4.0,0.0,1.0,1.0,0.0,Regular Season
1642268,Isaiah Collier,1642285,Cam Spencer,3,5.2,29.9,3.0,1.0,5.0,0.0,1.0,2.0,2.0,Regular Season
1642920,Kobe Sanders,1642285,Cam Spencer,4,6.6,29.9,3.0,1.0,1.0,1.0,1.0,0.0,0.0,Regular Season
1642857,Kasparas Jakučionis,1642879,Ben Saraf,2,6.2,29.9,7.0,2.0,5.0,1.0,3.0,3.0,1.0,Regular Season
1628989,Kevin Huerter,1642860,Will Riley,3,6.2,29.9,2.0,1.0,5.0,0.0,3.0,0.0,0.0,Regular Season
1629674,Neemias Queta,1642867,Collin Murray-Boyles,4,8.3,29.9,8.0,4.0,6.0,0.0,0.0,0.0,1.0,Regular Season
1630552,Jalen Johnson,1642846,Ace Bailey,2,3.5,29.9,12.0,4.0,5.0,2.0,3.0,2.0,2.0,Regular Season
1641796,Pelle Larsson,1642848,Tre Johnson,2,5.0,29.9,4.0,1.0,4.0,0.0,3.0,2.0,2.0,Regular Season
1628976,Wendell Carter Jr.,201935,James Harden,3,5.4,29.9,3.0,1.0,2.0,1.0,2.0,0.0,0.0,Regular Season
1642875,Maxime Raynaud,203994,Jusuf Nurkić,2,6.5,29.9,9.0,3.0,6.0,0.0,1.0,0.0,2.0,Regular Season
203944,Julius Randle,201143,Al Horford,2,6.0,29.9,6.0,3.0,7.0,0.0,3.0,0.0,0.0,Regular Season
1629651,Nic Claxton,203110,Draymond Green,2,7.0,29.9,4.0,2.0,2.0,0.0,0.0,1.0,1.0,Regular Season
1642263,Reed Sheppard,201950,Jrue Holiday,2,6.5,29.9,11.0,4.0,8.0,3.0,5.0,1.0,0.0,Regular Season
1630583,Santi Aldama,2544,LeBron James,2,5.4,29.9,5.0,2.0,4.0,0.0,2.0,1.0,1.0,Regular Season
1631095,Jabari Smith Jr.,1626162,Kelly Oubre Jr.,2,6.6,29.9,4.0,1.0,3.0,0.0,2.0,0.0,1.0,Regular Season
1642270,Donovan Clingan,202685,Jonas Valanciunas,3,6.1,29.9,9.0,3.0,8.0,2.0,4.0,0.0,1.0,Regular Season
1642345,Oso Ighodaro,203991,Clint Capela,4,6.4,29.9,2.0,1.0,1.0,0.0,0.0,1.0,1.0,Regular Season
203497,Rudy Gobert,1630173,Precious Achiuwa,4,5.5,29.9,7.0,2.0,4.0,0.0,0.0,1.0,2.0,Regular Season
1631108,Max Christie,1629661,Cameron Johnson,2,6.0,29.9,0.0,0.0,1.0,0.0,0.0,0.0,0.0,Regular Season
1641731,Bilal Coulibaly,1630166,Deni Avdija,2,3.7,29.9,3.0,1.0,3.0,1.0,1.0,1.0,0.0,Regular Season
1629639,Tyler Herro,1629656,Quentin Grimes,2,6.6,29.9,4.0,2.0,6.0,0.0,1.0,1.0,0.0,Regular Season
1641712,Rayan Rupert,1629723,John Konchar,3,4.8,29.9,5.0,2.0,9.0,1.0,3.0,2.0,0.0,Regular Season
1627884,Derrick Jones Jr.,1629627,Zion Williamson,3,5.9,29.9,4.0,1.0,2.0,0.0,1.0,1.0,1.0,Regular Season
1630200,Tre Jones,1629673,Jordan Poole,2,5.4,29.9,4.0,2.0,3.0,0.0,0.0,0.0,0.0,Regular Season
1629014,Anfernee Simons,1630178,Tyrese Maxey,3,5.0,29.9,11.0,4.0,7.0,2.0,2.0,0.0,1.0,Regular Season
1630692,Jordan Goodwin,1630170,Devin Vassell,4,6.0,29.9,3.0,1.0,3.0,1.0,3.0,0.0,0.0,Regular Season
1628368,De'Aaron Fox,1629638,Nickeil Alexander-Walker,2,6.0,29.9,9.0,4.0,5.0,1.0,1.0,0.0,1.0,Regular Season
1641744,Zach Edey,1629655,Daniel Gafford,1,6.7,29.8,6.0,1.0,2.0,0.0,0.0,0.0,2.0,Regular Season
1641750,Ryan Kalkbrenner,1629111,Jock Landale,3,7.5,29.8,7.0,3.0,3.0,0.0,0.0,1.0,1.0,Regular Season
1631109,Mark Williams,1629234,Drew Eubanks,3,6.2,29.8,1.0,0.0,1.0,0.0,0.0,1.0,1.0,Regular Season
203939,Dwight Powell,1629651,Nic Claxton,3,6.8,29.8,0.0,0.0,0.0,0.0,0.0,0.0,0.0,Regular Season
1642377,Jaylen Wells,1630166,Deni Avdija,1,5.4,29.8,11.0,2.0,5.0,1.0,3.0,0.0,3.0,Regular Season
1630170,Devin Vassell,1629628,RJ Barrett,2,6.2,29.8,8.0,3.0,5.0,2.0,4.0,0.0,0.0,Regular Season
1631094,Paolo Banchero,1629750,Javonte Green,3,6.6,29.8,13.0,4.0,6.0,1.0,1.0,2.0,2.0,Regular Season
1642264,Stephon Castle,1642267,Bub Carrington,2,5.0,29.8,3.0,1.0,4.0,0.0,3.0,1.0,2.0,Regular Season
1628991,Jaren Jackson Jr.,1641738,Kobe Brown,3,6.0,29.8,9.0,3.0,7.0,2.0,3.0,2.0,0.0,Regular Season
1630574,Ariel Hukporti,1641750,Ryan Kalkbrenner,3,7.6,29.8,0.0,0.0,2.0,0.0,0.0,0.0,0.0,Regular Season
1630202,Payton Pritchard,1641718,Keyonte George,2,5.2,29.8,5.0,2.0,2.0,1.0,1.0,0.0,0.0,Regular Season
1631260,AJ Green,1641783,Tristan da Silva,3,6.8,29.8,3.0,1.0,3.0,1.0,3.0,1.0,0.0,Regular Season
1629014,Anfernee Simons,1630245,Ayo Dosunmu,2,6.7,29.8,8.0,3.0,5.0,2.0,3.0,2.0,0.0,Regular Season
1641783,Tristan da Silva,1630573,Sam Hauser,3,6.1,29.8,9.0,3.0,5.0,3.0,3.0,0.0,0.0,Regular Season
1631126,Caleb Love,1630202,Payton Pritchard,2,5.0,29.8,0.0,0.0,2.0,0.0,1.0,1.0,0.0,Regular Season
1629651,Nic Claxton,1630572,Sandro Mamukelashvili,2,6.9,29.8,2.0,1.0,5.0,0.0,0.0,0.0,0.0,Regular Season
1642268,Isaiah Collier,1630591,Jalen Suggs,1,5.0,29.8,6.0,3.0,6.0,0.0,2.0,2.0,0.0,Regular Season
1641764,Brandin Podziemski,1642914,Javon Small,3,7.2,29.8,10.0,4.0,7.0,2.0,3.0,0.0,0.0,Regular Season
1628969,Mikal Bridges,1642907,Cedric Coward,2,5.8,29.8,4.0,2.0,3.0,0.0,1.0,1.0,0.0,Regular Season
1641764,Brandin Podziemski,1628988,Aaron Holiday,2,6.5,29.8,4.0,2.0,3.0,0.0,0.0,0.0,0.0,Regular Season
1629750,Javonte Green,1627783,Pascal Siakam,2,5.7,29.8,7.0,3.0,5.0,1.0,3.0,0.0,0.0,Regular Season
1641775,Jordan Walsh,1627742,Brandon Ingram,3,7.6,29.8,3.0,1.0,2.0,1.0,1.0,0.0,0.0,Regular Season
1630578,Alperen Sengun,1628374,Lauri Markkanen,3,4.5,29.8,16.0,7.0,8.0,0.0,1.0,0.0,2.0,Regular Season
1627884,Derrick Jones Jr.,1628960,Grayson Allen,3,6.5,29.8,16.0,6.0,7.0,4.0,5.0,0.0,0.0,Regular Season
1628983,Shai Gilgeous-Alexander,1628997,Caleb Martin,3,5.8,29.8,6.0,3.0,4.0,0.0,0.0,2.0,0.0,Regular Season
1629060,Rui Hachimura,1627759,Jaylen Brown,2,7.2,29.8,6.0,2.0,6.0,2.0,5.0,0.0,0.0,Regular Season
1628401,Derrick White,1628389,Bam Adebayo,4,7.4,29.8,7.0,2.0,8.0,1.0,3.0,0.0,0.0,Regular Season
1631221,Collin Gillespie,1628988,Aaron Holiday,4,5.3,29.8,7.0,3.0,8.0,1.0,5.0,0.0,0.0,Regular Season
1630551,Justin Champagnie,1628378,Donovan Mitchell,3,5.8,29.8,3.0,1.0,1.0,1.0,1.0,0.0,0.0,Regular Season
1629014,Anfernee Simons,204456,T.J. McConnell,3,6.5,29.8,5.0,2.0,4.0,1.0,2.0,1.0,0.0,Regular Season
1630551,Justin Champagnie,201587,Nicolas Batum,2,5.8,29.8,5.0,2.0,5.0,1.0,2.0,0.0,0.0,Regular Season
1628969,Mikal Bridges,201942,DeMar DeRozan,2,5.5,29.8,5.0,2.0,6.0,1.0,3.0,0.0,0.0,Regular Season
1626164,Devin Booker,203897,Zach LaVine,2,5.8,29.8,7.0,2.0,4.0,0.0,2.0,2.0,0.0,Regular Season
1642875,Maxime Raynaud,202695,Kawhi Leonard,4,6.4,29.8,8.0,4.0,6.0,0.0,0.0,0.0,0.0,Regular Season
1629011,Mitchell Robinson,203991,Clint Capela,2,7.9,29.8,2.0,1.0,2.0,0.0,0.0,0.0,0.0,Regular Season
1631096,Chet Holmgren,203076,Anthony Davis,2,6.0,29.8,13.0,5.0,8.0,1.0,3.0,0.0,1.0,Regular Season
1629004,Svi Mykhailiuk,1631101,Shaedon Sharpe,2,5.0,29.8,5.0,2.0,4.0,1.0,3.0,0.0,0.0,Regular Season
1629130,Duncan Robinson,1631260,AJ Green,2,4.7,29.8,0.0,0.0,1.0,0.0,1.0,0.0,0.0,Regular Season
201942,DeMar DeRozan,1631106,Tari Eason,2,5.4,29.8,15.0,5.0,7.0,1.0,1.0,0.0,2.0,Regular Season
1627750,Jamal Murray,1631165,Keon Ellis,4,5.8,29.8,14.0,4.0,6.0,2.0,3.0,3.0,2.0,Regular Season
1628973,Jalen Brunson,1631169,Josh Minott,2,6.2,29.8,2.0,1.0,8.0,0.0,5.0,0.0,0.0,Regular Season
1642848,Tre Johnson,1642847,Jeremiah Fears,2,4.1,29.8,5.0,1.0,1.0,1.0,1.0,1.0,1.0,Regular Season
1630202,Payton Pritchard,1642857,Kasparas Jakučionis,2,6.6,29.8,5.0,1.0,2.0,1.0,2.0,0.0,1.0,Regular Season
1628389,Bam Adebayo,1642854,Asa Newell,2,5.8,29.8,9.0,3.0,5.0,1.0,1.0,0.0,1.0,Regular Season
1630172,Patrick Williams,1642882,Julian Reese,2,3.9,29.7,0.0,0.0,6.0,0.0,3.0,0.0,0.0,Regular Season
1628970,Miles Bridges,1642867,Collin Murray-Boyles,4,6.4,29.7,8.0,1.0,7.0,1.0,3.0,1.0,2.0,Regular Season
1630170,Devin Vassell,1642847,Jeremiah Fears,4,5.9,29.7,8.0,3.0,8.0,2.0,5.0,0.0,0.0,Regular Season
203939,Dwight Powell,1642875,Maxime Raynaud,2,5.1,29.7,1.0,0.0,0.0,0.0,0.0,0.0,1.0,Regular Season
1629014,Anfernee Simons,1641710,Anthony Black,3,6.2,29.7,11.0,3.0,7.0,2.0,4.0,1.0,1.0,Regular Season
1642852,Derik Queen,1642270,Donovan Clingan,2,5.7,29.7,13.0,5.0,7.0,0.0,0.0,2.0,2.0,Regular Season
1630549,Day'Ron Sharpe,1642259,Alex Sarr,2,5.9,29.7,8.0,2.0,6.0,0.0,0.0,0.0,2.0,Regular Season
1630166,Deni Avdija,1641716,Jarace Walker,2,6.0,29.7,2.0,1.0,1.0,0.0,0.0,2.0,0.0,Regular Season
1629636,Darius Garland,1642269,Devin Carter,1,5.0,29.7,9.0,4.0,7.0,1.0,2.0,1.0,0.0,Regular Season
1641706,Brandon Miller,1641709,Ausar Thompson,3,6.3,29.7,8.0,2.0,7.0,2.0,6.0,1.0,1.0,Regular Season
1641730,Noah Clowney,1629023,P.J. Washington,2,5.4,29.7,5.0,2.0,5.0,1.0,4.0,1.0,0.0,Regular Season
1631105,Jalen Duren,1630188,Jalen Smith,2,6.7,29.7,8.0,3.0,5.0,0.0,0.0,0.0,2.0,Regular Season
1628983,Shai Gilgeous-Alexander,1630170,Devin Vassell,3,5.7,29.7,11.0,5.0,6.0,0.0,0.0,0.0,1.0,Regular Season
1630166,Deni Avdija,1629640,Keldon Johnson,3,6.0,29.7,11.0,4.0,12.0,2.0,6.0,0.0,1.0,Regular Season
1642882,Julian Reese,1629723,John Konchar,2,5.2,29.7,9.0,4.0,5.0,0.0,0.0,0.0,1.0,Regular Season
1630163,LaMelo Ball,1630178,Tyrese Maxey,3,5.3,29.7,5.0,2.0,5.0,1.0,2.0,1.0,0.0,Regular Season
1628401,Derrick White,1630241,Sam Merrill,1,7.0,29.7,2.0,0.0,0.0,0.0,0.0,0.0,1.0,Regular Season
1629637,Jaxson Hayes,1630264,Anthony Gill,2,5.9,29.7,10.0,4.0,4.0,1.0,1.0,0.0,1.0,Regular Season
1627783,Pascal Siakam,1630577,Julian Champagnie,2,5.9,29.7,8.0,3.0,5.0,0.0,0.0,0.0,1.0,Regular Season
1642948,Ryan Nembhard,1630558,Davion Mitchell,2,6.9,29.7,3.0,1.0,2.0,1.0,1.0,0.0,0.0,Regular Season
1629638,Nickeil Alexander-Walker,1630245,Ayo Dosunmu,4,5.8,29.7,6.0,2.0,5.0,1.0,3.0,0.0,1.0,Regular Season
1628963,Marvin Bagley III,1630543,Isaiah Jackson,2,7.4,29.7,12.0,5.0,8.0,1.0,1.0,1.0,1.0,Regular Season
1630583,Santi Aldama,1631222,Jake LaRavia,3,4.4,29.7,7.0,3.0,4.0,0.0,1.0,1.0,1.0,Regular Season
1642847,Jeremiah Fears,1631108,Max Christie,3,5.7,29.7,9.0,3.0,4.0,2.0,3.0,0.0,1.0,Regular Season
1627759,Jaylen Brown,1631174,Tyler Burton,1,5.8,29.7,11.0,5.0,7.0,1.0,2.0,0.0,0.0,Regular Season
1642272,Jared McCain,1631260,AJ Green,3,5.0,29.7,12.0,4.0,5.0,4.0,5.0,0.0,0.0,Regular Season
1642274,Yves Missi,1631119,Jaylin Williams,3,7.3,29.7,6.0,3.0,6.0,0.0,0.0,1.0,0.0,Regular Season
1630188,Jalen Smith,1631095,Jabari Smith Jr.,2,5.1,29.7,7.0,3.0,3.0,1.0,1.0,3.0,0.0,Regular Season
1642366,Quinten Post,1631096,Chet Holmgren,3,6.7,29.7,4.0,2.0,5.0,0.0,2.0,0.0,0.0,Regular Season
1629640,Keldon Johnson,1631170,Jaime Jaquez Jr.,2,5.5,29.7,4.0,2.0,3.0,0.0,1.0,0.0,0.0,Regular Season
202695,Kawhi Leonard,1628374,Lauri Markkanen,2,5.7,29.7,4.0,2.0,3.0,0.0,1.0,0.0,0.0,Regular Season
203939,Dwight Powell,1627826,Ivica Zubac,1,6.7,29.7,3.0,1.0,1.0,0.0,0.0,0.0,1.0,Regular Season
1641718,Keyonte George,1628997,Caleb Martin,3,5.6,29.7,8.0,3.0,5.0,2.0,3.0,0.0,0.0,Regular Season
1641739,Toumani Camara,1628404,Josh Hart,2,5.6,29.7,5.0,1.0,3.0,1.0,3.0,0.0,1.0,Regular Season
1629652,Luguentz Dort,1629008,Michael Porter Jr.,1,5.4,29.7,4.0,1.0,2.0,1.0,1.0,0.0,1.0,Regular Season
1630692,Jordan Goodwin,1628983,Shai Gilgeous-Alexander,3,5.3,29.7,7.0,3.0,5.0,1.0,2.0,0.0,0.0,Regular Season
1629057,Robert Williams III,203500,Steven Adams,3,6.4,29.7,1.0,0.0,1.0,0.0,0.0,1.0,1.0,Regular Season
1642345,Oso Ighodaro,1626157,Karl-Anthony Towns,2,7.6,29.7,0.0,0.0,0.0,0.0,0.0,0.0,0.0,Regular Season
1642377,Jaylen Wells,203952,Andrew Wiggins,2,5.8,29.7,13.0,5.0,7.0,3.0,5.0,0.0,0.0,Regular Season
1629060,Rui Hachimura,1626220,Royce O'Neale,3,5.4,29.7,0.0,0.0,2.0,0.0,2.0,0.0,0.0,Regular Season
1642857,Kasparas Jakučionis,203471,Dennis Schröder,3,5.4,29.7,4.0,1.0,2.0,1.0,2.0,0.0,0.0,Regular Season
1628969,Mikal Bridges,201935,James Harden,2,5.4,29.7,6.0,3.0,5.0,0.0,1.0,0.0,0.0,Regular Season
201144,Mike Conley,203471,Dennis Schröder,3,6.7,29.7,0.0,0.0,2.0,0.0,2.0,0.0,0.0,Regular Season
1626162,Kelly Oubre Jr.,1626220,Royce O'Neale,2,6.3,29.6,2.0,1.0,5.0,0.0,1.0,0.0,0.0,Regular Season
1642843,Cooper Flagg,1626164,Devin Booker,3,4.5,29.6,10.0,4.0,9.0,0.0,2.0,1.0,2.0,Regular Season
1631323,Simone Fontecchio,201142,Kevin Durant,2,6.0,29.6,10.0,4.0,6.0,2.0,4.0,0.0,0.0,Regular Season
1631321,Sidy Cissoko,201566,Russell Westbrook,3,5.7,29.6,0.0,0.0,0.0,0.0,0.0,1.0,0.0,Regular Season
1628392,Isaiah Hartenstein,203076,Anthony Davis,1,6.6,29.6,10.0,5.0,6.0,0.0,0.0,0.0,0.0,Regular Season
1630180,Saddiq Bey,202695,Kawhi Leonard,3,5.8,29.6,0.0,0.0,3.0,0.0,2.0,0.0,0.0,Regular Season
1642846,Ace Bailey,203501,Tim Hardaway Jr.,4,5.3,29.6,7.0,3.0,5.0,1.0,2.0,0.0,0.0,Regular Season
1641710,Anthony Black,201939,Stephen Curry,2,6.5,29.6,5.0,2.0,2.0,1.0,1.0,0.0,1.0,Regular Season
1641824,Matas Buzelis,1630174,Aaron Nesmith,1,6.4,29.6,8.0,3.0,6.0,2.0,3.0,0.0,0.0,Regular Season
1631260,AJ Green,1630193,Immanuel Quickley,4,7.0,29.6,3.0,1.0,1.0,1.0,1.0,1.0,0.0,Regular Season
1630166,Deni Avdija,1630171,Isaac Okoro,1,5.5,29.6,2.0,1.0,3.0,0.0,1.0,2.0,0.0,Regular Season
1628991,Jaren Jackson Jr.,1629637,Jaxson Hayes,3,5.2,29.6,10.0,5.0,7.0,0.0,0.0,0.0,2.0,Regular Season
1627742,Brandon Ingram,1630162,Anthony Edwards,2,5.4,29.6,0.0,0.0,2.0,0.0,0.0,0.0,0.0,Regular Season
1631132,Christian Koloko,1629028,Deandre Ayton,2,5.1,29.6,2.0,1.0,2.0,0.0,0.0,0.0,0.0,Regular Season
203471,Dennis Schröder,1629638,Nickeil Alexander-Walker,3,4.8,29.6,4.0,2.0,3.0,0.0,0.0,0.0,0.0,Regular Season
1629008,Michael Porter Jr.,1629638,Nickeil Alexander-Walker,2,5.7,29.6,5.0,2.0,5.0,1.0,2.0,2.0,0.0,Regular Season
1641718,Keyonte George,1642349,Ajay Mitchell,3,5.7,29.6,7.0,2.0,4.0,0.0,0.0,1.0,2.0,Regular Season
1630578,Alperen Sengun,1642866,Joan Beringer,2,6.7,29.6,14.0,7.0,10.0,0.0,0.0,3.0,0.0,Regular Season
1642844,Dylan Harper,1642349,Ajay Mitchell,2,5.4,29.6,0.0,0.0,2.0,0.0,0.0,1.0,0.0,Regular Season
1629675,Naz Reid,1642907,Cedric Coward,4,4.7,29.6,2.0,1.0,4.0,0.0,3.0,0.0,0.0,Regular Season
201950,Jrue Holiday,1642942,Jahmai Mashack,3,5.1,29.6,10.0,3.0,4.0,2.0,2.0,3.0,0.0,Regular Season
1627759,Jaylen Brown,1641709,Ausar Thompson,4,4.8,29.6,8.0,2.0,7.0,1.0,3.0,3.0,1.0,Regular Season
1642852,Derik Queen,1641750,Ryan Kalkbrenner,2,6.5,29.6,10.0,4.0,8.0,0.0,0.0,2.0,2.0,Regular Season
1629012,Collin Sexton,1641778,Leaky Black,2,4.4,29.6,7.0,2.0,3.0,1.0,2.0,0.0,1.0,Regular Season
1629638,Nickeil Alexander-Walker,1641706,Brandon Miller,3,5.2,29.6,8.0,2.0,11.0,0.0,7.0,0.0,2.0,Regular Season
203999,Nikola Jokić,1642262,Cody Williams,4,4.9,29.6,2.0,0.0,1.0,0.0,1.0,2.0,0.0,Regular Season
1630533,Ziaire Williams,1629014,Anfernee Simons,4,5.3,29.6,6.0,2.0,6.0,0.0,4.0,1.0,0.0,Regular Season
1629060,Rui Hachimura,1628983,Shai Gilgeous-Alexander,3,6.2,29.6,2.0,1.0,4.0,0.0,1.0,1.0,0.0,Regular Season
1631323,Simone Fontecchio,1628370,Malik Monk,2,6.1,29.6,5.0,2.0,7.0,1.0,6.0,0.0,0.0,Regular Season
1631094,Paolo Banchero,1628398,Kyle Kuzma,2,6.2,29.6,6.0,2.0,5.0,0.0,1.0,1.0,1.0,Regular Season
1628415,Dillon Brooks,1629008,Michael Porter Jr.,2,6.7,29.6,10.0,4.0,8.0,2.0,4.0,1.0,0.0,Regular Season
1628997,Caleb Martin,1627759,Jaylen Brown,2,5.9,29.6,0.0,0.0,1.0,0.0,0.0,0.0,0.0,Regular Season
1629027,Trae Young,1628969,Mikal Bridges,1,4.5,29.6,0.0,0.0,3.0,0.0,2.0,1.0,0.0,Regular Season
203501,Tim Hardaway Jr.,1630314,Brandon Williams,4,5.6,29.6,8.0,3.0,6.0,2.0,4.0,0.0,0.0,Regular Season
1642846,Ace Bailey,1630529,Herbert Jones,2,5.7,29.6,7.0,1.0,5.0,1.0,3.0,0.0,2.0,Regular Season
1631101,Shaedon Sharpe,1630217,Desmond Bane,2,6.9,29.6,8.0,3.0,3.0,2.0,2.0,1.0,1.0,Regular Season
201942,DeMar DeRozan,1630529,Herbert Jones,3,5.5,29.6,6.0,3.0,6.0,0.0,0.0,0.0,0.0,Regular Season
1631260,AJ Green,1630198,Isaiah Joe,2,6.1,29.6,9.0,3.0,5.0,3.0,5.0,0.0,0.0,Regular Season
1642856,Egor Dëmin,1630567,Scottie Barnes,3,6.7,29.6,8.0,3.0,7.0,2.0,5.0,0.0,0.0,Regular Season
1630208,Nick Richards,1630596,Evan Mobley,1,5.8,29.6,5.0,2.0,4.0,1.0,2.0,1.0,1.0,Regular Season
1630178,Tyrese Maxey,1630591,Jalen Suggs,2,5.2,29.6,1.0,0.0,2.0,0.0,1.0,0.0,1.0,Regular Season
1631133,Jabari Walker,1631094,Paolo Banchero,2,5.9,29.6,4.0,2.0,4.0,0.0,0.0,0.0,0.0,Regular Season
1628418,Thomas Bryant,1631217,Moussa Diabaté,2,5.2,29.6,5.0,2.0,3.0,1.0,1.0,1.0,0.0,Regular Season
1642846,Ace Bailey,1631172,Ousmane Dieng,3,5.7,29.6,5.0,2.0,4.0,1.0,3.0,0.0,0.0,Regular Season
1626181,Norman Powell,1631128,Christian Braun,1,4.9,29.6,8.0,2.0,6.0,2.0,4.0,1.0,1.0,Regular Season
1641731,Bilal Coulibaly,1631323,Simone Fontecchio,4,5.7,29.6,8.0,3.0,3.0,0.0,0.0,0.0,2.0,Regular Season
1628415,Dillon Brooks,1631230,Dominick Barlow,2,5.9,29.6,4.0,2.0,9.0,0.0,3.0,1.0,0.0,Regular Season
1631099,Keegan Murray,1631200,Kris Murray,2,5.9,29.5,5.0,2.0,6.0,0.0,2.0,1.0,1.0,Regular Season
1630202,Payton Pritchard,1631093,Jaden Ivey,4,6.9,29.5,9.0,4.0,5.0,1.0,1.0,0.0,0.0,Regular Season
203084,Harrison Barnes,1631114,Jalen Williams,4,4.3,29.5,11.0,4.0,7.0,3.0,5.0,1.0,0.0,Regular Season
1630183,Jaden McDaniels,1631095,Jabari Smith Jr.,3,4.6,29.5,2.0,1.0,2.0,0.0,1.0,0.0,0.0,Regular Season
1628369,Jayson Tatum,1630700,Dyson Daniels,1,7.0,29.5,4.0,2.0,5.0,0.0,1.0,1.0,0.0,Regular Season
1641764,Brandin Podziemski,1631101,Shaedon Sharpe,3,5.1,29.5,0.0,0.0,2.0,0.0,1.0,0.0,0.0,Regular Season
201566,Russell Westbrook,1631321,Sidy Cissoko,3,5.3,29.5,9.0,3.0,5.0,0.0,0.0,1.0,2.0,Regular Season
1626145,Tyus Jones,1630696,Dru Smith,4,6.4,29.5,4.0,2.0,3.0,0.0,0.0,0.0,0.0,Regular Season
1642263,Reed Sheppard,1631165,Keon Ellis,3,5.9,29.5,12.0,3.0,5.0,3.0,5.0,1.0,1.0,Regular Season
203944,Julius Randle,1631094,Paolo Banchero,1,5.5,29.5,6.0,3.0,7.0,0.0,1.0,1.0,0.0,Regular Season
1630202,Payton Pritchard,1642954,Will Richard,2,6.3,29.5,2.0,1.0,4.0,0.0,2.0,1.0,0.0,Regular Season
1631105,Jalen Duren,1642928,Dylan Cardwell,2,6.7,29.5,5.0,1.0,4.0,0.0,0.0,0.0,0.0,Regular Season
1630595,Cade Cunningham,1642962,Drake Powell,3,5.2,29.5,9.0,4.0,7.0,1.0,2.0,0.0,1.0,Regular Season
1630573,Sam Hauser,1630193,Immanuel Quickley,3,6.0,29.5,5.0,2.0,3.0,1.0,1.0,0.0,0.0,Regular Season
1630558,Davion Mitchell,1629027,Trae Young,1,6.6,29.5,4.0,2.0,6.0,0.0,2.0,1.0,0.0,Regular Season
201939,Stephen Curry,1629638,Nickeil Alexander-Walker,1,5.2,29.5,8.0,1.0,3.0,1.0,3.0,1.0,2.0,Regular Season
1631245,Quenton Jackson,1629636,Darius Garland,2,6.3,29.5,11.0,4.0,7.0,2.0,2.0,0.0,1.0,Regular Season
1642852,Derik Queen,1629048,Goga Bitadze,2,5.9,29.5,2.0,1.0,4.0,0.0,0.0,2.0,0.0,Regular Season
1629636,Darius Garland,1629680,Matisse Thybulle,2,6.0,29.5,0.0,0.0,3.0,0.0,2.0,3.0,0.0,Regular Season
203914,Gary Harris,1630163,LaMelo Ball,2,5.8,29.5,5.0,2.0,4.0,1.0,3.0,0.0,0.0,Regular Season
1629652,Luguentz Dort,203084,Harrison Barnes,3,6.3,29.5,6.0,2.0,5.0,2.0,5.0,1.0,0.0,Regular Season
1630549,Day'Ron Sharpe,1626157,Karl-Anthony Towns,3,6.9,29.5,9.0,3.0,3.0,0.0,0.0,0.0,2.0,Regular Season
1630549,Day'Ron Sharpe,201572,Brook Lopez,2,7.0,29.5,4.0,2.0,5.0,0.0,2.0,2.0,0.0,Regular Season
1628415,Dillon Brooks,1626181,Norman Powell,2,5.3,29.5,2.0,1.0,5.0,0.0,2.0,1.0,0.0,Regular Season
1642347,Jamal Shead,201939,Stephen Curry,2,4.1,29.5,3.0,1.0,1.0,1.0,1.0,1.0,0.0,Regular Season
1629020,Jarred Vanderbilt,201942,DeMar DeRozan,3,5.7,29.5,0.0,0.0,3.0,0.0,2.0,0.0,0.0,Regular Season
1642450,Daniss Jenkins,203471,Dennis Schröder,3,5.6,29.5,3.0,1.0,2.0,1.0,2.0,0.0,0.0,Regular Season
1630532,Franz Wagner,202699,Tobias Harris,2,5.7,29.5,4.0,1.0,3.0,0.0,2.0,0.0,2.0,Regular Season
1630191,Isaiah Stewart,202685,Jonas Valanciunas,2,5.8,29.5,6.0,1.0,3.0,0.0,1.0,0.0,1.0,Regular Season
1642879,Ben Saraf,1642857,Kasparas Jakučionis,2,5.2,29.5,2.0,1.0,2.0,0.0,0.0,3.0,0.0,Regular Season
1628389,Bam Adebayo,1642364,Jamir Watkins,3,4.8,29.5,10.0,4.0,6.0,2.0,3.0,0.0,0.0,Regular Season
1631221,Collin Gillespie,1642383,Walter Clayton Jr.,3,4.9,29.5,5.0,2.0,4.0,1.0,3.0,1.0,0.0,Regular Season
1630168,Onyeka Okongwu,1642366,Quinten Post,2,5.9,29.5,8.0,3.0,5.0,2.0,3.0,1.0,0.0,Regular Season
1641783,Tristan da Silva,1630202,Payton Pritchard,3,6.4,29.5,8.0,3.0,6.0,2.0,5.0,0.0,0.0,Regular Season
1629632,Coby White,1630558,Davion Mitchell,3,5.7,29.5,4.0,0.0,3.0,0.0,3.0,2.0,1.0,Regular Season
1628378,Donovan Mitchell,1630692,Jordan Goodwin,2,5.1,29.5,6.0,1.0,5.0,1.0,3.0,1.0,1.0,Regular Season
1631123,Jamaree Bouyea,1630198,Isaiah Joe,3,7.4,29.5,4.0,1.0,4.0,0.0,2.0,0.0,1.0,Regular Season
1630171,Isaac Okoro,1630595,Cade Cunningham,2,4.6,29.5,6.0,2.0,4.0,2.0,2.0,1.0,0.0,Regular Season
1628378,Donovan Mitchell,1630551,Justin Champagnie,3,4.4,29.5,12.0,5.0,8.0,2.0,4.0,1.0,0.0,Regular Season
1641740,Jaylen Clark,1630560,Cam Thomas,2,6.5,29.5,3.0,1.0,1.0,0.0,0.0,0.0,2.0,Regular Season
1629628,RJ Barrett,1630577,Julian Champagnie,2,5.6,29.5,3.0,1.0,3.0,0.0,1.0,1.0,1.0,Regular Season
1630596,Evan Mobley,1630214,Xavier Tillman,2,5.8,29.5,13.0,5.0,7.0,3.0,5.0,0.0,0.0,Regular Season
201144,Mike Conley,1630314,Brandon Williams,3,6.3,29.5,2.0,1.0,2.0,0.0,0.0,1.0,0.0,Regular Season
203935,Marcus Smart,1630314,Brandon Williams,2,6.5,29.5,2.0,1.0,4.0,0.0,2.0,0.0,0.0,Regular Season
1629655,Daniel Gafford,1641744,Zach Edey,1,7.0,29.5,2.0,1.0,4.0,0.0,0.0,1.0,0.0,Regular Season
202695,Kawhi Leonard,1642273,Kyshawn George,1,5.9,29.5,8.0,2.0,6.0,2.0,3.0,0.0,1.0,Regular Season
201566,Russell Westbrook,1642267,Bub Carrington,1,5.9,29.5,6.0,2.0,3.0,2.0,3.0,0.0,0.0,Regular Season
1629057,Robert Williams III,1641750,Ryan Kalkbrenner,2,6.2,29.5,12.0,2.0,4.0,0.0,1.0,0.0,0.0,Regular Season
1629614,Andrew Nembhard,1628973,Jalen Brunson,3,5.9,29.5,21.0,8.0,19.0,4.0,7.0,2.0,1.0,Regular Season
1628378,Donovan Mitchell,1627780,Gary Payton II,2,6.2,29.5,0.0,0.0,4.0,0.0,3.0,0.0,0.0,Regular Season
1630581,Josh Giddey,1628973,Jalen Brunson,4,4.1,29.5,16.0,6.0,12.0,2.0,6.0,2.0,1.0,Regular Season
1631094,Paolo Banchero,1628415,Dillon Brooks,2,5.0,29.5,4.0,1.0,2.0,0.0,0.0,2.0,1.0,Regular Season
1629018,Gary Trent Jr.,1629014,Anfernee Simons,2,5.4,29.5,0.0,0.0,2.0,0.0,1.0,0.0,0.0,Regular Season
203110,Draymond Green,1627826,Ivica Zubac,2,5.4,29.5,9.0,3.0,7.0,1.0,4.0,0.0,1.0,Regular Season
1628963,Marvin Bagley III,1628418,Thomas Bryant,3,6.4,29.5,2.0,1.0,2.0,0.0,1.0,2.0,0.0,Regular Season
1642864,Hugo González,1628379,Luke Kennard,3,5.9,29.5,0.0,0.0,0.0,0.0,0.0,0.0,0.0,Regular Season
1630529,Herbert Jones,1628970,Miles Bridges,2,5.8,29.5,8.0,3.0,5.0,2.0,3.0,1.0,0.0,Regular Season
203497,Rudy Gobert,1628976,Wendell Carter Jr.,1,6.3,29.5,4.0,2.0,2.0,0.0,0.0,1.0,1.0,Regular Season
1641708,Amen Thompson,1628973,Jalen Brunson,2,4.6,29.4,9.0,4.0,5.0,0.0,1.0,1.0,1.0,Regular Season
1642883,Sion James,1629018,Gary Trent Jr.,4,5.9,29.4,2.0,0.0,1.0,0.0,0.0,0.0,1.0,Regular Season
1628379,Luke Kennard,1629014,Anfernee Simons,2,6.0,29.4,2.0,1.0,3.0,0.0,1.0,0.0,0.0,Regular Season
1631095,Jabari Smith Jr.,1628374,Lauri Markkanen,3,4.8,29.4,10.0,4.0,4.0,2.0,2.0,0.0,0.0,Regular Season
1641730,Noah Clowney,1628970,Miles Bridges,3,6.0,29.4,4.0,2.0,4.0,0.0,1.0,0.0,0.0,Regular Season
1631230,Dominick Barlow,1626220,Royce O'Neale,2,5.3,29.4,0.0,0.0,0.0,0.0,0.0,0.0,0.0,Regular Season
1628404,Josh Hart,1626162,Kelly Oubre Jr.,2,6.0,29.4,0.0,0.0,4.0,0.0,2.0,0.0,0.0,Regular Season
1642875,Maxime Raynaud,202685,Jonas Valanciunas,2,5.5,29.4,9.0,4.0,8.0,1.0,1.0,0.0,1.0,Regular Season
1631105,Jalen Duren,1626171,Bobby Portis Jr.,3,5.5,29.4,10.0,5.0,5.0,0.0,0.0,0.0,0.0,Regular Season
1629006,Josh Okogie,201566,Russell Westbrook,4,6.6,29.4,0.0,0.0,3.0,0.0,3.0,0.0,0.0,Regular Season
1626181,Norman Powell,1631099,Keegan Murray,1,5.3,29.4,5.0,2.0,5.0,0.0,1.0,0.0,1.0,Regular Season
1642345,Oso Ighodaro,1631096,Chet Holmgren,4,6.5,29.4,0.0,0.0,1.0,0.0,0.0,0.0,0.0,Regular Season
1642285,Cam Spencer,1631128,Christian Braun,2,5.0,29.4,0.0,0.0,3.0,0.0,2.0,0.0,0.0,Regular Season
203484,Kentavious Caldwell-Pope,1631222,Jake LaRavia,3,5.0,29.4,10.0,2.0,2.0,2.0,2.0,1.0,2.0,Regular Season
1630530,Trey Murphy III,1631221,Collin Gillespie,4,5.1,29.4,14.0,5.0,7.0,2.0,4.0,0.0,1.0,Regular Season
1629029,Luka Dončić,1629614,Andrew Nembhard,2,6.4,29.4,9.0,3.0,9.0,1.0,5.0,0.0,1.0,Regular Season
1628963,Marvin Bagley III,1629651,Nic Claxton,2,5.0,29.4,10.0,5.0,8.0,0.0,0.0,1.0,0.0,Regular Season
1629640,Keldon Johnson,1629029,Luka Dončić,3,6.3,29.4,6.0,2.0,3.0,0.0,1.0,1.0,1.0,Regular Season
1628374,Lauri Markkanen,1629638,Nickeil Alexander-Walker,2,7.2,29.4,13.0,5.0,6.0,3.0,3.0,3.0,0.0,Regular Season
1630163,LaMelo Ball,1629656,Quentin Grimes,3,5.5,29.4,7.0,2.0,6.0,2.0,6.0,1.0,0.0,Regular Season
203952,Andrew Wiggins,1629631,De'Andre Hunter,2,4.6,29.4,10.0,3.0,3.0,2.0,2.0,1.0,0.0,Regular Season
1631321,Sidy Cissoko,1641713,GG Jackson,3,5.4,29.4,0.0,0.0,2.0,0.0,1.0,0.0,0.0,Regular Season
203471,Dennis Schröder,1641718,Keyonte George,1,6.4,29.4,0.0,0.0,1.0,0.0,1.0,1.0,0.0,Regular Season
202691,Klay Thompson,1642262,Cody Williams,4,5.1,29.4,11.0,4.0,6.0,3.0,4.0,2.0,0.0,Regular Season
1630534,Ochai Agbaji,1641757,Jordan Miller,1,6.6,29.4,3.0,1.0,5.0,1.0,4.0,1.0,0.0,Regular Season
1631114,Jalen Williams,1641718,Keyonte George,2,3.9,29.4,2.0,1.0,2.0,0.0,0.0,0.0,0.0,Regular Season
1629723,John Konchar,1641712,Rayan Rupert,3,3.2,29.4,4.0,2.0,2.0,0.0,0.0,0.0,0.0,Regular Season
1641739,Toumani Camara,1641824,Matas Buzelis,2,4.9,29.4,3.0,1.0,3.0,1.0,2.0,0.0,0.0,Regular Season
1628398,Kyle Kuzma,1642846,Ace Bailey,2,5.6,29.4,5.0,1.0,5.0,0.0,2.0,1.0,2.0,Regular Season
1630700,Dyson Daniels,1642852,Derik Queen,2,4.8,29.4,10.0,5.0,12.0,0.0,4.0,0.0,0.0,Regular Season
1627739,Kris Dunn,1642363,Nique Clifford,4,5.1,29.4,11.0,4.0,6.0,0.0,2.0,0.0,2.0,Regular Season
1629234,Drew Eubanks,1642345,Oso Ighodaro,4,5.0,29.4,1.0,0.0,1.0,0.0,0.0,1.0,1.0,Regular Season
203501,Tim Hardaway Jr.,1642848,Tre Johnson,2,6.2,29.4,2.0,1.0,5.0,0.0,3.0,0.0,0.0,Regular Season
1631101,Shaedon Sharpe,1630202,Payton Pritchard,2,5.5,29.4,10.0,4.0,6.0,2.0,2.0,0.0,0.0,Regular Season
1631165,Keon Ellis,1630581,Josh Giddey,2,6.2,29.4,5.0,2.0,2.0,1.0,1.0,0.0,0.0,Regular Season
202699,Tobias Harris,1630596,Evan Mobley,3,4.5,29.3,2.0,1.0,6.0,0.0,3.0,0.0,0.0,Regular Season
1631123,Jamaree Bouyea,1630559,Austin Reaves,3,5.7,29.3,13.0,6.0,6.0,1.0,1.0,0.0,0.0,Regular Season
1627739,Kris Dunn,1630314,Brandon Williams,2,5.9,29.3,0.0,0.0,2.0,0.0,2.0,0.0,0.0,Regular Season
1626220,Royce O'Neale,1630217,Desmond Bane,2,6.7,29.3,6.0,2.0,2.0,2.0,2.0,1.0,0.0,Regular Season
203471,Dennis Schröder,1630559,Austin Reaves,2,5.3,29.3,2.0,1.0,1.0,0.0,0.0,0.0,0.0,Regular Season
1641706,Brandon Miller,1630573,Sam Hauser,3,6.2,29.3,0.0,0.0,5.0,0.0,3.0,0.0,0.0,Regular Season
1629638,Nickeil Alexander-Walker,1630581,Josh Giddey,3,3.9,29.3,5.0,2.0,5.0,1.0,2.0,2.0,0.0,Regular Season
1641717,Cason Wallace,1630202,Payton Pritchard,2,5.3,29.3,2.0,0.0,2.0,0.0,2.0,0.0,1.0,Regular Season
1630193,Immanuel Quickley,1631260,AJ Green,4,4.2,29.3,6.0,2.0,10.0,0.0,4.0,0.0,1.0,Regular Season
201572,Brook Lopez,1631255,Karlo Matković,4,5.8,29.3,2.0,1.0,2.0,0.0,0.0,0.0,0.0,Regular Season
203471,Dennis Schröder,1631260,AJ Green,4,5.1,29.3,20.0,6.0,7.0,2.0,2.0,1.0,3.0,Regular Season
1631321,Sidy Cissoko,1631096,Chet Holmgren,3,6.8,29.3,6.0,2.0,4.0,0.0,1.0,1.0,1.0,Regular Season
1641737,Adem Bona,1628976,Wendell Carter Jr.,1,6.2,29.3,2.0,1.0,2.0,0.0,0.0,0.0,0.0,Regular Season
1642377,Jaylen Wells,1628368,De'Aaron Fox,3,5.4,29.3,8.0,2.0,3.0,2.0,3.0,1.0,1.0,Regular Season
202695,Kawhi Leonard,1628969,Mikal Bridges,2,6.2,29.3,4.0,2.0,4.0,0.0,0.0,0.0,0.0,Regular Season
1642347,Jamal Shead,1629014,Anfernee Simons,5,5.8,29.3,0.0,0.0,1.0,0.0,1.0,2.0,0.0,Regular Season
203999,Nikola Jokić,1628389,Bam Adebayo,2,5.9,29.3,21.0,8.0,10.0,1.0,3.0,1.0,3.0,Regular Season
1629638,Nickeil Alexander-Walker,1626181,Norman Powell,2,4.1,29.3,4.0,2.0,2.0,0.0,0.0,1.0,0.0,Regular Season
1642262,Cody Williams,203084,Harrison Barnes,3,4.9,29.3,2.0,1.0,2.0,0.0,0.0,1.0,0.0,Regular Season
1641731,Bilal Coulibaly,202331,Paul George,3,4.9,29.3,2.0,1.0,3.0,0.0,1.0,2.0,0.0,Regular Season
1642259,Alex Sarr,203954,Joel Embiid,2,5.5,29.3,18.0,7.0,10.0,0.0,1.0,1.0,2.0,Regular Season
1630700,Dyson Daniels,1626157,Karl-Anthony Towns,2,6.8,29.3,10.0,3.0,6.0,1.0,3.0,0.0,1.0,Regular Season
1642366,Quinten Post,1626220,Royce O'Neale,3,5.9,29.3,8.0,3.0,3.0,2.0,2.0,0.0,0.0,Regular Season
1627884,Derrick Jones Jr.,201939,Stephen Curry,2,6.1,29.3,0.0,0.0,3.0,0.0,3.0,0.0,0.0,Regular Season
203952,Andrew Wiggins,203932,Aaron Gordon,1,4.2,29.3,8.0,3.0,4.0,2.0,2.0,0.0,0.0,Regular Season
201942,DeMar DeRozan,2544,LeBron James,3,5.3,29.3,6.0,3.0,3.0,0.0,0.0,0.0,1.0,Regular Season
1628978,Donte DiVincenzo,203468,CJ McCollum,3,6.4,29.3,6.0,2.0,6.0,2.0,6.0,1.0,0.0,Regular Season
1628970,Miles Bridges,1642461,Spencer Jones,2,5.6,29.3,2.0,1.0,3.0,0.0,2.0,0.0,0.0,Regular Season
1630166,Deni Avdija,1642877,Micah Peavy,4,7.0,29.3,13.0,3.0,4.0,2.0,2.0,2.0,3.0,Regular Season
202699,Tobias Harris,1642281,Jaylon Tyson,3,5.9,29.3,5.0,2.0,5.0,0.0,1.0,0.0,1.0,Regular Season
1642271,Kyle Filipowski,1642345,Oso Ighodaro,3,6.1,29.3,6.0,3.0,6.0,0.0,1.0,0.0,0.0,Regular Season
1642856,Egor Dëmin,1642848,Tre Johnson,2,6.4,29.3,3.0,1.0,8.0,1.0,4.0,1.0,0.0,Regular Season
1630595,Cade Cunningham,1629652,Luguentz Dort,1,5.6,29.3,10.0,4.0,5.0,2.0,3.0,3.0,0.0,Regular Season
1642857,Kasparas Jakučionis,1629632,Coby White,4,5.8,29.3,4.0,2.0,6.0,0.0,3.0,0.0,0.0,Regular Season
1630217,Desmond Bane,1629750,Javonte Green,4,5.0,29.3,8.0,3.0,7.0,0.0,1.0,1.0,0.0,Regular Season
1630572,Sandro Mamukelashvili,1629028,Deandre Ayton,2,5.5,29.3,9.0,3.0,6.0,1.0,3.0,0.0,2.0,Regular Season
1631260,AJ Green,1630180,Saddiq Bey,2,5.7,29.3,0.0,0.0,2.0,0.0,2.0,0.0,0.0,Regular Season
1642269,Devin Carter,1629636,Darius Garland,1,6.9,29.3,6.0,2.0,2.0,0.0,0.0,2.0,2.0,Regular Season
1628970,Miles Bridges,1629023,P.J. Washington,2,6.0,29.3,3.0,1.0,3.0,1.0,1.0,0.0,0.0,Regular Season
203944,Julius Randle,1630166,Deni Avdija,3,5.0,29.3,12.0,4.0,7.0,1.0,1.0,0.0,1.0,Regular Season
1641764,Brandin Podziemski,1629630,Ja Morant,1,5.7,29.3,12.0,4.0,9.0,4.0,6.0,0.0,0.0,Regular Season
1630703,Scoot Henderson,1629636,Darius Garland,2,6.7,29.3,8.0,3.0,6.0,0.0,1.0,0.0,1.0,Regular Season
1629675,Naz Reid,1630172,Patrick Williams,2,5.5,29.3,6.0,2.0,4.0,2.0,3.0,0.0,0.0,Regular Season
1628970,Miles Bridges,1641796,Pelle Larsson,4,4.6,29.3,10.0,3.0,8.0,0.0,1.0,1.0,2.0,Regular Season
1627749,Dejounte Murray,1641739,Toumani Camara,1,5.4,29.3,2.0,1.0,4.0,0.0,1.0,1.0,0.0,Regular Season
1641783,Tristan da Silva,1641763,Julian Phillips,5,5.1,29.3,0.0,0.0,3.0,0.0,3.0,0.0,0.0,Regular Season
1629014,Anfernee Simons,1641767,Ben Sheppard,2,5.8,29.3,7.0,3.0,6.0,1.0,3.0,1.0,0.0,Regular Season
1628389,Bam Adebayo,1641731,Bilal Coulibaly,4,3.9,29.3,12.0,3.0,6.0,1.0,4.0,2.0,1.0,Regular Season
1642349,Ajay Mitchell,1641767,Ben Sheppard,1,5.0,29.3,9.0,2.0,5.0,0.0,0.0,0.0,2.0,Regular Season
1631157,Ryan Rollins,1641842,Ronald Holland II,4,6.2,29.3,8.0,2.0,2.0,0.0,0.0,0.0,1.0,Regular Season
1630567,Scottie Barnes,1641730,Noah Clowney,3,6.3,29.2,8.0,3.0,8.0,0.0,1.0,0.0,1.0,Regular Season
1628384,OG Anunoby,1641716,Jarace Walker,3,4.8,29.2,4.0,2.0,3.0,0.0,0.0,0.0,0.0,Regular Season
1642847,Jeremiah Fears,1642262,Cody Williams,3,4.5,29.2,10.0,4.0,7.0,0.0,1.0,0.0,1.0,Regular Season
1629638,Nickeil Alexander-Walker,1641796,Pelle Larsson,3,5.2,29.2,11.0,4.0,10.0,2.0,6.0,0.0,1.0,Regular Season
1630171,Isaac Okoro,1641796,Pelle Larsson,4,4.5,29.2,2.0,1.0,2.0,0.0,0.0,0.0,0.0,Regular Season
1642273,Kyshawn George,1641708,Amen Thompson,2,5.5,29.2,3.0,1.0,5.0,1.0,4.0,1.0,0.0,Regular Season
1641767,Ben Sheppard,1641764,Brandin Podziemski,2,5.5,29.2,4.0,1.0,4.0,1.0,3.0,0.0,1.0,Regular Season
1631095,Jabari Smith Jr.,1641717,Cason Wallace,3,5.6,29.2,7.0,3.0,6.0,1.0,3.0,2.0,0.0,Regular Season
1629656,Quentin Grimes,1642267,Bub Carrington,3,5.4,29.2,7.0,2.0,4.0,0.0,2.0,0.0,1.0,Regular Season
1642281,Jaylon Tyson,1641706,Brandon Miller,4,5.4,29.2,16.0,7.0,11.0,2.0,4.0,0.0,0.0,Regular Season
1642267,Bub Carrington,1642264,Stephon Castle,2,5.5,29.2,13.0,5.0,5.0,3.0,3.0,0.0,0.0,Regular Season
1629661,Cameron Johnson,1628983,Shai Gilgeous-Alexander,2,5.8,29.2,3.0,0.0,0.0,0.0,0.0,2.0,2.0,Regular Season
1642347,Jamal Shead,1628969,Mikal Bridges,5,5.7,29.2,0.0,0.0,4.0,0.0,4.0,0.0,0.0,Regular Season
1629661,Cameron Johnson,1628381,John Collins,2,5.0,29.2,8.0,2.0,4.0,1.0,2.0,0.0,1.0,Regular Season
1630202,Payton Pritchard,1629004,Svi Mykhailiuk,1,5.3,29.2,0.0,0.0,1.0,0.0,1.0,0.0,0.0,Regular Season
1629060,Rui Hachimura,1628969,Mikal Bridges,2,6.7,29.2,7.0,3.0,6.0,1.0,4.0,0.0,0.0,Regular Season
201566,Russell Westbrook,1628971,Bruce Brown,4,5.3,29.2,8.0,2.0,4.0,2.0,3.0,0.0,1.0,Regular Season
1630163,LaMelo Ball,1630567,Scottie Barnes,4,5.7,29.2,8.0,3.0,8.0,0.0,3.0,0.0,0.0,Regular Season
1628978,Donte DiVincenzo,1630217,Desmond Bane,2,5.9,29.2,0.0,0.0,2.0,0.0,2.0,0.0,0.0,Regular Season
1641765,Olivier-Maxence Prosper,1630568,Luka Garza,2,6.0,29.2,10.0,3.0,7.0,0.0,3.0,1.0,2.0,Regular Season
1630567,Scottie Barnes,1630592,Jalen Wilson,3,4.6,29.2,4.0,0.0,2.0,0.0,0.0,0.0,2.0,Regular Season
1641708,Amen Thompson,1630595,Cade Cunningham,2,5.9,29.2,2.0,0.0,1.0,0.0,0.0,0.0,1.0,Regular Season
1629006,Josh Okogie,1630557,Corey Kispert,3,8.7,29.2,0.0,0.0,0.0,0.0,0.0,0.0,0.0,Regular Season
1630692,Jordan Goodwin,1630595,Cade Cunningham,2,5.6,29.2,2.0,1.0,3.0,0.0,1.0,1.0,0.0,Regular Season
1641706,Brandon Miller,1630224,Jalen Green,2,7.0,29.2,5.0,2.0,6.0,1.0,4.0,1.0,0.0,Regular Season
1642845,VJ Edgecombe,1642948,Ryan Nembhard,2,5.5,29.2,11.0,5.0,8.0,1.0,3.0,1.0,0.0,Regular Season
1642353,Cam Christie,1631221,Collin Gillespie,4,7.3,29.2,4.0,1.0,2.0,1.0,1.0,0.0,0.0,Regular Season
1630552,Jalen Johnson,1630173,Precious Achiuwa,2,6.1,29.2,10.0,4.0,7.0,2.0,4.0,1.0,0.0,Regular Season
1641708,Amen Thompson,1629640,Keldon Johnson,4,5.1,29.2,8.0,3.0,5.0,0.0,1.0,2.0,1.0,Regular Season
1627759,Jaylen Brown,1629731,Dean Wade,3,6.3,29.2,12.0,4.0,4.0,1.0,1.0,2.0,2.0,Regular Season
1642882,Julian Reese,1629048,Goga Bitadze,1,6.2,29.2,0.0,0.0,2.0,0.0,0.0,1.0,0.0,Regular Season
1630572,Sandro Mamukelashvili,1629651,Nic Claxton,2,5.3,29.2,6.0,2.0,3.0,2.0,3.0,0.0,0.0,Regular Season
1630228,Jonathan Kuminga,203932,Aaron Gordon,2,5.7,29.2,2.0,1.0,3.0,0.0,2.0,0.0,0.0,Regular Season
202685,Jonas Valanciunas,203500,Steven Adams,3,6.0,29.2,8.0,4.0,6.0,0.0,0.0,0.0,0.0,Regular Season
1630180,Saddiq Bey,201935,James Harden,2,6.3,29.2,12.0,4.0,5.0,2.0,3.0,0.0,0.0,Regular Season
1626171,Bobby Portis Jr.,203944,Julius Randle,2,6.4,29.2,10.0,4.0,6.0,2.0,3.0,0.0,0.0,Regular Season
1642264,Stephon Castle,1642383,Walter Clayton Jr.,4,5.3,29.2,11.0,5.0,8.0,1.0,2.0,1.0,0.0,Regular Season
1630703,Scoot Henderson,1642845,VJ Edgecombe,2,5.2,29.2,7.0,1.0,5.0,0.0,2.0,1.0,0.0,Regular Season
1641716,Jarace Walker,1642851,Kon Knueppel,2,4.5,29.2,3.0,1.0,4.0,1.0,1.0,0.0,0.0,Regular Season
1631126,Caleb Love,1642383,Walter Clayton Jr.,3,4.0,29.2,3.0,1.0,5.0,1.0,4.0,0.0,0.0,Regular Season
1631105,Jalen Duren,1642274,Yves Missi,2,6.8,29.2,15.0,4.0,7.0,0.0,0.0,0.0,4.0,Regular Season
203497,Rudy Gobert,1642867,Collin Murray-Boyles,1,5.5,29.1,4.0,2.0,2.0,0.0,0.0,0.0,1.0,Regular Season
1631200,Kris Murray,1642349,Ajay Mitchell,4,5.2,29.1,0.0,0.0,0.0,0.0,0.0,0.0,0.0,Regular Season
1630230,Naji Marshall,1642461,Spencer Jones,4,4.9,29.1,6.0,2.0,4.0,0.0,2.0,2.0,3.0,Regular Season
1626181,Norman Powell,1642347,Jamal Shead,4,5.7,29.1,3.0,1.0,4.0,1.0,4.0,0.0,0.0,Regular Season
1629008,Michael Porter Jr.,1642883,Sion James,2,6.0,29.1,4.0,2.0,6.0,0.0,2.0,1.0,0.0,Regular Season
1628384,OG Anunoby,1642851,Kon Knueppel,1,6.7,29.1,3.0,1.0,3.0,1.0,3.0,0.0,0.0,Regular Season
1627739,Kris Dunn,1642847,Jeremiah Fears,4,5.3,29.1,4.0,2.0,3.0,0.0,1.0,1.0,0.0,Regular Season
1642860,Will Riley,1642962,Drake Powell,3,5.7,29.1,13.0,4.0,5.0,2.0,2.0,1.0,2.0,Regular Season
202695,Kawhi Leonard,1627759,Jaylen Brown,1,6.2,29.1,9.0,3.0,6.0,1.0,2.0,0.0,0.0,Regular Season
1628368,De'Aaron Fox,1628401,Derrick White,2,4.8,29.1,2.0,1.0,3.0,0.0,1.0,0.0,0.0,Regular Season
1642461,Spencer Jones,1627783,Pascal Siakam,2,6.9,29.1,4.0,1.0,1.0,1.0,1.0,0.0,1.0,Regular Season
1641709,Ausar Thompson,1627742,Brandon Ingram,3,5.7,29.1,0.0,0.0,1.0,0.0,0.0,0.0,0.0,Regular Season
1642259,Alex Sarr,1627826,Ivica Zubac,1,6.2,29.1,7.0,3.0,8.0,1.0,4.0,0.0,0.0,Regular Season
203110,Draymond Green,1628415,Dillon Brooks,3,4.6,29.1,3.0,1.0,3.0,1.0,3.0,1.0,0.0,Regular Season
1629674,Neemias Queta,1628963,Marvin Bagley III,2,6.8,29.1,6.0,3.0,4.0,0.0,0.0,0.0,0.0,Regular Season
1629656,Quentin Grimes,1628401,Derrick White,4,5.4,29.1,9.0,4.0,6.0,0.0,2.0,1.0,2.0,Regular Season
1642845,VJ Edgecombe,1629018,Gary Trent Jr.,3,5.8,29.1,0.0,0.0,2.0,0.0,2.0,0.0,0.0,Regular Season
1628389,Bam Adebayo,1628970,Miles Bridges,2,5.5,29.1,9.0,4.0,7.0,1.0,3.0,0.0,0.0,Regular Season
1631097,Bennedict Mathurin,1642264,Stephon Castle,4,5.5,29.1,2.0,1.0,3.0,0.0,2.0,0.0,0.0,Regular Season
1628378,Donovan Mitchell,1641740,Jaylen Clark,2,5.7,29.1,14.0,4.0,9.0,1.0,3.0,0.0,3.0,Regular Season
1642849,Nolan Traore,1642272,Jared McCain,3,5.8,29.1,10.0,3.0,7.0,1.0,3.0,3.0,2.0,Regular Season
203952,Andrew Wiggins,1641710,Anthony Black,4,4.4,29.1,7.0,3.0,7.0,0.0,3.0,0.0,0.0,Regular Season
1631323,Simone Fontecchio,1630245,Ayo Dosunmu,4,5.6,29.1,0.0,0.0,2.0,0.0,2.0,1.0,0.0,Regular Season
1630245,Ayo Dosunmu,1630557,Corey Kispert,2,5.5,29.1,0.0,0.0,1.0,0.0,0.0,0.0,0.0,Regular Season
1630530,Trey Murphy III,1630230,Naji Marshall,4,5.4,29.1,2.0,0.0,5.0,0.0,3.0,0.0,0.0,Regular Season
1630552,Jalen Johnson,1630558,Davion Mitchell,3,5.9,29.1,4.0,1.0,4.0,0.0,1.0,1.0,2.0,Regular Season
1642270,Donovan Clingan,1630572,Sandro Mamukelashvili,1,6.0,29.1,4.0,2.0,5.0,0.0,2.0,0.0,0.0,Regular Season
1627750,Jamal Murray,1630541,Moses Moody,2,6.2,29.1,10.0,4.0,6.0,2.0,2.0,1.0,0.0,Regular Season
1642948,Ryan Nembhard,1630245,Ayo Dosunmu,2,4.4,29.1,7.0,2.0,4.0,2.0,3.0,0.0,1.0,Regular Season
1642345,Oso Ighodaro,1630208,Nick Richards,1,6.4,29.1,2.0,1.0,1.0,0.0,0.0,0.0,0.0,Regular Season
1641765,Olivier-Maxence Prosper,203944,Julius Randle,4,4.7,29.1,0.0,0.0,1.0,0.0,0.0,0.0,0.0,Regular Season
201572,Brook Lopez,201143,Al Horford,4,6.9,29.1,6.0,3.0,7.0,0.0,3.0,0.0,0.0,Regular Season
202685,Jonas Valanciunas,203486,Mason Plumlee,3,7.0,29.1,12.0,5.0,13.0,0.0,2.0,0.0,1.0,Regular Season
1629023,P.J. Washington,202331,Paul George,1,6.1,29.1,4.0,1.0,2.0,1.0,2.0,0.0,1.0,Regular Season
1629130,Duncan Robinson,1626181,Norman Powell,2,5.3,29.1,3.0,1.0,3.0,1.0,3.0,1.0,0.0,Regular Season
1642363,Nique Clifford,201939,Stephen Curry,3,6.9,29.1,5.0,2.0,4.0,1.0,2.0,0.0,0.0,Regular Season
1629057,Robert Williams III,203083,Andre Drummond,2,6.2,29.1,6.0,2.0,3.0,2.0,2.0,0.0,0.0,Regular Season
1642267,Bub Carrington,202331,Paul George,3,4.8,29.1,3.0,1.0,3.0,1.0,2.0,3.0,0.0,Regular Season
1642347,Jamal Shead,1626145,Tyus Jones,3,5.5,29.1,10.0,4.0,4.0,2.0,2.0,1.0,0.0,Regular Season
203076,Anthony Davis,203954,Joel Embiid,1,5.8,29.1,2.0,1.0,4.0,0.0,1.0,2.0,0.0,Regular Season
203507,Giannis Antetokounmpo,203110,Draymond Green,1,5.2,29.1,16.0,7.0,12.0,1.0,1.0,0.0,3.0,Regular Season
1630574,Ariel Hukporti,1631217,Moussa Diabaté,2,6.5,29.1,6.0,3.0,5.0,0.0,0.0,1.0,0.0,Regular Season
1641778,Leaky Black,1631094,Paolo Banchero,2,5.8,29.1,7.0,2.0,3.0,1.0,1.0,0.0,1.0,Regular Season
1630230,Naji Marshall,1631095,Jabari Smith Jr.,3,5.2,29.1,5.0,2.0,5.0,0.0,0.0,1.0,1.0,Regular Season
1642263,Reed Sheppard,1631260,AJ Green,2,6.3,29.1,3.0,1.0,5.0,1.0,5.0,0.0,0.0,Regular Season
1630595,Cade Cunningham,1631169,Josh Minott,4,4.6,29.1,12.0,4.0,6.0,2.0,3.0,2.0,1.0,Regular Season
1628436,Luke Kornet,1631119,Jaylin Williams,3,6.2,29.1,0.0,0.0,1.0,0.0,0.0,0.0,0.0,Regular Season
1628983,Shai Gilgeous-Alexander,1630174,Aaron Nesmith,2,5.6,29.1,20.0,8.0,12.0,0.0,1.0,0.0,2.0,Regular Season
1642268,Isaiah Collier,1630193,Immanuel Quickley,1,5.5,29.1,4.0,0.0,1.0,0.0,0.0,1.0,3.0,Regular Season
1630579,Jericho Sims,1630168,Onyeka Okongwu,2,6.0,29.1,0.0,0.0,0.0,0.0,0.0,4.0,0.0,Regular Season
1631260,AJ Green,1629656,Quentin Grimes,3,5.5,29.1,6.0,2.0,4.0,2.0,4.0,0.0,0.0,Regular Season
1630188,Jalen Smith,1629651,Nic Claxton,2,4.6,29.1,0.0,0.0,1.0,0.0,1.0,1.0,0.0,Regular Season
1630245,Ayo Dosunmu,1629656,Quentin Grimes,3,4.8,29.1,5.0,1.0,3.0,1.0,2.0,0.0,1.0,Regular Season
1630578,Alperen Sengun,1629023,P.J. Washington,2,7.0,29.1,13.0,5.0,10.0,0.0,1.0,2.0,3.0,Regular Season
1642845,VJ Edgecombe,1630171,Isaac Okoro,3,4.8,29.1,5.0,2.0,3.0,1.0,2.0,0.0,0.0,Regular Season
1631217,Moussa Diabaté,1629048,Goga Bitadze,3,6.3,29.0,2.0,1.0,2.0,0.0,0.0,1.0,0.0,Regular Season
1642383,Walter Clayton Jr.,1630183,Jaden McDaniels,4,5.5,29.0,7.0,1.0,3.0,1.0,2.0,1.0,1.0,Regular Season
1629614,Andrew Nembhard,1629639,Tyler Herro,2,4.1,29.0,8.0,4.0,7.0,0.0,3.0,0.0,0.0,Regular Season
1641716,Jarace Walker,1629611,Terance Mann,2,5.8,29.0,2.0,1.0,5.0,0.0,3.0,0.0,0.0,Regular Season
1642271,Kyle Filipowski,1629640,Keldon Johnson,3,6.3,29.0,3.0,1.0,5.0,1.0,3.0,0.0,0.0,Regular Season
1642907,Cedric Coward,1641708,Amen Thompson,3,5.3,29.0,2.0,1.0,4.0,0.0,0.0,2.0,0.0,Regular Season
1629630,Ja Morant,1641708,Amen Thompson,1,5.2,29.0,7.0,2.0,6.0,1.0,4.0,1.0,1.0,Regular Season
201939,Stephen Curry,1641709,Ausar Thompson,1,4.5,29.0,7.0,2.0,4.0,0.0,2.0,2.0,2.0,Regular Season
1628401,Derrick White,1642264,Stephon Castle,2,5.4,29.0,9.0,3.0,6.0,1.0,2.0,0.0,1.0,Regular Season
1630163,LaMelo Ball,1641796,Pelle Larsson,3,5.6,29.0,7.0,3.0,9.0,1.0,5.0,1.0,0.0,Regular Season
1642263,Reed Sheppard,1641712,Rayan Rupert,3,5.9,29.0,9.0,4.0,7.0,1.0,4.0,1.0,0.0,Regular Season
1629638,Nickeil Alexander-Walker,1641710,Anthony Black,2,5.2,29.0,5.0,2.0,4.0,0.0,2.0,1.0,0.0,Regular Season
1630217,Desmond Bane,1641740,Jaylen Clark,1,5.5,29.0,0.0,0.0,1.0,0.0,0.0,2.0,0.0,Regular Season
1628988,Aaron Holiday,1642383,Walter Clayton Jr.,3,5.6,29.0,9.0,3.0,6.0,3.0,6.0,0.0,0.0,Regular Season
1641731,Bilal Coulibaly,1642874,Danny Wolf,1,5.2,29.0,0.0,0.0,3.0,0.0,1.0,0.0,0.0,Regular Season
1629655,Daniel Gafford,1642276,Kel'el Ware,2,7.1,29.0,4.0,1.0,4.0,0.0,0.0,0.0,0.0,Regular Season
1631157,Ryan Rollins,1642347,Jamal Shead,4,5.3,29.0,0.0,0.0,7.0,0.0,5.0,2.0,0.0,Regular Season
1641710,Anthony Black,1642847,Jeremiah Fears,1,5.6,29.0,5.0,2.0,3.0,1.0,2.0,3.0,0.0,Regular Season
1629661,Cameron Johnson,1642843,Cooper Flagg,3,6.4,29.0,0.0,0.0,4.0,0.0,3.0,0.0,0.0,Regular Season
1630558,Davion Mitchell,1642847,Jeremiah Fears,2,6.0,29.0,10.0,3.0,6.0,3.0,5.0,1.0,0.0,Regular Season
1642962,Drake Powell,1642363,Nique Clifford,2,6.0,29.0,3.0,1.0,1.0,1.0,1.0,0.0,0.0,Regular Season
1628401,Derrick White,1642377,Jaylen Wells,2,5.8,29.0,9.0,3.0,8.0,2.0,7.0,1.0,1.0,Regular Season
1642843,Cooper Flagg,1627750,Jamal Murray,4,6.4,29.0,15.0,6.0,12.0,1.0,2.0,0.0,0.0,Regular Season
203083,Andre Drummond,1629011,Mitchell Robinson,2,5.6,29.0,0.0,0.0,1.0,0.0,0.0,0.0,0.0,Regular Season
1642268,Isaiah Collier,1628978,Donte DiVincenzo,4,4.2,29.0,2.0,1.0,1.0,0.0,0.0,3.0,0.0,Regular Season
1642848,Tre Johnson,1628378,Donovan Mitchell,3,4.8,29.0,2.0,1.0,5.0,0.0,1.0,0.0,0.0,Regular Season
1626171,Bobby Portis Jr.,1628963,Marvin Bagley III,3,6.2,29.0,8.0,2.0,9.0,2.0,4.0,0.0,1.0,Regular Season
1628418,Thomas Bryant,1628963,Marvin Bagley III,3,5.5,29.0,7.0,2.0,4.0,1.0,3.0,2.0,1.0,Regular Season
1630543,Isaiah Jackson,1628963,Marvin Bagley III,2,6.7,29.0,4.0,2.0,2.0,0.0,0.0,0.0,0.0,Regular Season
1628368,De'Aaron Fox,1631157,Ryan Rollins,2,5.1,29.0,11.0,4.0,5.0,1.0,1.0,1.0,1.0,Regular Season
1630543,Isaiah Jackson,1630695,Micah Potter,2,6.2,29.0,4.0,2.0,3.0,0.0,0.0,1.0,1.0,Regular Season
1642271,Kyle Filipowski,1631172,Ousmane Dieng,4,6.1,29.0,6.0,3.0,4.0,0.0,1.0,0.0,0.0,Regular Season
1627783,Pascal Siakam,1631217,Moussa Diabaté,2,6.2,29.0,26.0,10.0,16.0,2.0,6.0,0.0,2.0,Regular Season
1628401,Derrick White,1631108,Max Christie,2,5.2,29.0,7.0,3.0,5.0,1.0,3.0,0.0,0.0,Regular Season
1628436,Luke Kornet,1631109,Mark Williams,2,6.3,29.0,2.0,1.0,1.0,0.0,0.0,0.0,0.0,Regular Season
203083,Andre Drummond,1630596,Evan Mobley,3,5.5,29.0,10.0,4.0,5.0,1.0,2.0,0.0,1.0,Regular Season
1627936,Alex Caruso,1630578,Alperen Sengun,3,6.2,29.0,0.0,0.0,5.0,0.0,4.0,1.0,0.0,Regular Season
1630560,Cam Thomas,1630591,Jalen Suggs,3,7.2,29.0,12.0,5.0,6.0,2.0,3.0,1.0,1.0,Regular Season
1626171,Bobby Portis Jr.,1630551,Justin Champagnie,4,5.9,29.0,9.0,4.0,7.0,1.0,1.0,0.0,0.0,Regular Season
1642363,Nique Clifford,1630230,Naji Marshall,3,6.1,29.0,3.0,1.0,4.0,1.0,2.0,0.0,0.0,Regular Season
203486,Mason Plumlee,203999,Nikola Jokić,2,7.1,29.0,2.0,1.0,1.0,0.0,0.0,0.0,0.0,Regular Season
1642345,Oso Ighodaro,203110,Draymond Green,4,6.7,29.0,0.0,0.0,1.0,0.0,0.0,1.0,0.0,Regular Season
201566,Russell Westbrook,203932,Aaron Gordon,2,5.2,28.9,2.0,1.0,6.0,0.0,3.0,0.0,0.0,Regular Season
1630168,Onyeka Okongwu,1626171,Bobby Portis Jr.,3,6.5,28.9,0.0,0.0,5.0,0.0,5.0,0.0,0.0,Regular Season
1628415,Dillon Brooks,202695,Kawhi Leonard,2,4.9,28.9,12.0,4.0,6.0,4.0,6.0,0.0,0.0,Regular Season
1629001,De'Anthony Melton,203935,Marcus Smart,2,6.6,28.9,2.0,1.0,5.0,0.0,3.0,0.0,0.0,Regular Season
1628378,Donovan Mitchell,1626181,Norman Powell,3,5.0,28.9,4.0,2.0,5.0,0.0,1.0,1.0,0.0,Regular Season
1629652,Luguentz Dort,201935,James Harden,2,4.5,28.9,5.0,2.0,4.0,1.0,3.0,0.0,0.0,Regular Season
1641717,Cason Wallace,203924,Jerami Grant,3,4.8,28.9,0.0,0.0,2.0,0.0,2.0,1.0,0.0,Regular Season
1630166,Deni Avdija,203932,Aaron Gordon,3,6.3,28.9,11.0,3.0,6.0,1.0,3.0,1.0,2.0,Regular Season
1629130,Duncan Robinson,1627739,Kris Dunn,2,5.3,28.9,8.0,2.0,4.0,2.0,4.0,1.0,1.0,Regular Season
1642843,Cooper Flagg,202695,Kawhi Leonard,3,5.6,28.9,12.0,5.0,9.0,0.0,2.0,0.0,2.0,Regular Season
1642875,Maxime Raynaud,1626167,Myles Turner,1,5.5,28.9,4.0,2.0,4.0,0.0,1.0,1.0,0.0,Regular Season
1629060,Rui Hachimura,203501,Tim Hardaway Jr.,3,6.1,28.9,9.0,4.0,8.0,1.0,2.0,0.0,0.0,Regular Season
1629652,Luguentz Dort,203897,Zach LaVine,2,4.5,28.9,2.0,1.0,3.0,0.0,2.0,0.0,0.0,Regular Season
1631221,Collin Gillespie,1642353,Cam Christie,4,6.3,28.9,6.0,2.0,7.0,1.0,4.0,0.0,1.0,Regular Season
1642258,Zaccharie Risacher,1642860,Will Riley,4,5.2,28.9,0.0,0.0,2.0,0.0,1.0,1.0,0.0,Regular Season
1630540,Miles McBride,1642883,Sion James,3,5.3,28.9,5.0,2.0,5.0,1.0,3.0,0.0,0.0,Regular Season
1628970,Miles Bridges,1629631,De'Andre Hunter,3,7.3,28.9,3.0,1.0,4.0,1.0,3.0,0.0,1.0,Regular Season
1630530,Trey Murphy III,1629029,Luka Dončić,3,4.5,28.9,11.0,5.0,8.0,1.0,4.0,0.0,0.0,Regular Season
1641731,Bilal Coulibaly,1630178,Tyrese Maxey,3,4.1,28.9,5.0,2.0,3.0,0.0,1.0,0.0,1.0,Regular Season
1627783,Pascal Siakam,1629651,Nic Claxton,1,5.6,28.9,6.0,3.0,9.0,0.0,0.0,1.0,0.0,Regular Season
1642851,Kon Knueppel,1629645,Kevin Porter Jr.,1,6.0,28.9,6.0,3.0,6.0,0.0,1.0,1.0,0.0,Regular Season
1630572,Sandro Mamukelashvili,1630194,Paul Reed,3,6.1,28.9,3.0,1.0,6.0,0.0,3.0,0.0,1.0,Regular Season
1631108,Max Christie,1629130,Duncan Robinson,2,5.0,28.9,7.0,2.0,3.0,1.0,2.0,1.0,0.0,Regular Season
1629111,Jock Landale,1629655,Daniel Gafford,4,5.6,28.9,2.0,1.0,4.0,0.0,2.0,0.0,0.0,Regular Season
1629011,Mitchell Robinson,1629048,Goga Bitadze,4,6.7,28.9,1.0,0.0,0.0,0.0,0.0,0.0,1.0,Regular Season
1629651,Nic Claxton,1629111,Jock Landale,3,6.4,28.9,2.0,1.0,2.0,0.0,0.0,0.0,1.0,Regular Season
203999,Nikola Jokić,1629028,Deandre Ayton,2,6.0,28.9,5.0,2.0,5.0,1.0,1.0,0.0,0.0,Regular Season
1641824,Matas Buzelis,1642920,Kobe Sanders,2,6.4,28.9,9.0,3.0,5.0,1.0,1.0,1.0,1.0,Regular Season
1629661,Cameron Johnson,1641729,Brice Sensabaugh,3,5.8,28.9,7.0,2.0,5.0,1.0,4.0,0.0,0.0,Regular Season
1642948,Ryan Nembhard,1641718,Keyonte George,4,6.1,28.9,9.0,4.0,7.0,1.0,2.0,0.0,0.0,Regular Season
1628989,Kevin Huerter,1641842,Ronald Holland II,3,5.8,28.9,4.0,2.0,5.0,0.0,2.0,0.0,0.0,Regular Season
1641739,Toumani Camara,1642267,Bub Carrington,2,4.2,28.9,5.0,2.0,4.0,1.0,1.0,0.0,0.0,Regular Season
1642843,Cooper Flagg,1641709,Ausar Thompson,2,5.8,28.9,5.0,2.0,5.0,1.0,1.0,1.0,0.0,Regular Season
1630174,Aaron Nesmith,1641824,Matas Buzelis,1,6.3,28.9,6.0,2.0,3.0,2.0,2.0,0.0,0.0,Regular Season
1630568,Luka Garza,1641765,Olivier-Maxence Prosper,2,6.2,28.9,7.0,3.0,4.0,1.0,1.0,0.0,0.0,Regular Season
1631222,Jake LaRavia,1642263,Reed Sheppard,3,6.7,28.9,10.0,4.0,5.0,2.0,2.0,1.0,0.0,Regular Season
1628404,Josh Hart,1641730,Noah Clowney,3,6.0,28.9,2.0,1.0,2.0,0.0,1.0,2.0,0.0,Regular Season
1642262,Cody Williams,1641778,Leaky Black,2,5.5,28.9,2.0,1.0,2.0,0.0,0.0,1.0,0.0,Regular Season
1631117,Walker Kessler,1642270,Donovan Clingan,1,5.8,28.9,6.0,2.0,5.0,2.0,3.0,1.0,0.0,Regular Season
1628404,Josh Hart,1641783,Tristan da Silva,4,6.2,28.9,12.0,5.0,9.0,1.0,4.0,1.0,1.0,Regular Season
1631217,Moussa Diabaté,1630578,Alperen Sengun,1,6.2,28.9,3.0,1.0,1.0,0.0,0.0,0.0,1.0,Regular Season
1630168,Onyeka Okongwu,1630573,Sam Hauser,4,6.5,28.9,9.0,4.0,7.0,1.0,2.0,1.0,0.0,Regular Season
1630577,Julian Champagnie,1630578,Alperen Sengun,4,4.8,28.9,10.0,3.0,11.0,2.0,10.0,0.0,1.0,Regular Season
1629656,Quentin Grimes,1630573,Sam Hauser,4,4.7,28.9,0.0,0.0,1.0,0.0,1.0,1.0,0.0,Regular Season
1628369,Jayson Tatum,1628970,Miles Bridges,2,6.7,28.9,15.0,5.0,10.0,3.0,7.0,0.0,1.0,Regular Season
1641783,Tristan da Silva,1628379,Luke Kennard,4,5.8,28.9,0.0,0.0,0.0,0.0,0.0,0.0,0.0,Regular Season
1630194,Paul Reed,1629011,Mitchell Robinson,3,5.5,28.9,12.0,4.0,5.0,1.0,1.0,0.0,2.0,Regular Season
1642271,Kyle Filipowski,1628436,Luke Kornet,2,6.0,28.9,6.0,2.0,7.0,0.0,1.0,0.0,1.0,Regular Season
1630230,Naji Marshall,1628969,Mikal Bridges,2,5.4,28.9,2.0,1.0,6.0,0.0,2.0,1.0,0.0,Regular Season
1631131,Oscar Tshiebwe,1628392,Isaiah Hartenstein,1,4.6,28.9,2.0,1.0,2.0,0.0,0.0,0.0,0.0,Regular Season
1642377,Jaylen Wells,1628978,Donte DiVincenzo,4,6.2,28.9,12.0,4.0,5.0,3.0,4.0,0.0,1.0,Regular Season
1629614,Andrew Nembhard,1627759,Jaylen Brown,3,3.7,28.9,5.0,2.0,5.0,0.0,2.0,3.0,1.0,Regular Season
1631217,Moussa Diabaté,1628389,Bam Adebayo,2,6.3,28.9,0.0,0.0,1.0,0.0,0.0,1.0,0.0,Regular Season
1642954,Will Richard,1628374,Lauri Markkanen,3,5.3,28.9,6.0,2.0,5.0,2.0,4.0,0.0,0.0,Regular Season
1630202,Payton Pritchard,1628978,Donte DiVincenzo,2,7.2,28.9,0.0,0.0,2.0,0.0,2.0,1.0,0.0,Regular Season
1626181,Norman Powell,1627884,Derrick Jones Jr.,1,4.7,28.9,2.0,1.0,3.0,0.0,1.0,1.0,0.0,Regular Season
1631121,Bryce McGowens,1628379,Luke Kennard,3,6.0,28.9,4.0,2.0,5.0,0.0,1.0,0.0,0.0,Regular Season
1629029,Luka Dončić,1631110,Jeremy Sochan,2,5.6,28.9,16.0,6.0,13.0,1.0,3.0,2.0,4.0,Regular Season
1630166,Deni Avdija,1631172,Ousmane Dieng,3,5.2,28.9,6.0,1.0,5.0,0.0,2.0,1.0,3.0,Regular Season
1641729,Brice Sensabaugh,1631222,Jake LaRavia,4,6.5,28.9,6.0,2.0,8.0,2.0,8.0,1.0,0.0,Regular Season
1628970,Miles Bridges,1631096,Chet Holmgren,2,5.3,28.9,9.0,4.0,9.0,1.0,5.0,0.0,0.0,Regular Season
203497,Rudy Gobert,1631119,Jaylin Williams,3,5.9,28.8,0.0,0.0,1.0,0.0,0.0,0.0,0.0,Regular Season
1642907,Cedric Coward,1631222,Jake LaRavia,3,5.7,28.8,0.0,0.0,2.0,0.0,1.0,1.0,0.0,Regular Season
1629029,Luka Dončić,1631212,Peyton Watson,1,5.2,28.8,2.0,1.0,2.0,0.0,1.0,2.0,0.0,Regular Season
203110,Draymond Green,1631095,Jabari Smith Jr.,3,5.4,28.8,0.0,0.0,0.0,0.0,0.0,1.0,0.0,Regular Season
203507,Giannis Antetokounmpo,1631217,Moussa Diabaté,2,4.9,28.8,22.0,11.0,14.0,0.0,0.0,2.0,1.0,Regular Season
1630703,Scoot Henderson,1642914,Javon Small,2,5.3,28.8,6.0,2.0,6.0,1.0,5.0,2.0,1.0,Regular Season
203501,Tim Hardaway Jr.,1642844,Dylan Harper,3,5.6,28.8,3.0,1.0,4.0,0.0,3.0,2.0,0.0,Regular Season
1628396,Tony Bradley,1642276,Kel'el Ware,2,5.5,28.8,2.0,1.0,2.0,0.0,0.0,0.0,0.0,Regular Season
1626164,Devin Booker,1642363,Nique Clifford,4,4.7,28.8,20.0,8.0,14.0,2.0,4.0,0.0,4.0,Regular Season
1629645,Kevin Porter Jr.,1642377,Jaylen Wells,1,5.6,28.8,4.0,1.0,7.0,0.0,3.0,1.0,0.0,Regular Season
1631170,Jaime Jaquez Jr.,1642363,Nique Clifford,2,6.2,28.8,10.0,4.0,8.0,1.0,1.0,0.0,1.0,Regular Season
1626145,Tyus Jones,1642347,Jamal Shead,3,6.5,28.8,3.0,1.0,2.0,1.0,2.0,0.0,0.0,Regular Season
1642843,Cooper Flagg,1642273,Kyshawn George,2,5.6,28.8,6.0,2.0,6.0,0.0,2.0,2.0,1.0,Regular Season
1626167,Myles Turner,203110,Draymond Green,2,5.1,28.8,5.0,2.0,2.0,0.0,0.0,0.0,1.0,Regular Season
1642285,Cam Spencer,203935,Marcus Smart,3,5.7,28.8,2.0,0.0,3.0,0.0,2.0,1.0,1.0,Regular Season
1630217,Desmond Bane,203952,Andrew Wiggins,4,5.4,28.8,10.0,4.0,10.0,2.0,4.0,0.0,0.0,Regular Season
203999,Nikola Jokić,203486,Mason Plumlee,2,5.6,28.8,12.0,5.0,9.0,2.0,6.0,2.0,0.0,Regular Season
1630183,Jaden McDaniels,203952,Andrew Wiggins,2,4.8,28.8,4.0,1.0,1.0,1.0,1.0,0.0,1.0,Regular Season
1629004,Svi Mykhailiuk,201142,Kevin Durant,3,4.6,28.8,0.0,0.0,1.0,0.0,1.0,0.0,0.0,Regular Season
1626164,Devin Booker,202710,Jimmy Butler III,3,6.0,28.8,11.0,4.0,5.0,1.0,2.0,1.0,1.0,Regular Season
1631260,AJ Green,1630171,Isaac Okoro,4,4.5,28.8,3.0,1.0,4.0,1.0,4.0,1.0,0.0,Regular Season
202695,Kawhi Leonard,1630166,Deni Avdija,4,5.2,28.8,18.0,6.0,14.0,1.0,3.0,1.0,3.0,Regular Season
1630230,Naji Marshall,1629627,Zion Williamson,3,5.2,28.8,9.0,3.0,9.0,1.0,2.0,1.0,1.0,Regular Season
1626220,Royce O'Neale,1629029,Luka Dončić,3,5.0,28.8,6.0,2.0,4.0,2.0,3.0,0.0,0.0,Regular Season
1628971,Bruce Brown,1630178,Tyrese Maxey,1,6.2,28.8,4.0,2.0,3.0,0.0,0.0,0.0,0.0,Regular Season
1630552,Jalen Johnson,1630178,Tyrese Maxey,3,4.5,28.8,19.0,5.0,7.0,3.0,4.0,1.0,3.0,Regular Season
1641705,Victor Wembanyama,1629637,Jaxson Hayes,3,3.7,28.8,9.0,2.0,5.0,1.0,4.0,0.0,2.0,Regular Season
203501,Tim Hardaway Jr.,1630162,Anthony Edwards,3,4.1,28.8,0.0,0.0,1.0,0.0,1.0,0.0,1.0,Regular Season
1630183,Jaden McDaniels,1629645,Kevin Porter Jr.,2,5.9,28.8,1.0,0.0,2.0,0.0,1.0,0.0,1.0,Regular Season
1628983,Shai Gilgeous-Alexander,1629006,Josh Okogie,2,5.2,28.8,5.0,2.0,3.0,1.0,1.0,2.0,0.0,Regular Season
1630217,Desmond Bane,1628389,Bam Adebayo,5,5.5,28.8,18.0,7.0,18.0,2.0,8.0,0.0,0.0,Regular Season
201942,DeMar DeRozan,1628997,Caleb Martin,2,5.7,28.8,4.0,1.0,2.0,0.0,1.0,1.0,1.0,Regular Season
1630567,Scottie Barnes,1628976,Wendell Carter Jr.,3,4.2,28.8,3.0,0.0,3.0,0.0,0.0,2.0,2.0,Regular Season
1630530,Trey Murphy III,1628378,Donovan Mitchell,2,5.3,28.8,6.0,2.0,3.0,2.0,3.0,0.0,0.0,Regular Season
1641842,Ronald Holland II,1629008,Michael Porter Jr.,3,7.0,28.8,0.0,0.0,1.0,0.0,0.0,1.0,0.0,Regular Season
1642383,Walter Clayton Jr.,1629012,Collin Sexton,3,5.2,28.8,0.0,0.0,3.0,0.0,3.0,1.0,0.0,Regular Season
1641767,Ben Sheppard,1628378,Donovan Mitchell,2,6.2,28.8,2.0,1.0,1.0,0.0,0.0,0.0,0.0,Regular Season
1641824,Matas Buzelis,1642264,Stephon Castle,2,6.1,28.8,8.0,2.0,3.0,0.0,0.0,1.0,3.0,Regular Season
1641739,Toumani Camara,1641716,Jarace Walker,2,5.8,28.8,7.0,3.0,6.0,1.0,3.0,1.0,0.0,Regular Season
1629029,Luka Dončić,1641730,Noah Clowney,2,5.0,28.8,12.0,3.0,7.0,2.0,3.0,2.0,2.0,Regular Season
1630595,Cade Cunningham,1642273,Kyshawn George,2,4.8,28.8,18.0,6.0,18.0,0.0,3.0,0.0,3.0,Regular Season
1630591,Jalen Suggs,1642268,Isaiah Collier,1,6.0,28.8,5.0,2.0,5.0,1.0,3.0,3.0,0.0,Regular Season
1631099,Keegan Murray,1641739,Toumani Camara,2,5.2,28.8,7.0,3.0,11.0,1.0,7.0,1.0,0.0,Regular Season
1642264,Stephon Castle,1630541,Moses Moody,3,5.1,28.8,5.0,2.0,2.0,0.0,0.0,0.0,2.0,Regular Season
1642264,Stephon Castle,1630578,Alperen Sengun,4,5.3,28.8,14.0,5.0,8.0,1.0,1.0,1.0,2.0,Regular Season
1642874,Danny Wolf,1630552,Jalen Johnson,2,5.5,28.8,0.0,0.0,0.0,0.0,0.0,0.0,0.0,Regular Season
1642270,Donovan Clingan,1630596,Evan Mobley,1,6.5,28.8,2.0,1.0,5.0,0.0,1.0,1.0,0.0,Regular Season
1629130,Duncan Robinson,1630200,Tre Jones,4,6.8,28.8,0.0,0.0,0.0,0.0,0.0,0.0,0.0,Regular Season
1626162,Kelly Oubre Jr.,1630596,Evan Mobley,4,6.2,28.8,18.0,5.0,9.0,4.0,8.0,0.0,3.0,Regular Season
201572,Brook Lopez,1630549,Day'Ron Sharpe,2,5.8,28.7,0.0,0.0,2.0,0.0,2.0,1.0,0.0,Regular Season
1626164,Devin Booker,1630567,Scottie Barnes,2,7.0,28.7,4.0,2.0,6.0,0.0,2.0,2.0,0.0,Regular Season
1630530,Trey Murphy III,1630559,Austin Reaves,2,4.3,28.7,5.0,2.0,5.0,1.0,4.0,1.0,0.0,Regular Season
1631170,Jaime Jaquez Jr.,1630595,Cade Cunningham,2,5.2,28.7,14.0,7.0,10.0,0.0,1.0,1.0,1.0,Regular Season
1628971,Bruce Brown,1630314,Brandon Williams,4,6.5,28.7,5.0,2.0,4.0,1.0,1.0,0.0,0.0,Regular Season
1642847,Jeremiah Fears,1630541,Moses Moody,3,6.1,28.7,3.0,1.0,6.0,1.0,2.0,2.0,0.0,Regular Season
1628379,Luke Kennard,1630598,Aaron Wiggins,5,6.9,28.7,6.0,3.0,7.0,0.0,2.0,0.0,0.0,Regular Season
1629656,Quentin Grimes,1630559,Austin Reaves,2,4.6,28.7,0.0,0.0,2.0,0.0,2.0,1.0,0.0,Regular Season
1642258,Zaccharie Risacher,203114,Khris Middleton,3,5.0,28.7,11.0,4.0,6.0,3.0,5.0,0.0,0.0,Regular Season
201942,DeMar DeRozan,1626181,Norman Powell,2,5.8,28.7,4.0,1.0,4.0,0.0,0.0,0.0,1.0,Regular Season
1641790,PJ Hall,1626167,Myles Turner,2,6.0,28.7,2.0,1.0,3.0,0.0,0.0,0.0,0.0,Regular Season
1630534,Ochai Agbaji,1626181,Norman Powell,2,6.2,28.7,3.0,1.0,1.0,1.0,1.0,0.0,0.0,Regular Season
1628969,Mikal Bridges,1642962,Drake Powell,4,5.5,28.7,0.0,0.0,1.0,0.0,0.0,0.0,0.0,Regular Season
201942,DeMar DeRozan,1631222,Jake LaRavia,4,5.9,28.7,4.0,2.0,6.0,0.0,1.0,0.0,0.0,Regular Season
1629640,Keldon Johnson,1631095,Jabari Smith Jr.,4,5.5,28.7,13.0,5.0,7.0,1.0,3.0,0.0,1.0,Regular Season
1629632,Coby White,1631342,Daeqwon Plowden,2,6.8,28.7,12.0,4.0,8.0,3.0,5.0,0.0,1.0,Regular Season
1642847,Jeremiah Fears,1630696,Dru Smith,2,5.6,28.7,0.0,0.0,2.0,0.0,0.0,0.0,0.0,Regular Season
1626171,Bobby Portis Jr.,1631230,Dominick Barlow,3,5.3,28.7,6.0,3.0,4.0,0.0,0.0,0.0,0.0,Regular Season
1629723,John Konchar,1631094,Paolo Banchero,3,5.8,28.7,2.0,1.0,2.0,0.0,0.0,0.0,0.0,Regular Season
1629018,Gary Trent Jr.,1631108,Max Christie,2,4.7,28.7,9.0,3.0,5.0,3.0,4.0,0.0,0.0,Regular Season
201572,Brook Lopez,1641705,Victor Wembanyama,2,5.3,28.7,6.0,2.0,4.0,2.0,4.0,0.0,0.0,Regular Season
1629028,Deandre Ayton,1631132,Christian Koloko,2,6.2,28.7,5.0,1.0,2.0,0.0,0.0,0.0,2.0,Regular Season
201143,Al Horford,1642875,Maxime Raynaud,3,5.3,28.7,5.0,2.0,3.0,1.0,1.0,0.0,0.0,Regular Season
203468,CJ McCollum,1642845,VJ Edgecombe,3,6.3,28.7,5.0,1.0,5.0,1.0,3.0,0.0,1.0,Regular Season
201587,Nicolas Batum,1642843,Cooper Flagg,3,6.4,28.7,2.0,1.0,5.0,0.0,4.0,0.0,0.0,Regular Season
1641757,Jordan Miller,1642349,Ajay Mitchell,2,6.8,28.7,3.0,1.0,4.0,0.0,2.0,0.0,1.0,Regular Season
1631255,Karlo Matković,1642345,Oso Ighodaro,3,5.2,28.7,12.0,5.0,5.0,2.0,2.0,1.0,0.0,Regular Season
1629638,Nickeil Alexander-Walker,1642347,Jamal Shead,4,5.2,28.7,2.0,0.0,4.0,0.0,2.0,1.0,1.0,Regular Season
203944,Julius Randle,1642345,Oso Ighodaro,3,5.6,28.7,11.0,2.0,7.0,0.0,0.0,2.0,3.0,Regular Season
1628988,Aaron Holiday,1641718,Keyonte George,2,4.6,28.7,13.0,4.0,8.0,4.0,6.0,0.0,0.0,Regular Season
1629674,Neemias Queta,1641730,Noah Clowney,4,8.5,28.7,6.0,3.0,5.0,0.0,0.0,1.0,0.0,Regular Season
1630567,Scottie Barnes,1642273,Kyshawn George,3,4.8,28.7,13.0,4.0,7.0,3.0,4.0,0.0,1.0,Regular Season
1630643,Jay Huff,1642271,Kyle Filipowski,2,5.8,28.7,6.0,2.0,4.0,2.0,4.0,0.0,0.0,Regular Season
1642845,VJ Edgecombe,1629618,Jalen Pickett,1,6.5,28.7,0.0,0.0,3.0,0.0,2.0,1.0,0.0,Regular Season
1627742,Brandon Ingram,1630174,Aaron Nesmith,2,4.9,28.7,11.0,4.0,6.0,2.0,3.0,0.0,1.0,Regular Season
203114,Khris Middleton,1630183,Jaden McDaniels,2,4.2,28.7,4.0,0.0,3.0,0.0,0.0,0.0,2.0,Regular Season
1642461,Spencer Jones,1629675,Naz Reid,3,4.7,28.7,2.0,1.0,1.0,0.0,0.0,1.0,0.0,Regular Season
1630170,Devin Vassell,1630178,Tyrese Maxey,2,6.0,28.7,7.0,3.0,3.0,1.0,1.0,0.0,0.0,Regular Season
1629638,Nickeil Alexander-Walker,1629632,Coby White,2,5.3,28.7,4.0,2.0,5.0,0.0,3.0,0.0,0.0,Regular Season
1630552,Jalen Johnson,1629631,De'Andre Hunter,2,5.3,28.7,18.0,6.0,9.0,2.0,2.0,3.0,2.0,Regular Season
1626164,Devin Booker,1627936,Alex Caruso,2,6.8,28.7,10.0,3.0,7.0,1.0,2.0,0.0,3.0,Regular Season
203924,Jerami Grant,1628978,Donte DiVincenzo,4,4.4,28.7,2.0,0.0,3.0,0.0,2.0,0.0,1.0,Regular Season
1642948,Ryan Nembhard,1628368,De'Aaron Fox,2,6.2,28.7,4.0,1.0,3.0,0.0,0.0,0.0,1.0,Regular Season
1628969,Mikal Bridges,1628978,Donte DiVincenzo,2,5.4,28.7,3.0,1.0,4.0,1.0,2.0,1.0,0.0,Regular Season
1630200,Tre Jones,1628969,Mikal Bridges,4,5.6,28.7,6.0,2.0,3.0,0.0,0.0,0.0,0.0,Regular Season
1630530,Trey Murphy III,1627750,Jamal Murray,3,4.7,28.7,0.0,0.0,4.0,0.0,3.0,1.0,0.0,Regular Season
1628374,Lauri Markkanen,1627780,Gary Payton II,2,5.1,28.7,4.0,2.0,2.0,0.0,0.0,2.0,1.0,Regular Season
1641729,Brice Sensabaugh,1627750,Jamal Murray,4,4.9,28.7,11.0,4.0,5.0,3.0,3.0,1.0,0.0,Regular Season
201942,DeMar DeRozan,1628971,Bruce Brown,4,4.0,28.7,5.0,2.0,6.0,0.0,1.0,1.0,1.0,Regular Season
1629651,Nic Claxton,1628386,Jarrett Allen,1,6.0,28.7,4.0,2.0,4.0,0.0,0.0,1.0,0.0,Regular Season
1628415,Dillon Brooks,1628983,Shai Gilgeous-Alexander,3,5.0,28.7,11.0,2.0,6.0,2.0,3.0,1.0,2.0,Regular Season
1628973,Jalen Brunson,1628415,Dillon Brooks,1,5.2,28.7,8.0,2.0,3.0,2.0,2.0,1.0,1.0,Regular Season
1642264,Stephon Castle,1628970,Miles Bridges,2,6.8,28.7,8.0,3.0,6.0,2.0,3.0,1.0,0.0,Regular Season
1629637,Jaxson Hayes,1629011,Mitchell Robinson,2,6.0,28.7,0.0,0.0,0.0,0.0,0.0,0.0,0.0,Regular Season
1628978,Donte DiVincenzo,1628404,Josh Hart,2,5.6,28.7,4.0,1.0,4.0,1.0,3.0,0.0,1.0,Regular Season
1630581,Josh Giddey,1628398,Kyle Kuzma,3,4.6,28.7,0.0,0.0,2.0,0.0,2.0,3.0,0.0,Regular Season
203932,Aaron Gordon,1628381,John Collins,1,4.4,28.6,3.0,1.0,1.0,1.0,1.0,0.0,0.0,Regular Season
1642852,Derik Queen,1628991,Jaren Jackson Jr.,4,4.3,28.6,5.0,1.0,4.0,0.0,0.0,2.0,1.0,Regular Season
1642851,Kon Knueppel,1628989,Kevin Huerter,4,6.0,28.6,0.0,0.0,6.0,0.0,4.0,0.0,0.0,Regular Season
1629028,Deandre Ayton,1628991,Jaren Jackson Jr.,3,5.3,28.6,6.0,3.0,4.0,0.0,0.0,1.0,0.0,Regular Season
203500,Steven Adams,1628392,Isaiah Hartenstein,1,7.6,28.6,2.0,1.0,1.0,0.0,0.0,1.0,0.0,Regular Season
1641729,Brice Sensabaugh,1628971,Bruce Brown,4,4.2,28.6,8.0,3.0,7.0,1.0,2.0,0.0,1.0,Regular Season
1628960,Grayson Allen,1628988,Aaron Holiday,3,4.6,28.6,2.0,1.0,4.0,0.0,1.0,0.0,0.0,Regular Season
1629023,P.J. Washington,1631106,Tari Eason,3,4.8,28.6,3.0,1.0,3.0,1.0,1.0,0.0,0.0,Regular Season
1631119,Jaylin Williams,1631159,Leonard Miller,3,5.0,28.6,2.0,0.0,1.0,0.0,1.0,1.0,0.0,Regular Season
1630559,Austin Reaves,1631165,Keon Ellis,2,5.3,28.6,10.0,1.0,3.0,0.0,2.0,2.0,3.0,Regular Season
1642264,Stephon Castle,1631108,Max Christie,3,4.9,28.6,16.0,7.0,9.0,1.0,3.0,1.0,0.0,Regular Season
1630573,Sam Hauser,1631170,Jaime Jaquez Jr.,3,6.2,28.6,6.0,2.0,5.0,2.0,5.0,0.0,0.0,Regular Season
1641783,Tristan da Silva,202699,Tobias Harris,3,4.8,28.6,5.0,2.0,4.0,1.0,2.0,0.0,0.0,Regular Season
1631126,Caleb Love,203471,Dennis Schröder,3,6.1,28.6,2.0,1.0,4.0,0.0,3.0,0.0,0.0,Regular Season
1631128,Christian Braun,201939,Stephen Curry,1,3.9,28.6,0.0,0.0,0.0,0.0,0.0,0.0,0.0,Regular Season
201950,Jrue Holiday,203944,Julius Randle,4,4.2,28.6,3.0,1.0,7.0,1.0,4.0,1.0,0.0,Regular Season
1630578,Alperen Sengun,202696,Nikola Vučević,1,7.2,28.6,8.0,3.0,7.0,0.0,1.0,1.0,1.0,Regular Season
1630230,Naji Marshall,203944,Julius Randle,3,5.8,28.6,3.0,1.0,1.0,0.0,0.0,0.0,1.0,Regular Season
1629675,Naz Reid,203084,Harrison Barnes,3,5.7,28.6,3.0,1.0,1.0,1.0,1.0,0.0,0.0,Regular Season
1630183,Jaden McDaniels,1630311,Pat Spencer,3,5.2,28.6,2.0,0.0,3.0,0.0,2.0,0.0,1.0,Regular Season
1629611,Terance Mann,1630217,Desmond Bane,1,7.0,28.6,3.0,1.0,1.0,1.0,1.0,0.0,0.0,Regular Season
1630573,Sam Hauser,1630552,Jalen Johnson,4,4.1,28.6,12.0,4.0,6.0,4.0,6.0,1.0,0.0,Regular Season
1630264,Anthony Gill,1630611,Gui Santos,2,5.1,28.6,4.0,1.0,3.0,0.0,1.0,1.0,1.0,Regular Season
1642851,Kon Knueppel,1630573,Sam Hauser,3,5.3,28.6,5.0,1.0,6.0,1.0,3.0,1.0,1.0,Regular Season
1628970,Miles Bridges,1630558,Davion Mitchell,4,4.7,28.6,4.0,2.0,5.0,0.0,2.0,1.0,0.0,Regular Season
1627759,Jaylen Brown,1630217,Desmond Bane,3,5.2,28.6,11.0,5.0,10.0,0.0,1.0,0.0,1.0,Regular Season
1642377,Jaylen Wells,1629661,Cameron Johnson,3,5.5,28.6,10.0,4.0,4.0,2.0,2.0,0.0,0.0,Regular Season
1631119,Jaylin Williams,1629637,Jaxson Hayes,3,5.3,28.6,10.0,3.0,5.0,3.0,4.0,0.0,1.0,Regular Season
1630532,Franz Wagner,1630170,Devin Vassell,1,4.7,28.6,4.0,2.0,3.0,0.0,0.0,0.0,0.0,Regular Season
1631157,Ryan Rollins,1629614,Andrew Nembhard,2,6.9,28.6,2.0,1.0,4.0,0.0,2.0,0.0,0.0,Regular Season
1630611,Gui Santos,1629661,Cameron Johnson,2,5.9,28.6,0.0,0.0,0.0,0.0,0.0,1.0,0.0,Regular Season
1642845,VJ Edgecombe,1629652,Luguentz Dort,2,5.6,28.6,2.0,1.0,5.0,0.0,3.0,0.0,0.0,Regular Season
1630557,Corey Kispert,1630163,LaMelo Ball,3,5.0,28.6,3.0,1.0,2.0,1.0,2.0,2.0,0.0,Regular Season
1629750,Javonte Green,1630172,Patrick Williams,4,5.8,28.6,4.0,2.0,4.0,0.0,2.0,1.0,1.0,Regular Season
1628386,Jarrett Allen,1642875,Maxime Raynaud,2,4.3,28.6,8.0,4.0,5.0,0.0,0.0,0.0,0.0,Regular Season
1627739,Kris Dunn,1642349,Ajay Mitchell,3,6.2,28.6,7.0,2.0,3.0,2.0,3.0,3.0,1.0,Regular Season
1642276,Kel'el Ware,1642854,Asa Newell,3,4.7,28.6,2.0,1.0,4.0,0.0,1.0,0.0,0.0,Regular Season
202691,Klay Thompson,1641764,Brandin Podziemski,3,5.2,28.6,0.0,0.0,1.0,0.0,1.0,1.0,0.0,Regular Season
1642262,Cody Williams,1641712,Rayan Rupert,4,4.2,28.6,3.0,1.0,6.0,1.0,3.0,2.0,1.0,Regular Season
1630559,Austin Reaves,1642266,Ja'Kobe Walter,1,4.8,28.6,16.0,5.0,7.0,4.0,5.0,0.0,1.0,Regular Season
1631157,Ryan Rollins,1642264,Stephon Castle,2,5.2,28.6,5.0,2.0,4.0,1.0,3.0,4.0,0.0,Regular Season
1641767,Ben Sheppard,1641711,Gradey Dick,4,6.2,28.6,0.0,0.0,1.0,0.0,1.0,1.0,0.0,Regular Season
1642852,Derik Queen,1642259,Alex Sarr,1,6.2,28.6,8.0,4.0,6.0,0.0,1.0,1.0,0.0,Regular Season
1642883,Sion James,1642258,Zaccharie Risacher,4,5.7,28.6,2.0,1.0,3.0,0.0,1.0,0.0,0.0,Regular Season
201950,Jrue Holiday,1641708,Amen Thompson,2,5.3,28.6,5.0,2.0,4.0,1.0,3.0,2.0,0.0,Regular Season
1642843,Cooper Flagg,1641712,Rayan Rupert,2,4.8,28.6,6.0,3.0,7.0,0.0,1.0,0.0,0.0,Regular Season
1626162,Kelly Oubre Jr.,1642258,Zaccharie Risacher,2,6.3,28.5,7.0,2.0,5.0,0.0,2.0,0.0,2.0,Regular Season
1630178,Tyrese Maxey,1641775,Jordan Walsh,2,6.5,28.5,6.0,2.0,11.0,0.0,3.0,0.0,1.0,Regular Season
1641708,Amen Thompson,1641729,Brice Sensabaugh,4,5.9,28.5,6.0,3.0,3.0,0.0,0.0,1.0,0.0,Regular Season
1630178,Tyrese Maxey,1641709,Ausar Thompson,2,6.7,28.5,8.0,3.0,3.0,2.0,2.0,0.0,0.0,Regular Season
1627739,Kris Dunn,1642268,Isaiah Collier,2,5.7,28.5,3.0,1.0,2.0,1.0,2.0,1.0,0.0,Regular Season
203999,Nikola Jokić,1626220,Royce O'Neale,3,5.7,28.5,8.0,3.0,5.0,0.0,0.0,3.0,1.0,Regular Season
1631200,Kris Murray,201939,Stephen Curry,3,5.8,28.5,3.0,1.0,1.0,1.0,1.0,1.0,0.0,Regular Season
1630182,Josh Green,203468,CJ McCollum,3,7.0,28.5,2.0,1.0,2.0,0.0,1.0,0.0,0.0,Regular Season
1641713,GG Jackson,203114,Khris Middleton,3,5.3,28.5,4.0,2.0,3.0,0.0,1.0,0.0,0.0,Regular Season
1642270,Donovan Clingan,1626157,Karl-Anthony Towns,2,6.6,28.5,2.0,1.0,4.0,0.0,3.0,2.0,0.0,Regular Season
1630183,Jaden McDaniels,201566,Russell Westbrook,4,4.8,28.5,6.0,2.0,6.0,1.0,3.0,2.0,1.0,Regular Season
1629130,Duncan Robinson,201144,Mike Conley,2,6.5,28.5,2.0,0.0,2.0,0.0,2.0,0.0,1.0,Regular Season
1642845,VJ Edgecombe,203952,Andrew Wiggins,2,5.5,28.5,2.0,1.0,2.0,0.0,1.0,0.0,0.0,Regular Season
1641764,Brandin Podziemski,1626145,Tyus Jones,2,5.3,28.5,0.0,0.0,1.0,0.0,1.0,0.0,0.0,Regular Season
1628384,OG Anunoby,1626220,Royce O'Neale,2,6.3,28.5,7.0,2.0,4.0,2.0,4.0,0.0,1.0,Regular Season
1628970,Miles Bridges,1626181,Norman Powell,2,6.4,28.5,6.0,3.0,5.0,0.0,0.0,0.0,0.0,Regular Season
201587,Nicolas Batum,1626220,Royce O'Neale,4,6.4,28.5,3.0,1.0,1.0,1.0,1.0,0.0,0.0,Regular Season
1630598,Aaron Wiggins,1631095,Jabari Smith Jr.,3,5.5,28.5,7.0,2.0,8.0,1.0,3.0,0.0,1.0,Regular Season
1630567,Scottie Barnes,1631321,Sidy Cissoko,2,4.6,28.5,3.0,0.0,1.0,0.0,0.0,4.0,2.0,Regular Season
1628436,Luke Kornet,1631096,Chet Holmgren,4,6.7,28.5,2.0,1.0,2.0,0.0,0.0,0.0,0.0,Regular Season
1629674,Neemias Queta,1631096,Chet Holmgren,2,7.3,28.5,4.0,2.0,5.0,0.0,0.0,0.0,0.0,Regular Season
201572,Brook Lopez,1631096,Chet Holmgren,3,5.6,28.5,3.0,1.0,3.0,1.0,1.0,0.0,0.0,Regular Season
1630530,Trey Murphy III,1631200,Kris Murray,3,5.2,28.5,8.0,3.0,5.0,0.0,1.0,0.0,1.0,Regular Season
2544,LeBron James,1631095,Jabari Smith Jr.,3,4.8,28.5,14.0,5.0,7.0,2.0,3.0,0.0,2.0,Regular Season
1630643,Jay Huff,1631105,Jalen Duren,3,4.0,28.5,9.0,3.0,5.0,3.0,5.0,1.0,0.0,Regular Season
1629651,Nic Claxton,1631096,Chet Holmgren,1,5.8,28.5,2.0,1.0,2.0,0.0,0.0,1.0,1.0,Regular Season
1630533,Ziaire Williams,1627759,Jaylen Brown,4,5.5,28.5,10.0,4.0,10.0,1.0,5.0,1.0,1.0,Regular Season
1641718,Keyonte George,1628969,Mikal Bridges,2,5.1,28.5,5.0,2.0,4.0,0.0,0.0,0.0,1.0,Regular Season
1630577,Julian Champagnie,1628381,John Collins,2,5.9,28.5,4.0,2.0,7.0,0.0,5.0,0.0,0.0,Regular Season
1628398,Kyle Kuzma,1628404,Josh Hart,3,5.6,28.5,2.0,1.0,1.0,0.0,0.0,0.0,0.0,Regular Season
1642274,Yves Missi,1627751,Jakob Poeltl,2,6.8,28.5,5.0,2.0,4.0,0.0,0.0,0.0,1.0,Regular Season
1630170,Devin Vassell,1628960,Grayson Allen,1,5.0,28.5,2.0,1.0,3.0,0.0,2.0,0.0,0.0,Regular Season
1627742,Brandon Ingram,1628389,Bam Adebayo,4,5.5,28.5,19.0,5.0,8.0,4.0,7.0,0.0,2.0,Regular Season
1626220,Royce O'Neale,1628973,Jalen Brunson,1,6.6,28.5,6.0,2.0,4.0,2.0,4.0,0.0,0.0,Regular Season
1641778,Leaky Black,1643016,Bez Mbeng,1,5.8,28.5,3.0,1.0,3.0,1.0,2.0,0.0,0.0,Regular Season
1642847,Jeremiah Fears,1642948,Ryan Nembhard,2,5.1,28.5,2.0,1.0,5.0,0.0,1.0,1.0,0.0,Regular Season
1642851,Kon Knueppel,1642845,VJ Edgecombe,3,5.8,28.5,8.0,3.0,5.0,1.0,3.0,2.0,1.0,Regular Season
1631095,Jabari Smith Jr.,1642277,Johnny Furphy,2,7.0,28.5,10.0,4.0,7.0,0.0,1.0,2.0,0.0,Regular Season
203468,CJ McCollum,1642883,Sion James,4,6.0,28.5,5.0,2.0,6.0,1.0,4.0,0.0,0.0,Regular Season
1630623,Tyson Etienne,1642504,Cormac Ryan,2,7.0,28.5,9.0,3.0,7.0,2.0,4.0,0.0,1.0,Regular Season
1630200,Tre Jones,1642383,Walter Clayton Jr.,3,5.3,28.5,2.0,1.0,3.0,0.0,1.0,0.0,0.0,Regular Season
201942,DeMar DeRozan,1642281,Jaylon Tyson,2,5.4,28.5,4.0,0.0,4.0,0.0,1.0,0.0,2.0,Regular Season
1641729,Brice Sensabaugh,1642349,Ajay Mitchell,4,5.4,28.5,6.0,3.0,4.0,0.0,0.0,0.0,0.0,Regular Season
1630217,Desmond Bane,1630202,Payton Pritchard,3,4.5,28.5,2.0,1.0,4.0,0.0,1.0,0.0,0.0,Regular Season
1631260,AJ Green,1630623,Tyson Etienne,2,6.4,28.5,3.0,1.0,2.0,1.0,2.0,0.0,0.0,Regular Season
1630180,Saddiq Bey,1630552,Jalen Johnson,1,6.9,28.5,3.0,1.0,3.0,1.0,3.0,0.0,0.0,Regular Season
1629656,Quentin Grimes,1630679,Ethan Thompson,2,5.6,28.5,5.0,2.0,5.0,1.0,1.0,1.0,0.0,Regular Season
1642258,Zaccharie Risacher,1630558,Davion Mitchell,4,4.4,28.5,3.0,1.0,5.0,1.0,3.0,0.0,0.0,Regular Season
1630703,Scoot Henderson,1630623,Tyson Etienne,2,4.5,28.5,2.0,1.0,1.0,0.0,0.0,1.0,0.0,Regular Season
1642267,Bub Carrington,1630591,Jalen Suggs,3,7.6,28.5,2.0,1.0,3.0,0.0,0.0,0.0,0.0,Regular Season
1642875,Maxime Raynaud,1630568,Luka Garza,2,6.4,28.5,8.0,3.0,3.0,0.0,0.0,0.0,1.0,Regular Season
1628971,Bruce Brown,1630538,Bones Hyland,3,5.0,28.5,0.0,0.0,0.0,0.0,0.0,1.0,0.0,Regular Season
1628401,Derrick White,1630558,Davion Mitchell,2,7.1,28.5,6.0,1.0,1.0,1.0,1.0,0.0,1.0,Regular Season
1628960,Grayson Allen,1629130,Duncan Robinson,2,4.9,28.5,10.0,2.0,6.0,2.0,6.0,1.0,1.0,Regular Season
1630583,Santi Aldama,1629029,Luka Dončić,3,6.1,28.5,7.0,2.0,10.0,1.0,4.0,0.0,1.0,Regular Season
1641764,Brandin Podziemski,1630193,Immanuel Quickley,2,6.4,28.4,3.0,1.0,3.0,0.0,1.0,0.0,1.0,Regular Season
203926,Doug McDermott,1630182,Josh Green,2,4.6,28.4,6.0,2.0,3.0,2.0,3.0,0.0,0.0,Regular Season
1642264,Stephon Castle,1629636,Darius Garland,3,5.0,28.4,10.0,3.0,6.0,1.0,1.0,3.0,2.0,Regular Season
1630583,Santi Aldama,1629023,P.J. Washington,2,6.2,28.4,9.0,2.0,5.0,2.0,5.0,0.0,0.0,Regular Season
1641709,Ausar Thompson,1629627,Zion Williamson,2,5.1,28.4,2.0,0.0,0.0,0.0,0.0,0.0,1.0,Regular Season
1641737,Adem Bona,1630194,Paul Reed,3,5.9,28.4,2.0,1.0,1.0,0.0,0.0,0.0,0.0,Regular Season
203471,Dennis Schröder,1628975,Jevon Carter,2,6.0,28.4,2.0,1.0,2.0,0.0,1.0,0.0,0.0,Regular Season
1631222,Jake LaRavia,1627742,Brandon Ingram,2,5.2,28.4,0.0,0.0,0.0,0.0,0.0,0.0,0.0,Regular Season
1630198,Isaiah Joe,1628978,Donte DiVincenzo,4,5.7,28.4,3.0,1.0,5.0,1.0,3.0,0.0,0.0,Regular Season
1628389,Bam Adebayo,1628386,Jarrett Allen,1,5.0,28.4,1.0,0.0,6.0,0.0,3.0,0.0,1.0,Regular Season
1630591,Jalen Suggs,1628370,Malik Monk,2,7.0,28.4,3.0,1.0,4.0,1.0,2.0,0.0,0.0,Regular Season
1630700,Dyson Daniels,1627759,Jaylen Brown,2,3.0,28.4,2.0,1.0,2.0,0.0,0.0,0.0,0.0,Regular Season
1631095,Jabari Smith Jr.,1628401,Derrick White,2,5.5,28.4,3.0,1.0,5.0,1.0,3.0,0.0,0.0,Regular Season
203991,Clint Capela,1629011,Mitchell Robinson,2,6.7,28.4,2.0,0.0,0.0,0.0,0.0,0.0,0.0,Regular Season
1642948,Ryan Nembhard,1628971,Bruce Brown,4,6.0,28.4,7.0,3.0,3.0,1.0,1.0,0.0,0.0,Regular Season
1631105,Jalen Duren,201572,Brook Lopez,1,6.5,28.4,16.0,7.0,9.0,0.0,0.0,0.0,1.0,Regular Season
1628396,Tony Bradley,203994,Jusuf Nurkić,1,5.5,28.4,6.0,3.0,5.0,0.0,0.0,0.0,0.0,Regular Season
1626220,Royce O'Neale,202699,Tobias Harris,2,4.9,28.4,3.0,1.0,4.0,1.0,4.0,1.0,0.0,Regular Season
203994,Jusuf Nurkić,203999,Nikola Jokić,1,5.0,28.4,2.0,1.0,3.0,0.0,0.0,2.0,0.0,Regular Season
1642262,Cody Williams,202691,Klay Thompson,4,4.4,28.4,3.0,1.0,2.0,1.0,2.0,1.0,0.0,Regular Season
1630183,Jaden McDaniels,1626181,Norman Powell,2,5.8,28.4,4.0,2.0,3.0,0.0,1.0,1.0,0.0,Regular Season
1630581,Josh Giddey,1642273,Kyshawn George,1,5.5,28.4,6.0,2.0,4.0,2.0,2.0,0.0,0.0,Regular Season
1642363,Nique Clifford,1642267,Bub Carrington,2,5.7,28.4,2.0,0.0,1.0,0.0,0.0,0.0,1.0,Regular Season
1628969,Mikal Bridges,1642266,Ja'Kobe Walter,5,5.7,28.4,13.0,4.0,5.0,2.0,3.0,1.0,2.0,Regular Season
1628404,Josh Hart,1641824,Matas Buzelis,4,5.2,28.4,1.0,0.0,1.0,0.0,0.0,0.0,1.0,Regular Season
1631165,Keon Ellis,1631221,Collin Gillespie,3,6.8,28.4,9.0,3.0,3.0,3.0,3.0,0.0,0.0,Regular Season
1631170,Jaime Jaquez Jr.,1631217,Moussa Diabaté,4,5.2,28.4,13.0,5.0,11.0,1.0,1.0,1.0,0.0,Regular Season
1628969,Mikal Bridges,1631128,Christian Braun,2,4.8,28.4,0.0,0.0,2.0,0.0,2.0,0.0,0.0,Regular Season
1631094,Paolo Banchero,1631133,Jabari Walker,2,5.3,28.4,4.0,1.0,2.0,0.0,1.0,1.0,1.0,Regular Season
1642851,Kon Knueppel,1631170,Jaime Jaquez Jr.,4,4.7,28.4,12.0,5.0,9.0,2.0,5.0,1.0,0.0,Regular Season
1630245,Ayo Dosunmu,1631323,Simone Fontecchio,4,4.1,28.4,6.0,3.0,5.0,0.0,0.0,1.0,0.0,Regular Season
1642271,Kyle Filipowski,1631218,Trayce Jackson-Davis,4,4.9,28.4,9.0,4.0,7.0,1.0,2.0,0.0,0.0,Regular Season
1629012,Collin Sexton,1631260,AJ Green,4,4.8,28.4,18.0,6.0,8.0,2.0,4.0,0.0,3.0,Regular Season
1630200,Tre Jones,1630631,Jose Alvarado,3,5.0,28.4,8.0,2.0,4.0,0.0,1.0,0.0,1.0,Regular Season
1627742,Brandon Ingram,1630558,Davion Mitchell,4,5.4,28.4,11.0,5.0,8.0,1.0,1.0,1.0,0.0,Regular Season
1630541,Moses Moody,1630577,Julian Champagnie,3,6.1,28.4,9.0,2.0,4.0,1.0,3.0,0.0,0.0,Regular Season
203468,CJ McCollum,1630230,Naji Marshall,4,5.5,28.4,2.0,1.0,1.0,0.0,0.0,0.0,0.0,Regular Season
1631170,Jaime Jaquez Jr.,1630532,Franz Wagner,2,4.9,28.4,8.0,4.0,7.0,0.0,1.0,2.0,0.0,Regular Season
1641737,Adem Bona,1630572,Sandro Mamukelashvili,3,5.2,28.4,0.0,0.0,0.0,0.0,0.0,0.0,0.0,Regular Season
1629723,John Konchar,1630264,Anthony Gill,2,5.0,28.4,0.0,0.0,1.0,0.0,1.0,1.0,0.0,Regular Season
1629048,Goga Bitadze,1630568,Luka Garza,3,6.2,28.4,2.0,1.0,2.0,0.0,0.0,0.0,1.0,Regular Season
1630163,LaMelo Ball,1630314,Brandon Williams,2,6.4,28.4,10.0,4.0,10.0,2.0,5.0,1.0,0.0,Regular Season
1642262,Cody Williams,1642843,Cooper Flagg,2,5.1,28.4,4.0,2.0,4.0,0.0,1.0,0.0,0.0,Regular Season
1630560,Cam Thomas,1642869,Noah Penda,4,5.9,28.4,6.0,2.0,7.0,0.0,1.0,3.0,0.0,Regular Season
1630183,Jaden McDaniels,1642383,Walter Clayton Jr.,4,5.5,28.4,2.0,1.0,6.0,0.0,0.0,1.0,0.0,Regular Season
1642349,Ajay Mitchell,1642377,Jaylen Wells,3,4.5,28.3,5.0,2.0,3.0,0.0,0.0,1.0,2.0,Regular Season
201572,Brook Lopez,1642274,Yves Missi,4,4.5,28.3,5.0,2.0,3.0,0.0,0.0,2.0,2.0,Regular Season
1631114,Jalen Williams,1642846,Ace Bailey,3,4.6,28.3,9.0,4.0,8.0,1.0,2.0,0.0,0.0,Regular Season
1630230,Naji Marshall,1642377,Jaylen Wells,4,4.7,28.3,6.0,2.0,6.0,1.0,2.0,1.0,1.0,Regular Season
1642273,Kyshawn George,1642843,Cooper Flagg,2,4.9,28.3,2.0,0.0,2.0,0.0,1.0,2.0,1.0,Regular Season
1630193,Immanuel Quickley,1642856,Egor Dëmin,3,6.5,28.3,10.0,4.0,6.0,1.0,3.0,0.0,0.0,Regular Season
1627751,Jakob Poeltl,1642274,Yves Missi,2,5.1,28.3,6.0,3.0,3.0,0.0,0.0,0.0,0.0,Regular Season
1630567,Scottie Barnes,1641824,Matas Buzelis,3,4.8,28.3,10.0,4.0,6.0,0.0,0.0,0.0,1.0,Regular Season
202691,Klay Thompson,1641729,Brice Sensabaugh,3,4.3,28.3,5.0,1.0,4.0,1.0,4.0,0.0,1.0,Regular Season
202691,Klay Thompson,1641783,Tristan da Silva,2,5.9,28.3,12.0,4.0,9.0,4.0,9.0,1.0,0.0,Regular Season
1630170,Devin Vassell,1641824,Matas Buzelis,2,4.7,28.3,3.0,1.0,5.0,1.0,2.0,0.0,0.0,Regular Season
1631096,Chet Holmgren,1642264,Stephon Castle,4,4.9,28.3,5.0,1.0,3.0,1.0,1.0,2.0,1.0,Regular Season
203471,Dennis Schröder,1641842,Ronald Holland II,3,6.2,28.3,11.0,3.0,4.0,2.0,2.0,0.0,2.0,Regular Season
1642848,Tre Johnson,1641764,Brandin Podziemski,2,4.3,28.3,2.0,1.0,3.0,0.0,1.0,0.0,0.0,Regular Season
1628386,Jarrett Allen,1642270,Donovan Clingan,1,4.7,28.3,23.0,9.0,15.0,0.0,1.0,0.0,3.0,Regular Season
1630581,Josh Giddey,1641730,Noah Clowney,1,4.8,28.3,8.0,3.0,3.0,0.0,0.0,0.0,1.0,Regular Season
1630217,Desmond Bane,1629006,Josh Okogie,2,5.9,28.3,2.0,1.0,2.0,0.0,1.0,0.0,0.0,Regular Season
1631109,Mark Williams,1628436,Luke Kornet,2,6.5,28.3,2.0,0.0,2.0,0.0,0.0,0.0,1.0,Regular Season
1631212,Peyton Watson,1628978,Donte DiVincenzo,3,3.1,28.3,0.0,0.0,0.0,0.0,0.0,0.0,0.0,Regular Season
1631230,Dominick Barlow,1627759,Jaylen Brown,2,5.4,28.3,4.0,2.0,4.0,0.0,1.0,1.0,1.0,Regular Season
1631133,Jabari Walker,1627759,Jaylen Brown,3,5.7,28.3,0.0,0.0,2.0,0.0,2.0,0.0,0.0,Regular Season
202331,Paul George,1630173,Precious Achiuwa,1,7.3,28.3,4.0,2.0,6.0,0.0,2.0,0.0,0.0,Regular Season
1628989,Kevin Huerter,1630163,LaMelo Ball,4,5.8,28.3,2.0,1.0,3.0,0.0,2.0,0.0,0.0,Regular Season
1642867,Collin Murray-Boyles,1630168,Onyeka Okongwu,3,4.7,28.3,5.0,2.0,2.0,0.0,0.0,0.0,1.0,Regular Season
1631095,Jabari Smith Jr.,1630166,Deni Avdija,3,6.4,28.3,6.0,3.0,9.0,0.0,5.0,0.0,0.0,Regular Season
1629008,Michael Porter Jr.,1630170,Devin Vassell,2,6.4,28.3,3.0,1.0,5.0,1.0,4.0,0.0,0.0,Regular Season
1630573,Sam Hauser,1630163,LaMelo Ball,3,6.5,28.3,3.0,1.0,4.0,0.0,2.0,0.0,0.0,Regular Season
202710,Jimmy Butler III,1630180,Saddiq Bey,2,5.2,28.3,6.0,1.0,2.0,0.0,1.0,2.0,1.0,Regular Season
1628436,Luke Kornet,1626157,Karl-Anthony Towns,2,5.4,28.3,4.0,2.0,2.0,0.0,0.0,0.0,1.0,Regular Season
1631106,Tari Eason,1626164,Devin Booker,2,6.1,28.3,9.0,4.0,7.0,1.0,2.0,0.0,0.0,Regular Season
1630163,LaMelo Ball,203914,Gary Harris,2,5.5,28.3,7.0,3.0,8.0,1.0,5.0,0.0,0.0,Regular Season
203110,Draymond Green,203937,Kyle Anderson,2,5.6,28.3,6.0,2.0,4.0,2.0,4.0,3.0,0.0,Regular Season
1630567,Scottie Barnes,203924,Jerami Grant,2,4.6,28.3,5.0,2.0,8.0,1.0,2.0,0.0,1.0,Regular Season
203468,CJ McCollum,1626167,Myles Turner,6,3.3,28.3,11.0,4.0,13.0,0.0,3.0,1.0,2.0,Regular Season
1630583,Santi Aldama,201567,Kevin Love,2,5.4,28.3,13.0,4.0,6.0,1.0,3.0,0.0,2.0,Regular Season
1629614,Andrew Nembhard,203952,Andrew Wiggins,3,5.5,28.3,7.0,3.0,6.0,1.0,2.0,0.0,0.0,Regular Season
1642848,Tre Johnson,203501,Tim Hardaway Jr.,2,5.2,28.3,5.0,2.0,3.0,1.0,1.0,0.0,0.0,Regular Season
202696,Nikola Vučević,203507,Giannis Antetokounmpo,3,4.0,28.3,10.0,5.0,6.0,0.0,0.0,0.0,0.0,Regular Season
203935,Marcus Smart,201142,Kevin Durant,3,4.8,28.3,0.0,0.0,3.0,0.0,2.0,1.0,0.0,Regular Season
1629018,Gary Trent Jr.,201939,Stephen Curry,2,6.5,28.3,3.0,1.0,3.0,1.0,3.0,1.0,0.0,Regular Season
1626164,Devin Booker,1630591,Jalen Suggs,1,4.7,28.3,13.0,3.0,4.0,1.0,1.0,2.0,2.0,Regular Season
1630529,Herbert Jones,1630577,Julian Champagnie,4,5.5,28.3,0.0,0.0,1.0,0.0,0.0,0.0,0.0,Regular Season
1642268,Isaiah Collier,1630245,Ayo Dosunmu,3,6.2,28.3,7.0,1.0,5.0,0.0,1.0,1.0,4.0,Regular Season
201950,Jrue Holiday,1630529,Herbert Jones,2,5.9,28.3,0.0,0.0,3.0,0.0,1.0,0.0,0.0,Regular Season
1641710,Anthony Black,1630595,Cade Cunningham,2,5.5,28.3,2.0,1.0,6.0,0.0,3.0,1.0,0.0,Regular Season
201942,DeMar DeRozan,1642907,Cedric Coward,3,5.8,28.3,14.0,4.0,5.0,0.0,1.0,0.0,4.0,Regular Season
1628401,Derrick White,1631321,Sidy Cissoko,2,6.1,28.3,5.0,2.0,4.0,1.0,1.0,0.0,0.0,Regular Season
1630174,Aaron Nesmith,1631157,Ryan Rollins,3,5.7,28.3,5.0,2.0,5.0,1.0,2.0,0.0,0.0,Regular Season
203999,Nikola Jokić,1631131,Oscar Tshiebwe,3,3.3,28.3,10.0,5.0,6.0,0.0,0.0,1.0,0.0,Regular Season
1627783,Pascal Siakam,1631222,Jake LaRavia,2,4.8,28.3,13.0,4.0,10.0,1.0,3.0,0.0,3.0,Regular Season
1630188,Jalen Smith,1631105,Jalen Duren,2,5.1,28.3,4.0,2.0,4.0,0.0,2.0,0.0,1.0,Regular Season
1629006,Josh Okogie,1631108,Max Christie,4,6.4,28.3,11.0,3.0,6.0,3.0,5.0,1.0,1.0,Regular Season
1628368,De'Aaron Fox,1631114,Jalen Williams,4,3.7,28.2,2.0,1.0,3.0,0.0,1.0,1.0,0.0,Regular Season
1628384,OG Anunoby,1631170,Jaime Jaquez Jr.,2,6.5,28.2,8.0,3.0,5.0,2.0,4.0,1.0,0.0,Regular Season
1631243,Mouhamed Gueye,1631096,Chet Holmgren,2,4.9,28.2,7.0,3.0,4.0,1.0,2.0,1.0,1.0,Regular Season
1631260,AJ Green,1631222,Jake LaRavia,2,5.1,28.2,0.0,0.0,2.0,0.0,2.0,0.0,0.0,Regular Season
1630194,Paul Reed,1630695,Micah Potter,2,5.0,28.2,16.0,8.0,8.0,0.0,0.0,0.0,0.0,Regular Season
1642366,Quinten Post,1631109,Mark Williams,4,4.7,28.2,5.0,2.0,6.0,1.0,4.0,0.0,0.0,Regular Season
1630558,Davion Mitchell,1631260,AJ Green,2,5.2,28.2,2.0,1.0,1.0,0.0,0.0,2.0,0.0,Regular Season
1641854,Craig Porter Jr.,1630193,Immanuel Quickley,2,6.2,28.2,2.0,1.0,2.0,0.0,1.0,1.0,0.0,Regular Season
1630530,Trey Murphy III,1629611,Terance Mann,2,5.6,28.2,8.0,3.0,3.0,1.0,1.0,0.0,1.0,Regular Season
1628983,Shai Gilgeous-Alexander,1630171,Isaac Okoro,1,5.3,28.2,7.0,3.0,7.0,0.0,2.0,0.0,2.0,Regular Season
203932,Aaron Gordon,1629675,Naz Reid,2,6.4,28.2,2.0,1.0,4.0,0.0,3.0,1.0,0.0,Regular Season
1630182,Josh Green,1629639,Tyler Herro,2,6.0,28.2,0.0,0.0,1.0,0.0,1.0,1.0,0.0,Regular Season
203944,Julius Randle,1630188,Jalen Smith,2,5.6,28.2,16.0,5.0,10.0,1.0,1.0,2.0,3.0,Regular Season
1631095,Jabari Smith Jr.,1629675,Naz Reid,2,6.1,28.2,5.0,2.0,5.0,1.0,1.0,0.0,0.0,Regular Season
1641775,Jordan Walsh,1641783,Tristan da Silva,4,7.2,28.2,5.0,2.0,4.0,1.0,2.0,0.0,0.0,Regular Season
1629639,Tyler Herro,1641709,Ausar Thompson,1,4.2,28.2,8.0,2.0,4.0,2.0,3.0,0.0,0.0,Regular Season
1642347,Jamal Shead,1642267,Bub Carrington,3,4.8,28.2,4.0,1.0,2.0,1.0,1.0,0.0,1.0,Regular Season
1630558,Davion Mitchell,1641783,Tristan da Silva,4,5.5,28.2,14.0,5.0,8.0,2.0,3.0,0.0,1.0,Regular Season
1630536,Sharife Cooper,1641709,Ausar Thompson,3,6.0,28.2,2.0,1.0,3.0,0.0,1.0,2.0,0.0,Regular Season
1641716,Jarace Walker,1641729,Brice Sensabaugh,2,4.7,28.2,0.0,0.0,3.0,0.0,2.0,1.0,0.0,Regular Season
1630541,Moses Moody,1641796,Pelle Larsson,2,5.9,28.2,0.0,0.0,1.0,0.0,0.0,1.0,0.0,Regular Season
1641710,Anthony Black,1642281,Jaylon Tyson,2,5.7,28.2,2.0,1.0,2.0,0.0,1.0,2.0,0.0,Regular Season
1641750,Ryan Kalkbrenner,1642852,Derik Queen,2,6.2,28.2,6.0,2.0,3.0,0.0,0.0,1.0,1.0,Regular Season
1642863,Khaman Maluach,1628963,Marvin Bagley III,1,5.2,28.2,0.0,0.0,1.0,0.0,1.0,0.0,0.0,Regular Season
1630541,Moses Moody,1628415,Dillon Brooks,3,4.9,28.2,6.0,2.0,3.0,2.0,3.0,0.0,0.0,Regular Season
1628983,Shai Gilgeous-Alexander,1627780,Gary Payton II,4,6.2,28.2,9.0,3.0,8.0,1.0,3.0,1.0,1.0,Regular Season
1631124,Julian Strawther,1628368,De'Aaron Fox,3,5.3,28.2,12.0,4.0,8.0,3.0,5.0,1.0,1.0,Regular Season
1628970,Miles Bridges,1629008,Michael Porter Jr.,2,5.5,28.2,2.0,1.0,4.0,0.0,1.0,0.0,0.0,Regular Season
1631099,Keegan Murray,1629006,Josh Okogie,3,5.5,28.2,5.0,2.0,3.0,1.0,1.0,2.0,0.0,Regular Season
1629060,Rui Hachimura,201566,Russell Westbrook,3,4.8,28.2,0.0,0.0,0.0,0.0,0.0,1.0,0.0,Regular Season
1628389,Bam Adebayo,201935,James Harden,4,5.0,28.2,2.0,0.0,1.0,0.0,1.0,2.0,1.0,Regular Season
1628384,OG Anunoby,201935,James Harden,2,5.8,28.2,3.0,1.0,3.0,1.0,3.0,1.0,0.0,Regular Season
1642263,Reed Sheppard,203935,Marcus Smart,3,6.2,28.2,2.0,1.0,2.0,0.0,1.0,1.0,0.0,Regular Season
1628976,Wendell Carter Jr.,204001,Kristaps Porziņģis,1,6.4,28.2,2.0,1.0,4.0,0.0,2.0,0.0,0.0,Regular Season
1641718,Keyonte George,1626164,Devin Booker,2,5.8,28.2,9.0,1.0,4.0,0.0,0.0,1.0,3.0,Regular Season
1629731,Dean Wade,1626220,Royce O'Neale,2,5.2,28.2,3.0,1.0,3.0,1.0,3.0,0.0,0.0,Regular Season
1630162,Anthony Edwards,1630200,Tre Jones,2,5.0,28.2,4.0,2.0,6.0,0.0,2.0,1.0,0.0,Regular Season
1642847,Jeremiah Fears,1630538,Bones Hyland,1,6.5,28.2,0.0,0.0,2.0,0.0,0.0,1.0,0.0,Regular Season
1642883,Sion James,1630200,Tre Jones,4,5.4,28.2,3.0,1.0,1.0,1.0,1.0,1.0,0.0,Regular Season
1630217,Desmond Bane,1630595,Cade Cunningham,3,4.8,28.2,6.0,2.0,6.0,0.0,2.0,0.0,1.0,Regular Season
1627750,Jamal Murray,1630559,Austin Reaves,2,4.9,28.1,4.0,0.0,4.0,0.0,2.0,0.0,2.0,Regular Season
1626162,Kelly Oubre Jr.,1630552,Jalen Johnson,2,3.7,28.1,4.0,2.0,3.0,0.0,0.0,0.0,0.0,Regular Season
1630551,Justin Champagnie,1630583,Santi Aldama,2,4.6,28.1,4.0,1.0,2.0,1.0,1.0,1.0,2.0,Regular Season
1642281,Jaylon Tyson,1630591,Jalen Suggs,3,5.7,28.1,5.0,2.0,2.0,1.0,1.0,0.0,0.0,Regular Season
1630538,Bones Hyland,1630198,Isaiah Joe,3,6.4,28.1,0.0,0.0,3.0,0.0,3.0,0.0,0.0,Regular Season
1630173,Precious Achiuwa,1630552,Jalen Johnson,2,6.2,28.1,6.0,3.0,5.0,0.0,1.0,0.0,0.0,Regular Season
1630194,Paul Reed,1630264,Anthony Gill,3,5.2,28.1,8.0,4.0,7.0,0.0,0.0,0.0,0.0,Regular Season
1627884,Derrick Jones Jr.,1642363,Nique Clifford,4,4.3,28.1,7.0,3.0,3.0,0.0,0.0,1.0,1.0,Regular Season
1630314,Brandon Williams,1642848,Tre Johnson,2,5.3,28.1,2.0,1.0,3.0,0.0,1.0,0.0,0.0,Regular Season
1629723,John Konchar,1642852,Derik Queen,7,3.9,28.1,7.0,3.0,3.0,1.0,1.0,0.0,0.0,Regular Season
203924,Jerami Grant,1642377,Jaylen Wells,3,4.5,28.1,7.0,3.0,6.0,1.0,3.0,0.0,0.0,Regular Season
1626164,Devin Booker,1642847,Jeremiah Fears,4,6.4,28.1,9.0,3.0,10.0,2.0,6.0,3.0,1.0,Regular Season
1629637,Jaxson Hayes,1642276,Kel'el Ware,2,5.2,28.1,9.0,4.0,5.0,1.0,1.0,0.0,0.0,Regular Season
201942,DeMar DeRozan,1629661,Cameron Johnson,4,4.3,28.1,9.0,3.0,3.0,1.0,1.0,0.0,1.0,Regular Season
1627742,Brandon Ingram,1629645,Kevin Porter Jr.,2,6.2,28.1,10.0,4.0,9.0,2.0,4.0,0.0,0.0,Regular Season
1629652,Luguentz Dort,1629060,Rui Hachimura,3,5.2,28.1,3.0,1.0,3.0,1.0,3.0,0.0,0.0,Regular Season
203110,Draymond Green,1629060,Rui Hachimura,3,6.6,28.1,10.0,3.0,6.0,2.0,4.0,3.0,1.0,Regular Season
1641750,Ryan Kalkbrenner,1629674,Neemias Queta,3,7.3,28.1,0.0,0.0,0.0,0.0,0.0,0.0,0.0,Regular Season
1642918,Alijah Martin,1630178,Tyrese Maxey,2,6.2,28.1,4.0,2.0,4.0,0.0,1.0,0.0,0.0,Regular Season
1630264,Anthony Gill,1629637,Jaxson Hayes,2,5.5,28.1,2.0,1.0,1.0,0.0,0.0,0.0,0.0,Regular Season
1630572,Sandro Mamukelashvili,1629674,Neemias Queta,4,4.6,28.1,4.0,0.0,4.0,0.0,4.0,1.0,2.0,Regular Season
201939,Stephen Curry,1630170,Devin Vassell,2,5.5,28.1,5.0,0.0,4.0,0.0,3.0,1.0,2.0,Regular Season
1630202,Payton Pritchard,1630696,Dru Smith,4,6.3,28.1,5.0,1.0,2.0,0.0,0.0,1.0,1.0,Regular Season
1629627,Zion Williamson,1631243,Mouhamed Gueye,1,6.0,28.1,14.0,6.0,6.0,0.0,0.0,3.0,2.0,Regular Season
1630172,Patrick Williams,1631170,Jaime Jaquez Jr.,4,4.8,28.1,4.0,2.0,5.0,0.0,1.0,1.0,0.0,Regular Season
1628983,Shai Gilgeous-Alexander,1631212,Peyton Watson,1,5.3,28.1,10.0,4.0,6.0,0.0,0.0,1.0,1.0,Regular Season
1642274,Yves Missi,1631105,Jalen Duren,2,5.3,28.1,0.0,0.0,1.0,0.0,0.0,0.0,0.0,Regular Season
1630581,Josh Giddey,1642264,Stephon Castle,1,6.6,28.1,3.0,1.0,2.0,1.0,2.0,0.0,0.0,Regular Season
1642363,Nique Clifford,1642262,Cody Williams,2,4.8,28.1,0.0,0.0,2.0,0.0,1.0,1.0,0.0,Regular Season
1627750,Jamal Murray,1641718,Keyonte George,2,5.3,28.1,15.0,5.0,8.0,4.0,6.0,1.0,1.0,Regular Season
1630536,Sharife Cooper,1641854,Craig Porter Jr.,2,6.1,28.1,4.0,2.0,5.0,0.0,2.0,0.0,0.0,Regular Season
1629640,Keldon Johnson,203999,Nikola Jokić,4,5.0,28.1,6.0,1.0,10.0,0.0,4.0,0.0,1.0,Regular Season
1630245,Ayo Dosunmu,203952,Andrew Wiggins,3,4.3,28.1,12.0,5.0,8.0,2.0,3.0,2.0,0.0,Regular Season
1628978,Donte DiVincenzo,1627739,Kris Dunn,4,4.8,28.1,2.0,1.0,4.0,0.0,1.0,2.0,0.0,Regular Season
1641824,Matas Buzelis,202699,Tobias Harris,2,5.6,28.1,7.0,1.0,1.0,1.0,1.0,0.0,2.0,Regular Season
201942,DeMar DeRozan,203924,Jerami Grant,1,4.8,28.1,10.0,3.0,6.0,2.0,3.0,1.0,1.0,Regular Season
1631101,Shaedon Sharpe,203935,Marcus Smart,2,5.3,28.1,9.0,3.0,5.0,1.0,2.0,0.0,1.0,Regular Season
1642843,Cooper Flagg,201566,Russell Westbrook,2,6.1,28.1,3.0,1.0,3.0,1.0,2.0,1.0,0.0,Regular Season
1627783,Pascal Siakam,202699,Tobias Harris,1,6.0,28.1,6.0,2.0,4.0,0.0,0.0,0.0,2.0,Regular Season
1631094,Paolo Banchero,1626162,Kelly Oubre Jr.,2,6.6,28.1,4.0,2.0,3.0,0.0,1.0,0.0,0.0,Regular Season
1628398,Kyle Kuzma,1626157,Karl-Anthony Towns,3,5.6,28.1,16.0,5.0,9.0,4.0,6.0,0.0,2.0,Regular Season
203999,Nikola Jokić,1643253,Toby Okani,1,5.0,28.1,0.0,0.0,1.0,0.0,1.0,2.0,0.0,Regular Season
1642285,Cam Spencer,1642920,Kobe Sanders,4,5.2,28.1,11.0,4.0,6.0,1.0,2.0,1.0,1.0,Regular Season
1630166,Deni Avdija,1628970,Miles Bridges,1,5.0,28.1,4.0,2.0,4.0,0.0,1.0,1.0,0.0,Regular Season
1629627,Zion Williamson,1628415,Dillon Brooks,2,5.6,28.1,1.0,0.0,1.0,0.0,0.0,0.0,1.0,Regular Season
1641705,Victor Wembanyama,1627936,Alex Caruso,4,5.7,28.1,7.0,2.0,4.0,1.0,1.0,0.0,0.0,Regular Season
1628963,Marvin Bagley III,1628991,Jaren Jackson Jr.,2,4.8,28.1,10.0,5.0,10.0,0.0,1.0,0.0,0.0,Regular Season
203992,Bogdan Bogdanović,1628988,Aaron Holiday,2,5.0,28.1,8.0,2.0,3.0,2.0,2.0,0.0,1.0,Regular Season
1628384,OG Anunoby,1628415,Dillon Brooks,2,4.9,28.1,6.0,1.0,4.0,1.0,4.0,0.0,2.0,Regular Season
1630245,Ayo Dosunmu,1628401,Derrick White,3,5.2,28.1,11.0,4.0,7.0,3.0,5.0,0.0,0.0,Regular Season
1630595,Cade Cunningham,1628969,Mikal Bridges,3,5.1,28.1,10.0,4.0,9.0,1.0,1.0,1.0,1.0,Regular Season
1642345,Oso Ighodaro,1628436,Luke Kornet,3,7.8,28.1,8.0,4.0,7.0,0.0,0.0,2.0,0.0,Regular Season
1629638,Nickeil Alexander-Walker,1628368,De'Aaron Fox,2,4.6,28.0,6.0,2.0,4.0,2.0,2.0,0.0,1.0,Regular Season
1628415,Dillon Brooks,1629006,Josh Okogie,4,5.7,28.0,8.0,3.0,6.0,1.0,2.0,2.0,1.0,Regular Season
1642860,Will Riley,1629018,Gary Trent Jr.,2,5.0,28.0,3.0,1.0,2.0,1.0,1.0,0.0,0.0,Regular Season
1628401,Derrick White,1629013,Landry Shamet,3,6.5,28.0,4.0,2.0,4.0,0.0,2.0,0.0,0.0,Regular Season
1642377,Jaylen Wells,1627739,Kris Dunn,4,6.1,28.0,6.0,2.0,8.0,0.0,5.0,1.0,1.0,Regular Season
1631097,Bennedict Mathurin,1628975,Jevon Carter,3,6.0,28.0,6.0,3.0,7.0,0.0,2.0,2.0,0.0,Regular Season
1627783,Pascal Siakam,1628389,Bam Adebayo,2,5.0,28.0,11.0,4.0,9.0,1.0,3.0,2.0,1.0,Regular Season
1631170,Jaime Jaquez Jr.,1627783,Pascal Siakam,3,4.2,28.0,6.0,3.0,8.0,0.0,0.0,0.0,0.0,Regular Season
1641705,Victor Wembanyama,1629006,Josh Okogie,3,5.0,28.0,8.0,3.0,5.0,0.0,1.0,1.0,1.0,Regular Season
1631170,Jaime Jaquez Jr.,1627759,Jaylen Brown,3,5.3,28.0,2.0,0.0,5.0,0.0,2.0,2.0,1.0,Regular Season
1641796,Pelle Larsson,1628969,Mikal Bridges,2,4.0,28.0,8.0,3.0,3.0,2.0,2.0,1.0,0.0,Regular Season
1642849,Nolan Traore,1629014,Anfernee Simons,2,6.2,28.0,11.0,3.0,6.0,0.0,1.0,0.0,2.0,Regular Season
1629674,Neemias Queta,1628392,Isaiah Hartenstein,1,6.4,28.0,5.0,2.0,2.0,0.0,0.0,0.0,1.0,Regular Season
1628381,John Collins,1631114,Jalen Williams,2,5.8,28.0,7.0,3.0,3.0,1.0,1.0,1.0,0.0,Regular Season
1627759,Jaylen Brown,1631128,Christian Braun,2,7.2,28.0,10.0,3.0,6.0,0.0,2.0,0.0,2.0,Regular Season
1631230,Dominick Barlow,1631094,Paolo Banchero,1,5.3,28.0,2.0,1.0,1.0,0.0,0.0,0.0,0.0,Regular Season
1626220,Royce O'Neale,1631094,Paolo Banchero,2,7.0,28.0,0.0,0.0,5.0,0.0,5.0,0.0,0.0,Regular Season
1641717,Cason Wallace,1631260,AJ Green,2,5.3,28.0,6.0,2.0,4.0,1.0,2.0,0.0,1.0,Regular Season
1629014,Anfernee Simons,1631165,Keon Ellis,2,5.6,28.0,4.0,2.0,5.0,0.0,2.0,1.0,0.0,Regular Season
1641705,Victor Wembanyama,1642852,Derik Queen,3,6.2,28.0,13.0,5.0,14.0,1.0,5.0,0.0,2.0,Regular Season
1642270,Donovan Clingan,1642274,Yves Missi,3,5.3,28.0,2.0,1.0,5.0,0.0,3.0,0.0,0.0,Regular Season
203999,Nikola Jokić,1642875,Maxime Raynaud,2,4.3,28.0,15.0,6.0,6.0,1.0,1.0,0.0,1.0,Regular Season
203076,Anthony Davis,1642875,Maxime Raynaud,1,5.3,28.0,3.0,1.0,9.0,0.0,1.0,1.0,1.0,Regular Season
1630702,Jaden Hardy,1642847,Jeremiah Fears,3,4.6,28.0,9.0,3.0,5.0,1.0,2.0,1.0,1.0,Regular Season
1630172,Patrick Williams,1642860,Will Riley,2,4.2,28.0,2.0,0.0,0.0,0.0,0.0,2.0,1.0,Regular Season
1628404,Josh Hart,1630591,Jalen Suggs,4,5.2,28.0,4.0,2.0,4.0,0.0,1.0,0.0,0.0,Regular Season
1630611,Gui Santos,1630230,Naji Marshall,2,6.3,28.0,3.0,1.0,4.0,1.0,4.0,2.0,0.0,Regular Season
1626220,Royce O'Neale,1630583,Santi Aldama,2,5.0,28.0,12.0,4.0,8.0,4.0,8.0,1.0,0.0,Regular Season
1629655,Daniel Gafford,1630643,Jay Huff,1,5.7,28.0,4.0,2.0,5.0,0.0,0.0,0.0,0.0,Regular Season
1630560,Cam Thomas,1630241,Sam Merrill,2,6.3,28.0,9.0,4.0,9.0,0.0,3.0,1.0,1.0,Regular Season
1629008,Michael Porter Jr.,1630202,Payton Pritchard,4,4.3,28.0,8.0,3.0,9.0,2.0,6.0,0.0,0.0,Regular Season
1631170,Jaime Jaquez Jr.,1630551,Justin Champagnie,3,3.9,28.0,4.0,1.0,4.0,0.0,2.0,2.0,1.0,Regular Season
1630573,Sam Hauser,1630572,Sandro Mamukelashvili,4,4.7,28.0,9.0,3.0,5.0,3.0,5.0,0.0,0.0,Regular Season
1642450,Daniss Jenkins,1630245,Ayo Dosunmu,3,5.6,28.0,4.0,2.0,6.0,0.0,1.0,1.0,0.0,Regular Season
1629027,Trae Young,1630558,Davion Mitchell,1,4.2,28.0,11.0,3.0,6.0,1.0,2.0,1.0,2.0,Regular Season
1630578,Alperen Sengun,1630543,Isaiah Jackson,2,6.7,28.0,7.0,2.0,6.0,0.0,1.0,2.0,2.0,Regular Season
1631169,Josh Minott,1630228,Jonathan Kuminga,2,6.0,28.0,9.0,3.0,5.0,1.0,3.0,1.0,1.0,Regular Season
201566,Russell Westbrook,1630530,Trey Murphy III,2,6.0,28.0,4.0,2.0,6.0,0.0,1.0,0.0,1.0,Regular Season
1631321,Sidy Cissoko,1630193,Immanuel Quickley,2,5.5,28.0,3.0,1.0,3.0,1.0,3.0,1.0,0.0,Regular Season
1629029,Luka Dončić,1629656,Quentin Grimes,2,5.9,28.0,5.0,2.0,7.0,1.0,4.0,1.0,0.0,Regular Season
1630692,Jordan Goodwin,1629640,Keldon Johnson,4,7.0,28.0,4.0,2.0,5.0,0.0,1.0,0.0,0.0,Regular Season
1629674,Neemias Queta,1630191,Isaiah Stewart,3,6.2,28.0,1.0,0.0,1.0,0.0,0.0,0.0,0.0,Regular Season
201942,DeMar DeRozan,1630180,Saddiq Bey,3,6.2,28.0,4.0,2.0,6.0,0.0,2.0,1.0,0.0,Regular Season
1630314,Brandon Williams,1630162,Anthony Edwards,4,5.3,28.0,2.0,1.0,3.0,0.0,2.0,0.0,0.0,Regular Season
1630533,Ziaire Williams,1630178,Tyrese Maxey,3,4.7,28.0,5.0,1.0,4.0,1.0,4.0,1.0,1.0,Regular Season
1642848,Tre Johnson,1629618,Jalen Pickett,2,5.3,28.0,4.0,2.0,7.0,0.0,2.0,0.0,0.0,Regular Season
202699,Tobias Harris,1641783,Tristan da Silva,3,4.7,28.0,19.0,8.0,10.0,1.0,2.0,0.0,2.0,Regular Season
1630166,Deni Avdija,1641764,Brandin Podziemski,3,4.3,28.0,3.0,1.0,4.0,1.0,2.0,2.0,0.0,Regular Season
1631217,Moussa Diabaté,1641707,Taylor Hendricks,3,6.0,28.0,5.0,2.0,4.0,0.0,0.0,0.0,1.0,Regular Season
1641737,Adem Bona,1641774,Tristan Vukcevic,3,5.2,28.0,5.0,2.0,2.0,0.0,0.0,0.0,1.0,Regular Season
1642273,Kyshawn George,1641739,Toumani Camara,1,5.5,28.0,3.0,1.0,4.0,0.0,1.0,1.0,0.0,Regular Season
1628969,Mikal Bridges,1641783,Tristan da Silva,4,6.5,28.0,10.0,4.0,8.0,2.0,3.0,0.0,0.0,Regular Season
1641796,Pelle Larsson,1642263,Reed Sheppard,2,4.0,28.0,9.0,3.0,6.0,0.0,0.0,0.0,1.0,Regular Season
1641731,Bilal Coulibaly,1642066,Myron Gardner,2,6.8,28.0,6.0,1.0,3.0,0.0,0.0,1.0,3.0,Regular Season
1642867,Collin Murray-Boyles,203497,Rudy Gobert,1,5.8,28.0,5.0,2.0,3.0,1.0,1.0,0.0,0.0,Regular Season
203944,Julius Randle,203083,Andre Drummond,2,4.2,28.0,7.0,2.0,4.0,0.0,2.0,1.0,3.0,Regular Season
1630567,Scottie Barnes,1626167,Myles Turner,3,5.2,28.0,11.0,5.0,7.0,0.0,0.0,1.0,2.0,Regular Season
1642276,Kel'el Ware,1626171,Bobby Portis Jr.,3,6.2,28.0,9.0,3.0,6.0,1.0,2.0,1.0,1.0,Regular Season
203897,Zach LaVine,203952,Andrew Wiggins,2,6.3,28.0,8.0,3.0,5.0,2.0,3.0,0.0,0.0,Regular Season
202695,Kawhi Leonard,203484,Kentavious Caldwell-Pope,3,5.9,28.0,4.0,2.0,5.0,0.0,1.0,0.0,0.0,Regular Season
1631221,Collin Gillespie,203501,Tim Hardaway Jr.,3,5.2,28.0,5.0,2.0,5.0,1.0,3.0,1.0,0.0,Regular Season
1642875,Maxime Raynaud,203999,Nikola Jokić,2,5.8,28.0,2.0,1.0,3.0,0.0,1.0,0.0,0.0,Regular Season
1628976,Wendell Carter Jr.,201567,Kevin Love,1,6.6,28.0,5.0,2.0,3.0,0.0,0.0,0.0,1.0,Regular Season
1642875,Maxime Raynaud,203939,Dwight Powell,2,6.2,28.0,6.0,3.0,8.0,0.0,0.0,0.0,0.0,Regular Season
1630245,Ayo Dosunmu,201950,Jrue Holiday,3,5.9,27.9,5.0,2.0,5.0,1.0,4.0,0.0,0.0,Regular Season
1630540,Miles McBride,201939,Stephen Curry,1,5.3,27.9,3.0,1.0,3.0,1.0,2.0,1.0,0.0,Regular Season
1641729,Brice Sensabaugh,202691,Klay Thompson,3,5.2,27.9,2.0,1.0,2.0,0.0,1.0,0.0,0.0,Regular Season
1641783,Tristan da Silva,203468,CJ McCollum,4,5.2,27.9,6.0,2.0,4.0,0.0,1.0,0.0,1.0,Regular Season
1642377,Jaylen Wells,203944,Julius Randle,4,5.8,27.9,3.0,1.0,5.0,1.0,3.0,0.0,0.0,Regular Season
201950,Jrue Holiday,203501,Tim Hardaway Jr.,4,5.8,27.9,2.0,1.0,5.0,0.0,3.0,1.0,0.0,Regular Season
1630200,Tre Jones,203471,Dennis Schröder,2,4.5,27.9,11.0,4.0,4.0,2.0,2.0,1.0,1.0,Regular Season
1642273,Kyshawn George,201935,James Harden,3,5.3,27.9,17.0,5.0,11.0,3.0,7.0,0.0,2.0,Regular Season
1642851,Kon Knueppel,1630530,Trey Murphy III,2,7.3,27.9,8.0,3.0,9.0,2.0,8.0,2.0,0.0,Regular Season
1628983,Shai Gilgeous-Alexander,1630631,Jose Alvarado,5,4.9,27.9,16.0,5.0,9.0,1.0,3.0,1.0,3.0,Regular Season
1630611,Gui Santos,1630578,Alperen Sengun,2,7.6,27.9,7.0,2.0,7.0,1.0,5.0,1.0,1.0,Regular Season
1630171,Isaac Okoro,1630560,Cam Thomas,3,5.1,27.9,2.0,1.0,1.0,0.0,0.0,0.0,0.0,Regular Season
1628370,Malik Monk,1630200,Tre Jones,2,5.2,27.9,6.0,3.0,3.0,0.0,0.0,0.0,0.0,Regular Season
1630696,Dru Smith,1630536,Sharife Cooper,3,3.8,27.9,2.0,0.0,1.0,0.0,1.0,0.0,1.0,Regular Season
1627826,Ivica Zubac,1630568,Luka Garza,2,6.8,27.9,10.0,4.0,6.0,0.0,0.0,1.0,2.0,Regular Season
1630183,Jaden McDaniels,1630583,Santi Aldama,1,5.2,27.9,4.0,1.0,2.0,0.0,0.0,0.0,1.0,Regular Season
1628963,Marvin Bagley III,1630643,Jay Huff,2,6.6,27.9,6.0,3.0,5.0,0.0,0.0,1.0,0.0,Regular Season
1642852,Derik Queen,1631321,Sidy Cissoko,3,4.4,27.9,8.0,4.0,7.0,0.0,0.0,0.0,1.0,Regular Season
1642281,Jaylon Tyson,1631101,Shaedon Sharpe,2,4.5,27.9,5.0,2.0,2.0,1.0,1.0,0.0,0.0,Regular Season
1641737,Adem Bona,1631096,Chet Holmgren,2,6.0,27.9,0.0,0.0,1.0,0.0,0.0,1.0,0.0,Regular Season
1641717,Cason Wallace,1631095,Jabari Smith Jr.,3,5.2,27.9,5.0,2.0,4.0,1.0,3.0,1.0,0.0,Regular Season
1631099,Keegan Murray,1628374,Lauri Markkanen,1,4.5,27.9,2.0,1.0,2.0,0.0,0.0,0.0,0.0,Regular Season
1642259,Alex Sarr,1628970,Miles Bridges,3,6.6,27.9,7.0,3.0,7.0,0.0,0.0,0.0,1.0,Regular Season
1630180,Saddiq Bey,1629008,Michael Porter Jr.,2,6.6,27.9,7.0,3.0,4.0,1.0,2.0,0.0,0.0,Regular Season
1629638,Nickeil Alexander-Walker,1628973,Jalen Brunson,3,4.0,27.9,18.0,7.0,9.0,4.0,5.0,0.0,0.0,Regular Season
1631096,Chet Holmgren,1628404,Josh Hart,2,6.3,27.9,11.0,4.0,5.0,3.0,4.0,1.0,0.0,Regular Season
1641730,Noah Clowney,1628381,John Collins,1,6.4,27.9,6.0,2.0,8.0,1.0,5.0,0.0,1.0,Regular Season
1627759,Jaylen Brown,1627742,Brandon Ingram,2,3.0,27.9,11.0,4.0,5.0,1.0,1.0,0.0,1.0,Regular Season
1629048,Goga Bitadze,1642852,Derik Queen,2,5.5,27.9,4.0,2.0,5.0,0.0,1.0,0.0,0.0,Regular Season
1629008,Michael Porter Jr.,1642869,Noah Penda,2,5.9,27.9,3.0,1.0,5.0,1.0,3.0,0.0,0.0,Regular Season
1629618,Jalen Pickett,1642845,VJ Edgecombe,1,5.9,27.9,0.0,0.0,2.0,0.0,0.0,3.0,0.0,Regular Season
1629014,Anfernee Simons,1642849,Nolan Traore,2,5.8,27.9,5.0,2.0,4.0,1.0,2.0,2.0,0.0,Regular Season
1631108,Max Christie,1642377,Jaylen Wells,4,4.3,27.9,7.0,3.0,7.0,1.0,4.0,1.0,0.0,Regular Season
1629645,Kevin Porter Jr.,1642883,Sion James,2,6.1,27.9,5.0,1.0,6.0,1.0,3.0,0.0,1.0,Regular Season
1642345,Oso Ighodaro,1642270,Donovan Clingan,3,6.2,27.9,8.0,4.0,5.0,0.0,0.0,1.0,0.0,Regular Season
203932,Aaron Gordon,1642271,Kyle Filipowski,2,4.8,27.9,6.0,2.0,4.0,1.0,2.0,0.0,0.0,Regular Season
1628378,Donovan Mitchell,1642264,Stephon Castle,1,5.4,27.9,2.0,0.0,2.0,0.0,1.0,1.0,1.0,Regular Season
1630532,Franz Wagner,1641775,Jordan Walsh,4,5.3,27.9,5.0,2.0,6.0,1.0,4.0,1.0,0.0,Regular Season
1630166,Deni Avdija,1642262,Cody Williams,3,5.3,27.9,13.0,3.0,5.0,1.0,2.0,2.0,3.0,Regular Season
1630314,Brandon Williams,1641739,Toumani Camara,3,5.1,27.9,9.0,3.0,4.0,0.0,0.0,1.0,1.0,Regular Season
1642263,Reed Sheppard,1642948,Ryan Nembhard,3,5.7,27.9,4.0,2.0,4.0,0.0,0.0,0.0,0.0,Regular Season
1631108,Max Christie,1629029,Luka Dončić,2,5.7,27.9,10.0,4.0,9.0,2.0,6.0,0.0,0.0,Regular Season
1630578,Alperen Sengun,1629646,Charles Bassey,2,5.2,27.9,12.0,4.0,7.0,0.0,1.0,2.0,2.0,Regular Season
1629632,Coby White,1629656,Quentin Grimes,2,6.1,27.9,6.0,1.0,2.0,1.0,2.0,0.0,2.0,Regular Season
1641796,Pelle Larsson,1629656,Quentin Grimes,3,4.7,27.9,6.0,2.0,4.0,0.0,1.0,0.0,1.0,Regular Season
1631221,Collin Gillespie,1630183,Jaden McDaniels,3,5.8,27.9,13.0,4.0,10.0,3.0,8.0,2.0,0.0,Regular Season
1642848,Tre Johnson,1630178,Tyrese Maxey,3,5.1,27.9,3.0,1.0,6.0,1.0,4.0,1.0,0.0,Regular Season
1630314,Brandon Williams,1630178,Tyrese Maxey,2,5.0,27.9,4.0,2.0,8.0,0.0,3.0,1.0,0.0,Regular Season
1630174,Aaron Nesmith,1629611,Terance Mann,1,4.5,27.9,2.0,1.0,1.0,0.0,0.0,0.0,0.0,Regular Season
203507,Giannis Antetokounmpo,1630192,Zeke Nnaji,2,5.8,27.9,8.0,0.0,1.0,0.0,0.0,1.0,3.0,Regular Season
1629656,Quentin Grimes,1629639,Tyler Herro,2,5.8,27.9,3.0,1.0,1.0,1.0,1.0,1.0,0.0,Regular Season
1641710,Anthony Black,1629630,Ja Morant,1,5.8,27.9,6.0,2.0,4.0,2.0,3.0,1.0,0.0,Regular Season
1642948,Ryan Nembhard,1630178,Tyrese Maxey,2,5.6,27.8,0.0,0.0,2.0,0.0,1.0,1.0,0.0,Regular Season
1641778,Leaky Black,1629723,John Konchar,2,4.4,27.8,5.0,2.0,2.0,1.0,1.0,1.0,0.0,Regular Season
1631170,Jaime Jaquez Jr.,1629684,Grant Williams,2,5.3,27.8,10.0,4.0,5.0,2.0,3.0,1.0,0.0,Regular Season
1642875,Maxime Raynaud,1629651,Nic Claxton,1,5.0,27.8,5.0,2.0,4.0,0.0,0.0,0.0,0.0,Regular Season
1641729,Brice Sensabaugh,1629652,Luguentz Dort,2,5.3,27.8,8.0,3.0,6.0,2.0,4.0,0.0,0.0,Regular Season
1630193,Immanuel Quickley,1629027,Trae Young,1,4.2,27.8,6.0,2.0,4.0,0.0,2.0,0.0,1.0,Regular Season
1630162,Anthony Edwards,1630170,Devin Vassell,1,6.0,27.8,3.0,1.0,3.0,1.0,2.0,1.0,0.0,Regular Season
1630541,Moses Moody,1630166,Deni Avdija,3,4.2,27.8,6.0,2.0,6.0,0.0,4.0,1.0,1.0,Regular Season
202696,Nikola Vučević,1629655,Daniel Gafford,1,5.0,27.8,7.0,3.0,5.0,1.0,2.0,0.0,0.0,Regular Season
1630591,Jalen Suggs,1628983,Shai Gilgeous-Alexander,2,5.3,27.8,12.0,5.0,7.0,2.0,4.0,1.0,0.0,Regular Season
1642962,Drake Powell,1629014,Anfernee Simons,4,6.0,27.8,9.0,4.0,4.0,1.0,1.0,0.0,0.0,Regular Season
1641709,Ausar Thompson,1627750,Jamal Murray,2,5.2,27.8,2.0,1.0,3.0,0.0,0.0,0.0,0.0,Regular Season
201939,Stephen Curry,1628368,De'Aaron Fox,2,5.9,27.8,14.0,5.0,9.0,2.0,5.0,1.0,1.0,Regular Season
1630559,Austin Reaves,1627750,Jamal Murray,2,5.3,27.8,11.0,4.0,5.0,2.0,2.0,1.0,1.0,Regular Season
203507,Giannis Antetokounmpo,1628389,Bam Adebayo,1,5.8,27.8,6.0,3.0,6.0,0.0,2.0,0.0,0.0,Regular Season
201142,Kevin Durant,1628997,Caleb Martin,2,6.2,27.8,4.0,2.0,8.0,0.0,2.0,1.0,0.0,Regular Season
1630171,Isaac Okoro,1628401,Derrick White,2,5.5,27.8,0.0,0.0,5.0,0.0,5.0,0.0,0.0,Regular Season
1630168,Onyeka Okongwu,1628389,Bam Adebayo,1,5.1,27.8,6.0,2.0,4.0,2.0,2.0,0.0,0.0,Regular Season
203924,Jerami Grant,1630552,Jalen Johnson,2,5.5,27.8,3.0,1.0,4.0,1.0,3.0,0.0,0.0,Regular Season
1631094,Paolo Banchero,1630595,Cade Cunningham,2,5.4,27.8,6.0,2.0,3.0,0.0,1.0,3.0,2.0,Regular Season
1629004,Svi Mykhailiuk,1630577,Julian Champagnie,3,5.3,27.8,0.0,0.0,1.0,0.0,0.0,1.0,0.0,Regular Season
1628969,Mikal Bridges,1630532,Franz Wagner,3,5.2,27.8,2.0,1.0,7.0,0.0,3.0,0.0,0.0,Regular Season
1642883,Sion James,1630581,Josh Giddey,3,5.1,27.8,2.0,1.0,1.0,0.0,0.0,0.0,0.0,Regular Season
1631114,Jalen Williams,203952,Andrew Wiggins,2,4.5,27.8,9.0,4.0,5.0,1.0,1.0,1.0,0.0,Regular Season
1642461,Spencer Jones,202695,Kawhi Leonard,2,5.8,27.8,0.0,0.0,1.0,0.0,0.0,0.0,0.0,Regular Season
1630695,Micah Potter,1626157,Karl-Anthony Towns,1,5.5,27.8,3.0,1.0,3.0,1.0,3.0,2.0,0.0,Regular Season
1642883,Sion James,201939,Stephen Curry,2,5.7,27.8,0.0,0.0,1.0,0.0,1.0,0.0,0.0,Regular Season
1630241,Sam Merrill,203952,Andrew Wiggins,4,5.8,27.8,6.0,2.0,8.0,2.0,8.0,0.0,0.0,Regular Season
1629006,Josh Okogie,201935,James Harden,2,5.2,27.8,0.0,0.0,1.0,0.0,1.0,0.0,0.0,Regular Season
1628970,Miles Bridges,2544,LeBron James,1,6.0,27.8,5.0,2.0,3.0,1.0,2.0,0.0,0.0,Regular Season
1629627,Zion Williamson,202695,Kawhi Leonard,2,4.3,27.8,8.0,3.0,3.0,0.0,0.0,2.0,0.0,Regular Season
1628976,Wendell Carter Jr.,201572,Brook Lopez,2,6.3,27.8,8.0,4.0,9.0,0.0,1.0,1.0,0.0,Regular Season
202696,Nikola Vučević,203994,Jusuf Nurkić,1,5.0,27.8,5.0,2.0,4.0,1.0,1.0,0.0,0.0,Regular Season
1628976,Wendell Carter Jr.,203954,Joel Embiid,1,4.8,27.8,7.0,3.0,6.0,1.0,3.0,0.0,0.0,Regular Season
1631095,Jabari Smith Jr.,203937,Kyle Anderson,3,6.3,27.8,2.0,1.0,6.0,0.0,4.0,1.0,0.0,Regular Season
1642875,Maxime Raynaud,1631230,Dominick Barlow,2,6.2,27.8,10.0,2.0,4.0,0.0,1.0,0.0,3.0,Regular Season
1641989,Elijah Harkless,1631157,Ryan Rollins,2,5.1,27.8,1.0,0.0,4.0,0.0,4.0,1.0,1.0,Regular Season
1628374,Lauri Markkanen,1630700,Dyson Daniels,2,5.1,27.8,5.0,2.0,4.0,0.0,2.0,0.0,1.0,Regular Season
1628379,Luke Kennard,1631221,Collin Gillespie,4,6.1,27.8,6.0,3.0,6.0,0.0,1.0,1.0,0.0,Regular Season
1630596,Evan Mobley,1631230,Dominick Barlow,3,5.6,27.8,8.0,4.0,7.0,0.0,0.0,2.0,1.0,Regular Season
1628418,Thomas Bryant,1630695,Micah Potter,1,5.5,27.8,10.0,4.0,6.0,2.0,3.0,0.0,0.0,Regular Season
1630286,Trevon Scott,1630695,Micah Potter,1,6.0,27.8,0.0,0.0,1.0,0.0,0.0,0.0,0.0,Regular Season
1627742,Brandon Ingram,1641706,Brandon Miller,2,5.4,27.8,4.0,2.0,6.0,0.0,0.0,0.0,0.0,Regular Season
1629636,Darius Garland,1642948,Ryan Nembhard,2,5.2,27.8,12.0,5.0,7.0,1.0,2.0,0.0,0.0,Regular Season
1630191,Isaiah Stewart,1642928,Dylan Cardwell,2,5.7,27.8,9.0,4.0,5.0,0.0,0.0,0.0,2.0,Regular Season
1643158,Andersson Garcia,1642875,Maxime Raynaud,1,4.5,27.8,0.0,0.0,3.0,0.0,3.0,0.0,0.0,Regular Season
1630249,Vít Krejčí,1642851,Kon Knueppel,4,5.0,27.8,1.0,0.0,1.0,0.0,0.0,0.0,0.0,Regular Season
1642349,Ajay Mitchell,1642450,Daniss Jenkins,1,6.0,27.8,4.0,2.0,2.0,0.0,0.0,1.0,0.0,Regular Season
1630700,Dyson Daniels,1642450,Daniss Jenkins,4,4.3,27.8,6.0,3.0,4.0,0.0,1.0,0.0,1.0,Regular Season
1642874,Danny Wolf,1642843,Cooper Flagg,2,5.8,27.8,6.0,2.0,3.0,1.0,1.0,0.0,1.0,Regular Season
1642345,Oso Ighodaro,1642875,Maxime Raynaud,4,6.1,27.8,8.0,3.0,3.0,0.0,0.0,0.0,1.0,Regular Season
1628975,Jevon Carter,1642450,Daniss Jenkins,4,5.5,27.8,8.0,3.0,4.0,2.0,2.0,1.0,0.0,Regular Season
1630314,Brandon Williams,1641708,Amen Thompson,4,5.9,27.8,6.0,2.0,3.0,1.0,2.0,2.0,1.0,Regular Season
202699,Tobias Harris,1641730,Noah Clowney,2,4.4,27.8,5.0,2.0,5.0,0.0,2.0,0.0,1.0,Regular Season
1642843,Cooper Flagg,1641718,Keyonte George,2,5.8,27.8,12.0,6.0,10.0,0.0,0.0,0.0,0.0,Regular Season
1630700,Dyson Daniels,1642267,Bub Carrington,4,4.2,27.8,6.0,3.0,3.0,0.0,0.0,1.0,0.0,Regular Season
1627751,Jakob Poeltl,1641774,Tristan Vukcevic,2,6.0,27.8,6.0,2.0,2.0,0.0,0.0,0.0,1.0,Regular Season
1629628,RJ Barrett,1641824,Matas Buzelis,2,4.6,27.7,2.0,1.0,4.0,0.0,2.0,1.0,0.0,Regular Season
1627884,Derrick Jones Jr.,1642258,Zaccharie Risacher,1,6.0,27.7,0.0,0.0,0.0,0.0,0.0,0.0,0.0,Regular Season
1642948,Ryan Nembhard,1641717,Cason Wallace,2,6.0,27.7,5.0,2.0,7.0,1.0,2.0,1.0,0.0,Regular Season
1628389,Bam Adebayo,1641750,Ryan Kalkbrenner,2,5.1,27.7,18.0,7.0,11.0,2.0,3.0,0.0,2.0,Regular Season
1629004,Svi Mykhailiuk,1642263,Reed Sheppard,3,6.0,27.7,7.0,3.0,5.0,0.0,2.0,0.0,1.0,Regular Season
1641705,Victor Wembanyama,203944,Julius Randle,2,6.8,27.7,16.0,6.0,8.0,1.0,2.0,0.0,2.0,Regular Season
1642363,Nique Clifford,2544,LeBron James,3,6.3,27.7,2.0,1.0,2.0,0.0,1.0,3.0,0.0,Regular Season
1630573,Sam Hauser,1626181,Norman Powell,3,7.2,27.7,5.0,2.0,2.0,1.0,1.0,0.0,0.0,Regular Season
1628374,Lauri Markkanen,202699,Tobias Harris,1,4.2,27.7,5.0,2.0,4.0,1.0,2.0,0.0,0.0,Regular Season
1642843,Cooper Flagg,202699,Tobias Harris,2,4.5,27.7,2.0,0.0,0.0,0.0,0.0,0.0,1.0,Regular Season
1630193,Immanuel Quickley,1628366,Lonzo Ball,2,4.7,27.7,2.0,1.0,4.0,0.0,1.0,1.0,0.0,Regular Season
201566,Russell Westbrook,1629018,Gary Trent Jr.,2,5.1,27.7,5.0,2.0,7.0,0.0,4.0,0.0,1.0,Regular Season
1628366,Lonzo Ball,1628379,Luke Kennard,2,5.8,27.7,0.0,0.0,2.0,0.0,1.0,1.0,0.0,Regular Season
1630567,Scottie Barnes,1628369,Jayson Tatum,1,5.9,27.7,0.0,0.0,3.0,0.0,2.0,1.0,0.0,Regular Season
1642864,Hugo González,1628983,Shai Gilgeous-Alexander,2,6.9,27.7,7.0,3.0,6.0,1.0,3.0,0.0,0.0,Regular Season
1641767,Ben Sheppard,1628989,Kevin Huerter,2,5.9,27.7,0.0,0.0,2.0,0.0,1.0,0.0,0.0,Regular Season
1642860,Will Riley,1628389,Bam Adebayo,4,5.2,27.7,10.0,4.0,9.0,0.0,3.0,2.0,0.0,Regular Season
1642847,Jeremiah Fears,1627739,Kris Dunn,4,5.5,27.7,10.0,3.0,8.0,1.0,3.0,3.0,2.0,Regular Season
1630245,Ayo Dosunmu,1627750,Jamal Murray,2,5.4,27.7,8.0,3.0,3.0,2.0,2.0,0.0,0.0,Regular Season
1641764,Brandin Podziemski,1628983,Shai Gilgeous-Alexander,4,6.3,27.7,5.0,2.0,5.0,1.0,2.0,0.0,0.0,Regular Season
1630174,Aaron Nesmith,1627742,Brandon Ingram,2,4.8,27.7,7.0,2.0,4.0,1.0,2.0,1.0,0.0,Regular Season
2544,LeBron James,1627783,Pascal Siakam,1,6.2,27.7,2.0,0.0,1.0,0.0,0.0,0.0,0.0,Regular Season
1630178,Tyrese Maxey,1627741,Buddy Hield,2,6.4,27.7,11.0,4.0,7.0,1.0,2.0,1.0,1.0,Regular Season
1630217,Desmond Bane,1628971,Bruce Brown,2,4.9,27.7,7.0,2.0,3.0,0.0,0.0,1.0,2.0,Regular Season
1628389,Bam Adebayo,1628384,OG Anunoby,2,5.2,27.7,4.0,0.0,4.0,0.0,1.0,0.0,2.0,Regular Season
1628969,Mikal Bridges,1629008,Michael Porter Jr.,3,4.5,27.7,2.0,1.0,1.0,0.0,0.0,1.0,0.0,Regular Season
1630700,Dyson Daniels,1629004,Svi Mykhailiuk,2,5.5,27.7,0.0,0.0,4.0,0.0,1.0,0.0,0.0,Regular Season
1628392,Isaiah Hartenstein,1630168,Onyeka Okongwu,1,5.9,27.7,4.0,2.0,5.0,0.0,0.0,0.0,0.0,Regular Season
1630558,Davion Mitchell,1629638,Nickeil Alexander-Walker,3,4.1,27.7,0.0,0.0,0.0,0.0,0.0,0.0,0.0,Regular Season
1642271,Kyle Filipowski,1630643,Jay Huff,2,5.2,27.7,9.0,3.0,5.0,1.0,2.0,2.0,1.0,Regular Season
1641764,Brandin Podziemski,1630692,Jordan Goodwin,4,5.8,27.7,2.0,1.0,2.0,0.0,1.0,0.0,0.0,Regular Season
1631133,Jabari Walker,1630567,Scottie Barnes,4,5.7,27.7,0.0,0.0,2.0,0.0,2.0,0.0,0.0,Regular Season
1631126,Caleb Love,1630314,Brandon Williams,2,5.4,27.7,8.0,2.0,6.0,2.0,5.0,0.0,1.0,Regular Season
1626204,Larry Nance Jr.,1630643,Jay Huff,2,5.5,27.7,3.0,1.0,1.0,1.0,1.0,1.0,0.0,Regular Season
1631110,Jeremy Sochan,1630583,Santi Aldama,3,5.5,27.7,7.0,3.0,6.0,1.0,3.0,0.0,0.0,Regular Season
1629611,Terance Mann,1642450,Daniss Jenkins,1,6.2,27.7,4.0,2.0,5.0,0.0,3.0,0.0,0.0,Regular Season
1629029,Luka Dončić,1642875,Maxime Raynaud,3,3.9,27.7,18.0,5.0,13.0,1.0,8.0,0.0,3.0,Regular Season
1630194,Paul Reed,1642276,Kel'el Ware,3,5.4,27.7,13.0,5.0,8.0,1.0,2.0,2.0,1.0,Regular Season
1631108,Max Christie,1642848,Tre Johnson,2,5.8,27.7,3.0,1.0,3.0,1.0,2.0,0.0,0.0,Regular Season
1642272,Jared McCain,1642346,Ryan Dunn,2,5.4,27.7,4.0,2.0,7.0,0.0,2.0,0.0,0.0,Regular Season
1628969,Mikal Bridges,1642363,Nique Clifford,2,6.1,27.7,2.0,1.0,6.0,0.0,2.0,0.0,0.0,Regular Season
1630529,Herbert Jones,1642846,Ace Bailey,2,4.9,27.7,10.0,3.0,6.0,2.0,3.0,0.0,1.0,Regular Season
1630631,Jose Alvarado,1631222,Jake LaRavia,4,5.4,27.7,5.0,2.0,4.0,1.0,3.0,0.0,0.0,Regular Season
202331,Paul George,1631114,Jalen Williams,1,6.5,27.7,0.0,0.0,3.0,0.0,1.0,0.0,0.0,Regular Season
1630696,Dru Smith,1631157,Ryan Rollins,3,5.6,27.7,5.0,2.0,4.0,1.0,3.0,0.0,0.0,Regular Season
1630532,Franz Wagner,1631169,Josh Minott,3,4.8,27.7,6.0,3.0,4.0,0.0,0.0,1.0,0.0,Regular Season
1630583,Santi Aldama,1631094,Paolo Banchero,2,5.5,27.7,7.0,2.0,4.0,1.0,1.0,0.0,1.0,Regular Season
1630572,Sandro Mamukelashvili,1631170,Jaime Jaquez Jr.,4,5.1,27.7,2.0,1.0,3.0,0.0,2.0,0.0,0.0,Regular Season
1630573,Sam Hauser,1631101,Shaedon Sharpe,2,7.4,27.7,0.0,0.0,5.0,0.0,4.0,0.0,0.0,Regular Season
1631200,Kris Murray,1631114,Jalen Williams,2,4.9,27.7,3.0,1.0,1.0,1.0,1.0,0.0,0.0,Regular Season
1642273,Kyshawn George,1631260,AJ Green,3,5.8,27.6,9.0,4.0,7.0,1.0,2.0,0.0,0.0,Regular Season
1642281,Jaylon Tyson,1631097,Bennedict Mathurin,2,4.5,27.6,10.0,4.0,5.0,1.0,2.0,0.0,1.0,Regular Season
1628971,Bruce Brown,1630703,Scoot Henderson,3,4.8,27.6,2.0,0.0,1.0,0.0,0.0,0.0,1.0,Regular Season
1629014,Anfernee Simons,1631213,Tyrese Martin,2,5.2,27.6,2.0,1.0,2.0,0.0,0.0,2.0,0.0,Regular Season
1630578,Alperen Sengun,1631105,Jalen Duren,2,6.8,27.6,2.0,1.0,6.0,0.0,0.0,2.0,0.0,Regular Season
1641706,Brandon Miller,1631260,AJ Green,2,6.2,27.6,9.0,3.0,4.0,2.0,2.0,0.0,1.0,Regular Season
1631096,Chet Holmgren,1631230,Dominick Barlow,2,5.8,27.6,11.0,4.0,6.0,1.0,2.0,0.0,1.0,Regular Season
202685,Jonas Valanciunas,1631119,Jaylin Williams,2,6.0,27.6,9.0,4.0,10.0,1.0,2.0,0.0,0.0,Regular Season
203497,Rudy Gobert,1631218,Trayce Jackson-Davis,3,4.8,27.6,2.0,1.0,3.0,0.0,0.0,1.0,0.0,Regular Season
1627751,Jakob Poeltl,1630188,Jalen Smith,2,4.8,27.6,2.0,0.0,0.0,0.0,0.0,1.0,1.0,Regular Season
203501,Tim Hardaway Jr.,1630193,Immanuel Quickley,2,6.7,27.6,0.0,0.0,5.0,0.0,2.0,0.0,0.0,Regular Season
1629618,Jalen Pickett,1629130,Duncan Robinson,2,5.6,27.6,0.0,0.0,2.0,0.0,2.0,0.0,0.0,Regular Season
1630581,Josh Giddey,1630180,Saddiq Bey,2,4.8,27.6,2.0,0.0,2.0,0.0,1.0,0.0,1.0,Regular Season
1642377,Jaylen Wells,1630170,Devin Vassell,2,6.0,27.6,7.0,2.0,5.0,1.0,3.0,0.0,1.0,Regular Season
1630583,Santi Aldama,1626171,Bobby Portis Jr.,1,4.7,27.6,2.0,1.0,5.0,0.0,3.0,0.0,0.0,Regular Season
203924,Jerami Grant,203110,Draymond Green,3,4.3,27.6,16.0,6.0,7.0,4.0,5.0,0.0,0.0,Regular Season
1641729,Brice Sensabaugh,201939,Stephen Curry,3,4.2,27.6,8.0,3.0,3.0,2.0,2.0,2.0,0.0,Regular Season
1642263,Reed Sheppard,203471,Dennis Schröder,1,7.2,27.6,3.0,1.0,5.0,1.0,3.0,0.0,0.0,Regular Season
1629639,Tyler Herro,1626164,Devin Booker,1,5.1,27.6,4.0,2.0,4.0,0.0,1.0,1.0,0.0,Regular Season
1642363,Nique Clifford,202695,Kawhi Leonard,4,5.1,27.6,3.0,1.0,4.0,1.0,4.0,0.0,0.0,Regular Season
1641757,Jordan Miller,203501,Tim Hardaway Jr.,3,6.0,27.6,0.0,0.0,2.0,0.0,2.0,0.0,0.0,Regular Season
1630163,LaMelo Ball,1642264,Stephon Castle,2,6.9,27.6,10.0,3.0,7.0,3.0,3.0,0.0,1.0,Regular Season
1629632,Coby White,1641706,Brandon Miller,2,5.2,27.6,9.0,3.0,7.0,1.0,2.0,1.0,0.0,Regular Season
201935,James Harden,1642273,Kyshawn George,3,5.3,27.6,10.0,3.0,4.0,0.0,0.0,1.0,2.0,Regular Season
1631095,Jabari Smith Jr.,1642271,Kyle Filipowski,4,4.0,27.6,10.0,2.0,4.0,0.0,2.0,0.0,1.0,Regular Season
1630567,Scottie Barnes,1641775,Jordan Walsh,3,5.8,27.6,4.0,1.0,2.0,0.0,1.0,1.0,2.0,Regular Season
203935,Marcus Smart,1641708,Amen Thompson,3,4.5,27.6,3.0,1.0,1.0,1.0,1.0,0.0,0.0,Regular Season
1627759,Jaylen Brown,1641707,Taylor Hendricks,3,5.6,27.6,17.0,6.0,15.0,1.0,5.0,0.0,2.0,Regular Season
1631222,Jake LaRavia,1641739,Toumani Camara,3,4.0,27.6,2.0,1.0,2.0,0.0,0.0,0.0,0.0,Regular Season
1642263,Reed Sheppard,1642264,Stephon Castle,4,4.9,27.6,7.0,2.0,3.0,2.0,3.0,1.0,0.0,Regular Season
1630581,Josh Giddey,1641712,Rayan Rupert,2,3.6,27.6,6.0,1.0,3.0,0.0,1.0,1.0,1.0,Regular Season
1628973,Jalen Brunson,1642267,Bub Carrington,3,5.1,27.6,10.0,4.0,5.0,0.0,1.0,0.0,1.0,Regular Season
1630168,Onyeka Okongwu,1628392,Isaiah Hartenstein,1,5.4,27.6,2.0,1.0,3.0,0.0,2.0,0.0,0.0,Regular Season
1642846,Ace Bailey,1628969,Mikal Bridges,2,4.8,27.6,5.0,2.0,3.0,1.0,1.0,1.0,0.0,Regular Season
1628401,Derrick White,1628404,Josh Hart,4,6.1,27.6,11.0,3.0,8.0,1.0,4.0,2.0,2.0,Regular Season
1630700,Dyson Daniels,1629008,Michael Porter Jr.,2,4.8,27.6,0.0,0.0,1.0,0.0,0.0,0.0,0.0,Regular Season
1627783,Pascal Siakam,1628374,Lauri Markkanen,1,5.8,27.6,15.0,6.0,10.0,1.0,2.0,0.0,1.0,Regular Season
1641718,Keyonte George,1628960,Grayson Allen,2,5.0,27.6,9.0,3.0,6.0,1.0,4.0,1.0,1.0,Regular Season
1630180,Saddiq Bey,1628381,John Collins,4,6.0,27.6,16.0,5.0,8.0,4.0,6.0,0.0,1.0,Regular Season
203954,Joel Embiid,1642461,Spencer Jones,1,6.8,27.6,3.0,1.0,4.0,1.0,2.0,0.0,0.0,Regular Season
1630591,Jalen Suggs,1642848,Tre Johnson,3,5.4,27.6,8.0,4.0,5.0,0.0,1.0,2.0,0.0,Regular Season
1642377,Jaylen Wells,1642856,Egor Dëmin,1,5.1,27.6,2.0,1.0,2.0,0.0,1.0,0.0,0.0,Regular Season
1631101,Shaedon Sharpe,1642349,Ajay Mitchell,3,5.1,27.6,2.0,1.0,3.0,0.0,2.0,1.0,0.0,Regular Season
201942,DeMar DeRozan,1642883,Sion James,2,5.9,27.6,12.0,6.0,7.0,0.0,0.0,0.0,1.0,Regular Season
1627826,Ivica Zubac,1630596,Evan Mobley,1,5.7,27.6,10.0,5.0,6.0,0.0,0.0,1.0,0.0,Regular Season
1628991,Jaren Jackson Jr.,1630578,Alperen Sengun,2,3.6,27.6,8.0,4.0,9.0,0.0,2.0,0.0,0.0,Regular Season
203924,Jerami Grant,1630570,Trendon Watford,2,5.1,27.6,13.0,5.0,8.0,3.0,6.0,1.0,0.0,Regular Season
1641998,Trey Jemison III,1630543,Isaiah Jackson,1,4.5,27.6,3.0,1.0,1.0,0.0,0.0,0.0,1.0,Regular Season
201939,Stephen Curry,1630529,Herbert Jones,1,5.5,27.6,0.0,0.0,2.0,0.0,1.0,1.0,0.0,Regular Season
1642450,Daniss Jenkins,1630559,Austin Reaves,1,6.4,27.6,6.0,2.0,2.0,0.0,0.0,1.0,0.0,Regular Season
1641763,Julian Phillips,1630217,Desmond Bane,4,6.2,27.6,4.0,2.0,3.0,0.0,1.0,0.0,0.0,Regular Season
1641764,Brandin Podziemski,1630631,Jose Alvarado,3,5.3,27.6,8.0,3.0,6.0,2.0,4.0,0.0,0.0,Regular Season
1631108,Max Christie,1630529,Herbert Jones,3,4.5,27.6,10.0,4.0,7.0,2.0,4.0,0.0,0.0,Regular Season
1642268,Isaiah Collier,1630558,Davion Mitchell,1,5.9,27.6,2.0,0.0,0.0,0.0,0.0,0.0,1.0,Regular Season
1642883,Sion James,1630557,Corey Kispert,4,6.8,27.6,3.0,1.0,1.0,1.0,1.0,0.0,0.0,Regular Season
1630557,Corey Kispert,1630202,Payton Pritchard,3,5.2,27.6,3.0,1.0,2.0,1.0,2.0,0.0,0.0,Regular Season
1628976,Wendell Carter Jr.,1642950,Lachlan Olbrich,2,6.0,27.6,4.0,1.0,2.0,1.0,1.0,0.0,1.0,Regular Season
1627750,Jamal Murray,1642920,Kobe Sanders,2,6.4,27.6,0.0,0.0,1.0,0.0,1.0,0.0,0.0,Regular Season
1641729,Brice Sensabaugh,1642948,Ryan Nembhard,4,4.7,27.6,9.0,4.0,6.0,1.0,2.0,0.0,0.0,Regular Season
1630700,Dyson Daniels,1641731,Bilal Coulibaly,3,4.4,27.5,2.0,1.0,7.0,0.0,2.0,0.0,0.0,Regular Season
203110,Draymond Green,1641739,Toumani Camara,4,3.9,27.5,7.0,3.0,4.0,1.0,2.0,6.0,0.0,Regular Season
1630163,LaMelo Ball,1641739,Toumani Camara,2,6.3,27.5,0.0,0.0,2.0,0.0,2.0,1.0,0.0,Regular Season
1628378,Donovan Mitchell,1642267,Bub Carrington,3,4.1,27.5,11.0,3.0,4.0,1.0,1.0,1.0,2.0,Regular Season
1630552,Jalen Johnson,1642262,Cody Williams,2,5.0,27.5,4.0,2.0,4.0,0.0,0.0,4.0,0.0,Regular Season
201942,DeMar DeRozan,1641783,Tristan da Silva,2,4.5,27.5,10.0,5.0,8.0,0.0,0.0,0.0,1.0,Regular Season
1630558,Davion Mitchell,1642268,Isaiah Collier,1,5.3,27.5,7.0,2.0,2.0,1.0,1.0,0.0,1.0,Regular Season
1627750,Jamal Murray,1642263,Reed Sheppard,4,5.7,27.5,16.0,6.0,12.0,1.0,2.0,1.0,2.0,Regular Season
201942,DeMar DeRozan,1641824,Matas Buzelis,1,5.5,27.5,8.0,1.0,2.0,0.0,0.0,2.0,2.0,Regular Season
1628976,Wendell Carter Jr.,1629675,Naz Reid,2,5.0,27.5,6.0,2.0,3.0,0.0,0.0,0.0,1.0,Regular Season
1641709,Ausar Thompson,1629638,Nickeil Alexander-Walker,4,5.1,27.5,10.0,4.0,4.0,0.0,0.0,0.0,1.0,Regular Season
1641706,Brandon Miller,1629645,Kevin Porter Jr.,2,6.2,27.5,15.0,4.0,11.0,3.0,8.0,1.0,2.0,Regular Season
1626164,Devin Booker,1629656,Quentin Grimes,2,6.5,27.5,4.0,2.0,5.0,0.0,0.0,2.0,0.0,Regular Season
1629637,Jaxson Hayes,1631105,Jalen Duren,2,5.2,27.5,0.0,0.0,0.0,0.0,0.0,0.0,0.0,Regular Season
203897,Zach LaVine,1631212,Peyton Watson,3,5.1,27.5,3.0,1.0,4.0,1.0,3.0,1.0,0.0,Regular Season
1630178,Tyrese Maxey,1631108,Max Christie,2,7.1,27.5,10.0,3.0,6.0,2.0,5.0,0.0,1.0,Regular Season
1630230,Naji Marshall,1631165,Keon Ellis,4,5.2,27.5,5.0,2.0,4.0,1.0,1.0,1.0,0.0,Regular Season
1628404,Josh Hart,1631096,Chet Holmgren,2,6.4,27.5,0.0,0.0,1.0,0.0,0.0,0.0,0.0,Regular Season
1626167,Myles Turner,1631105,Jalen Duren,3,2.9,27.5,3.0,1.0,4.0,1.0,4.0,0.0,0.0,Regular Season
1628978,Donte DiVincenzo,1631157,Ryan Rollins,2,6.3,27.5,10.0,4.0,5.0,2.0,3.0,0.0,0.0,Regular Season
1631097,Bennedict Mathurin,1631095,Jabari Smith Jr.,4,4.5,27.5,7.0,3.0,8.0,1.0,2.0,0.0,0.0,Regular Season
1642346,Ryan Dunn,201942,DeMar DeRozan,3,6.3,27.5,3.0,1.0,4.0,1.0,3.0,0.0,1.0,Regular Season
1630567,Scottie Barnes,203952,Andrew Wiggins,4,5.8,27.5,6.0,2.0,6.0,0.0,3.0,1.0,1.0,Regular Season
1641737,Adem Bona,202696,Nikola Vučević,3,5.7,27.5,0.0,0.0,1.0,0.0,0.0,0.0,0.0,Regular Season
1641767,Ben Sheppard,1626145,Tyus Jones,3,5.0,27.5,5.0,2.0,2.0,1.0,1.0,0.0,0.0,Regular Season
1631096,Chet Holmgren,203924,Jerami Grant,2,5.2,27.5,3.0,1.0,3.0,0.0,0.0,2.0,2.0,Regular Season
1630182,Josh Green,203926,Doug McDermott,2,6.2,27.5,3.0,1.0,3.0,1.0,3.0,0.0,0.0,Regular Season
1629675,Naz Reid,203932,Aaron Gordon,2,5.2,27.5,0.0,0.0,0.0,0.0,0.0,0.0,0.0,Regular Season
201572,Brook Lopez,1630579,Jericho Sims,2,4.5,27.5,3.0,1.0,2.0,0.0,0.0,1.0,1.0,Regular Season
1628969,Mikal Bridges,1630558,Davion Mitchell,4,5.9,27.5,2.0,1.0,3.0,0.0,2.0,2.0,0.0,Regular Season
1631170,Jaime Jaquez Jr.,1630591,Jalen Suggs,5,3.1,27.5,8.0,4.0,7.0,0.0,0.0,0.0,0.0,Regular Season
1630595,Cade Cunningham,1630241,Sam Merrill,4,4.5,27.5,6.0,3.0,4.0,0.0,0.0,3.0,0.0,Regular Season
1630551,Justin Champagnie,1630202,Payton Pritchard,3,4.9,27.5,3.0,1.0,3.0,1.0,2.0,1.0,0.0,Regular Season
203937,Kyle Anderson,1630611,Gui Santos,4,4.3,27.5,2.0,1.0,2.0,0.0,0.0,1.0,0.0,Regular Season
1630166,Deni Avdija,1630530,Trey Murphy III,3,5.1,27.5,17.0,6.0,10.0,1.0,3.0,1.0,3.0,Regular Season
1627750,Jamal Murray,1629013,Landry Shamet,2,6.1,27.5,10.0,5.0,10.0,0.0,3.0,0.0,0.0,Regular Season
1641730,Noah Clowney,1628384,OG Anunoby,2,5.8,27.5,5.0,2.0,5.0,1.0,2.0,0.0,0.0,Regular Season
1630532,Franz Wagner,1628404,Josh Hart,3,5.6,27.5,12.0,5.0,7.0,2.0,4.0,0.0,0.0,Regular Season
1629638,Nickeil Alexander-Walker,1629012,Collin Sexton,1,5.3,27.5,8.0,3.0,5.0,1.0,2.0,1.0,0.0,Regular Season
1629008,Michael Porter Jr.,1628384,OG Anunoby,2,5.7,27.5,11.0,4.0,5.0,3.0,4.0,1.0,0.0,Regular Season
1642948,Ryan Nembhard,1628975,Jevon Carter,2,4.7,27.5,0.0,0.0,3.0,0.0,2.0,1.0,0.0,Regular Season
1642883,Sion James,1627750,Jamal Murray,2,5.4,27.5,0.0,0.0,1.0,0.0,1.0,0.0,0.0,Regular Season
1641722,Jordan Hawkins,1628379,Luke Kennard,2,6.6,27.5,0.0,0.0,1.0,0.0,1.0,0.0,0.0,Regular Season
202331,Paul George,1628969,Mikal Bridges,3,5.6,27.5,7.0,3.0,6.0,1.0,4.0,0.0,0.0,Regular Season
1642450,Daniss Jenkins,1628368,De'Aaron Fox,2,5.4,27.5,3.0,1.0,3.0,0.0,0.0,0.0,0.0,Regular Season
1631110,Jeremy Sochan,1628991,Jaren Jackson Jr.,3,4.8,27.5,2.0,1.0,2.0,0.0,1.0,0.0,0.0,Regular Season
1628415,Dillon Brooks,1628970,Miles Bridges,1,4.9,27.5,0.0,0.0,3.0,0.0,1.0,0.0,0.0,Regular Season
1626167,Myles Turner,1627783,Pascal Siakam,3,6.6,27.5,2.0,1.0,5.0,0.0,3.0,1.0,0.0,Regular Season
1629060,Rui Hachimura,1642845,VJ Edgecombe,2,6.4,27.5,2.0,1.0,3.0,0.0,2.0,0.0,0.0,Regular Season
1627747,Caris LeVert,1642851,Kon Knueppel,3,5.4,27.5,0.0,0.0,2.0,0.0,1.0,0.0,0.0,Regular Season
1629651,Nic Claxton,1642875,Maxime Raynaud,1,6.2,27.5,6.0,2.0,4.0,0.0,0.0,0.0,0.0,Regular Season
1630311,Pat Spencer,1642363,Nique Clifford,4,6.3,27.5,7.0,3.0,5.0,1.0,2.0,1.0,0.0,Regular Season
1642262,Cody Williams,1642380,Adama Bal,1,4.1,27.5,5.0,2.0,3.0,1.0,1.0,2.0,0.0,Regular Season
1628983,Shai Gilgeous-Alexander,1642281,Jaylon Tyson,1,4.5,27.5,4.0,2.0,5.0,0.0,1.0,0.0,0.0,Regular Season
1642383,Walter Clayton Jr.,1642349,Ajay Mitchell,3,6.0,27.5,2.0,1.0,2.0,0.0,0.0,1.0,0.0,Regular Season
1630241,Sam Merrill,1642285,Cam Spencer,2,4.2,27.5,8.0,3.0,4.0,1.0,1.0,1.0,2.0,Regular Season
1641708,Amen Thompson,1642274,Yves Missi,4,6.6,27.5,6.0,3.0,5.0,0.0,0.0,0.0,0.0,Regular Season
1627759,Jaylen Brown,1642281,Jaylon Tyson,3,6.7,27.4,8.0,2.0,5.0,1.0,2.0,0.0,1.0,Regular Season
1642860,Will Riley,1642530,Yuki Kawamura,2,4.9,27.4,2.0,0.0,1.0,0.0,1.0,1.0,0.0,Regular Season
1642847,Jeremiah Fears,1642389,Zyon Pullin,1,4.0,27.4,12.0,4.0,7.0,0.0,1.0,1.0,1.0,Regular Season
1631217,Moussa Diabaté,1642382,Branden Carlson,2,5.8,27.4,7.0,3.0,4.0,0.0,0.0,0.0,1.0,Regular Season
1629048,Goga Bitadze,1642882,Julian Reese,1,5.3,27.4,4.0,1.0,2.0,0.0,0.0,0.0,1.0,Regular Season
1630166,Deni Avdija,1631106,Tari Eason,3,4.2,27.4,8.0,3.0,4.0,0.0,0.0,1.0,2.0,Regular Season
1642271,Kyle Filipowski,1631321,Sidy Cissoko,3,4.7,27.4,5.0,2.0,3.0,0.0,1.0,1.0,1.0,Regular Season
1641710,Anthony Black,1631097,Bennedict Mathurin,2,4.4,27.4,4.0,1.0,2.0,0.0,1.0,0.0,1.0,Regular Season
1629048,Goga Bitadze,1631217,Moussa Diabaté,3,5.1,27.4,0.0,0.0,1.0,0.0,0.0,0.0,0.0,Regular Season
1629674,Neemias Queta,1641737,Adem Bona,4,7.5,27.4,3.0,0.0,1.0,0.0,0.0,0.0,0.0,Regular Season
1630557,Corey Kispert,1642263,Reed Sheppard,3,4.4,27.4,0.0,0.0,2.0,0.0,2.0,0.0,0.0,Regular Season
1629645,Kevin Porter Jr.,1642266,Ja'Kobe Walter,2,6.6,27.4,10.0,4.0,4.0,1.0,1.0,1.0,1.0,Regular Season
1642845,VJ Edgecombe,1641764,Brandin Podziemski,2,5.8,27.4,3.0,1.0,2.0,1.0,1.0,2.0,0.0,Regular Season
1642880,Kam Jones,1642268,Isaiah Collier,1,4.5,27.4,2.0,1.0,2.0,0.0,0.0,0.0,0.0,Regular Season
1630217,Desmond Bane,1641775,Jordan Walsh,4,5.7,27.4,6.0,2.0,7.0,1.0,1.0,0.0,1.0,Regular Season
203468,CJ McCollum,1642264,Stephon Castle,2,5.0,27.4,2.0,1.0,4.0,0.0,2.0,0.0,0.0,Regular Season
1642258,Zaccharie Risacher,1641711,Gradey Dick,4,5.4,27.4,2.0,1.0,6.0,0.0,3.0,0.0,0.0,Regular Season
1630560,Cam Thomas,1630183,Jaden McDaniels,2,5.4,27.4,14.0,6.0,10.0,1.0,2.0,0.0,1.0,Regular Season
203110,Draymond Green,1630168,Onyeka Okongwu,2,5.8,27.4,4.0,1.0,2.0,1.0,2.0,1.0,1.0,Regular Season
1631212,Peyton Watson,1629645,Kevin Porter Jr.,1,5.8,27.4,6.0,2.0,3.0,2.0,3.0,1.0,0.0,Regular Season
1631114,Jalen Williams,1629638,Nickeil Alexander-Walker,1,5.1,27.4,6.0,3.0,4.0,0.0,0.0,2.0,0.0,Regular Season
1630249,Vít Krejčí,1630162,Anthony Edwards,3,5.6,27.4,6.0,2.0,6.0,2.0,6.0,0.0,0.0,Regular Season
1641710,Anthony Black,1629656,Quentin Grimes,3,5.0,27.4,3.0,1.0,3.0,1.0,2.0,2.0,1.0,Regular Season
1628970,Miles Bridges,1630171,Isaac Okoro,3,6.6,27.4,8.0,4.0,8.0,0.0,3.0,0.0,0.0,Regular Season
1627742,Brandon Ingram,1629731,Dean Wade,2,5.3,27.4,6.0,3.0,6.0,0.0,2.0,0.0,0.0,Regular Season
1629675,Naz Reid,1629750,Javonte Green,2,5.7,27.4,2.0,0.0,2.0,0.0,2.0,1.0,1.0,Regular Season
203468,CJ McCollum,1629023,P.J. Washington,4,4.8,27.4,5.0,2.0,8.0,0.0,3.0,1.0,1.0,Regular Season
1642845,VJ Edgecombe,1630163,LaMelo Ball,3,4.9,27.4,5.0,2.0,6.0,1.0,4.0,0.0,0.0,Regular Season
1630559,Austin Reaves,1627884,Derrick Jones Jr.,1,5.2,27.4,9.0,3.0,5.0,1.0,1.0,1.0,1.0,Regular Season
1629656,Quentin Grimes,1628971,Bruce Brown,2,6.6,27.4,6.0,2.0,5.0,2.0,5.0,0.0,0.0,Regular Season
1641729,Brice Sensabaugh,1628370,Malik Monk,2,5.2,27.4,0.0,0.0,4.0,0.0,3.0,0.0,0.0,Regular Season
1641710,Anthony Black,1628969,Mikal Bridges,4,4.3,27.4,6.0,2.0,4.0,1.0,2.0,0.0,1.0,Regular Season
203954,Joel Embiid,1627826,Ivica Zubac,1,4.8,27.4,8.0,4.0,9.0,0.0,1.0,0.0,0.0,Regular Season
1642883,Sion James,1628398,Kyle Kuzma,4,5.0,27.4,2.0,1.0,3.0,0.0,1.0,0.0,0.0,Regular Season
1631126,Caleb Love,1628368,De'Aaron Fox,2,4.9,27.4,5.0,2.0,5.0,1.0,3.0,1.0,0.0,Regular Season
203944,Julius Randle,1628384,OG Anunoby,1,5.8,27.4,3.0,1.0,2.0,1.0,1.0,0.0,0.0,Regular Season
1628404,Josh Hart,203114,Khris Middleton,1,4.2,27.4,3.0,1.0,2.0,1.0,2.0,0.0,0.0,Regular Season
1630541,Moses Moody,202691,Klay Thompson,3,6.0,27.4,0.0,0.0,2.0,0.0,1.0,0.0,0.0,Regular Season
1627750,Jamal Murray,201566,Russell Westbrook,4,4.4,27.4,4.0,1.0,4.0,0.0,1.0,1.0,2.0,Regular Season
203501,Tim Hardaway Jr.,201950,Jrue Holiday,4,4.4,27.4,5.0,2.0,4.0,1.0,3.0,0.0,0.0,Regular Season
1628389,Bam Adebayo,203999,Nikola Jokić,2,4.6,27.4,2.0,1.0,6.0,0.0,3.0,1.0,0.0,Regular Season
1630230,Naji Marshall,1626164,Devin Booker,2,3.9,27.4,12.0,5.0,7.0,0.0,1.0,0.0,1.0,Regular Season
1631119,Jaylin Williams,1630208,Nick Richards,2,5.4,27.4,7.0,3.0,5.0,1.0,3.0,0.0,0.0,Regular Season
1642277,Johnny Furphy,1630552,Jalen Johnson,2,5.2,27.4,0.0,0.0,1.0,0.0,1.0,0.0,0.0,Regular Season
1641757,Jordan Miller,1630538,Bones Hyland,3,5.5,27.4,1.0,0.0,5.0,0.0,0.0,0.0,1.0,Regular Season
1628389,Bam Adebayo,1630578,Alperen Sengun,2,4.9,27.4,19.0,6.0,12.0,2.0,5.0,1.0,3.0,Regular Season
1629130,Duncan Robinson,1630530,Trey Murphy III,1,5.5,27.3,11.0,4.0,6.0,3.0,5.0,0.0,0.0,Regular Season
1628389,Bam Adebayo,1630549,Day'Ron Sharpe,3,6.2,27.3,9.0,2.0,5.0,1.0,3.0,0.0,2.0,Regular Season
203084,Harrison Barnes,1630598,Aaron Wiggins,5,4.2,27.3,2.0,1.0,2.0,0.0,1.0,0.0,0.0,Regular Season
1630193,Immanuel Quickley,1641709,Ausar Thompson,2,6.6,27.3,2.0,0.0,1.0,0.0,1.0,0.0,1.0,Regular Season
201142,Kevin Durant,1641717,Cason Wallace,3,5.2,27.3,9.0,4.0,8.0,1.0,4.0,2.0,1.0,Regular Season
1629130,Duncan Robinson,1641710,Anthony Black,2,4.0,27.3,0.0,0.0,1.0,0.0,1.0,0.0,0.0,Regular Season
1642845,VJ Edgecombe,1641854,Craig Porter Jr.,3,5.7,27.3,5.0,2.0,3.0,1.0,2.0,0.0,0.0,Regular Season
1629656,Quentin Grimes,1641854,Craig Porter Jr.,4,5.1,27.3,3.0,1.0,3.0,1.0,1.0,0.0,0.0,Regular Season
202691,Klay Thompson,1641708,Amen Thompson,3,4.5,27.3,2.0,1.0,7.0,0.0,3.0,1.0,0.0,Regular Season
203897,Zach LaVine,1641718,Keyonte George,2,4.9,27.3,5.0,1.0,4.0,0.0,1.0,1.0,1.0,Regular Season
202695,Kawhi Leonard,1642363,Nique Clifford,4,4.5,27.3,24.0,9.0,11.0,4.0,5.0,0.0,1.0,Regular Season
1641764,Brandin Podziemski,1642845,VJ Edgecombe,2,5.0,27.3,2.0,0.0,0.0,0.0,0.0,3.0,1.0,Regular Season
1630567,Scottie Barnes,1642851,Kon Knueppel,4,4.3,27.3,6.0,2.0,7.0,0.0,0.0,1.0,1.0,Regular Season
201935,James Harden,1642849,Nolan Traore,3,4.9,27.3,6.0,1.0,2.0,1.0,1.0,0.0,1.0,Regular Season
1630178,Tyrese Maxey,1631169,Josh Minott,3,6.3,27.3,9.0,3.0,6.0,3.0,5.0,0.0,0.0,Regular Season
1630567,Scottie Barnes,1630700,Dyson Daniels,4,5.2,27.3,4.0,2.0,5.0,0.0,0.0,1.0,0.0,Regular Season
1628401,Derrick White,1631245,Quenton Jackson,4,5.0,27.3,9.0,3.0,6.0,1.0,4.0,1.0,1.0,Regular Season
1642260,Nikola Topić,1631123,Jamaree Bouyea,1,5.2,27.3,2.0,1.0,2.0,0.0,0.0,0.0,0.0,Regular Season
1629638,Nickeil Alexander-Walker,1631260,AJ Green,3,3.8,27.3,9.0,2.0,3.0,2.0,3.0,0.0,1.0,Regular Season
1628976,Wendell Carter Jr.,1631170,Jaime Jaquez Jr.,5,5.3,27.3,3.0,1.0,3.0,0.0,0.0,0.0,1.0,Regular Season
1630538,Bones Hyland,1630703,Scoot Henderson,3,5.0,27.3,9.0,2.0,4.0,1.0,2.0,2.0,0.0,Regular Season
203507,Giannis Antetokounmpo,1630700,Dyson Daniels,2,6.3,27.3,4.0,1.0,3.0,0.0,0.0,1.0,1.0,Regular Season
1629014,Anfernee Simons,1631128,Christian Braun,2,5.1,27.3,0.0,0.0,3.0,0.0,3.0,0.0,0.0,Regular Season
1642349,Ajay Mitchell,1631200,Kris Murray,4,5.6,27.3,8.0,3.0,3.0,0.0,0.0,0.0,0.0,Regular Season
1631222,Jake LaRavia,203084,Harrison Barnes,4,5.1,27.3,9.0,3.0,5.0,2.0,3.0,0.0,1.0,Regular Season
203935,Marcus Smart,203999,Nikola Jokić,2,5.8,27.3,16.0,6.0,10.0,4.0,7.0,1.0,0.0,Regular Season
1641706,Brandon Miller,202699,Tobias Harris,3,3.3,27.3,5.0,2.0,7.0,1.0,3.0,0.0,0.0,Regular Season
1642346,Ryan Dunn,203937,Kyle Anderson,2,6.4,27.3,5.0,2.0,3.0,1.0,2.0,1.0,0.0,Regular Season
1631199,Ron Harper Jr.,201142,Kevin Durant,1,5.9,27.3,3.0,1.0,3.0,1.0,3.0,0.0,0.0,Regular Season
1631119,Jaylin Williams,202685,Jonas Valanciunas,2,4.4,27.3,2.0,1.0,1.0,0.0,0.0,1.0,0.0,Regular Season
1631321,Sidy Cissoko,202710,Jimmy Butler III,3,4.6,27.3,0.0,0.0,2.0,0.0,2.0,0.0,0.0,Regular Season
201142,Kevin Durant,203952,Andrew Wiggins,1,5.9,27.3,11.0,5.0,10.0,1.0,4.0,0.0,0.0,Regular Season
1627734,Domantas Sabonis,203994,Jusuf Nurkić,1,5.1,27.3,2.0,1.0,3.0,0.0,1.0,0.0,0.0,Regular Season
1630173,Precious Achiuwa,202695,Kawhi Leonard,4,5.3,27.3,10.0,4.0,4.0,1.0,1.0,0.0,1.0,Regular Season
1627759,Jaylen Brown,1630191,Isaiah Stewart,4,5.6,27.3,26.0,10.0,17.0,3.0,6.0,0.0,2.0,Regular Season
1629632,Coby White,1629638,Nickeil Alexander-Walker,2,5.0,27.3,15.0,5.0,5.0,3.0,3.0,3.0,0.0,Regular Season
1627747,Caris LeVert,1629656,Quentin Grimes,3,5.4,27.3,0.0,0.0,2.0,0.0,2.0,0.0,0.0,Regular Season
1630208,Nick Richards,1629057,Robert Williams III,2,4.3,27.3,4.0,2.0,4.0,0.0,0.0,0.0,0.0,Regular Season
202331,Paul George,1629023,P.J. Washington,1,5.8,27.3,0.0,0.0,2.0,0.0,1.0,1.0,0.0,Regular Season
1629627,Zion Williamson,1629731,Dean Wade,2,6.6,27.3,11.0,5.0,7.0,0.0,0.0,0.0,1.0,Regular Season
203897,Zach LaVine,1630193,Immanuel Quickley,1,5.3,27.3,5.0,2.0,6.0,1.0,4.0,2.0,0.0,Regular Season
1629011,Mitchell Robinson,1627824,Guerschon Yabusele,1,6.8,27.3,6.0,3.0,3.0,0.0,0.0,0.0,0.0,Regular Season
1629029,Luka Dončić,1628368,De'Aaron Fox,2,3.8,27.3,6.0,3.0,7.0,0.0,1.0,5.0,0.0,Regular Season
1642277,Johnny Furphy,1627742,Brandon Ingram,2,4.9,27.3,8.0,3.0,3.0,1.0,1.0,0.0,2.0,Regular Season
1628971,Bruce Brown,1628983,Shai Gilgeous-Alexander,3,5.2,27.3,5.0,2.0,3.0,1.0,1.0,0.0,0.0,Regular Season
1641775,Jordan Walsh,1628378,Donovan Mitchell,1,7.2,27.3,2.0,0.0,0.0,0.0,0.0,1.0,1.0,Regular Season
1630168,Onyeka Okongwu,1629011,Mitchell Robinson,2,5.4,27.3,2.0,1.0,5.0,0.0,3.0,1.0,0.0,Regular Season
1630217,Desmond Bane,1629004,Svi Mykhailiuk,1,6.7,27.3,7.0,3.0,4.0,1.0,2.0,0.0,0.0,Regular Season
1630230,Naji Marshall,1627884,Derrick Jones Jr.,3,4.6,27.3,7.0,3.0,6.0,1.0,2.0,0.0,0.0,Regular Season
1642851,Kon Knueppel,1628404,Josh Hart,3,6.2,27.3,9.0,4.0,5.0,1.0,2.0,1.0,0.0,Regular Season
1630692,Jordan Goodwin,1627750,Jamal Murray,3,5.2,27.3,4.0,2.0,7.0,0.0,4.0,0.0,0.0,Regular Season
1630703,Scoot Henderson,1628971,Bruce Brown,3,5.0,27.2,2.0,1.0,5.0,0.0,2.0,1.0,0.0,Regular Season
203468,CJ McCollum,1628378,Donovan Mitchell,3,4.6,27.2,10.0,4.0,6.0,2.0,2.0,0.0,0.0,Regular Season
1629628,RJ Barrett,1627750,Jamal Murray,2,4.3,27.2,7.0,3.0,6.0,0.0,2.0,0.0,1.0,Regular Season
201935,James Harden,1628969,Mikal Bridges,2,5.3,27.2,0.0,0.0,5.0,0.0,1.0,2.0,0.0,Regular Season
1630168,Onyeka Okongwu,1627783,Pascal Siakam,2,4.6,27.2,5.0,2.0,4.0,1.0,3.0,0.0,0.0,Regular Season
1630173,Precious Achiuwa,1628381,John Collins,4,6.4,27.2,10.0,4.0,5.0,2.0,3.0,0.0,0.0,Regular Season
1641718,Keyonte George,1629012,Collin Sexton,2,5.0,27.2,4.0,1.0,3.0,0.0,1.0,2.0,1.0,Regular Season
1630200,Tre Jones,1628366,Lonzo Ball,3,4.3,27.2,6.0,1.0,1.0,0.0,0.0,3.0,1.0,Regular Season
202696,Nikola Vučević,1628970,Miles Bridges,5,5.4,27.2,6.0,3.0,6.0,0.0,0.0,0.0,0.0,Regular Season
1629656,Quentin Grimes,1627747,Caris LeVert,3,6.2,27.2,2.0,1.0,5.0,0.0,3.0,1.0,0.0,Regular Season
1626164,Devin Booker,1628384,OG Anunoby,2,5.9,27.2,6.0,2.0,4.0,2.0,3.0,2.0,0.0,Regular Season
1642845,VJ Edgecombe,1642843,Cooper Flagg,2,6.0,27.2,2.0,1.0,4.0,0.0,2.0,0.0,0.0,Regular Season
1642269,Devin Carter,1642849,Nolan Traore,2,4.7,27.2,5.0,2.0,5.0,0.0,2.0,1.0,1.0,Regular Season
1629656,Quentin Grimes,1642848,Tre Johnson,3,4.6,27.2,12.0,4.0,5.0,0.0,0.0,1.0,2.0,Regular Season
1642262,Cody Williams,1642363,Nique Clifford,2,4.0,27.2,11.0,4.0,5.0,1.0,2.0,0.0,1.0,Regular Season
1630679,Ethan Thompson,1642845,VJ Edgecombe,2,4.4,27.2,3.0,1.0,8.0,1.0,6.0,0.0,0.0,Regular Season
1628369,Jayson Tatum,1642860,Will Riley,1,6.5,27.2,7.0,3.0,6.0,1.0,2.0,0.0,0.0,Regular Season
1631165,Keon Ellis,1642843,Cooper Flagg,4,3.9,27.2,7.0,3.0,7.0,1.0,4.0,1.0,0.0,Regular Season
1629731,Dean Wade,1630643,Jay Huff,3,4.6,27.2,4.0,1.0,3.0,0.0,2.0,1.0,1.0,Regular Season
1630162,Anthony Edwards,1630530,Trey Murphy III,3,3.8,27.2,12.0,4.0,7.0,1.0,2.0,0.0,2.0,Regular Season
1630579,Jericho Sims,1630596,Evan Mobley,3,6.6,27.2,4.0,2.0,2.0,0.0,0.0,0.0,1.0,Regular Season
1630596,Evan Mobley,1630549,Day'Ron Sharpe,3,4.2,27.2,8.0,3.0,5.0,0.0,1.0,1.0,1.0,Regular Season
1630577,Julian Champagnie,1630598,Aaron Wiggins,5,4.9,27.2,3.0,1.0,2.0,1.0,2.0,1.0,0.0,Regular Season
1642266,Ja'Kobe Walter,1630559,Austin Reaves,1,5.6,27.2,6.0,2.0,2.0,0.0,0.0,0.0,1.0,Regular Season
1629661,Cameron Johnson,1630198,Isaiah Joe,2,5.2,27.2,2.0,1.0,3.0,0.0,1.0,0.0,0.0,Regular Season
1641842,Ronald Holland II,1630245,Ayo Dosunmu,4,5.4,27.2,2.0,1.0,2.0,0.0,0.0,0.0,0.0,Regular Season
1630163,LaMelo Ball,1630245,Ayo Dosunmu,3,5.8,27.2,4.0,2.0,7.0,0.0,3.0,1.0,0.0,Regular Season
1630557,Corey Kispert,1630230,Naji Marshall,4,4.4,27.2,3.0,1.0,2.0,1.0,1.0,0.0,0.0,Regular Season
1642846,Ace Bailey,1641713,GG Jackson,2,4.8,27.2,5.0,2.0,3.0,1.0,1.0,0.0,0.0,Regular Season
203110,Draymond Green,1642271,Kyle Filipowski,3,5.7,27.2,5.0,2.0,7.0,1.0,5.0,0.0,0.0,Regular Season
1631094,Paolo Banchero,1641716,Jarace Walker,3,4.3,27.2,10.0,4.0,7.0,2.0,3.0,1.0,0.0,Regular Season
1629632,Coby White,1642262,Cody Williams,2,5.1,27.2,0.0,0.0,3.0,0.0,2.0,1.0,0.0,Regular Season
1631133,Jabari Walker,1641716,Jarace Walker,3,5.6,27.2,1.0,0.0,1.0,0.0,1.0,0.0,1.0,Regular Season
1630170,Devin Vassell,1641706,Brandon Miller,2,4.8,27.2,6.0,2.0,4.0,1.0,3.0,0.0,1.0,Regular Season
203076,Anthony Davis,1641737,Adem Bona,2,5.7,27.2,4.0,2.0,7.0,0.0,1.0,0.0,0.0,Regular Season
1628971,Bruce Brown,1641729,Brice Sensabaugh,4,5.3,27.2,6.0,3.0,4.0,0.0,1.0,0.0,0.0,Regular Season
1642867,Collin Murray-Boyles,1629651,Nic Claxton,3,5.1,27.2,2.0,0.0,1.0,0.0,0.0,0.0,1.0,Regular Season
1641707,Taylor Hendricks,1629640,Keldon Johnson,3,5.0,27.2,0.0,0.0,0.0,0.0,0.0,0.0,0.0,Regular Season
1628378,Donovan Mitchell,1630170,Devin Vassell,2,4.3,27.2,12.0,4.0,6.0,1.0,2.0,0.0,2.0,Regular Season
1642843,Cooper Flagg,1630173,Precious Achiuwa,2,4.0,27.2,2.0,0.0,3.0,0.0,1.0,3.0,1.0,Regular Season
1628978,Donte DiVincenzo,1629638,Nickeil Alexander-Walker,2,5.4,27.2,0.0,0.0,2.0,0.0,1.0,0.0,0.0,Regular Season
1641709,Ausar Thompson,1629645,Kevin Porter Jr.,2,4.3,27.2,0.0,0.0,1.0,0.0,0.0,0.0,0.0,Regular Season
1641729,Brice Sensabaugh,1630183,Jaden McDaniels,3,4.2,27.2,12.0,4.0,4.0,1.0,1.0,0.0,1.0,Regular Season
1641783,Tristan da Silva,1629639,Tyler Herro,2,4.9,27.2,5.0,2.0,3.0,1.0,1.0,1.0,0.0,Regular Season
1629029,Luka Dončić,1630162,Anthony Edwards,2,4.9,27.2,13.0,5.0,8.0,3.0,5.0,1.0,0.0,Regular Season
1630583,Santi Aldama,1629640,Keldon Johnson,3,6.2,27.2,4.0,1.0,5.0,0.0,4.0,0.0,0.0,Regular Season
1631131,Oscar Tshiebwe,1629028,Deandre Ayton,1,5.0,27.2,8.0,3.0,7.0,0.0,0.0,1.0,1.0,Regular Season
1642845,VJ Edgecombe,1629029,Luka Dončić,2,6.1,27.2,3.0,1.0,2.0,1.0,1.0,0.0,0.0,Regular Season
1631230,Dominick Barlow,1631170,Jaime Jaquez Jr.,3,4.8,27.2,4.0,2.0,4.0,0.0,2.0,0.0,0.0,Regular Season
1630595,Cade Cunningham,1630696,Dru Smith,3,4.4,27.2,6.0,2.0,5.0,0.0,1.0,1.0,2.0,Regular Season
1641706,Brandon Miller,1631248,Baylor Scheierman,3,6.1,27.2,10.0,4.0,6.0,2.0,4.0,1.0,0.0,Regular Season
1629130,Duncan Robinson,1631101,Shaedon Sharpe,2,5.4,27.2,0.0,0.0,5.0,0.0,5.0,0.0,0.0,Regular Season
1628415,Dillon Brooks,203114,Khris Middleton,3,5.0,27.2,10.0,3.0,5.0,2.0,2.0,1.0,1.0,Regular Season
202710,Jimmy Butler III,203084,Harrison Barnes,2,5.4,27.2,5.0,2.0,2.0,1.0,1.0,0.0,0.0,Regular Season
1642271,Kyle Filipowski,2544,LeBron James,2,5.0,27.2,2.0,1.0,2.0,0.0,0.0,0.0,0.0,Regular Season
202695,Kawhi Leonard,2544,LeBron James,4,5.0,27.2,7.0,3.0,6.0,1.0,3.0,0.0,0.0,Regular Season
1630643,Jay Huff,1626171,Bobby Portis Jr.,4,5.9,27.2,3.0,1.0,2.0,1.0,2.0,0.0,0.0,Regular Season
1628989,Kevin Huerter,201144,Mike Conley,4,5.3,27.2,10.0,4.0,4.0,2.0,2.0,1.0,0.0,Regular Season
1630611,Gui Santos,202699,Tobias Harris,2,6.4,27.1,13.0,5.0,7.0,1.0,3.0,0.0,1.0,Regular Season
1642267,Bub Carrington,201935,James Harden,3,4.3,27.1,0.0,0.0,4.0,0.0,2.0,0.0,0.0,Regular Season
1630314,Brandon Williams,1627739,Kris Dunn,2,5.4,27.1,0.0,0.0,3.0,0.0,3.0,0.0,1.0,Regular Season
1631221,Collin Gillespie,2544,LeBron James,5,4.9,27.1,0.0,0.0,3.0,0.0,2.0,0.0,0.0,Regular Season
1628415,Dillon Brooks,203897,Zach LaVine,2,4.5,27.1,8.0,2.0,9.0,1.0,5.0,1.0,1.0,Regular Season
1630591,Jalen Suggs,203903,Jordan Clarkson,4,4.3,27.1,8.0,3.0,7.0,0.0,1.0,0.0,1.0,Regular Season
1628983,Shai Gilgeous-Alexander,1626220,Royce O'Neale,3,4.3,27.1,16.0,4.0,8.0,3.0,5.0,0.0,2.0,Regular Season
1641708,Amen Thompson,1630581,Josh Giddey,1,5.5,27.1,2.0,1.0,3.0,0.0,1.0,0.0,0.0,Regular Season
1627759,Jaylen Brown,1630245,Ayo Dosunmu,3,6.1,27.1,8.0,2.0,7.0,0.0,2.0,0.0,2.0,Regular Season
1641706,Brandon Miller,1630552,Jalen Johnson,3,4.7,27.1,8.0,3.0,9.0,0.0,4.0,1.0,2.0,Regular Season
1630162,Anthony Edwards,1630577,Julian Champagnie,3,3.5,27.1,13.0,6.0,6.0,1.0,1.0,1.0,1.0,Regular Season
203114,Khris Middleton,1630583,Santi Aldama,2,4.5,27.1,3.0,1.0,3.0,1.0,2.0,2.0,0.0,Regular Season
1630567,Scottie Barnes,1630578,Alperen Sengun,2,4.1,27.1,18.0,7.0,12.0,2.0,5.0,1.0,1.0,Regular Season
1629638,Nickeil Alexander-Walker,1628415,Dillon Brooks,2,3.4,27.1,9.0,3.0,4.0,2.0,3.0,1.0,1.0,Regular Season
1641764,Brandin Podziemski,1628978,Donte DiVincenzo,4,5.7,27.1,4.0,2.0,5.0,0.0,1.0,0.0,0.0,Regular Season
203110,Draymond Green,1628983,Shai Gilgeous-Alexander,3,3.5,27.1,2.0,1.0,1.0,0.0,0.0,0.0,0.0,Regular Season
1630202,Payton Pritchard,1628378,Donovan Mitchell,3,5.1,27.1,9.0,3.0,4.0,1.0,2.0,1.0,0.0,Regular Season
201935,James Harden,1629020,Jarred Vanderbilt,2,5.6,27.1,2.0,0.0,5.0,0.0,2.0,1.0,0.0,Regular Season
203932,Aaron Gordon,1627751,Jakob Poeltl,1,5.8,27.1,11.0,4.0,5.0,1.0,1.0,0.0,1.0,Regular Season
1627742,Brandon Ingram,1628398,Kyle Kuzma,3,5.7,27.1,6.0,3.0,6.0,0.0,2.0,0.0,0.0,Regular Season
1642864,Hugo González,1628973,Jalen Brunson,3,6.2,27.1,0.0,0.0,3.0,0.0,3.0,0.0,0.0,Regular Season
1630245,Ayo Dosunmu,1628379,Luke Kennard,4,4.6,27.1,12.0,4.0,5.0,2.0,2.0,0.0,1.0,Regular Season
1631095,Jabari Smith Jr.,1628378,Donovan Mitchell,2,7.2,27.1,5.0,2.0,3.0,1.0,2.0,0.0,0.0,Regular Season
201142,Kevin Durant,1627884,Derrick Jones Jr.,2,5.6,27.1,10.0,4.0,7.0,2.0,4.0,3.0,0.0,Regular Season
1627752,Taurean Prince,1627742,Brandon Ingram,2,5.3,27.1,0.0,0.0,1.0,0.0,1.0,1.0,0.0,Regular Season
1630530,Trey Murphy III,1628970,Miles Bridges,2,5.3,27.1,6.0,2.0,6.0,2.0,4.0,0.0,0.0,Regular Season
1642907,Cedric Coward,1628983,Shai Gilgeous-Alexander,2,5.0,27.1,8.0,2.0,5.0,2.0,3.0,0.0,1.0,Regular Season
1630193,Immanuel Quickley,1642954,Will Richard,2,5.8,27.1,9.0,1.0,5.0,1.0,4.0,2.0,3.0,Regular Season
1628983,Shai Gilgeous-Alexander,1642883,Sion James,2,5.2,27.1,15.0,7.0,12.0,1.0,2.0,0.0,0.0,Regular Season
1642907,Cedric Coward,1642848,Tre Johnson,2,4.5,27.1,2.0,1.0,4.0,0.0,2.0,0.0,0.0,Regular Season
1630198,Isaiah Joe,1642277,Johnny Furphy,1,4.4,27.1,2.0,1.0,3.0,0.0,2.0,1.0,0.0,Regular Season
1630230,Naji Marshall,1642846,Ace Bailey,3,5.1,27.1,6.0,2.0,4.0,0.0,1.0,0.0,1.0,Regular Season
1631222,Jake LaRavia,1642847,Jeremiah Fears,4,4.7,27.1,3.0,1.0,3.0,1.0,3.0,0.0,0.0,Regular Season
203500,Steven Adams,1631119,Jaylin Williams,2,7.0,27.1,2.0,1.0,1.0,0.0,0.0,0.0,0.0,Regular Season
1630217,Desmond Bane,1631260,AJ Green,3,5.2,27.1,0.0,0.0,2.0,0.0,0.0,2.0,0.0,Regular Season
1628404,Josh Hart,1631107,Nikola Jović,3,6.0,27.1,2.0,1.0,1.0,0.0,0.0,0.0,0.0,Regular Season
1626220,Royce O'Neale,1631095,Jabari Smith Jr.,4,4.4,27.1,3.0,1.0,1.0,1.0,1.0,0.0,0.0,Regular Season
1642265,Rob Dillingham,1631221,Collin Gillespie,3,5.1,27.1,0.0,0.0,1.0,0.0,1.0,0.0,0.0,Regular Season
1642907,Cedric Coward,1631095,Jabari Smith Jr.,3,4.7,27.1,0.0,0.0,4.0,0.0,3.0,0.0,0.0,Regular Season
1631170,Jaime Jaquez Jr.,1630700,Dyson Daniels,3,5.1,27.1,4.0,2.0,8.0,0.0,3.0,0.0,0.0,Regular Season
1630162,Anthony Edwards,1642262,Cody Williams,1,5.4,27.1,16.0,6.0,10.0,2.0,3.0,0.0,1.0,Regular Season
1642860,Will Riley,1641764,Brandin Podziemski,2,5.2,27.1,10.0,4.0,6.0,2.0,3.0,1.0,0.0,Regular Season
1628989,Kevin Huerter,1641796,Pelle Larsson,4,5.3,27.1,3.0,1.0,5.0,1.0,5.0,1.0,0.0,Regular Season
1628379,Luke Kennard,1641716,Jarace Walker,5,4.3,27.1,6.0,3.0,4.0,0.0,0.0,0.0,0.0,Regular Season
1641722,Jordan Hawkins,1641740,Jaylen Clark,3,4.7,27.1,6.0,2.0,7.0,2.0,3.0,0.0,0.0,Regular Season
203114,Khris Middleton,1629750,Javonte Green,1,4.0,27.1,2.0,1.0,3.0,0.0,0.0,2.0,0.0,Regular Season
1626181,Norman Powell,1629631,De'Andre Hunter,2,3.8,27.1,8.0,3.0,6.0,1.0,4.0,0.0,1.0,Regular Season
1641764,Brandin Podziemski,1630170,Devin Vassell,4,4.9,27.1,2.0,1.0,3.0,0.0,2.0,0.0,0.0,Regular Season
1628401,Derrick White,1629614,Andrew Nembhard,4,5.5,27.1,6.0,2.0,6.0,2.0,5.0,1.0,0.0,Regular Season
203083,Andre Drummond,1629111,Jock Landale,2,6.5,27.1,5.0,2.0,3.0,0.0,0.0,0.0,1.0,Regular Season
1628374,Lauri Markkanen,1629060,Rui Hachimura,2,5.8,27.1,6.0,2.0,3.0,0.0,0.0,0.0,0.0,Regular Season
1628398,Kyle Kuzma,1630162,Anthony Edwards,1,5.5,27.0,0.0,0.0,0.0,0.0,0.0,1.0,0.0,Regular Season
203083,Andre Drummond,1630194,Paul Reed,3,4.9,27.0,4.0,2.0,3.0,0.0,0.0,1.0,0.0,Regular Season
1641729,Brice Sensabaugh,1630171,Isaac Okoro,2,4.3,27.0,10.0,4.0,6.0,2.0,4.0,0.0,0.0,Regular Season
201142,Kevin Durant,1629661,Cameron Johnson,4,5.1,27.0,10.0,4.0,8.0,2.0,3.0,1.0,0.0,Regular Season
1642266,Ja'Kobe Walter,1629639,Tyler Herro,2,5.6,27.0,6.0,2.0,4.0,2.0,4.0,0.0,0.0,Regular Season
1631101,Shaedon Sharpe,1630193,Immanuel Quickley,2,6.0,27.0,9.0,3.0,5.0,1.0,1.0,0.0,0.0,Regular Season
1630544,Tre Mann,1630558,Davion Mitchell,2,5.1,27.0,2.0,1.0,4.0,0.0,2.0,1.0,0.0,Regular Season
1642857,Kasparas Jakučionis,1630245,Ayo Dosunmu,3,5.0,27.0,0.0,0.0,0.0,0.0,0.0,0.0,0.0,Regular Season
1630230,Naji Marshall,201566,Russell Westbrook,2,4.5,27.0,6.0,3.0,3.0,0.0,0.0,2.0,0.0,Regular Season
1628392,Isaiah Hartenstein,203994,Jusuf Nurkić,1,5.1,27.0,8.0,3.0,3.0,0.0,0.0,2.0,2.0,Regular Season
1628401,Derrick White,203952,Andrew Wiggins,3,6.0,27.0,12.0,4.0,5.0,2.0,3.0,1.0,1.0,Regular Season
1630596,Evan Mobley,1626167,Myles Turner,2,5.2,27.0,16.0,4.0,5.0,1.0,1.0,4.0,2.0,Regular Season
1630171,Isaac Okoro,203507,Giannis Antetokounmpo,2,5.4,27.0,0.0,0.0,1.0,0.0,1.0,0.0,0.0,Regular Season
201144,Mike Conley,203468,CJ McCollum,1,6.1,27.0,3.0,0.0,1.0,0.0,1.0,0.0,1.0,Regular Season
1629060,Rui Hachimura,202710,Jimmy Butler III,1,5.5,27.0,6.0,2.0,2.0,2.0,2.0,0.0,0.0,Regular Season
1642867,Collin Murray-Boyles,1626171,Bobby Portis Jr.,3,5.3,27.0,5.0,2.0,3.0,0.0,1.0,1.0,0.0,Regular Season
1631096,Chet Holmgren,1626171,Bobby Portis Jr.,2,4.5,27.0,2.0,1.0,4.0,0.0,3.0,0.0,0.0,Regular Season
1630163,LaMelo Ball,203468,CJ McCollum,4,5.2,27.0,0.0,0.0,7.0,0.0,5.0,1.0,0.0,Regular Season
203954,Joel Embiid,1627734,Domantas Sabonis,1,5.7,27.0,8.0,3.0,4.0,0.0,0.0,1.0,1.0,Regular Season
203924,Jerami Grant,201939,Stephen Curry,3,3.5,27.0,0.0,0.0,4.0,0.0,3.0,2.0,0.0,Regular Season
1630567,Scottie Barnes,1628973,Jalen Brunson,5,3.0,27.0,6.0,2.0,3.0,0.0,0.0,1.0,0.0,Regular Season
203944,Julius Randle,1628386,Jarrett Allen,2,4.7,27.0,14.0,5.0,7.0,2.0,3.0,1.0,1.0,Regular Season
1641775,Jordan Walsh,1628381,John Collins,2,6.9,27.0,0.0,0.0,1.0,0.0,1.0,0.0,0.0,Regular Season
1642348,Justin Edwards,1627742,Brandon Ingram,2,6.1,27.0,4.0,1.0,3.0,0.0,1.0,1.0,0.0,Regular Season
1642347,Jamal Shead,1628370,Malik Monk,2,4.2,27.0,11.0,4.0,7.0,2.0,2.0,0.0,1.0,Regular Season
1641757,Jordan Miller,1628971,Bruce Brown,3,5.3,27.0,8.0,2.0,3.0,1.0,2.0,0.0,2.0,Regular Season
1631222,Jake LaRavia,1628960,Grayson Allen,3,5.0,27.0,6.0,2.0,2.0,0.0,0.0,0.0,1.0,Regular Season
1629675,Naz Reid,1628404,Josh Hart,2,5.9,27.0,0.0,0.0,5.0,0.0,5.0,0.0,0.0,Regular Season
1629637,Jaxson Hayes,1628991,Jaren Jackson Jr.,3,4.8,27.0,4.0,1.0,1.0,0.0,0.0,0.0,1.0,Regular Season
1629001,De'Anthony Melton,1628978,Donte DiVincenzo,3,6.1,27.0,5.0,2.0,5.0,1.0,3.0,1.0,0.0,Regular Season
1631095,Jabari Smith Jr.,1628978,Donte DiVincenzo,3,4.6,27.0,7.0,2.0,7.0,1.0,3.0,0.0,1.0,Regular Season
1630173,Precious Achiuwa,1642270,Donovan Clingan,4,6.3,27.0,18.0,6.0,16.0,0.0,3.0,0.0,4.0,Regular Season
1629048,Goga Bitadze,1641750,Ryan Kalkbrenner,3,6.1,27.0,3.0,1.0,3.0,1.0,1.0,0.0,0.0,Regular Season
1631170,Jaime Jaquez Jr.,1641738,Kobe Brown,2,5.9,27.0,7.0,3.0,7.0,0.0,1.0,0.0,1.0,Regular Season
1630631,Jose Alvarado,1641712,Rayan Rupert,3,5.6,27.0,2.0,1.0,5.0,0.0,3.0,1.0,0.0,Regular Season
1629656,Quentin Grimes,1641824,Matas Buzelis,3,4.7,27.0,2.0,0.0,2.0,0.0,1.0,2.0,1.0,Regular Season
1630595,Cade Cunningham,1642267,Bub Carrington,3,5.3,27.0,14.0,4.0,9.0,1.0,1.0,1.0,3.0,Regular Season
1642942,Jahmai Mashack,1641824,Matas Buzelis,2,4.1,27.0,5.0,2.0,2.0,1.0,1.0,0.0,0.0,Regular Season
1630567,Scottie Barnes,1641709,Ausar Thompson,3,4.8,27.0,0.0,0.0,4.0,0.0,1.0,1.0,0.0,Regular Season
203932,Aaron Gordon,1641739,Toumani Camara,3,4.0,27.0,3.0,0.0,2.0,0.0,2.0,0.0,1.0,Regular Season
1641706,Brandon Miller,1641767,Ben Sheppard,3,6.6,27.0,2.0,0.0,1.0,0.0,1.0,0.0,1.0,Regular Season
1631123,Jamaree Bouyea,1642272,Jared McCain,2,5.2,27.0,5.0,2.0,6.0,1.0,2.0,2.0,0.0,Regular Season
1641718,Keyonte George,1641842,Ronald Holland II,2,5.5,27.0,4.0,1.0,3.0,0.0,1.0,0.0,1.0,Regular Season
1626167,Myles Turner,1642271,Kyle Filipowski,2,4.5,27.0,3.0,1.0,3.0,1.0,3.0,0.0,0.0,Regular Season
1642860,Will Riley,1641783,Tristan da Silva,3,3.9,27.0,3.0,1.0,2.0,0.0,1.0,0.0,1.0,Regular Season
1641716,Jarace Walker,1641783,Tristan da Silva,3,5.0,27.0,3.0,1.0,2.0,1.0,2.0,0.0,0.0,Regular Season
1630595,Cade Cunningham,1641716,Jarace Walker,2,5.3,27.0,11.0,5.0,6.0,0.0,1.0,3.0,1.0,Regular Season
1627826,Ivica Zubac,1642366,Quinten Post,2,6.5,27.0,8.0,3.0,7.0,0.0,0.0,1.0,1.0,Regular Season
1641731,Bilal Coulibaly,1642856,Egor Dëmin,2,4.8,27.0,6.0,2.0,2.0,0.0,0.0,0.0,1.0,Regular Season
201942,DeMar DeRozan,1642348,Justin Edwards,2,4.6,27.0,0.0,0.0,2.0,0.0,0.0,0.0,0.0,Regular Season
1627739,Kris Dunn,1642347,Jamal Shead,2,6.3,27.0,5.0,1.0,2.0,1.0,2.0,1.0,1.0,Regular Season
1642264,Stephon Castle,1642273,Kyshawn George,2,5.1,27.0,9.0,3.0,5.0,1.0,1.0,1.0,2.0,Regular Season
1641764,Brandin Podziemski,1642843,Cooper Flagg,3,4.5,27.0,5.0,2.0,3.0,0.0,0.0,0.0,1.0,Regular Season
1627750,Jamal Murray,1641706,Brandon Miller,2,5.7,27.0,13.0,6.0,9.0,1.0,2.0,0.0,0.0,Regular Season
202710,Jimmy Butler III,1631321,Sidy Cissoko,3,5.8,27.0,9.0,2.0,4.0,0.0,0.0,2.0,2.0,Regular Season
1628386,Jarrett Allen,1631096,Chet Holmgren,2,5.3,27.0,4.0,2.0,5.0,0.0,0.0,2.0,0.0,Regular Season
1627750,Jamal Murray,1631221,Collin Gillespie,3,5.3,27.0,4.0,2.0,6.0,0.0,3.0,1.0,0.0,Regular Season
203954,Joel Embiid,1631217,Moussa Diabaté,2,5.8,27.0,6.0,2.0,7.0,0.0,4.0,0.0,2.0,Regular Season
1626162,Kelly Oubre Jr.,1641706,Brandon Miller,3,4.9,27.0,7.0,2.0,6.0,1.0,3.0,0.0,1.0,Regular Season
1641712,Rayan Rupert,1631108,Max Christie,3,4.9,27.0,2.0,1.0,3.0,0.0,1.0,0.0,0.0,Regular Season
1629652,Luguentz Dort,1631109,Mark Williams,4,5.3,27.0,15.0,5.0,11.0,5.0,11.0,0.0,0.0,Regular Season
1630577,Julian Champagnie,1631108,Max Christie,4,4.3,27.0,8.0,3.0,6.0,2.0,4.0,1.0,0.0,Regular Season
1630570,Trendon Watford,1631321,Sidy Cissoko,2,5.4,26.9,2.0,1.0,1.0,0.0,0.0,0.0,0.0,Regular Season
1629655,Daniel Gafford,1631105,Jalen Duren,2,5.1,26.9,5.0,2.0,3.0,0.0,0.0,1.0,1.0,Regular Season
1642271,Kyle Filipowski,1631128,Christian Braun,3,3.5,26.9,4.0,2.0,4.0,0.0,2.0,0.0,0.0,Regular Season
1626171,Bobby Portis Jr.,1631170,Jaime Jaquez Jr.,3,5.9,26.9,8.0,3.0,6.0,1.0,1.0,0.0,0.0,Regular Season
1630245,Ayo Dosunmu,1631157,Ryan Rollins,3,4.9,26.9,2.0,1.0,1.0,0.0,0.0,0.0,0.0,Regular Season
1642267,Bub Carrington,1631170,Jaime Jaquez Jr.,4,5.3,26.9,17.0,7.0,9.0,3.0,4.0,1.0,0.0,Regular Season
1641729,Brice Sensabaugh,1631108,Max Christie,3,5.1,26.9,5.0,2.0,4.0,1.0,3.0,0.0,0.0,Regular Season
1641708,Amen Thompson,1631101,Shaedon Sharpe,3,4.5,26.9,12.0,4.0,8.0,0.0,1.0,0.0,2.0,Regular Season
1631260,AJ Green,1631108,Max Christie,2,4.8,26.9,3.0,1.0,4.0,1.0,3.0,0.0,0.0,Regular Season
1628969,Mikal Bridges,1641706,Brandon Miller,2,5.9,26.9,7.0,3.0,4.0,1.0,2.0,1.0,0.0,Regular Season
1642271,Kyle Filipowski,1626157,Karl-Anthony Towns,2,5.8,26.9,2.0,1.0,3.0,0.0,2.0,0.0,0.0,Regular Season
1641729,Brice Sensabaugh,203484,Kentavious Caldwell-Pope,2,5.0,26.9,3.0,1.0,2.0,1.0,2.0,0.0,0.0,Regular Season
203110,Draymond Green,201572,Brook Lopez,3,7.3,26.9,4.0,1.0,5.0,1.0,5.0,0.0,1.0,Regular Season
1631094,Paolo Banchero,1626181,Norman Powell,5,5.2,26.9,3.0,1.0,3.0,0.0,0.0,0.0,1.0,Regular Season
1628396,Tony Bradley,203497,Rudy Gobert,1,4.8,26.9,4.0,2.0,2.0,0.0,0.0,0.0,0.0,Regular Season
1627739,Kris Dunn,2544,LeBron James,4,5.5,26.9,2.0,1.0,1.0,0.0,0.0,2.0,0.0,Regular Season
1642948,Ryan Nembhard,203471,Dennis Schröder,4,5.1,26.9,5.0,2.0,2.0,1.0,1.0,0.0,0.0,Regular Season
1641750,Ryan Kalkbrenner,203954,Joel Embiid,2,7.4,26.9,2.0,1.0,1.0,0.0,0.0,0.0,0.0,Regular Season
1630314,Brandon Williams,201144,Mike Conley,3,4.6,26.9,10.0,2.0,4.0,1.0,1.0,0.0,3.0,Regular Season
1631099,Keegan Murray,202695,Kawhi Leonard,1,5.3,26.9,5.0,2.0,6.0,1.0,3.0,0.0,0.0,Regular Season
1630230,Naji Marshall,202695,Kawhi Leonard,3,5.4,26.9,5.0,2.0,4.0,1.0,2.0,0.0,0.0,Regular Season
1641989,Elijah Harkless,203999,Nikola Jokić,2,3.1,26.9,3.0,1.0,3.0,1.0,3.0,0.0,0.0,Regular Season
1630591,Jalen Suggs,1630193,Immanuel Quickley,1,6.1,26.9,3.0,1.0,5.0,1.0,3.0,0.0,0.0,Regular Season
1630700,Dyson Daniels,1629674,Neemias Queta,1,6.1,26.9,2.0,1.0,4.0,0.0,1.0,0.0,0.0,Regular Season
1628963,Marvin Bagley III,1629048,Goga Bitadze,2,4.4,26.9,6.0,0.0,2.0,0.0,0.0,1.0,1.0,Regular Season
203084,Harrison Barnes,1629028,Deandre Ayton,3,4.9,26.9,12.0,3.0,6.0,2.0,4.0,0.0,2.0,Regular Season
1629006,Josh Okogie,1630193,Immanuel Quickley,2,6.0,26.9,3.0,1.0,1.0,1.0,1.0,1.0,0.0,Regular Season
202691,Klay Thompson,1629130,Duncan Robinson,2,4.8,26.9,6.0,2.0,5.0,2.0,4.0,0.0,0.0,Regular Season
1641706,Brandon Miller,1630171,Isaac Okoro,3,5.9,26.9,5.0,2.0,3.0,1.0,1.0,0.0,0.0,Regular Season
202331,Paul George,1629060,Rui Hachimura,1,5.8,26.9,6.0,2.0,4.0,0.0,0.0,0.0,0.0,Regular Season
1642263,Reed Sheppard,1642914,Javon Small,3,5.8,26.9,9.0,3.0,8.0,3.0,6.0,1.0,0.0,Regular Season
1631245,Quenton Jackson,1630558,Davion Mitchell,3,4.2,26.9,2.0,1.0,2.0,0.0,1.0,0.0,0.0,Regular Season
1631094,Paolo Banchero,1630230,Naji Marshall,2,5.0,26.9,5.0,2.0,2.0,1.0,1.0,1.0,0.0,Regular Season
1631321,Sidy Cissoko,1630530,Trey Murphy III,3,4.9,26.9,7.0,3.0,4.0,1.0,1.0,1.0,0.0,Regular Season
1630200,Tre Jones,1630224,Jalen Green,2,4.5,26.9,9.0,4.0,6.0,1.0,1.0,0.0,0.0,Regular Season
1630643,Jay Huff,1630549,Day'Ron Sharpe,2,4.4,26.9,6.0,2.0,5.0,2.0,5.0,0.0,0.0,Regular Season
203468,CJ McCollum,1630217,Desmond Bane,4,4.3,26.9,7.0,3.0,5.0,1.0,1.0,0.0,0.0,Regular Season
1628398,Kyle Kuzma,1630551,Justin Champagnie,4,4.8,26.9,4.0,2.0,3.0,0.0,0.0,2.0,0.0,Regular Season
1628384,OG Anunoby,1630596,Evan Mobley,3,4.2,26.9,11.0,4.0,6.0,3.0,5.0,1.0,0.0,Regular Season
203468,CJ McCollum,1642849,Nolan Traore,3,5.2,26.9,10.0,3.0,4.0,2.0,3.0,0.0,0.0,Regular Season
1631172,Ousmane Dieng,1642879,Ben Saraf,2,5.0,26.9,2.0,1.0,2.0,0.0,0.0,2.0,0.0,Regular Season
1631108,Max Christie,1642851,Kon Knueppel,2,4.9,26.9,5.0,2.0,5.0,1.0,3.0,0.0,0.0,Regular Season
1630249,Vít Krejčí,1642383,Walter Clayton Jr.,3,5.3,26.9,9.0,3.0,4.0,3.0,3.0,0.0,0.0,Regular Season
1631104,Blake Wesley,1642383,Walter Clayton Jr.,4,4.3,26.9,7.0,2.0,4.0,2.0,4.0,2.0,1.0,Regular Season
1628978,Donte DiVincenzo,1642846,Ace Bailey,4,4.7,26.9,8.0,3.0,4.0,2.0,3.0,0.0,0.0,Regular Season
1642268,Isaiah Collier,1642847,Jeremiah Fears,2,6.0,26.9,7.0,3.0,4.0,0.0,0.0,2.0,0.0,Regular Season
1627780,Gary Payton II,1628436,Luke Kornet,3,6.3,26.9,2.0,1.0,10.0,0.0,5.0,0.0,0.0,Regular Season
1630162,Anthony Edwards,1627936,Alex Caruso,3,4.4,26.9,10.0,3.0,5.0,2.0,3.0,1.0,1.0,Regular Season
1641767,Ben Sheppard,1628978,Donte DiVincenzo,1,4.7,26.9,1.0,0.0,0.0,0.0,0.0,0.0,0.0,Regular Season
1631109,Mark Williams,1629011,Mitchell Robinson,2,5.5,26.9,4.0,1.0,1.0,0.0,0.0,0.0,1.0,Regular Season
1631200,Kris Murray,1628983,Shai Gilgeous-Alexander,4,5.2,26.9,0.0,0.0,3.0,0.0,2.0,0.0,0.0,Regular Season
203497,Rudy Gobert,1628396,Tony Bradley,1,6.0,26.9,5.0,2.0,3.0,0.0,0.0,0.0,1.0,Regular Season
1628973,Jalen Brunson,1627749,Dejounte Murray,1,6.6,26.9,6.0,2.0,4.0,0.0,0.0,0.0,1.0,Regular Season
1631106,Tari Eason,1627783,Pascal Siakam,2,5.9,26.9,0.0,0.0,1.0,0.0,1.0,0.0,0.0,Regular Season
1642276,Kel'el Ware,1628396,Tony Bradley,2,4.9,26.9,2.0,1.0,2.0,0.0,0.0,0.0,0.0,Regular Season
201939,Stephen Curry,1629012,Collin Sexton,2,5.2,26.9,5.0,2.0,5.0,1.0,4.0,1.0,0.0,Regular Season
1629008,Michael Porter Jr.,1628404,Josh Hart,3,6.2,26.9,14.0,5.0,8.0,2.0,4.0,2.0,1.0,Regular Season
1641710,Anthony Black,1641729,Brice Sensabaugh,2,5.3,26.9,0.0,0.0,1.0,0.0,1.0,0.0,0.0,Regular Season
201942,DeMar DeRozan,1641729,Brice Sensabaugh,4,4.2,26.9,2.0,1.0,4.0,0.0,2.0,0.0,0.0,Regular Season
1628374,Lauri Markkanen,1641739,Toumani Camara,2,3.9,26.9,3.0,1.0,4.0,1.0,3.0,0.0,0.0,Regular Season
1631131,Oscar Tshiebwe,1642270,Donovan Clingan,2,5.2,26.9,6.0,3.0,6.0,0.0,0.0,0.0,0.0,Regular Season
1630604,E.J. Liddell,1641771,Jalen Slawson,1,5.6,26.9,7.0,3.0,6.0,1.0,3.0,1.0,0.0,Regular Season
1630241,Sam Merrill,1641783,Tristan da Silva,2,5.9,26.9,5.0,2.0,5.0,1.0,3.0,0.0,0.0,Regular Season
1641783,Tristan da Silva,1641824,Matas Buzelis,4,5.2,26.9,2.0,0.0,2.0,0.0,2.0,1.0,1.0,Regular Season
1631230,Dominick Barlow,1641824,Matas Buzelis,2,5.3,26.9,5.0,1.0,2.0,0.0,0.0,0.0,2.0,Regular Season
1641718,Keyonte George,1641740,Jaylen Clark,3,4.5,26.9,8.0,2.0,4.0,2.0,3.0,0.0,1.0,Regular Season
1630180,Saddiq Bey,1642264,Stephon Castle,4,6.4,26.9,18.0,6.0,9.0,4.0,5.0,0.0,0.0,Regular Season
203110,Draymond Green,1641750,Ryan Kalkbrenner,1,5.0,26.9,18.0,7.0,11.0,4.0,7.0,2.0,0.0,Regular Season
1628983,Shai Gilgeous-Alexander,1642266,Ja'Kobe Walter,1,4.9,26.9,9.0,2.0,2.0,0.0,0.0,0.0,3.0,Regular Season
1628389,Bam Adebayo,1642270,Donovan Clingan,1,5.0,26.8,16.0,7.0,14.0,0.0,4.0,0.0,1.0,Regular Season
1642846,Ace Bailey,1641717,Cason Wallace,4,3.9,26.8,6.0,2.0,6.0,2.0,6.0,0.0,0.0,Regular Season
1630245,Ayo Dosunmu,1642066,Myron Gardner,3,4.4,26.8,9.0,3.0,4.0,3.0,4.0,2.0,0.0,Regular Season
1630314,Brandon Williams,1641717,Cason Wallace,2,4.5,26.8,0.0,0.0,2.0,0.0,1.0,0.0,0.0,Regular Season
1630200,Tre Jones,1641778,Leaky Black,2,4.9,26.8,16.0,5.0,5.0,0.0,0.0,0.0,3.0,Regular Season
1630162,Anthony Edwards,1641730,Noah Clowney,1,3.9,26.8,4.0,1.0,4.0,0.0,1.0,0.0,1.0,Regular Season
1631172,Ousmane Dieng,1642262,Cody Williams,4,6.3,26.8,5.0,2.0,2.0,1.0,1.0,1.0,0.0,Regular Season
1642267,Bub Carrington,1642263,Reed Sheppard,2,3.8,26.8,3.0,1.0,3.0,1.0,1.0,0.0,0.0,Regular Season
1642377,Jaylen Wells,1642267,Bub Carrington,2,5.0,26.8,3.0,1.0,2.0,0.0,1.0,1.0,1.0,Regular Season
1642484,RayJ Dennis,1642914,Javon Small,1,5.0,26.8,2.0,0.0,3.0,0.0,1.0,1.0,0.0,Regular Season
1626145,Tyus Jones,204456,T.J. McConnell,2,5.5,26.8,4.0,2.0,2.0,0.0,0.0,0.0,0.0,Regular Season
1630549,Day'Ron Sharpe,203497,Rudy Gobert,2,4.8,26.8,2.0,1.0,1.0,0.0,0.0,0.0,0.0,Regular Season
1629640,Keldon Johnson,203484,Kentavious Caldwell-Pope,3,5.0,26.8,4.0,2.0,3.0,0.0,1.0,0.0,0.0,Regular Season
1631105,Jalen Duren,202685,Jonas Valanciunas,2,5.0,26.8,8.0,3.0,4.0,0.0,0.0,0.0,1.0,Regular Season
1641765,Olivier-Maxence Prosper,203999,Nikola Jokić,2,4.0,26.8,9.0,4.0,7.0,1.0,3.0,0.0,1.0,Regular Season
1630192,Zeke Nnaji,2544,LeBron James,2,5.0,26.8,3.0,1.0,3.0,1.0,2.0,1.0,0.0,Regular Season
1629028,Deandre Ayton,201143,Al Horford,2,5.2,26.8,4.0,2.0,2.0,0.0,0.0,1.0,0.0,Regular Season
1627734,Domantas Sabonis,1626167,Myles Turner,1,6.6,26.8,6.0,2.0,5.0,0.0,2.0,1.0,2.0,Regular Season
204456,T.J. McConnell,203903,Jordan Clarkson,4,4.5,26.8,6.0,3.0,3.0,0.0,0.0,0.0,0.0,Regular Season
1630217,Desmond Bane,201950,Jrue Holiday,1,4.7,26.8,2.0,1.0,3.0,0.0,1.0,0.0,0.0,Regular Season
1630200,Tre Jones,1627739,Kris Dunn,2,5.4,26.8,6.0,3.0,4.0,0.0,0.0,0.0,0.0,Regular Season
1630194,Paul Reed,203944,Julius Randle,2,4.8,26.8,4.0,2.0,3.0,0.0,0.0,0.0,0.0,Regular Season
1631217,Moussa Diabaté,203954,Joel Embiid,2,7.0,26.8,4.0,2.0,2.0,0.0,0.0,0.0,0.0,Regular Season
1641718,Keyonte George,203952,Andrew Wiggins,1,4.6,26.8,4.0,2.0,6.0,0.0,2.0,0.0,0.0,Regular Season
1629639,Tyler Herro,1631165,Keon Ellis,2,5.3,26.8,4.0,2.0,5.0,0.0,2.0,1.0,0.0,Regular Season
1628960,Grayson Allen,1631222,Jake LaRavia,3,6.4,26.8,3.0,1.0,6.0,1.0,4.0,0.0,0.0,Regular Season
203954,Joel Embiid,1631109,Mark Williams,1,4.9,26.8,14.0,5.0,9.0,3.0,5.0,0.0,1.0,Regular Season
1642504,Cormac Ryan,1631351,Lucas Williamson,1,5.0,26.8,4.0,1.0,1.0,0.0,0.0,1.0,1.0,Regular Season
1631099,Keegan Murray,1631101,Shaedon Sharpe,2,4.5,26.8,6.0,3.0,4.0,0.0,0.0,0.0,0.0,Regular Season
1627739,Kris Dunn,1630811,Keaton Wallace,2,5.9,26.8,7.0,3.0,3.0,1.0,1.0,0.0,1.0,Regular Season
201950,Jrue Holiday,1629614,Andrew Nembhard,1,4.5,26.8,0.0,0.0,1.0,0.0,1.0,0.0,0.0,Regular Season
1630170,Devin Vassell,1629130,Duncan Robinson,2,4.4,26.8,3.0,1.0,1.0,1.0,1.0,1.0,0.0,Regular Season
1641709,Ausar Thompson,1630180,Saddiq Bey,2,4.8,26.8,0.0,0.0,2.0,0.0,0.0,0.0,0.0,Regular Season
1642264,Stephon Castle,1629661,Cameron Johnson,2,4.9,26.8,14.0,4.0,5.0,2.0,3.0,1.0,2.0,Regular Season
1641708,Amen Thompson,1629674,Neemias Queta,2,5.8,26.8,7.0,2.0,5.0,2.0,3.0,1.0,1.0,Regular Season
203484,Kentavious Caldwell-Pope,1629029,Luka Dončić,3,3.2,26.8,9.0,4.0,5.0,1.0,2.0,0.0,0.0,Regular Season
1629012,Collin Sexton,1629645,Kevin Porter Jr.,3,5.3,26.8,9.0,3.0,5.0,1.0,3.0,2.0,1.0,Regular Season
1629673,Jordan Poole,1629614,Andrew Nembhard,2,6.0,26.8,2.0,1.0,3.0,0.0,2.0,0.0,0.0,Regular Season
201142,Kevin Durant,1629731,Dean Wade,2,5.2,26.8,7.0,3.0,6.0,0.0,1.0,0.0,1.0,Regular Season
201942,DeMar DeRozan,1630166,Deni Avdija,3,5.0,26.8,6.0,2.0,2.0,0.0,0.0,1.0,1.0,Regular Season
1626157,Karl-Anthony Towns,1630171,Isaac Okoro,3,5.3,26.8,6.0,2.0,4.0,0.0,1.0,0.0,1.0,Regular Season
203935,Marcus Smart,1628368,De'Aaron Fox,2,4.3,26.8,3.0,1.0,1.0,1.0,1.0,1.0,0.0,Regular Season
1629639,Tyler Herro,1629018,Gary Trent Jr.,1,4.5,26.8,4.0,2.0,2.0,0.0,0.0,0.0,0.0,Regular Season
1642843,Cooper Flagg,1628398,Kyle Kuzma,2,5.0,26.8,4.0,1.0,5.0,0.0,3.0,2.0,1.0,Regular Season
1628386,Jarrett Allen,1628436,Luke Kornet,1,4.5,26.8,10.0,4.0,10.0,0.0,1.0,0.0,1.0,Regular Season
1627747,Caris LeVert,1629018,Gary Trent Jr.,4,6.1,26.8,5.0,1.0,1.0,1.0,1.0,0.0,0.0,Regular Season
1628973,Jalen Brunson,1627884,Derrick Jones Jr.,1,5.8,26.8,8.0,3.0,4.0,1.0,1.0,0.0,1.0,Regular Season
1630188,Jalen Smith,1630578,Alperen Sengun,2,5.4,26.8,6.0,2.0,6.0,0.0,3.0,0.0,2.0,Regular Season
1629638,Nickeil Alexander-Walker,1630567,Scottie Barnes,4,4.2,26.8,15.0,5.0,14.0,3.0,8.0,1.0,1.0,Regular Season
1629628,RJ Barrett,1630552,Jalen Johnson,4,5.0,26.8,17.0,7.0,12.0,3.0,7.0,1.0,0.0,Regular Season
202699,Tobias Harris,1630532,Franz Wagner,2,4.5,26.8,8.0,2.0,5.0,1.0,3.0,0.0,1.0,Regular Season
1631260,AJ Green,1630530,Trey Murphy III,1,6.3,26.8,12.0,4.0,5.0,4.0,5.0,0.0,0.0,Regular Season
1642845,VJ Edgecombe,1630540,Miles McBride,2,4.7,26.8,13.0,4.0,4.0,2.0,2.0,1.0,1.0,Regular Season
1629023,P.J. Washington,1630596,Evan Mobley,1,4.9,26.8,7.0,3.0,4.0,1.0,1.0,0.0,0.0,Regular Season
1629661,Cameron Johnson,1630559,Austin Reaves,1,5.1,26.8,3.0,1.0,1.0,1.0,1.0,1.0,0.0,Regular Season
203468,CJ McCollum,1630573,Sam Hauser,6,3.7,26.8,6.0,2.0,6.0,1.0,2.0,0.0,1.0,Regular Season
1629012,Collin Sexton,1630217,Desmond Bane,4,4.4,26.8,10.0,2.0,2.0,1.0,1.0,0.0,2.0,Regular Season
1642273,Kyshawn George,1642845,VJ Edgecombe,2,4.4,26.8,6.0,2.0,3.0,2.0,2.0,1.0,1.0,Regular Season
1628971,Bruce Brown,1642363,Nique Clifford,4,5.0,26.8,2.0,1.0,2.0,0.0,1.0,1.0,0.0,Regular Season
1628978,Donte DiVincenzo,1642450,Daniss Jenkins,2,5.3,26.8,3.0,1.0,6.0,1.0,5.0,0.0,0.0,Regular Season
1629060,Rui Hachimura,1642860,Will Riley,2,5.0,26.8,8.0,3.0,4.0,1.0,1.0,0.0,1.0,Regular Season
202699,Tobias Harris,1642874,Danny Wolf,3,6.4,26.8,2.0,0.0,0.0,0.0,0.0,0.0,1.0,Regular Season
1642262,Cody Williams,1642852,Derik Queen,3,5.4,26.8,9.0,4.0,8.0,0.0,3.0,0.0,1.0,Regular Season
1630573,Sam Hauser,1642845,VJ Edgecombe,4,5.3,26.7,3.0,1.0,4.0,1.0,3.0,1.0,0.0,Regular Season
1630202,Payton Pritchard,1642349,Ajay Mitchell,2,6.6,26.7,9.0,3.0,6.0,3.0,4.0,0.0,0.0,Regular Season
201935,James Harden,1642348,Justin Edwards,2,5.2,26.7,7.0,3.0,5.0,1.0,3.0,1.0,0.0,Regular Season
1631260,AJ Green,1642277,Johnny Furphy,2,7.7,26.7,8.0,3.0,9.0,2.0,7.0,1.0,0.0,Regular Season
1629628,RJ Barrett,1642843,Cooper Flagg,2,5.1,26.7,6.0,3.0,6.0,0.0,2.0,0.0,0.0,Regular Season
1631105,Jalen Duren,1630700,Dyson Daniels,4,3.9,26.7,7.0,2.0,2.0,0.0,0.0,0.0,2.0,Regular Season
1642928,Dylan Cardwell,1631105,Jalen Duren,2,4.9,26.7,0.0,0.0,1.0,0.0,0.0,0.0,0.0,Regular Season
1629234,Drew Eubanks,1631109,Mark Williams,3,5.6,26.7,2.0,1.0,3.0,0.0,0.0,0.0,0.0,Regular Season
203935,Marcus Smart,1643016,Bez Mbeng,1,4.9,26.7,0.0,0.0,1.0,0.0,0.0,1.0,0.0,Regular Season
1642845,VJ Edgecombe,1642918,Alijah Martin,2,6.0,26.7,7.0,3.0,5.0,1.0,3.0,0.0,0.0,Regular Season
1630200,Tre Jones,1642948,Ryan Nembhard,2,5.6,26.7,2.0,1.0,2.0,0.0,1.0,1.0,0.0,Regular Season
1641718,Keyonte George,1641764,Brandin Podziemski,4,4.0,26.7,11.0,3.0,5.0,2.0,3.0,0.0,2.0,Regular Season
1641717,Cason Wallace,1642263,Reed Sheppard,3,4.8,26.7,10.0,5.0,7.0,0.0,1.0,0.0,0.0,Regular Season
1641757,Jordan Miller,1642269,Devin Carter,3,4.2,26.7,4.0,2.0,2.0,0.0,0.0,0.0,0.0,Regular Season
1629611,Terance Mann,1641767,Ben Sheppard,2,4.4,26.7,4.0,1.0,1.0,0.0,0.0,0.0,1.0,Regular Season
1629008,Michael Porter Jr.,1641842,Ronald Holland II,3,5.3,26.7,8.0,4.0,8.0,0.0,3.0,0.0,0.0,Regular Season
1630577,Julian Champagnie,1641708,Amen Thompson,4,4.3,26.7,9.0,3.0,5.0,3.0,5.0,2.0,0.0,Regular Season
1642267,Bub Carrington,1641854,Craig Porter Jr.,3,4.2,26.7,3.0,1.0,4.0,1.0,2.0,1.0,0.0,Regular Season
1642262,Cody Williams,1626181,Norman Powell,1,4.8,26.7,2.0,1.0,2.0,0.0,1.0,0.0,0.0,Regular Season
1641730,Noah Clowney,202691,Klay Thompson,3,5.5,26.7,4.0,1.0,4.0,0.0,2.0,0.0,1.0,Regular Season
203084,Harrison Barnes,1626164,Devin Booker,3,5.2,26.7,2.0,1.0,3.0,0.0,0.0,0.0,0.0,Regular Season
1641750,Ryan Kalkbrenner,203999,Nikola Jokić,1,5.2,26.7,4.0,2.0,2.0,0.0,0.0,0.0,0.0,Regular Season
1641750,Ryan Kalkbrenner,1626157,Karl-Anthony Towns,3,6.3,26.7,0.0,0.0,0.0,0.0,0.0,0.0,0.0,Regular Season
1641722,Jordan Hawkins,203501,Tim Hardaway Jr.,3,5.0,26.7,5.0,2.0,2.0,1.0,1.0,0.0,0.0,Regular Season
1629614,Andrew Nembhard,1627739,Kris Dunn,2,4.7,26.7,2.0,1.0,2.0,0.0,1.0,2.0,0.0,Regular Season
1630567,Scottie Barnes,1626162,Kelly Oubre Jr.,3,5.4,26.7,4.0,1.0,4.0,0.0,1.0,1.0,1.0,Regular Season
1641706,Brandon Miller,1626164,Devin Booker,2,5.5,26.7,6.0,2.0,2.0,2.0,2.0,1.0,0.0,Regular Season
1628384,OG Anunoby,202710,Jimmy Butler III,1,5.3,26.7,4.0,1.0,3.0,0.0,2.0,0.0,1.0,Regular Season
1629645,Kevin Porter Jr.,203114,Khris Middleton,3,5.8,26.7,8.0,3.0,4.0,2.0,3.0,0.0,0.0,Regular Season
1629731,Dean Wade,1626181,Norman Powell,2,5.8,26.7,0.0,0.0,0.0,0.0,0.0,0.0,0.0,Regular Season
203944,Julius Randle,201587,Nicolas Batum,4,5.6,26.7,4.0,2.0,3.0,0.0,0.0,0.0,0.0,Regular Season
1641738,Kobe Brown,1626162,Kelly Oubre Jr.,2,4.6,26.7,3.0,1.0,2.0,0.0,1.0,1.0,1.0,Regular Season
203468,CJ McCollum,203484,Kentavious Caldwell-Pope,3,4.0,26.7,11.0,3.0,3.0,2.0,2.0,0.0,1.0,Regular Season
1629130,Duncan Robinson,1630577,Julian Champagnie,2,4.8,26.7,7.0,3.0,5.0,1.0,2.0,0.0,0.0,Regular Season
201566,Russell Westbrook,1630529,Herbert Jones,2,4.5,26.7,7.0,3.0,4.0,1.0,2.0,0.0,0.0,Regular Season
203944,Julius Randle,1630578,Alperen Sengun,2,5.2,26.7,21.0,9.0,15.0,0.0,2.0,2.0,4.0,Regular Season
1628379,Luke Kennard,1630311,Pat Spencer,3,5.1,26.7,4.0,2.0,4.0,0.0,0.0,0.0,0.0,Regular Season
1629675,Naz Reid,1630541,Moses Moody,3,6.0,26.7,10.0,4.0,5.0,1.0,2.0,0.0,0.0,Regular Season
201935,James Harden,1630559,Austin Reaves,2,5.8,26.7,0.0,0.0,5.0,0.0,3.0,1.0,0.0,Regular Season
1628379,Luke Kennard,1630245,Ayo Dosunmu,4,4.5,26.7,2.0,1.0,1.0,0.0,0.0,0.0,0.0,Regular Season
1642875,Maxime Raynaud,1630604,E.J. Liddell,2,6.6,26.7,8.0,3.0,4.0,0.0,0.0,0.0,2.0,Regular Season
1642285,Cam Spencer,1630577,Julian Champagnie,4,4.7,26.7,9.0,3.0,8.0,1.0,4.0,0.0,0.0,Regular Season
1629651,Nic Claxton,1630568,Luka Garza,3,6.5,26.7,9.0,3.0,5.0,0.0,0.0,1.0,2.0,Regular Season
1630170,Devin Vassell,1630692,Jordan Goodwin,4,5.3,26.7,5.0,2.0,5.0,1.0,4.0,0.0,0.0,Regular Season
1641739,Toumani Camara,1630180,Saddiq Bey,3,5.0,26.7,5.0,1.0,3.0,1.0,3.0,0.0,1.0,Regular Season
203110,Draymond Green,1629627,Zion Williamson,2,3.9,26.7,0.0,0.0,1.0,0.0,1.0,0.0,0.0,Regular Season
1631119,Jaylin Williams,1629627,Zion Williamson,2,5.0,26.7,0.0,0.0,2.0,0.0,1.0,0.0,0.0,Regular Season
1641739,Toumani Camara,1629673,Jordan Poole,2,4.8,26.7,11.0,3.0,3.0,3.0,3.0,1.0,1.0,Regular Season
1628378,Donovan Mitchell,1630162,Anthony Edwards,2,3.1,26.7,4.0,1.0,7.0,0.0,3.0,1.0,1.0,Regular Season
1642285,Cam Spencer,1630183,Jaden McDaniels,3,5.4,26.7,6.0,2.0,3.0,2.0,2.0,0.0,0.0,Regular Season
1630559,Austin Reaves,1630180,Saddiq Bey,3,4.3,26.7,3.0,1.0,7.0,1.0,5.0,3.0,0.0,Regular Season
1628989,Kevin Huerter,1629631,De'Andre Hunter,3,5.0,26.7,7.0,3.0,4.0,1.0,2.0,0.0,0.0,Regular Season
1641824,Matas Buzelis,1629656,Quentin Grimes,3,4.3,26.7,2.0,1.0,4.0,0.0,1.0,0.0,0.0,Regular Season
1631097,Bennedict Mathurin,1630170,Devin Vassell,3,4.9,26.7,2.0,0.0,1.0,0.0,0.0,0.0,1.0,Regular Season
1630217,Desmond Bane,1629611,Terance Mann,1,4.3,26.7,2.0,0.0,3.0,0.0,0.0,1.0,0.0,Regular Season
1630182,Josh Green,1628378,Donovan Mitchell,4,6.2,26.7,6.0,2.0,2.0,2.0,2.0,0.0,0.0,Regular Season
1627742,Brandon Ingram,1627884,Derrick Jones Jr.,1,6.6,26.7,7.0,3.0,8.0,1.0,2.0,1.0,0.0,Regular Season
1630314,Brandon Williams,1628971,Bruce Brown,4,4.5,26.7,3.0,0.0,2.0,0.0,2.0,0.0,1.0,Regular Season
1630538,Bones Hyland,1628971,Bruce Brown,3,4.8,26.7,6.0,2.0,5.0,1.0,2.0,0.0,1.0,Regular Season
1631094,Paolo Banchero,1628971,Bruce Brown,2,4.6,26.7,12.0,5.0,10.0,0.0,3.0,0.0,1.0,Regular Season
1630217,Desmond Bane,1628989,Kevin Huerter,4,4.2,26.7,10.0,5.0,8.0,0.0,2.0,1.0,0.0,Regular Season
203952,Andrew Wiggins,1628384,OG Anunoby,3,4.5,26.7,2.0,1.0,2.0,0.0,1.0,1.0,0.0,Regular Season
1630559,Austin Reaves,1628368,De'Aaron Fox,1,4.3,26.7,3.0,1.0,4.0,1.0,4.0,2.0,0.0,Regular Season
1628366,Lonzo Ball,1628989,Kevin Huerter,3,4.2,26.7,0.0,0.0,1.0,0.0,1.0,0.0,0.0,Regular Season
1642364,Jamir Watkins,1628386,Jarrett Allen,2,4.5,26.7,5.0,2.0,6.0,1.0,3.0,0.0,0.0,Regular Season
1628978,Donte DiVincenzo,1627741,Buddy Hield,4,3.9,26.7,3.0,1.0,6.0,1.0,5.0,1.0,0.0,Regular Season
1630552,Jalen Johnson,1628381,John Collins,1,5.3,26.7,4.0,2.0,4.0,0.0,1.0,0.0,0.0,Regular Season
1642920,Kobe Sanders,1627742,Brandon Ingram,1,6.1,26.7,11.0,4.0,6.0,2.0,3.0,0.0,0.0,Regular Season
203944,Julius Randle,1627750,Jamal Murray,4,4.3,26.7,10.0,2.0,4.0,2.0,4.0,0.0,1.0,Regular Season
201143,Al Horford,1628436,Luke Kornet,3,5.0,26.6,4.0,2.0,7.0,0.0,2.0,0.0,0.0,Regular Season
1628379,Luke Kennard,1628983,Shai Gilgeous-Alexander,4,4.9,26.6,0.0,0.0,1.0,0.0,0.0,0.0,0.0,Regular Season
1629656,Quentin Grimes,1629018,Gary Trent Jr.,2,5.1,26.6,3.0,1.0,2.0,1.0,1.0,0.0,0.0,Regular Season
1627742,Brandon Ingram,1627783,Pascal Siakam,4,5.0,26.6,10.0,5.0,8.0,0.0,0.0,0.0,0.0,Regular Season
1629638,Nickeil Alexander-Walker,1628370,Malik Monk,1,5.0,26.6,10.0,2.0,4.0,1.0,3.0,0.0,2.0,Regular Season
1629060,Rui Hachimura,1629004,Svi Mykhailiuk,3,3.6,26.6,2.0,1.0,4.0,0.0,2.0,0.0,0.0,Regular Season
203897,Zach LaVine,1629020,Jarred Vanderbilt,2,5.2,26.6,7.0,2.0,2.0,1.0,1.0,0.0,1.0,Regular Season
1630558,Davion Mitchell,1628404,Josh Hart,4,3.6,26.6,7.0,2.0,3.0,1.0,1.0,0.0,1.0,Regular Season
201144,Mike Conley,1628989,Kevin Huerter,4,4.7,26.6,0.0,0.0,2.0,0.0,2.0,0.0,0.0,Regular Season
1630183,Jaden McDaniels,1628401,Derrick White,2,4.8,26.6,3.0,1.0,4.0,1.0,3.0,1.0,0.0,Regular Season
1630583,Santi Aldama,1627936,Alex Caruso,2,5.2,26.6,1.0,0.0,1.0,0.0,0.0,0.0,1.0,Regular Season
1628379,Luke Kennard,1628971,Bruce Brown,4,4.7,26.6,0.0,0.0,2.0,0.0,1.0,0.0,0.0,Regular Season
201572,Brook Lopez,1642271,Kyle Filipowski,3,5.6,26.6,3.0,1.0,8.0,0.0,7.0,0.0,1.0,Regular Season
1627783,Pascal Siakam,1642264,Stephon Castle,1,4.8,26.6,5.0,2.0,3.0,0.0,0.0,2.0,1.0,Regular Season
1631097,Bennedict Mathurin,1641796,Pelle Larsson,1,4.8,26.6,2.0,0.0,1.0,0.0,1.0,2.0,1.0,Regular Season
1631108,Max Christie,1641712,Rayan Rupert,3,5.3,26.6,2.0,1.0,5.0,0.0,4.0,1.0,0.0,Regular Season
1642851,Kon Knueppel,1631095,Jabari Smith Jr.,2,4.5,26.6,9.0,3.0,4.0,3.0,3.0,3.0,0.0,Regular Season
1630194,Paul Reed,1631096,Chet Holmgren,1,5.9,26.6,11.0,3.0,4.0,1.0,1.0,0.0,3.0,Regular Season
1631126,Caleb Love,1631221,Collin Gillespie,2,4.8,26.6,0.0,0.0,4.0,0.0,4.0,0.0,0.0,Regular Season
1629675,Naz Reid,1631212,Peyton Watson,3,4.7,26.6,10.0,4.0,9.0,2.0,7.0,0.0,0.0,Regular Season
203471,Dennis Schröder,1631170,Jaime Jaquez Jr.,3,3.6,26.6,5.0,2.0,6.0,0.0,1.0,0.0,1.0,Regular Season
203954,Joel Embiid,1642274,Yves Missi,1,5.5,26.6,8.0,3.0,7.0,2.0,3.0,1.0,0.0,Regular Season
1628370,Malik Monk,1642347,Jamal Shead,2,6.0,26.6,0.0,0.0,1.0,0.0,1.0,2.0,0.0,Regular Season
1629130,Duncan Robinson,1642856,Egor Dëmin,2,4.4,26.6,2.0,1.0,2.0,0.0,1.0,0.0,0.0,Regular Season
203114,Khris Middleton,1642461,Spencer Jones,3,4.2,26.6,3.0,1.0,3.0,1.0,1.0,0.0,0.0,Regular Season
203083,Andre Drummond,1642366,Quinten Post,2,6.9,26.6,3.0,1.0,6.0,1.0,3.0,2.0,0.0,Regular Season
1628404,Josh Hart,1642851,Kon Knueppel,3,4.5,26.6,8.0,4.0,5.0,0.0,0.0,1.0,0.0,Regular Season
201566,Russell Westbrook,1630183,Jaden McDaniels,4,4.2,26.6,5.0,2.0,6.0,1.0,4.0,1.0,0.0,Regular Season
1629656,Quentin Grimes,1629632,Coby White,2,4.3,26.6,5.0,1.0,1.0,1.0,1.0,0.0,1.0,Regular Season
1642860,Will Riley,1630163,LaMelo Ball,3,5.5,26.6,5.0,1.0,1.0,1.0,1.0,0.0,1.0,Regular Season
1629216,Gabe Vincent,1630193,Immanuel Quickley,2,5.7,26.6,8.0,3.0,6.0,2.0,4.0,0.0,0.0,Regular Season
1630230,Naji Marshall,1629029,Luka Dončić,2,4.6,26.6,9.0,3.0,6.0,0.0,0.0,2.0,1.0,Regular Season
201935,James Harden,1629652,Luguentz Dort,2,5.0,26.6,15.0,4.0,6.0,3.0,5.0,0.0,2.0,Regular Season
1629638,Nickeil Alexander-Walker,1629614,Andrew Nembhard,2,3.8,26.6,4.0,0.0,1.0,0.0,1.0,0.0,2.0,Regular Season
1628392,Isaiah Hartenstein,1629111,Jock Landale,1,5.0,26.6,4.0,2.0,3.0,0.0,0.0,1.0,0.0,Regular Season
1628398,Kyle Kuzma,1629029,Luka Dončić,2,4.6,26.6,0.0,0.0,3.0,0.0,3.0,1.0,0.0,Regular Season
1631170,Jaime Jaquez Jr.,203903,Jordan Clarkson,4,4.0,26.6,9.0,4.0,4.0,1.0,1.0,1.0,0.0,Regular Season
1631243,Mouhamed Gueye,203991,Clint Capela,2,5.4,26.6,0.0,0.0,6.0,0.0,2.0,0.0,0.0,Regular Season
1629627,Zion Williamson,203944,Julius Randle,1,6.1,26.6,4.0,2.0,3.0,0.0,0.0,1.0,0.0,Regular Season
1629731,Dean Wade,1626171,Bobby Portis Jr.,4,5.7,26.6,4.0,2.0,4.0,0.0,2.0,0.0,0.0,Regular Season
1642345,Oso Ighodaro,203944,Julius Randle,3,6.6,26.6,4.0,2.0,2.0,0.0,0.0,1.0,0.0,Regular Season
1630611,Gui Santos,203937,Kyle Anderson,4,4.7,26.6,5.0,2.0,4.0,1.0,3.0,1.0,0.0,Regular Season
1627751,Jakob Poeltl,1630643,Jay Huff,2,7.0,26.6,1.0,0.0,1.0,0.0,0.0,0.0,1.0,Regular Season
1627884,Derrick Jones Jr.,1630581,Josh Giddey,1,5.1,26.6,3.0,1.0,1.0,1.0,1.0,0.0,0.0,Regular Season
1630171,Isaac Okoro,1630552,Jalen Johnson,3,3.6,26.6,7.0,2.0,3.0,1.0,2.0,0.0,1.0,Regular Season
203944,Julius Randle,1630552,Jalen Johnson,1,5.9,26.6,2.0,1.0,2.0,0.0,1.0,0.0,0.0,Regular Season
1642267,Bub Carrington,1630692,Jordan Goodwin,2,5.5,26.6,6.0,2.0,4.0,2.0,3.0,1.0,0.0,Regular Season
1631097,Bennedict Mathurin,1630577,Julian Champagnie,4,6.5,26.6,2.0,1.0,2.0,0.0,0.0,2.0,0.0,Regular Season
1626157,Karl-Anthony Towns,1630549,Day'Ron Sharpe,3,4.2,26.5,7.0,3.0,6.0,1.0,2.0,1.0,0.0,Regular Season
1630700,Dyson Daniels,1630567,Scottie Barnes,4,4.6,26.5,2.0,0.0,1.0,0.0,0.0,1.0,1.0,Regular Season
1630170,Devin Vassell,1630224,Jalen Green,2,4.8,26.5,13.0,5.0,6.0,3.0,4.0,0.0,0.0,Regular Season
203110,Draymond Green,1630543,Isaiah Jackson,2,5.3,26.5,2.0,0.0,2.0,0.0,1.0,1.0,1.0,Regular Season
1630552,Jalen Johnson,1630581,Josh Giddey,3,4.2,26.5,7.0,3.0,6.0,0.0,2.0,0.0,1.0,Regular Season
1630552,Jalen Johnson,1630595,Cade Cunningham,3,3.5,26.5,9.0,2.0,4.0,0.0,1.0,1.0,3.0,Regular Season
201935,James Harden,1630573,Sam Hauser,3,6.1,26.5,2.0,1.0,4.0,0.0,1.0,0.0,0.0,Regular Season
1641783,Tristan da Silva,1630533,Ziaire Williams,3,4.7,26.5,5.0,2.0,4.0,0.0,1.0,0.0,1.0,Regular Season
1628960,Grayson Allen,1630314,Brandon Williams,1,5.1,26.5,3.0,1.0,3.0,1.0,3.0,0.0,0.0,Regular Season
1630572,Sandro Mamukelashvili,1630543,Isaiah Jackson,3,4.3,26.5,10.0,4.0,5.0,2.0,3.0,1.0,0.0,Regular Season
1627936,Alex Caruso,1641705,Victor Wembanyama,4,5.1,26.5,4.0,2.0,7.0,0.0,5.0,0.0,0.0,Regular Season
1642383,Walter Clayton Jr.,1631104,Blake Wesley,4,4.5,26.5,3.0,1.0,2.0,0.0,1.0,1.0,0.0,Regular Season
1631132,Christian Koloko,1631109,Mark Williams,2,5.4,26.5,2.0,1.0,2.0,0.0,0.0,1.0,0.0,Regular Season
1631094,Paolo Banchero,1631169,Josh Minott,2,4.4,26.5,2.0,0.0,1.0,0.0,1.0,1.0,1.0,Regular Season
203999,Nikola Jokić,1641705,Victor Wembanyama,1,6.8,26.5,23.0,9.0,16.0,1.0,4.0,0.0,1.0,Regular Season
1627742,Brandon Ingram,1641708,Amen Thompson,2,5.1,26.5,7.0,2.0,4.0,1.0,3.0,1.0,1.0,Regular Season
1627759,Jaylen Brown,1641824,Matas Buzelis,3,4.4,26.5,17.0,8.0,12.0,1.0,2.0,1.0,0.0,Regular Season
1629645,Kevin Porter Jr.,1641796,Pelle Larsson,2,4.4,26.5,7.0,2.0,6.0,0.0,1.0,1.0,2.0,Regular Season
1631221,Collin Gillespie,1642265,Rob Dillingham,3,5.5,26.5,5.0,1.0,2.0,1.0,1.0,0.0,0.0,Regular Season
1629001,De'Anthony Melton,1641718,Keyonte George,3,5.2,26.5,10.0,2.0,4.0,2.0,4.0,0.0,2.0,Regular Season
203903,Jordan Clarkson,1642268,Isaiah Collier,2,4.6,26.5,6.0,2.0,4.0,0.0,1.0,0.0,0.0,Regular Season
1642349,Ajay Mitchell,1642268,Isaiah Collier,2,4.6,26.5,7.0,2.0,3.0,1.0,2.0,0.0,1.0,Regular Season
1630200,Tre Jones,1642272,Jared McCain,4,6.1,26.5,3.0,1.0,3.0,0.0,1.0,0.0,0.0,Regular Season
1630558,Davion Mitchell,1642264,Stephon Castle,2,4.9,26.5,5.0,2.0,7.0,1.0,3.0,1.0,0.0,Regular Season
1630573,Sam Hauser,1641716,Jarace Walker,4,5.2,26.5,5.0,1.0,1.0,1.0,1.0,0.0,1.0,Regular Season
1630552,Jalen Johnson,1641783,Tristan da Silva,4,3.8,26.5,4.0,2.0,3.0,0.0,0.0,2.0,0.0,Regular Season
1642862,Liam McNeeley,1641711,Gradey Dick,3,6.8,26.5,4.0,1.0,4.0,1.0,4.0,0.0,1.0,Regular Season
1630202,Payton Pritchard,1642266,Ja'Kobe Walter,4,6.4,26.5,9.0,4.0,5.0,1.0,2.0,2.0,0.0,Regular Season
1629614,Andrew Nembhard,1641709,Ausar Thompson,1,5.8,26.5,0.0,0.0,4.0,0.0,2.0,0.0,0.0,Regular Season
1642954,Will Richard,1627742,Brandon Ingram,2,5.6,26.5,2.0,1.0,1.0,0.0,0.0,0.0,0.0,Regular Season
1642907,Cedric Coward,1627750,Jamal Murray,3,4.3,26.5,5.0,1.0,1.0,1.0,1.0,0.0,0.0,Regular Season
201566,Russell Westbrook,1627936,Alex Caruso,3,5.4,26.5,5.0,2.0,3.0,1.0,2.0,2.0,0.0,Regular Season
1628368,De'Aaron Fox,1627750,Jamal Murray,3,4.5,26.5,9.0,4.0,7.0,1.0,3.0,0.0,0.0,Regular Season
1631217,Moussa Diabaté,1627824,Guerschon Yabusele,3,6.0,26.5,4.0,2.0,2.0,0.0,0.0,0.0,0.0,Regular Season
1628404,Josh Hart,1628970,Miles Bridges,3,2.9,26.5,5.0,2.0,5.0,1.0,4.0,0.0,0.0,Regular Season
2544,LeBron James,1628970,Miles Bridges,1,5.3,26.5,6.0,3.0,5.0,0.0,0.0,0.0,0.0,Regular Season
1629627,Zion Williamson,1628392,Isaiah Hartenstein,1,6.1,26.5,11.0,4.0,7.0,0.0,0.0,0.0,3.0,Regular Season
1630162,Anthony Edwards,1627750,Jamal Murray,3,4.7,26.5,8.0,2.0,4.0,1.0,2.0,3.0,1.0,Regular Season
1642845,VJ Edgecombe,1628989,Kevin Huerter,4,5.3,26.5,11.0,4.0,6.0,1.0,1.0,0.0,1.0,Regular Season
1642883,Sion James,1629008,Michael Porter Jr.,2,4.8,26.5,3.0,1.0,1.0,1.0,1.0,0.0,0.0,Regular Season
1627759,Jaylen Brown,1627936,Alex Caruso,2,6.3,26.5,4.0,1.0,5.0,0.0,1.0,0.0,0.0,Regular Season
203924,Jerami Grant,1629020,Jarred Vanderbilt,3,4.8,26.5,7.0,1.0,5.0,1.0,3.0,1.0,1.0,Regular Season
1641705,Victor Wembanyama,1627827,Dorian Finney-Smith,3,5.9,26.5,6.0,2.0,6.0,0.0,3.0,2.0,2.0,Regular Season
1630178,Tyrese Maxey,1642920,Kobe Sanders,2,5.1,26.5,12.0,4.0,9.0,2.0,5.0,1.0,0.0,Regular Season
1630581,Josh Giddey,1642907,Cedric Coward,2,5.6,26.5,2.0,1.0,3.0,0.0,1.0,3.0,0.0,Regular Season
1631157,Ryan Rollins,201939,Stephen Curry,2,4.2,26.5,0.0,0.0,0.0,0.0,0.0,0.0,0.0,Regular Season
1630573,Sam Hauser,1626171,Bobby Portis Jr.,3,5.7,26.5,0.0,0.0,5.0,0.0,4.0,0.0,0.0,Regular Season
1627936,Alex Caruso,1626164,Devin Booker,2,4.6,26.5,2.0,1.0,3.0,0.0,1.0,1.0,0.0,Regular Season
1631096,Chet Holmgren,203110,Draymond Green,2,4.8,26.5,5.0,2.0,2.0,1.0,1.0,1.0,0.0,Regular Season
1641783,Tristan da Silva,201939,Stephen Curry,1,4.5,26.5,9.0,3.0,4.0,3.0,4.0,3.0,0.0,Regular Season
1630194,Paul Reed,203083,Andre Drummond,3,5.2,26.5,4.0,2.0,3.0,0.0,1.0,3.0,0.0,Regular Season
204001,Kristaps Porziņģis,203497,Rudy Gobert,2,5.3,26.5,6.0,2.0,5.0,0.0,1.0,1.0,1.0,Regular Season
1630202,Payton Pritchard,201935,James Harden,3,5.3,26.5,12.0,4.0,5.0,2.0,3.0,0.0,0.0,Regular Season
1641708,Amen Thompson,202691,Klay Thompson,3,5.9,26.5,4.0,2.0,4.0,0.0,0.0,1.0,0.0,Regular Season
202691,Klay Thompson,203926,Doug McDermott,2,4.7,26.5,6.0,2.0,8.0,2.0,5.0,0.0,0.0,Regular Season
1630214,Xavier Tillman,203954,Joel Embiid,2,5.4,26.5,3.0,1.0,6.0,1.0,5.0,0.0,0.0,Regular Season
1628384,OG Anunoby,203501,Tim Hardaway Jr.,2,6.0,26.5,3.0,1.0,5.0,1.0,4.0,0.0,0.0,Regular Season
203484,Kentavious Caldwell-Pope,203501,Tim Hardaway Jr.,2,4.6,26.5,2.0,1.0,1.0,0.0,0.0,0.0,0.0,Regular Season
201942,DeMar DeRozan,1642364,Jamir Watkins,2,5.7,26.5,15.0,5.0,8.0,2.0,2.0,1.0,2.0,Regular Season
1629028,Deandre Ayton,1642867,Collin Murray-Boyles,2,5.0,26.5,10.0,5.0,5.0,0.0,0.0,0.0,0.0,Regular Season
1630581,Josh Giddey,1642883,Sion James,3,5.1,26.5,9.0,4.0,6.0,1.0,2.0,0.0,0.0,Regular Season
203999,Nikola Jokić,1642366,Quinten Post,3,4.9,26.5,16.0,7.0,11.0,0.0,0.0,0.0,1.0,Regular Season
1630643,Jay Huff,1642867,Collin Murray-Boyles,4,5.2,26.5,5.0,2.0,5.0,1.0,4.0,0.0,0.0,Regular Season
201935,James Harden,1642364,Jamir Watkins,2,5.5,26.5,15.0,2.0,3.0,0.0,1.0,1.0,3.0,Regular Season
1626167,Myles Turner,1642875,Maxime Raynaud,1,5.3,26.5,6.0,2.0,3.0,2.0,3.0,0.0,0.0,Regular Season
1630166,Deni Avdija,1642348,Justin Edwards,2,3.9,26.5,5.0,1.0,2.0,0.0,0.0,0.0,1.0,Regular Season
1628368,De'Aaron Fox,1629731,Dean Wade,2,4.3,26.5,0.0,0.0,0.0,0.0,0.0,1.0,0.0,Regular Season
1641717,Cason Wallace,1629060,Rui Hachimura,4,5.7,26.5,4.0,2.0,4.0,0.0,2.0,0.0,0.0,Regular Season
1642347,Jamal Shead,1629639,Tyler Herro,2,4.7,26.5,0.0,0.0,2.0,0.0,0.0,1.0,0.0,Regular Season
1630590,Scotty Pippen Jr.,1629636,Darius Garland,1,4.3,26.5,3.0,0.0,2.0,0.0,2.0,1.0,1.0,Regular Season
1642262,Cody Williams,1630163,LaMelo Ball,1,4.7,26.5,6.0,2.0,3.0,0.0,0.0,0.0,2.0,Regular Season
1641750,Ryan Kalkbrenner,1629048,Goga Bitadze,3,5.0,26.5,3.0,1.0,1.0,0.0,0.0,0.0,1.0,Regular Season
1630568,Luka Garza,1629651,Nic Claxton,3,6.2,26.5,0.0,0.0,1.0,0.0,0.0,0.0,0.0,Regular Season
1629006,Josh Okogie,1630166,Deni Avdija,3,4.4,26.5,0.0,0.0,2.0,0.0,2.0,1.0,1.0,Regular Season
203999,Nikola Jokić,1629111,Jock Landale,1,5.8,26.4,4.0,1.0,2.0,1.0,2.0,0.0,1.0,Regular Season
203932,Aaron Gordon,1630166,Deni Avdija,3,3.7,26.4,4.0,1.0,2.0,0.0,1.0,0.0,1.0,Regular Season
1629723,John Konchar,1629627,Zion Williamson,4,5.2,26.4,3.0,1.0,3.0,1.0,3.0,3.0,0.0,Regular Season
1631101,Shaedon Sharpe,1629638,Nickeil Alexander-Walker,1,6.4,26.4,4.0,0.0,2.0,0.0,0.0,1.0,2.0,Regular Season
1630643,Jay Huff,1629655,Daniel Gafford,1,5.2,26.4,5.0,2.0,5.0,0.0,3.0,0.0,1.0,Regular Season
1627739,Kris Dunn,1630170,Devin Vassell,3,4.9,26.4,5.0,2.0,2.0,0.0,0.0,1.0,0.0,Regular Season
1630162,Anthony Edwards,1629216,Gabe Vincent,2,5.7,26.4,8.0,2.0,5.0,1.0,2.0,0.0,2.0,Regular Season
1631212,Peyton Watson,1629675,Naz Reid,3,3.7,26.4,5.0,1.0,1.0,1.0,1.0,0.0,1.0,Regular Season
1629638,Nickeil Alexander-Walker,1629130,Duncan Robinson,3,3.5,26.4,4.0,2.0,7.0,0.0,4.0,0.0,0.0,Regular Season
202695,Kawhi Leonard,1630162,Anthony Edwards,3,6.9,26.4,11.0,5.0,9.0,1.0,4.0,0.0,0.0,Regular Season
203952,Andrew Wiggins,1630171,Isaac Okoro,3,4.2,26.4,2.0,1.0,7.0,0.0,2.0,1.0,0.0,Regular Season
1642948,Ryan Nembhard,1627750,Jamal Murray,4,5.9,26.4,10.0,4.0,8.0,2.0,4.0,0.0,0.0,Regular Season
1629631,De'Andre Hunter,1628381,John Collins,2,4.8,26.4,2.0,0.0,5.0,0.0,3.0,0.0,1.0,Regular Season
1627750,Jamal Murray,1628978,Donte DiVincenzo,4,4.5,26.4,5.0,2.0,5.0,1.0,1.0,1.0,0.0,Regular Season
1628960,Grayson Allen,1628379,Luke Kennard,3,4.8,26.4,13.0,5.0,8.0,3.0,5.0,1.0,0.0,Regular Season
1628401,Derrick White,1628973,Jalen Brunson,4,4.8,26.4,13.0,5.0,13.0,3.0,10.0,0.0,0.0,Regular Season
1627759,Jaylen Brown,1628381,John Collins,2,4.3,26.4,10.0,4.0,9.0,0.0,2.0,2.0,1.0,Regular Season
1629006,Josh Okogie,1628978,Donte DiVincenzo,2,4.8,26.4,2.0,0.0,3.0,0.0,3.0,0.0,1.0,Regular Season
1642851,Kon Knueppel,1628401,Derrick White,2,5.8,26.4,3.0,1.0,2.0,1.0,1.0,0.0,0.0,Regular Season
1630180,Saddiq Bey,1627783,Pascal Siakam,2,5.4,26.4,4.0,2.0,5.0,0.0,2.0,0.0,0.0,Regular Season
1628366,Lonzo Ball,1641706,Brandon Miller,2,6.3,26.4,5.0,2.0,2.0,1.0,1.0,1.0,0.0,Regular Season
201942,DeMar DeRozan,1631170,Jaime Jaquez Jr.,2,5.3,26.4,8.0,4.0,5.0,0.0,1.0,0.0,0.0,Regular Season
1626166,Cameron Payne,1631113,Kennedy Chandler,1,4.7,26.4,6.0,1.0,3.0,1.0,2.0,0.0,1.0,Regular Season
1629675,Naz Reid,1631222,Jake LaRavia,3,5.2,26.4,9.0,4.0,7.0,1.0,3.0,0.0,0.0,Regular Season
1631105,Jalen Duren,1631243,Mouhamed Gueye,3,6.2,26.4,14.0,5.0,6.0,0.0,0.0,0.0,0.0,Regular Season
1641824,Matas Buzelis,1631097,Bennedict Mathurin,4,3.8,26.4,2.0,0.0,1.0,0.0,1.0,0.0,1.0,Regular Season
1641712,Rayan Rupert,1631159,Leonard Miller,2,4.9,26.4,5.0,2.0,4.0,1.0,2.0,0.0,0.0,Regular Season
1641713,GG Jackson,1631321,Sidy Cissoko,3,5.3,26.4,7.0,2.0,3.0,1.0,1.0,0.0,1.0,Regular Season
1629651,Nic Claxton,1631133,Jabari Walker,3,4.2,26.4,4.0,1.0,2.0,0.0,0.0,2.0,1.0,Regular Season
1641783,Tristan da Silva,1630224,Jalen Green,2,4.6,26.4,0.0,0.0,1.0,0.0,0.0,0.0,0.0,Regular Season
1629023,P.J. Washington,1630529,Herbert Jones,4,4.5,26.4,6.0,1.0,2.0,1.0,1.0,1.0,2.0,Regular Season
1627741,Buddy Hield,1630538,Bones Hyland,4,4.6,26.4,2.0,1.0,3.0,0.0,2.0,0.0,0.0,Regular Season
1630695,Micah Potter,1630543,Isaiah Jackson,2,5.5,26.4,7.0,3.0,6.0,1.0,2.0,0.0,0.0,Regular Season
1630623,Tyson Etienne,1630679,Ethan Thompson,1,5.3,26.4,2.0,1.0,5.0,0.0,1.0,0.0,0.0,Regular Season
1641757,Jordan Miller,1630245,Ayo Dosunmu,3,5.3,26.4,4.0,0.0,1.0,0.0,1.0,2.0,2.0,Regular Season
1629013,Landry Shamet,1630202,Payton Pritchard,3,6.3,26.4,0.0,0.0,1.0,0.0,1.0,0.0,0.0,Regular Season
1628401,Derrick White,1630540,Miles McBride,3,4.9,26.4,5.0,1.0,4.0,1.0,4.0,0.0,2.0,Regular Season
1627742,Brandon Ingram,1630573,Sam Hauser,3,4.0,26.4,8.0,3.0,5.0,0.0,0.0,0.0,0.0,Regular Season
1629638,Nickeil Alexander-Walker,1630200,Tre Jones,3,4.4,26.4,2.0,1.0,3.0,0.0,0.0,0.0,0.0,Regular Season
1631222,Jake LaRavia,1630314,Brandon Williams,4,4.7,26.4,9.0,4.0,4.0,1.0,1.0,1.0,0.0,Regular Season
202699,Tobias Harris,1630202,Payton Pritchard,4,3.8,26.4,5.0,2.0,4.0,1.0,2.0,0.0,0.0,Regular Season
201939,Stephen Curry,1642269,Devin Carter,2,5.2,26.4,6.0,2.0,3.0,1.0,2.0,2.0,1.0,Regular Season
1631157,Ryan Rollins,1641989,Elijah Harkless,2,4.4,26.4,3.0,1.0,3.0,1.0,3.0,1.0,0.0,Regular Season
1626181,Norman Powell,1642262,Cody Williams,1,4.2,26.4,5.0,2.0,5.0,0.0,0.0,0.0,1.0,Regular Season
202696,Nikola Vučević,1641790,PJ Hall,1,5.4,26.4,18.0,8.0,9.0,2.0,3.0,1.0,0.0,Regular Season
204456,T.J. McConnell,1642883,Sion James,3,5.7,26.4,9.0,3.0,7.0,0.0,2.0,2.0,2.0,Regular Season
1630170,Devin Vassell,1642461,Spencer Jones,2,4.5,26.4,3.0,1.0,4.0,1.0,1.0,0.0,0.0,Regular Season
1631230,Dominick Barlow,1642875,Maxime Raynaud,2,4.4,26.4,8.0,4.0,5.0,0.0,1.0,0.0,0.0,Regular Season
1628960,Grayson Allen,1642920,Kobe Sanders,1,4.4,26.4,4.0,1.0,7.0,1.0,6.0,0.0,1.0,Regular Season
1631221,Collin Gillespie,1642948,Ryan Nembhard,1,4.9,26.4,4.0,1.0,4.0,0.0,2.0,1.0,1.0,Regular Season
1626164,Devin Booker,1642907,Cedric Coward,2,4.3,26.4,18.0,6.0,9.0,2.0,3.0,1.0,2.0,Regular Season
1628404,Josh Hart,203944,Julius Randle,2,4.1,26.4,7.0,3.0,5.0,1.0,1.0,0.0,0.0,Regular Season
1631221,Collin Gillespie,201587,Nicolas Batum,4,5.2,26.4,3.0,1.0,6.0,1.0,5.0,0.0,0.0,Regular Season
1627751,Jakob Poeltl,1626171,Bobby Portis Jr.,3,5.5,26.4,2.0,1.0,2.0,0.0,0.0,0.0,0.0,Regular Season
1628971,Bruce Brown,203471,Dennis Schröder,4,5.3,26.4,4.0,2.0,5.0,0.0,1.0,0.0,0.0,Regular Season
1630529,Herbert Jones,201939,Stephen Curry,1,4.8,26.4,4.0,2.0,3.0,0.0,1.0,0.0,0.0,Regular Season
1631157,Ryan Rollins,201566,Russell Westbrook,2,4.3,26.4,7.0,2.0,2.0,1.0,1.0,2.0,1.0,Regular Season
1630533,Ziaire Williams,201935,James Harden,3,4.4,26.4,5.0,2.0,4.0,0.0,2.0,0.0,1.0,Regular Season
1641740,Jaylen Clark,203468,CJ McCollum,3,4.8,26.4,5.0,1.0,1.0,1.0,1.0,0.0,1.0,Regular Season
201142,Kevin Durant,203937,Kyle Anderson,3,4.9,26.4,0.0,0.0,1.0,0.0,0.0,1.0,0.0,Regular Season
1641750,Ryan Kalkbrenner,203939,Dwight Powell,1,6.3,26.3,2.0,1.0,1.0,0.0,0.0,0.0,0.0,Regular Season
1630183,Jaden McDaniels,203999,Nikola Jokić,4,4.3,26.3,6.0,3.0,3.0,0.0,0.0,0.0,0.0,Regular Season
1626171,Bobby Portis Jr.,1626157,Karl-Anthony Towns,3,5.2,26.3,7.0,3.0,8.0,0.0,3.0,0.0,1.0,Regular Season
1628970,Miles Bridges,1626157,Karl-Anthony Towns,3,5.5,26.3,7.0,3.0,9.0,1.0,4.0,2.0,0.0,Regular Season
202710,Jimmy Butler III,1626220,Royce O'Neale,3,4.7,26.3,0.0,0.0,2.0,0.0,1.0,1.0,0.0,Regular Season
1628978,Donte DiVincenzo,1626145,Tyus Jones,1,4.5,26.3,0.0,0.0,0.0,0.0,0.0,0.0,0.0,Regular Season
201950,Jrue Holiday,203932,Aaron Gordon,3,5.1,26.3,6.0,2.0,7.0,2.0,5.0,0.0,0.0,Regular Season
1629651,Nic Claxton,1630578,Alperen Sengun,2,4.9,26.3,2.0,1.0,3.0,0.0,0.0,0.0,0.0,Regular Season
1631106,Tari Eason,1630577,Julian Champagnie,4,5.2,26.3,10.0,4.0,7.0,2.0,2.0,0.0,0.0,Regular Season
1630180,Saddiq Bey,1630583,Santi Aldama,2,5.4,26.3,2.0,1.0,2.0,0.0,1.0,0.0,1.0,Regular Season
1631105,Jalen Duren,1630264,Anthony Gill,3,4.7,26.3,10.0,2.0,7.0,0.0,0.0,0.0,4.0,Regular Season
1629111,Jock Landale,1630578,Alperen Sengun,2,4.7,26.3,6.0,2.0,8.0,2.0,4.0,0.0,0.0,Regular Season
1628374,Lauri Markkanen,1630596,Evan Mobley,1,5.6,26.3,12.0,3.0,5.0,2.0,4.0,0.0,2.0,Regular Season
1630314,Brandon Williams,1630631,Jose Alvarado,3,5.4,26.3,2.0,1.0,3.0,0.0,2.0,1.0,0.0,Regular Season
1629632,Coby White,1630631,Jose Alvarado,4,5.4,26.3,7.0,3.0,4.0,1.0,2.0,2.0,0.0,Regular Season
203935,Marcus Smart,1630217,Desmond Bane,2,6.4,26.3,0.0,0.0,2.0,0.0,2.0,0.0,0.0,Regular Season
1629130,Duncan Robinson,1630679,Ethan Thompson,2,5.1,26.3,5.0,2.0,5.0,1.0,4.0,0.0,0.0,Regular Season
1628404,Josh Hart,1630558,Davion Mitchell,4,4.1,26.3,8.0,3.0,5.0,1.0,3.0,3.0,1.0,Regular Season
1631095,Jabari Smith Jr.,1630552,Jalen Johnson,1,6.0,26.3,6.0,2.0,3.0,1.0,1.0,0.0,0.0,Regular Season
1631105,Jalen Duren,1630643,Jay Huff,3,5.0,26.3,16.0,6.0,9.0,0.0,0.0,0.0,3.0,Regular Season
1630173,Precious Achiuwa,1630583,Santi Aldama,2,5.0,26.3,7.0,3.0,4.0,1.0,2.0,0.0,0.0,Regular Season
203471,Dennis Schröder,1628971,Bruce Brown,4,5.5,26.3,10.0,2.0,5.0,1.0,2.0,0.0,2.0,Regular Season
1628436,Luke Kornet,1628386,Jarrett Allen,1,5.8,26.3,4.0,2.0,3.0,0.0,0.0,0.0,0.0,Regular Season
1628384,OG Anunoby,1627783,Pascal Siakam,1,5.3,26.3,2.0,1.0,3.0,0.0,2.0,0.0,1.0,Regular Season
1631093,Jaden Ivey,1629014,Anfernee Simons,3,5.5,26.3,0.0,0.0,3.0,0.0,2.0,2.0,0.0,Regular Season
1641842,Ronald Holland II,1629018,Gary Trent Jr.,4,4.8,26.3,2.0,1.0,3.0,0.0,2.0,0.0,0.0,Regular Season
201942,DeMar DeRozan,1627750,Jamal Murray,4,5.1,26.3,6.0,2.0,8.0,0.0,2.0,0.0,0.0,Regular Season
1642258,Zaccharie Risacher,1629008,Michael Porter Jr.,2,4.7,26.3,0.0,0.0,0.0,0.0,0.0,0.0,0.0,Regular Season
1631260,AJ Green,1628378,Donovan Mitchell,3,5.6,26.3,0.0,0.0,0.0,0.0,0.0,0.0,0.0,Regular Season
1642363,Nique Clifford,1629029,Luka Dončić,3,5.6,26.3,4.0,1.0,1.0,0.0,0.0,0.0,1.0,Regular Season
1630583,Santi Aldama,1630173,Precious Achiuwa,2,5.0,26.3,6.0,2.0,5.0,2.0,4.0,0.0,0.0,Regular Season
203897,Zach LaVine,1629645,Kevin Porter Jr.,1,6.0,26.3,2.0,1.0,2.0,0.0,0.0,0.0,0.0,Regular Season
1631097,Bennedict Mathurin,1629638,Nickeil Alexander-Walker,2,4.8,26.3,4.0,1.0,1.0,0.0,0.0,2.0,1.0,Regular Season
1642261,Dalton Knecht,1629640,Keldon Johnson,3,5.3,26.3,2.0,1.0,2.0,0.0,0.0,0.0,0.0,Regular Season
1642948,Ryan Nembhard,1631221,Collin Gillespie,1,5.2,26.3,5.0,2.0,3.0,0.0,0.0,0.0,1.0,Regular Season
1628378,Donovan Mitchell,1631222,Jake LaRavia,2,4.5,26.3,2.0,1.0,5.0,0.0,3.0,1.0,0.0,Regular Season
1641717,Cason Wallace,1631101,Shaedon Sharpe,3,5.2,26.3,2.0,1.0,2.0,0.0,1.0,1.0,0.0,Regular Season
1630700,Dyson Daniels,1631105,Jalen Duren,4,4.5,26.3,10.0,5.0,10.0,0.0,1.0,0.0,0.0,Regular Season
1642846,Ace Bailey,1642907,Cedric Coward,1,4.7,26.3,4.0,2.0,3.0,0.0,1.0,0.0,0.0,Regular Season
1642851,Kon Knueppel,1642962,Drake Powell,3,6.5,26.3,0.0,0.0,2.0,0.0,1.0,0.0,0.0,Regular Season
1629008,Michael Porter Jr.,1641824,Matas Buzelis,2,5.3,26.3,18.0,7.0,10.0,3.0,6.0,1.0,1.0,Regular Season
1630200,Tre Jones,1642263,Reed Sheppard,2,5.1,26.3,7.0,2.0,4.0,0.0,0.0,0.0,2.0,Regular Season
1630245,Ayo Dosunmu,1642268,Isaiah Collier,3,5.0,26.3,16.0,5.0,7.0,3.0,5.0,0.0,2.0,Regular Season
1642852,Derik Queen,1642262,Cody Williams,3,3.4,26.3,2.0,1.0,1.0,0.0,0.0,1.0,0.0,Regular Season
1631096,Chet Holmgren,1641737,Adem Bona,2,4.5,26.3,2.0,1.0,7.0,0.0,2.0,0.0,0.0,Regular Season
1641824,Matas Buzelis,1641713,GG Jackson,1,5.1,26.3,3.0,1.0,2.0,1.0,2.0,2.0,0.0,Regular Season
1630168,Onyeka Okongwu,1642873,Amari Williams,3,3.5,26.3,3.0,1.0,3.0,1.0,3.0,0.0,0.0,Regular Season
1627884,Derrick Jones Jr.,1642847,Jeremiah Fears,4,4.2,26.3,6.0,2.0,4.0,2.0,4.0,0.0,0.0,Regular Season
1642856,Egor Dëmin,1642844,Dylan Harper,2,5.6,26.3,0.0,0.0,2.0,0.0,2.0,2.0,0.0,Regular Season
1627747,Caris LeVert,1642845,VJ Edgecombe,3,5.3,26.3,8.0,3.0,5.0,1.0,1.0,2.0,1.0,Regular Season
1628404,Josh Hart,1642845,VJ Edgecombe,3,5.2,26.3,0.0,0.0,2.0,0.0,0.0,1.0,0.0,Regular Season
1628969,Mikal Bridges,1642347,Jamal Shead,5,5.1,26.3,18.0,7.0,8.0,4.0,5.0,1.0,0.0,Regular Season
1629057,Robert Williams III,1642875,Maxime Raynaud,3,6.4,26.3,4.0,2.0,2.0,0.0,0.0,0.0,0.0,Regular Season
1628401,Derrick White,1642851,Kon Knueppel,2,6.2,26.3,4.0,1.0,1.0,0.0,0.0,1.0,1.0,Regular Season
1631097,Bennedict Mathurin,1642363,Nique Clifford,3,4.3,26.3,4.0,1.0,2.0,0.0,0.0,2.0,0.0,Regular Season
1641717,Cason Wallace,1642849,Nolan Traore,2,4.1,26.3,4.0,2.0,5.0,0.0,1.0,1.0,0.0,Regular Season
1628960,Grayson Allen,1642847,Jeremiah Fears,2,5.5,26.2,6.0,2.0,8.0,2.0,8.0,0.0,0.0,Regular Season
1628374,Lauri Markkanen,1642346,Ryan Dunn,2,5.4,26.2,13.0,3.0,7.0,3.0,7.0,1.0,1.0,Regular Season
1630178,Tyrese Maxey,1642883,Sion James,3,5.1,26.2,4.0,2.0,3.0,0.0,0.0,1.0,0.0,Regular Season
1631119,Jaylin Williams,1642852,Derik Queen,2,5.1,26.2,2.0,1.0,3.0,0.0,1.0,3.0,0.0,Regular Season
1628401,Derrick White,1642347,Jamal Shead,4,6.0,26.2,3.0,1.0,1.0,1.0,1.0,0.0,0.0,Regular Season
1631094,Paolo Banchero,1642281,Jaylon Tyson,3,4.8,26.2,4.0,1.0,2.0,0.0,0.0,2.0,1.0,Regular Season
1630551,Justin Champagnie,1630178,Tyrese Maxey,3,4.7,26.2,2.0,1.0,3.0,0.0,2.0,2.0,0.0,Regular Season
1642264,Stephon Castle,1630162,Anthony Edwards,2,4.5,26.2,6.0,2.0,3.0,1.0,2.0,1.0,1.0,Regular Season
1642846,Ace Bailey,1630183,Jaden McDaniels,4,4.2,26.2,11.0,4.0,6.0,1.0,2.0,0.0,1.0,Regular Season
1629618,Jalen Pickett,1629638,Nickeil Alexander-Walker,1,5.6,26.2,0.0,0.0,0.0,0.0,0.0,1.0,0.0,Regular Season
1630619,Moussa Cisse,1629674,Neemias Queta,2,5.4,26.2,2.0,1.0,3.0,0.0,0.0,0.0,0.0,Regular Season
1642869,Noah Penda,1630178,Tyrese Maxey,2,4.8,26.2,3.0,1.0,1.0,1.0,1.0,0.0,0.0,Regular Season
1629614,Andrew Nembhard,1630178,Tyrese Maxey,2,4.5,26.2,6.0,1.0,2.0,1.0,2.0,0.0,2.0,Regular Season
1631123,Jamaree Bouyea,1629026,Kenrich Williams,4,4.9,26.2,7.0,3.0,3.0,1.0,1.0,0.0,0.0,Regular Season
1630696,Dru Smith,1629632,Coby White,4,6.0,26.2,3.0,1.0,2.0,0.0,0.0,0.0,1.0,Regular Season
1642262,Cody Williams,1630166,Deni Avdija,3,3.9,26.2,2.0,1.0,4.0,0.0,1.0,0.0,0.0,Regular Season
1631094,Paolo Banchero,1629640,Keldon Johnson,1,5.8,26.2,5.0,1.0,3.0,1.0,1.0,2.0,1.0,Regular Season
1642847,Jeremiah Fears,1630162,Anthony Edwards,3,5.0,26.2,5.0,1.0,2.0,0.0,0.0,1.0,1.0,Regular Season
1626220,Royce O'Neale,1630170,Devin Vassell,3,5.7,26.2,5.0,2.0,3.0,1.0,2.0,1.0,0.0,Regular Season
1629004,Svi Mykhailiuk,1630183,Jaden McDaniels,3,4.2,26.2,5.0,2.0,7.0,1.0,4.0,1.0,0.0,Regular Season
1642267,Bub Carrington,1629614,Andrew Nembhard,2,6.0,26.2,2.0,1.0,3.0,0.0,1.0,1.0,0.0,Regular Season
1629652,Luguentz Dort,1630174,Aaron Nesmith,2,4.8,26.2,0.0,0.0,2.0,0.0,2.0,2.0,0.0,Regular Season
1630180,Saddiq Bey,1630577,Julian Champagnie,4,6.0,26.2,3.0,1.0,3.0,1.0,1.0,0.0,0.0,Regular Season
1642450,Daniss Jenkins,1630536,Sharife Cooper,2,4.5,26.2,1.0,0.0,6.0,0.0,1.0,0.0,0.0,Regular Season
1629652,Luguentz Dort,1630217,Desmond Bane,2,5.3,26.2,0.0,0.0,0.0,0.0,0.0,0.0,0.0,Regular Season
1629014,Anfernee Simons,1630595,Cade Cunningham,5,6.0,26.2,7.0,2.0,5.0,1.0,4.0,0.0,0.0,Regular Season
1631097,Bennedict Mathurin,1630581,Josh Giddey,4,5.5,26.2,10.0,3.0,5.0,2.0,3.0,3.0,1.0,Regular Season
1642347,Jamal Shead,1630591,Jalen Suggs,2,5.4,26.2,2.0,1.0,1.0,0.0,0.0,0.0,0.0,Regular Season
1642846,Ace Bailey,201935,James Harden,3,5.4,26.2,15.0,6.0,10.0,3.0,5.0,0.0,0.0,Regular Season
1642461,Spencer Jones,201942,DeMar DeRozan,2,5.5,26.2,2.0,1.0,2.0,0.0,0.0,0.0,0.0,Regular Season
1630583,Santi Aldama,1626220,Royce O'Neale,2,6.0,26.2,0.0,0.0,1.0,0.0,0.0,0.0,0.0,Regular Season
203486,Mason Plumlee,202685,Jonas Valanciunas,3,5.3,26.2,2.0,0.0,0.0,0.0,0.0,0.0,1.0,Regular Season
1629627,Zion Williamson,203500,Steven Adams,2,5.1,26.2,9.0,4.0,10.0,0.0,0.0,0.0,1.0,Regular Season
1629111,Jock Landale,203999,Nikola Jokić,1,5.9,26.2,4.0,2.0,3.0,0.0,1.0,0.0,0.0,Regular Season
1629028,Deandre Ayton,1626172,Kevon Looney,2,5.0,26.2,12.0,5.0,6.0,0.0,0.0,1.0,1.0,Regular Season
1641731,Bilal Coulibaly,201935,James Harden,2,4.6,26.2,5.0,2.0,4.0,0.0,2.0,0.0,1.0,Regular Season
1628381,John Collins,203114,Khris Middleton,1,5.8,26.2,4.0,2.0,2.0,0.0,0.0,0.0,0.0,Regular Season
1642274,Yves Missi,203991,Clint Capela,2,5.9,26.2,2.0,0.0,1.0,0.0,0.0,0.0,0.0,Regular Season
1631200,Kris Murray,203501,Tim Hardaway Jr.,4,4.7,26.2,1.0,0.0,2.0,0.0,1.0,1.0,1.0,Regular Season
1630577,Julian Champagnie,203999,Nikola Jokić,4,4.5,26.2,9.0,3.0,9.0,3.0,4.0,0.0,0.0,Regular Season
1642364,Jamir Watkins,2544,LeBron James,2,4.8,26.2,0.0,0.0,3.0,0.0,2.0,1.0,0.0,Regular Season
1631222,Jake LaRavia,203484,Kentavious Caldwell-Pope,3,5.3,26.2,2.0,1.0,2.0,0.0,1.0,1.0,0.0,Regular Season
1641774,Tristan Vukcevic,1627751,Jakob Poeltl,2,6.1,26.2,6.0,2.0,5.0,2.0,4.0,1.0,0.0,Regular Season
1629628,RJ Barrett,1629008,Michael Porter Jr.,2,5.2,26.2,4.0,1.0,7.0,0.0,3.0,0.0,1.0,Regular Season
1641716,Jarace Walker,1628384,OG Anunoby,3,3.8,26.2,0.0,0.0,1.0,0.0,0.0,0.0,0.0,Regular Season
1630581,Josh Giddey,1628404,Josh Hart,4,4.6,26.2,5.0,1.0,5.0,0.0,2.0,0.0,2.0,Regular Season
1631096,Chet Holmgren,1628969,Mikal Bridges,2,5.3,26.2,1.0,0.0,3.0,0.0,2.0,0.0,0.0,Regular Season
203076,Anthony Davis,1628374,Lauri Markkanen,1,5.9,26.2,11.0,5.0,12.0,0.0,1.0,1.0,1.0,Regular Season
1628374,Lauri Markkanen,1628970,Miles Bridges,1,4.8,26.2,8.0,3.0,7.0,2.0,6.0,0.0,0.0,Regular Season
203110,Draymond Green,1628386,Jarrett Allen,1,5.6,26.2,6.0,2.0,5.0,2.0,5.0,2.0,0.0,Regular Season
1642266,Ja'Kobe Walter,1629008,Michael Porter Jr.,3,4.4,26.2,6.0,2.0,4.0,2.0,4.0,1.0,0.0,Regular Season
1627742,Brandon Ingram,1628366,Lonzo Ball,2,6.6,26.2,5.0,2.0,7.0,0.0,0.0,2.0,1.0,Regular Season
1642860,Will Riley,1628989,Kevin Huerter,3,5.3,26.2,4.0,1.0,4.0,1.0,2.0,0.0,1.0,Regular Season
1630217,Desmond Bane,1642267,Bub Carrington,4,4.8,26.2,14.0,4.0,4.0,2.0,2.0,0.0,0.0,Regular Season
1642845,VJ Edgecombe,1641739,Toumani Camara,2,5.9,26.2,5.0,2.0,4.0,1.0,3.0,2.0,0.0,Regular Season
201572,Brook Lopez,1642259,Alex Sarr,2,4.3,26.2,0.0,0.0,4.0,0.0,4.0,0.0,0.0,Regular Season
2544,LeBron James,1641713,GG Jackson,2,5.5,26.2,12.0,5.0,6.0,2.0,3.0,1.0,0.0,Regular Season
1630700,Dyson Daniels,1642273,Kyshawn George,2,4.8,26.2,0.0,0.0,5.0,0.0,4.0,1.0,0.0,Regular Season
1630549,Day'Ron Sharpe,1641737,Adem Bona,3,6.0,26.2,5.0,1.0,3.0,1.0,1.0,1.0,0.0,Regular Season
1631230,Dominick Barlow,1641796,Pelle Larsson,3,4.5,26.2,2.0,1.0,1.0,0.0,0.0,0.0,0.0,Regular Season
1628969,Mikal Bridges,1642258,Zaccharie Risacher,3,5.7,26.2,0.0,0.0,4.0,0.0,1.0,0.0,0.0,Regular Season
1642846,Ace Bailey,1641716,Jarace Walker,2,4.4,26.2,5.0,1.0,2.0,1.0,1.0,0.0,1.0,Regular Season
1629661,Cameron Johnson,1642263,Reed Sheppard,4,6.3,26.2,6.0,2.0,3.0,2.0,2.0,0.0,0.0,Regular Season
1628386,Jarrett Allen,1641744,Zach Edey,1,4.7,26.2,3.0,1.0,1.0,0.0,0.0,0.0,0.0,Regular Season
1631108,Max Christie,1641706,Brandon Miller,2,4.3,26.2,2.0,1.0,5.0,0.0,2.0,1.0,0.0,Regular Season
1627741,Buddy Hield,1631200,Kris Murray,3,4.7,26.2,0.0,0.0,0.0,0.0,0.0,0.0,0.0,Regular Season
1630217,Desmond Bane,1631165,Keon Ellis,2,5.0,26.2,5.0,2.0,5.0,1.0,1.0,0.0,0.0,Regular Season
1629675,Naz Reid,1631095,Jabari Smith Jr.,2,6.9,26.2,5.0,2.0,4.0,1.0,2.0,0.0,0.0,Regular Season
203944,Julius Randle,1631246,Vince Williams Jr.,3,5.0,26.2,2.0,1.0,5.0,0.0,1.0,1.0,0.0,Regular Season
1642377,Jaylen Wells,1631097,Bennedict Mathurin,2,5.4,26.2,3.0,1.0,2.0,1.0,2.0,0.0,0.0,Regular Season
1642852,Derik Queen,1631217,Moussa Diabaté,2,5.4,26.2,7.0,2.0,3.0,1.0,1.0,1.0,1.0,Regular Season
1642450,Daniss Jenkins,1630811,Keaton Wallace,3,5.3,26.2,7.0,3.0,9.0,1.0,6.0,3.0,0.0,Regular Season
1630558,Davion Mitchell,1642948,Ryan Nembhard,2,5.7,26.2,2.0,1.0,2.0,0.0,1.0,0.0,0.0,Regular Season
1641710,Anthony Black,1642920,Kobe Sanders,2,5.0,26.2,2.0,0.0,2.0,0.0,1.0,2.0,1.0,Regular Season
1642266,Ja'Kobe Walter,1642914,Javon Small,2,4.2,26.1,0.0,0.0,1.0,0.0,1.0,1.0,0.0,Regular Season
1642267,Bub Carrington,1642962,Drake Powell,4,5.4,26.1,5.0,2.0,4.0,1.0,3.0,1.0,0.0,Regular Season
1641708,Amen Thompson,203935,Marcus Smart,3,6.5,26.1,8.0,2.0,5.0,0.0,2.0,0.0,1.0,Regular Season
1629637,Jaxson Hayes,1626171,Bobby Portis Jr.,2,6.2,26.1,6.0,2.0,2.0,0.0,0.0,0.0,1.0,Regular Season
1626164,Devin Booker,203952,Andrew Wiggins,1,5.1,26.1,9.0,3.0,4.0,1.0,1.0,2.0,1.0,Regular Season
1630611,Gui Santos,201142,Kevin Durant,2,5.9,26.1,10.0,4.0,5.0,1.0,2.0,1.0,1.0,Regular Season
1630572,Sandro Mamukelashvili,203497,Rudy Gobert,2,4.2,26.1,0.0,0.0,4.0,0.0,3.0,0.0,0.0,Regular Season
1631108,Max Christie,203084,Harrison Barnes,4,3.8,26.1,11.0,3.0,5.0,2.0,4.0,0.0,2.0,Regular Season
203114,Khris Middleton,1627739,Kris Dunn,4,5.1,26.1,8.0,3.0,6.0,2.0,2.0,2.0,0.0,Regular Season
1631200,Kris Murray,1629632,Coby White,2,6.1,26.1,2.0,1.0,4.0,0.0,2.0,0.0,0.0,Regular Season
1641824,Matas Buzelis,1629731,Dean Wade,4,4.8,26.1,7.0,3.0,4.0,1.0,2.0,0.0,0.0,Regular Season
1630579,Jericho Sims,1629111,Jock Landale,2,5.6,26.1,2.0,1.0,1.0,0.0,0.0,0.0,0.0,Regular Season
1641709,Ausar Thompson,1630173,Precious Achiuwa,2,4.5,26.1,4.0,1.0,5.0,0.0,0.0,0.0,1.0,Regular Season
1628989,Kevin Huerter,1629027,Trae Young,3,6.5,26.1,11.0,4.0,4.0,1.0,1.0,0.0,1.0,Regular Season
1629636,Darius Garland,1629632,Coby White,2,4.7,26.1,11.0,4.0,6.0,3.0,5.0,0.0,0.0,Regular Season
201935,James Harden,1629130,Duncan Robinson,3,5.4,26.1,7.0,1.0,12.0,0.0,3.0,1.0,3.0,Regular Season
1630538,Bones Hyland,1629656,Quentin Grimes,2,6.3,26.1,5.0,2.0,5.0,1.0,3.0,1.0,0.0,Regular Season
1628415,Dillon Brooks,1629627,Zion Williamson,2,4.5,26.1,0.0,0.0,2.0,0.0,2.0,1.0,0.0,Regular Season
1642856,Egor Dëmin,1630170,Devin Vassell,2,4.7,26.1,0.0,0.0,1.0,0.0,1.0,0.0,0.0,Regular Season
203468,CJ McCollum,1642864,Hugo González,4,4.3,26.1,7.0,3.0,6.0,1.0,2.0,4.0,0.0,Regular Season
1627742,Brandon Ingram,1642348,Justin Edwards,2,4.5,26.1,5.0,1.0,2.0,1.0,1.0,0.0,1.0,Regular Season
203994,Jusuf Nurkić,1642366,Quinten Post,2,5.6,26.1,7.0,3.0,6.0,1.0,2.0,2.0,0.0,Regular Season
1629618,Jalen Pickett,1642847,Jeremiah Fears,2,5.5,26.1,6.0,2.0,5.0,1.0,4.0,1.0,1.0,Regular Season
1626157,Karl-Anthony Towns,1642366,Quinten Post,2,5.6,26.1,9.0,4.0,7.0,1.0,2.0,1.0,0.0,Regular Season
1630591,Jalen Suggs,1642856,Egor Dëmin,2,4.8,26.1,6.0,2.0,2.0,2.0,2.0,0.0,0.0,Regular Season
203944,Julius Randle,1642366,Quinten Post,4,4.2,26.1,16.0,6.0,12.0,0.0,3.0,1.0,2.0,Regular Season
1629675,Naz Reid,1642877,Micah Peavy,3,4.4,26.1,0.0,0.0,2.0,0.0,1.0,0.0,0.0,Regular Season
1630171,Isaac Okoro,1642857,Kasparas Jakučionis,3,5.1,26.1,8.0,3.0,5.0,0.0,0.0,0.0,1.0,Regular Season
1642851,Kon Knueppel,1642461,Spencer Jones,2,6.1,26.1,5.0,1.0,2.0,1.0,2.0,0.0,1.0,Regular Season
1642844,Dylan Harper,1642347,Jamal Shead,2,5.8,26.1,7.0,3.0,6.0,1.0,3.0,1.0,0.0,Regular Season
1641764,Brandin Podziemski,1630230,Naji Marshall,3,4.7,26.1,7.0,2.0,6.0,1.0,4.0,0.0,1.0,Regular Season
1631099,Keegan Murray,1630202,Payton Pritchard,1,4.7,26.1,0.0,0.0,1.0,0.0,0.0,0.0,0.0,Regular Season
201142,Kevin Durant,1630577,Julian Champagnie,4,3.6,26.1,7.0,2.0,4.0,1.0,2.0,0.0,1.0,Regular Season
1642851,Kon Knueppel,1630595,Cade Cunningham,3,5.7,26.1,8.0,3.0,6.0,2.0,3.0,1.0,0.0,Regular Season
1629638,Nickeil Alexander-Walker,1630230,Naji Marshall,2,4.8,26.1,0.0,0.0,1.0,0.0,1.0,1.0,0.0,Regular Season
1630692,Jordan Goodwin,1630598,Aaron Wiggins,3,6.1,26.1,19.0,7.0,8.0,5.0,6.0,0.0,0.0,Regular Season
1630245,Ayo Dosunmu,1630249,Vít Krejčí,4,5.0,26.1,4.0,2.0,3.0,0.0,1.0,1.0,0.0,Regular Season
1631221,Collin Gillespie,1630200,Tre Jones,2,6.2,26.1,0.0,0.0,2.0,0.0,2.0,0.0,0.0,Regular Season
1628401,Derrick White,1630567,Scottie Barnes,3,4.8,26.1,3.0,1.0,5.0,1.0,4.0,1.0,0.0,Regular Season
202696,Nikola Vučević,1641705,Victor Wembanyama,1,5.0,26.1,8.0,3.0,9.0,2.0,4.0,0.0,1.0,Regular Season
1629011,Mitchell Robinson,1631109,Mark Williams,2,6.6,26.1,1.0,0.0,0.0,0.0,0.0,0.0,1.0,Regular Season
202699,Tobias Harris,1631212,Peyton Watson,2,5.7,26.1,11.0,5.0,9.0,1.0,2.0,0.0,0.0,Regular Season
1630173,Precious Achiuwa,1631096,Chet Holmgren,2,4.7,26.1,5.0,2.0,4.0,0.0,0.0,1.0,1.0,Regular Season
1627750,Jamal Murray,1631095,Jabari Smith Jr.,4,4.2,26.1,9.0,2.0,3.0,1.0,1.0,1.0,0.0,Regular Season
203114,Khris Middleton,1631260,AJ Green,5,4.4,26.1,10.0,3.0,5.0,2.0,2.0,2.0,1.0,Regular Season
1628969,Mikal Bridges,1631157,Ryan Rollins,3,5.0,26.1,7.0,3.0,6.0,1.0,1.0,0.0,0.0,Regular Season
1627742,Brandon Ingram,1631243,Mouhamed Gueye,3,5.6,26.1,2.0,1.0,7.0,0.0,4.0,1.0,0.0,Regular Season
202691,Klay Thompson,1631200,Kris Murray,2,4.6,26.1,4.0,2.0,5.0,0.0,1.0,2.0,0.0,Regular Season
201572,Brook Lopez,1631217,Moussa Diabaté,2,6.3,26.1,0.0,0.0,2.0,0.0,1.0,0.0,0.0,Regular Season
1630166,Deni Avdija,1628368,De'Aaron Fox,3,5.1,26.1,5.0,2.0,6.0,0.0,1.0,2.0,1.0,Regular Season
1628970,Miles Bridges,1628389,Bam Adebayo,2,4.6,26.1,1.0,0.0,1.0,0.0,1.0,0.0,0.0,Regular Season
1630171,Isaac Okoro,1629008,Michael Porter Jr.,1,4.6,26.1,4.0,2.0,2.0,0.0,0.0,0.0,0.0,Regular Season
1631157,Ryan Rollins,1628978,Donte DiVincenzo,2,4.4,26.1,4.0,2.0,5.0,0.0,1.0,1.0,0.0,Regular Season
203954,Joel Embiid,1628976,Wendell Carter Jr.,1,5.6,26.1,4.0,1.0,6.0,0.0,3.0,0.0,1.0,Regular Season
1629004,Svi Mykhailiuk,1628368,De'Aaron Fox,2,5.2,26.1,8.0,3.0,4.0,2.0,3.0,0.0,0.0,Regular Season
1631165,Keon Ellis,1629014,Anfernee Simons,2,5.8,26.1,3.0,1.0,2.0,1.0,2.0,0.0,0.0,Regular Season
1630173,Precious Achiuwa,1627742,Brandon Ingram,1,5.9,26.1,2.0,1.0,2.0,0.0,0.0,0.0,0.0,Regular Season
1641842,Ronald Holland II,1628378,Donovan Mitchell,2,4.8,26.1,3.0,1.0,4.0,0.0,3.0,0.0,1.0,Regular Season
1630567,Scottie Barnes,1641716,Jarace Walker,4,4.5,26.1,10.0,4.0,4.0,0.0,0.0,1.0,2.0,Regular Season
203497,Rudy Gobert,1641730,Noah Clowney,2,5.7,26.1,10.0,5.0,5.0,0.0,0.0,0.0,0.0,Regular Season
1631126,Caleb Love,1641854,Craig Porter Jr.,2,5.6,26.1,10.0,3.0,4.0,2.0,2.0,1.0,1.0,Regular Season
1630541,Moses Moody,1641706,Brandon Miller,2,4.3,26.1,6.0,2.0,3.0,2.0,3.0,0.0,0.0,Regular Season
1628378,Donovan Mitchell,1642262,Cody Williams,2,5.3,26.1,2.0,1.0,6.0,0.0,3.0,1.0,0.0,Regular Season
1641710,Anthony Black,1642266,Ja'Kobe Walter,2,7.0,26.1,5.0,1.0,7.0,1.0,6.0,1.0,1.0,Regular Season
1628379,Luke Kennard,1642265,Rob Dillingham,2,6.0,26.1,0.0,0.0,1.0,0.0,0.0,0.0,0.0,Regular Season
1641774,Tristan Vukcevic,1641737,Adem Bona,3,4.7,26.1,12.0,4.0,4.0,1.0,1.0,3.0,2.0,Regular Season
1642267,Bub Carrington,1641740,Jaylen Clark,2,4.7,26.1,3.0,1.0,6.0,1.0,3.0,0.0,0.0,Regular Season
1629627,Zion Williamson,1641765,Olivier-Maxence Prosper,2,5.2,26.0,6.0,3.0,6.0,0.0,0.0,1.0,0.0,Regular Season
1630170,Devin Vassell,1641710,Anthony Black,2,4.5,26.0,0.0,0.0,0.0,0.0,0.0,0.0,0.0,Regular Season
1630170,Devin Vassell,1642273,Kyshawn George,2,3.8,26.0,7.0,3.0,7.0,1.0,4.0,1.0,0.0,Regular Season
1641731,Bilal Coulibaly,1642262,Cody Williams,2,4.3,26.0,2.0,1.0,3.0,0.0,0.0,1.0,0.0,Regular Season
1630245,Ayo Dosunmu,1641739,Toumani Camara,4,4.0,26.0,9.0,4.0,8.0,0.0,3.0,0.0,1.0,Regular Season
1642281,Jaylon Tyson,1641710,Anthony Black,2,4.6,26.0,7.0,2.0,4.0,1.0,2.0,2.0,1.0,Regular Season
1628976,Wendell Carter Jr.,1641737,Adem Bona,1,4.8,26.0,2.0,1.0,3.0,0.0,1.0,0.0,0.0,Regular Season
202331,Paul George,1641730,Noah Clowney,2,4.8,26.0,5.0,2.0,6.0,0.0,2.0,1.0,1.0,Regular Season
1642844,Dylan Harper,1641717,Cason Wallace,4,4.3,26.0,6.0,3.0,7.0,0.0,2.0,0.0,0.0,Regular Season
1628969,Mikal Bridges,1641730,Noah Clowney,3,5.3,26.0,11.0,4.0,6.0,3.0,4.0,0.0,0.0,Regular Season
203932,Aaron Gordon,1642270,Donovan Clingan,3,5.7,26.0,16.0,6.0,10.0,4.0,7.0,0.0,0.0,Regular Season
1630692,Jordan Goodwin,1641708,Amen Thompson,4,4.8,26.0,3.0,1.0,5.0,1.0,3.0,1.0,0.0,Regular Season
203084,Harrison Barnes,1642846,Ace Bailey,2,4.8,26.0,0.0,0.0,1.0,0.0,1.0,0.0,0.0,Regular Season
1641730,Noah Clowney,1642276,Kel'el Ware,3,5.0,26.0,6.0,2.0,7.0,0.0,4.0,0.0,1.0,Regular Season
1642268,Isaiah Collier,1642859,Jase Richardson,2,4.8,26.0,7.0,2.0,4.0,0.0,0.0,0.0,2.0,Regular Season
1627783,Pascal Siakam,1642281,Jaylon Tyson,3,6.1,26.0,9.0,4.0,8.0,0.0,2.0,0.0,1.0,Regular Season
1641739,Toumani Camara,1642363,Nique Clifford,4,5.4,26.0,7.0,2.0,5.0,2.0,4.0,0.0,1.0,Regular Season
1631243,Mouhamed Gueye,1642276,Kel'el Ware,3,4.7,26.0,2.0,1.0,2.0,0.0,1.0,0.0,0.0,Regular Season
1641763,Julian Phillips,1642352,Keshad Johnson,2,3.9,26.0,0.0,0.0,1.0,0.0,1.0,0.0,0.0,Regular Season
201566,Russell Westbrook,1642285,Cam Spencer,4,6.3,26.0,2.0,0.0,6.0,0.0,3.0,1.0,1.0,Regular Season
1630202,Payton Pritchard,203914,Gary Harris,3,5.3,26.0,5.0,2.0,4.0,1.0,3.0,0.0,0.0,Regular Season
1630533,Ziaire Williams,201950,Jrue Holiday,2,5.8,26.0,3.0,1.0,1.0,1.0,1.0,1.0,0.0,Regular Season
1631096,Chet Holmgren,201572,Brook Lopez,3,4.9,26.0,8.0,2.0,4.0,0.0,1.0,0.0,2.0,Regular Season
1630314,Brandon Williams,203471,Dennis Schröder,3,5.8,26.0,7.0,2.0,3.0,1.0,1.0,1.0,1.0,Regular Season
1631095,Jabari Smith Jr.,203999,Nikola Jokić,4,3.5,26.0,15.0,6.0,13.0,2.0,4.0,1.0,0.0,Regular Season
1629674,Neemias Queta,203954,Joel Embiid,2,6.3,26.0,4.0,2.0,2.0,0.0,0.0,1.0,0.0,Regular Season
1642954,Will Richard,201942,DeMar DeRozan,2,5.1,26.0,5.0,2.0,4.0,1.0,2.0,0.0,0.0,Regular Season
1630567,Scottie Barnes,1626171,Bobby Portis Jr.,3,4.4,26.0,14.0,6.0,12.0,1.0,2.0,0.0,0.0,Regular Season
1630188,Jalen Smith,203497,Rudy Gobert,2,4.9,26.0,6.0,2.0,4.0,1.0,1.0,2.0,1.0,Regular Season
1631128,Christian Braun,201950,Jrue Holiday,4,2.8,26.0,6.0,3.0,5.0,0.0,2.0,1.0,0.0,Regular Season
1641705,Victor Wembanyama,202710,Jimmy Butler III,2,4.2,26.0,9.0,3.0,5.0,1.0,2.0,3.0,0.0,Regular Season
1629684,Grant Williams,201142,Kevin Durant,2,6.2,26.0,5.0,1.0,3.0,1.0,2.0,0.0,1.0,Regular Season
203926,Doug McDermott,202691,Klay Thompson,2,4.5,26.0,3.0,1.0,2.0,1.0,2.0,0.0,0.0,Regular Season
1630314,Brandon Williams,2544,LeBron James,4,4.0,26.0,2.0,1.0,1.0,0.0,0.0,0.0,0.0,Regular Season
1630559,Austin Reaves,1629656,Quentin Grimes,2,5.4,26.0,12.0,3.0,8.0,2.0,4.0,1.0,2.0,Regular Season
1631096,Chet Holmgren,1630194,Paul Reed,1,5.2,26.0,8.0,4.0,6.0,0.0,1.0,2.0,0.0,Regular Season
1631096,Chet Holmgren,1630173,Precious Achiuwa,2,4.8,26.0,2.0,1.0,4.0,0.0,2.0,3.0,0.0,Regular Season
1626171,Bobby Portis Jr.,1629026,Kenrich Williams,2,5.5,26.0,3.0,1.0,3.0,1.0,3.0,0.0,0.0,Regular Season
1642857,Kasparas Jakučionis,1630193,Immanuel Quickley,3,4.8,26.0,0.0,0.0,0.0,0.0,0.0,0.0,0.0,Regular Season
201142,Kevin Durant,1629627,Zion Williamson,4,4.6,26.0,7.0,2.0,5.0,2.0,2.0,1.0,1.0,Regular Season
1629640,Keldon Johnson,1630166,Deni Avdija,3,5.1,26.0,6.0,3.0,4.0,0.0,0.0,0.0,0.0,Regular Season
1630557,Corey Kispert,1629639,Tyler Herro,2,5.7,26.0,8.0,2.0,5.0,2.0,4.0,0.0,1.0,Regular Season
1630591,Jalen Suggs,1628404,Josh Hart,4,4.8,26.0,8.0,2.0,6.0,1.0,4.0,1.0,2.0,Regular Season
1642845,VJ Edgecombe,1627747,Caris LeVert,3,6.4,26.0,6.0,3.0,8.0,0.0,1.0,1.0,0.0,Regular Season
1630530,Trey Murphy III,1628989,Kevin Huerter,2,4.9,26.0,6.0,2.0,5.0,2.0,4.0,1.0,0.0,Regular Season
1630180,Saddiq Bey,1628969,Mikal Bridges,2,5.3,26.0,5.0,2.0,5.0,1.0,2.0,0.0,0.0,Regular Season
1630183,Jaden McDaniels,1628378,Donovan Mitchell,2,4.6,26.0,1.0,0.0,1.0,0.0,1.0,0.0,1.0,Regular Season
1642383,Walter Clayton Jr.,1628988,Aaron Holiday,3,5.1,26.0,4.0,1.0,2.0,0.0,1.0,2.0,1.0,Regular Season
203924,Jerami Grant,1627783,Pascal Siakam,1,4.9,26.0,6.0,2.0,3.0,2.0,3.0,0.0,0.0,Regular Season
1629638,Nickeil Alexander-Walker,1627742,Brandon Ingram,4,4.2,26.0,7.0,3.0,6.0,0.0,2.0,1.0,1.0,Regular Season
1630533,Ziaire Williams,1628960,Grayson Allen,2,5.4,26.0,0.0,0.0,0.0,0.0,0.0,1.0,0.0,Regular Season
203952,Andrew Wiggins,1629013,Landry Shamet,3,4.5,26.0,0.0,0.0,0.0,0.0,0.0,1.0,0.0,Regular Season
201942,DeMar DeRozan,1627936,Alex Caruso,3,5.5,26.0,11.0,4.0,8.0,3.0,5.0,0.0,0.0,Regular Season
1630245,Ayo Dosunmu,1629014,Anfernee Simons,2,5.6,26.0,8.0,3.0,6.0,2.0,5.0,1.0,0.0,Regular Season
203999,Nikola Jokić,1630643,Jay Huff,2,4.7,26.0,6.0,2.0,5.0,0.0,1.0,2.0,1.0,Regular Season
1642843,Cooper Flagg,1630692,Jordan Goodwin,3,4.5,26.0,2.0,1.0,4.0,0.0,1.0,0.0,1.0,Regular Season
1629674,Neemias Queta,1630695,Micah Potter,3,6.5,26.0,6.0,2.0,2.0,0.0,0.0,0.0,1.0,Regular Season
1641705,Victor Wembanyama,1631096,Chet Holmgren,4,4.3,26.0,16.0,6.0,12.0,0.0,1.0,1.0,2.0,Regular Season
1631113,Kennedy Chandler,1631165,Keon Ellis,1,4.5,25.9,0.0,0.0,3.0,0.0,1.0,2.0,0.0,Regular Season
1626157,Karl-Anthony Towns,1641705,Victor Wembanyama,2,4.6,25.9,4.0,1.0,3.0,0.0,2.0,2.0,2.0,Regular Season
1642852,Derik Queen,1631096,Chet Holmgren,2,5.2,25.9,5.0,2.0,7.0,0.0,0.0,0.0,1.0,Regular Season
1630529,Herbert Jones,1631095,Jabari Smith Jr.,3,4.7,25.9,4.0,2.0,7.0,0.0,3.0,1.0,0.0,Regular Season
1631230,Dominick Barlow,1631096,Chet Holmgren,2,5.3,25.9,0.0,0.0,3.0,0.0,1.0,0.0,0.0,Regular Season
1629750,Javonte Green,2544,LeBron James,2,4.3,25.9,0.0,0.0,1.0,0.0,0.0,0.0,0.0,Regular Season
1628991,Jaren Jackson Jr.,201587,Nicolas Batum,2,5.0,25.9,2.0,1.0,1.0,0.0,0.0,1.0,0.0,Regular Season
1642346,Ryan Dunn,203084,Harrison Barnes,3,5.8,25.9,5.0,2.0,4.0,1.0,2.0,0.0,0.0,Regular Season
1642844,Dylan Harper,1626145,Tyus Jones,6,5.4,25.9,2.0,1.0,1.0,0.0,0.0,0.0,0.0,Regular Season
1629731,Dean Wade,1626167,Myles Turner,3,4.9,25.9,2.0,1.0,4.0,0.0,2.0,0.0,0.0,Regular Season
1641730,Noah Clowney,2544,LeBron James,2,6.1,25.9,5.0,2.0,3.0,1.0,2.0,0.0,0.0,Regular Season
1626157,Karl-Anthony Towns,203110,Draymond Green,1,6.3,25.9,3.0,0.0,2.0,0.0,1.0,0.0,1.0,Regular Season
1630529,Herbert Jones,1627739,Kris Dunn,4,5.2,25.9,11.0,4.0,7.0,3.0,6.0,1.0,0.0,Regular Season
1629216,Gabe Vincent,202691,Klay Thompson,4,4.0,25.9,0.0,0.0,0.0,0.0,0.0,0.0,0.0,Regular Season
1627742,Brandon Ingram,1641783,Tristan da Silva,2,4.0,25.9,11.0,5.0,8.0,0.0,0.0,0.0,1.0,Regular Season
1630217,Desmond Bane,1641824,Matas Buzelis,4,3.6,25.9,15.0,7.0,11.0,1.0,4.0,1.0,0.0,Regular Season
1630178,Tyrese Maxey,1641854,Craig Porter Jr.,3,4.1,25.9,4.0,2.0,3.0,0.0,1.0,0.0,0.0,Regular Season
1642349,Ajay Mitchell,1641764,Brandin Podziemski,3,3.5,25.9,3.0,1.0,1.0,0.0,0.0,0.0,1.0,Regular Season
1631248,Baylor Scheierman,1641706,Brandon Miller,3,4.8,25.9,3.0,1.0,2.0,1.0,1.0,2.0,0.0,Regular Season
1629638,Nickeil Alexander-Walker,1642273,Kyshawn George,2,4.7,25.9,5.0,2.0,6.0,1.0,5.0,3.0,0.0,Regular Season
1642847,Jeremiah Fears,1641708,Amen Thompson,4,4.2,25.9,2.0,1.0,6.0,0.0,3.0,0.0,0.0,Regular Season
201142,Kevin Durant,1641796,Pelle Larsson,2,5.1,25.9,14.0,3.0,6.0,2.0,5.0,1.0,1.0,Regular Season
203944,Julius Randle,1642949,Yanic Konan Niederhäuser,2,5.7,25.9,6.0,1.0,4.0,0.0,1.0,0.0,3.0,Regular Season
1629661,Cameron Johnson,1642907,Cedric Coward,3,4.2,25.9,5.0,2.0,3.0,1.0,2.0,1.0,0.0,Regular Season
1642851,Kon Knueppel,1642363,Nique Clifford,1,5.0,25.9,2.0,1.0,2.0,0.0,1.0,0.0,0.0,Regular Season
1630163,LaMelo Ball,1642377,Jaylen Wells,2,6.2,25.9,6.0,2.0,7.0,2.0,7.0,0.0,0.0,Regular Season
1630533,Ziaire Williams,1642851,Kon Knueppel,3,6.0,25.9,6.0,2.0,2.0,1.0,1.0,0.0,0.0,Regular Season
2544,LeBron James,1642363,Nique Clifford,3,4.5,25.9,9.0,4.0,5.0,1.0,1.0,0.0,0.0,Regular Season
1631260,AJ Green,1642883,Sion James,4,3.7,25.9,0.0,0.0,1.0,0.0,1.0,0.0,0.0,Regular Season
1629004,Svi Mykhailiuk,1642851,Kon Knueppel,1,4.8,25.9,0.0,0.0,1.0,0.0,1.0,0.0,0.0,Regular Season
1642278,Tyler Kolek,1642450,Daniss Jenkins,2,5.2,25.9,5.0,2.0,5.0,1.0,2.0,0.0,0.0,Regular Season
1626164,Devin Booker,1642851,Kon Knueppel,2,4.8,25.9,4.0,1.0,9.0,0.0,3.0,0.0,1.0,Regular Season
1642856,Egor Dëmin,1642377,Jaylen Wells,1,5.5,25.9,3.0,1.0,3.0,1.0,2.0,0.0,0.0,Regular Season
1642845,VJ Edgecombe,1642377,Jaylen Wells,2,4.6,25.9,11.0,4.0,7.0,1.0,3.0,2.0,1.0,Regular Season
1629656,Quentin Grimes,1630245,Ayo Dosunmu,3,3.6,25.9,0.0,0.0,0.0,0.0,0.0,0.0,0.0,Regular Season
1629656,Quentin Grimes,1630538,Bones Hyland,2,4.6,25.9,8.0,4.0,6.0,0.0,1.0,0.0,0.0,Regular Season
1641716,Jarace Walker,1630595,Cade Cunningham,2,4.9,25.9,14.0,5.0,6.0,4.0,5.0,0.0,0.0,Regular Season
201935,James Harden,1630567,Scottie Barnes,1,5.7,25.9,2.0,1.0,7.0,0.0,5.0,0.0,0.0,Regular Season
201566,Russell Westbrook,1630581,Josh Giddey,2,5.7,25.9,3.0,1.0,7.0,0.0,2.0,0.0,1.0,Regular Season
1631108,Max Christie,1630595,Cade Cunningham,2,4.8,25.9,0.0,0.0,2.0,0.0,2.0,0.0,0.0,Regular Season
1642281,Jaylon Tyson,1630202,Payton Pritchard,3,3.9,25.9,5.0,2.0,5.0,1.0,3.0,1.0,0.0,Regular Season
1641783,Tristan da Silva,1630581,Josh Giddey,2,5.6,25.9,0.0,0.0,1.0,0.0,1.0,0.0,0.0,Regular Season
1642267,Bub Carrington,1630595,Cade Cunningham,3,5.3,25.9,7.0,3.0,5.0,1.0,3.0,0.0,0.0,Regular Season
203952,Andrew Wiggins,1630541,Moses Moody,2,4.7,25.9,5.0,2.0,7.0,1.0,3.0,1.0,0.0,Regular Season
1641709,Ausar Thompson,1630578,Alperen Sengun,2,5.7,25.9,2.0,1.0,4.0,0.0,1.0,0.0,0.0,Regular Season
203935,Marcus Smart,1630162,Anthony Edwards,2,5.2,25.9,2.0,1.0,2.0,0.0,1.0,0.0,0.0,Regular Season
201950,Jrue Holiday,1630174,Aaron Nesmith,2,5.0,25.9,6.0,2.0,3.0,1.0,2.0,1.0,0.0,Regular Season
203944,Julius Randle,1630194,Paul Reed,2,5.8,25.9,6.0,2.0,9.0,0.0,2.0,1.0,1.0,Regular Season
201567,Kevin Love,1629111,Jock Landale,2,4.3,25.9,5.0,2.0,5.0,1.0,4.0,0.0,0.0,Regular Season
1642877,Micah Peavy,1629029,Luka Dončić,3,4.9,25.9,5.0,2.0,3.0,1.0,2.0,0.0,0.0,Regular Season
1631170,Jaime Jaquez Jr.,1629656,Quentin Grimes,3,3.9,25.9,11.0,4.0,4.0,1.0,1.0,1.0,1.0,Regular Season
202685,Jonas Valanciunas,1630191,Isaiah Stewart,2,6.0,25.9,7.0,2.0,2.0,1.0,1.0,2.0,2.0,Regular Season
1629636,Darius Garland,1630178,Tyrese Maxey,2,5.6,25.9,8.0,3.0,6.0,2.0,4.0,1.0,0.0,Regular Season
1629656,Quentin Grimes,1629611,Terance Mann,3,5.0,25.9,2.0,1.0,5.0,0.0,2.0,2.0,1.0,Regular Season
1628971,Bruce Brown,1629675,Naz Reid,4,4.2,25.9,5.0,1.0,7.0,0.0,0.0,4.0,2.0,Regular Season
203084,Harrison Barnes,1629675,Naz Reid,3,4.6,25.9,3.0,1.0,3.0,1.0,3.0,0.0,0.0,Regular Season
1642879,Ben Saraf,1629216,Gabe Vincent,3,5.4,25.9,3.0,1.0,2.0,1.0,1.0,3.0,0.0,Regular Season
1630679,Ethan Thompson,1629130,Duncan Robinson,2,5.1,25.9,2.0,1.0,2.0,0.0,1.0,0.0,0.0,Regular Season
1642883,Sion James,1630193,Immanuel Quickley,4,5.9,25.9,0.0,0.0,0.0,0.0,0.0,0.0,0.0,Regular Season
1629731,Dean Wade,1629008,Michael Porter Jr.,2,3.4,25.9,8.0,3.0,4.0,2.0,3.0,0.0,0.0,Regular Season
1628386,Jarrett Allen,1628380,Zach Collins,2,5.6,25.9,6.0,3.0,5.0,0.0,0.0,0.0,0.0,Regular Season
1627750,Jamal Murray,1627780,Gary Payton II,3,5.7,25.9,11.0,4.0,6.0,0.0,0.0,0.0,2.0,Regular Season
1628398,Kyle Kuzma,1627783,Pascal Siakam,2,4.3,25.9,4.0,2.0,4.0,0.0,0.0,3.0,0.0,Regular Season
1641729,Brice Sensabaugh,1628378,Donovan Mitchell,2,6.0,25.9,8.0,2.0,2.0,2.0,2.0,1.0,1.0,Regular Season
1629048,Goga Bitadze,1629011,Mitchell Robinson,4,5.6,25.9,7.0,3.0,3.0,0.0,0.0,1.0,1.0,Regular Season
1630314,Brandon Williams,1628960,Grayson Allen,1,3.8,25.9,0.0,0.0,1.0,0.0,0.0,3.0,0.0,Regular Season
1631096,Chet Holmgren,1628970,Miles Bridges,2,4.6,25.9,2.0,1.0,4.0,0.0,1.0,0.0,0.0,Regular Season
203501,Tim Hardaway Jr.,1628988,Aaron Holiday,4,5.5,25.9,8.0,2.0,3.0,1.0,2.0,0.0,1.0,Regular Season
1630170,Devin Vassell,1628415,Dillon Brooks,1,4.7,25.9,2.0,1.0,4.0,0.0,1.0,0.0,0.0,Regular Season
1628370,Malik Monk,1628988,Aaron Holiday,3,4.4,25.9,5.0,2.0,3.0,1.0,2.0,0.0,0.0,Regular Season
1630702,Jaden Hardy,1627750,Jamal Murray,2,6.1,25.9,5.0,2.0,4.0,1.0,2.0,0.0,0.0,Regular Season
1642907,Cedric Coward,1627739,Kris Dunn,4,5.2,25.8,4.0,2.0,3.0,0.0,1.0,1.0,0.0,Regular Season
1629656,Quentin Grimes,1628973,Jalen Brunson,3,5.5,25.8,3.0,1.0,5.0,1.0,5.0,0.0,0.0,Regular Season
1630591,Jalen Suggs,1628378,Donovan Mitchell,3,4.8,25.8,2.0,1.0,4.0,0.0,2.0,0.0,0.0,Regular Season
1642364,Jamir Watkins,1628378,Donovan Mitchell,3,4.6,25.8,3.0,1.0,2.0,1.0,2.0,0.0,1.0,Regular Season
1630162,Anthony Edwards,1628404,Josh Hart,2,3.8,25.8,13.0,6.0,10.0,1.0,2.0,1.0,0.0,Regular Season
1630567,Scottie Barnes,1628991,Jaren Jackson Jr.,1,5.2,25.8,10.0,4.0,8.0,2.0,5.0,0.0,0.0,Regular Season
1630558,Davion Mitchell,1628969,Mikal Bridges,4,4.1,25.8,3.0,1.0,2.0,1.0,2.0,1.0,1.0,Regular Season
2544,LeBron James,1628971,Bruce Brown,3,4.5,25.8,9.0,4.0,9.0,0.0,2.0,1.0,1.0,Regular Season
1642364,Jamir Watkins,1627747,Caris LeVert,3,5.0,25.8,3.0,1.0,3.0,0.0,1.0,0.0,1.0,Regular Season
1628386,Jarrett Allen,1629011,Mitchell Robinson,2,5.1,25.8,4.0,2.0,3.0,0.0,0.0,0.0,0.0,Regular Season
1642860,Will Riley,1642954,Will Richard,2,4.5,25.8,3.0,1.0,2.0,1.0,2.0,1.0,0.0,Regular Season
1630168,Onyeka Okongwu,203084,Harrison Barnes,2,5.2,25.8,3.0,1.0,3.0,1.0,2.0,0.0,0.0,Regular Season
1626164,Devin Booker,201942,DeMar DeRozan,4,3.7,25.8,7.0,3.0,6.0,1.0,2.0,1.0,0.0,Regular Season
203903,Jordan Clarkson,204456,T.J. McConnell,3,5.5,25.8,8.0,3.0,4.0,2.0,2.0,1.0,0.0,Regular Season
1642846,Ace Bailey,202691,Klay Thompson,3,4.8,25.8,8.0,3.0,4.0,2.0,3.0,1.0,0.0,Regular Season
1629130,Duncan Robinson,202691,Klay Thompson,2,4.2,25.8,9.0,3.0,3.0,3.0,3.0,0.0,0.0,Regular Season
1629001,De'Anthony Melton,202691,Klay Thompson,3,4.7,25.8,3.0,1.0,6.0,0.0,2.0,0.0,0.0,Regular Season
1642851,Kon Knueppel,1626181,Norman Powell,2,3.5,25.8,8.0,3.0,4.0,2.0,3.0,0.0,0.0,Regular Season
1629060,Rui Hachimura,201950,Jrue Holiday,2,4.5,25.8,4.0,1.0,2.0,0.0,1.0,0.0,1.0,Regular Season
1641716,Jarace Walker,203924,Jerami Grant,2,4.2,25.8,0.0,0.0,1.0,0.0,0.0,1.0,0.0,Regular Season
1629638,Nickeil Alexander-Walker,201935,James Harden,3,2.6,25.8,7.0,2.0,3.0,1.0,2.0,0.0,1.0,Regular Season
1642259,Alex Sarr,202685,Jonas Valanciunas,1,5.0,25.8,7.0,2.0,6.0,0.0,1.0,0.0,2.0,Regular Season
1630166,Deni Avdija,203084,Harrison Barnes,3,4.3,25.8,9.0,3.0,5.0,1.0,1.0,3.0,1.0,Regular Season
1630173,Precious Achiuwa,1626164,Devin Booker,3,4.7,25.8,8.0,4.0,7.0,0.0,1.0,0.0,0.0,Regular Season
1628384,OG Anunoby,1626164,Devin Booker,2,5.7,25.8,0.0,0.0,1.0,0.0,0.0,2.0,0.0,Regular Season
1630193,Immanuel Quickley,1626162,Kelly Oubre Jr.,3,3.6,25.8,8.0,2.0,4.0,1.0,2.0,1.0,2.0,Regular Season
1630314,Brandon Williams,1631126,Caleb Love,1,4.3,25.8,0.0,0.0,2.0,0.0,0.0,0.0,0.0,Regular Season
1641738,Kobe Brown,1631214,Alondes Williams,2,4.3,25.8,12.0,4.0,6.0,2.0,3.0,0.0,1.0,Regular Season
1630541,Moses Moody,1631170,Jaime Jaquez Jr.,2,4.7,25.8,5.0,2.0,4.0,1.0,3.0,0.0,0.0,Regular Season
203924,Jerami Grant,1631094,Paolo Banchero,1,4.8,25.8,11.0,4.0,6.0,2.0,4.0,0.0,2.0,Regular Season
1627742,Brandon Ingram,1631128,Christian Braun,1,6.5,25.8,5.0,1.0,2.0,0.0,0.0,0.0,2.0,Regular Season
1641783,Tristan da Silva,1631172,Ousmane Dieng,3,4.7,25.8,2.0,1.0,3.0,0.0,1.0,0.0,0.0,Regular Season
1630578,Alperen Sengun,1631132,Christian Koloko,1,6.9,25.8,4.0,2.0,8.0,0.0,0.0,0.0,0.0,Regular Season
1628379,Luke Kennard,1631108,Max Christie,2,5.9,25.8,4.0,2.0,3.0,0.0,0.0,0.0,0.0,Regular Season
1629661,Cameron Johnson,1631099,Keegan Murray,2,4.4,25.8,3.0,1.0,4.0,1.0,3.0,0.0,0.0,Regular Season
1642268,Isaiah Collier,1630696,Dru Smith,2,4.3,25.8,10.0,4.0,5.0,1.0,1.0,1.0,1.0,Regular Season
1629673,Jordan Poole,1641775,Jordan Walsh,1,4.8,25.8,0.0,0.0,2.0,0.0,1.0,3.0,0.0,Regular Season
1631222,Jake LaRavia,1641706,Brandon Miller,1,6.3,25.8,9.0,3.0,5.0,3.0,4.0,0.0,0.0,Regular Season
1629614,Andrew Nembhard,1641824,Matas Buzelis,3,4.4,25.8,9.0,3.0,6.0,3.0,4.0,3.0,0.0,Regular Season
1628989,Kevin Huerter,1641718,Keyonte George,2,4.6,25.8,2.0,1.0,2.0,0.0,1.0,0.0,0.0,Regular Season
1630171,Isaac Okoro,1641729,Brice Sensabaugh,2,4.8,25.8,6.0,3.0,3.0,0.0,0.0,0.0,0.0,Regular Season
1630188,Jalen Smith,1641737,Adem Bona,2,5.3,25.8,8.0,3.0,7.0,2.0,6.0,1.0,0.0,Regular Season
1630692,Jordan Goodwin,1642263,Reed Sheppard,4,4.8,25.8,13.0,5.0,5.0,3.0,3.0,0.0,0.0,Regular Season
1630245,Ayo Dosunmu,1642262,Cody Williams,3,4.7,25.8,2.0,1.0,3.0,0.0,1.0,0.0,0.0,Regular Season
1630558,Davion Mitchell,1641764,Brandin Podziemski,2,5.2,25.8,3.0,1.0,4.0,1.0,2.0,0.0,0.0,Regular Season
1628973,Jalen Brunson,1642262,Cody Williams,1,5.5,25.8,5.0,1.0,4.0,1.0,3.0,2.0,0.0,Regular Season
203935,Marcus Smart,1642263,Reed Sheppard,3,6.5,25.8,5.0,2.0,5.0,1.0,3.0,0.0,0.0,Regular Season
1629640,Keldon Johnson,1630162,Anthony Edwards,3,6.2,25.8,8.0,3.0,6.0,2.0,5.0,1.0,0.0,Regular Season
1630583,Santi Aldama,1630180,Saddiq Bey,2,3.6,25.8,5.0,1.0,1.0,0.0,0.0,0.0,2.0,Regular Season
1630700,Dyson Daniels,1629655,Daniel Gafford,2,6.2,25.8,4.0,2.0,4.0,0.0,0.0,0.0,0.0,Regular Season
1630552,Jalen Johnson,1629656,Quentin Grimes,4,4.1,25.8,5.0,1.0,6.0,0.0,1.0,0.0,1.0,Regular Season
1627750,Jamal Murray,1629614,Andrew Nembhard,1,4.4,25.8,16.0,6.0,6.0,3.0,3.0,0.0,1.0,Regular Season
1631096,Chet Holmgren,1630168,Onyeka Okongwu,2,5.2,25.8,15.0,5.0,6.0,2.0,3.0,1.0,2.0,Regular Season
1631106,Tari Eason,1630163,LaMelo Ball,1,5.0,25.8,0.0,0.0,1.0,0.0,1.0,0.0,0.0,Regular Season
1627741,Buddy Hield,1630178,Tyrese Maxey,2,5.2,25.8,0.0,0.0,2.0,0.0,1.0,0.0,0.0,Regular Season
1628991,Jaren Jackson Jr.,1629028,Deandre Ayton,3,4.4,25.8,7.0,3.0,7.0,1.0,1.0,0.0,0.0,Regular Season
1630224,Jalen Green,1630170,Devin Vassell,2,4.9,25.8,2.0,1.0,6.0,0.0,1.0,0.0,0.0,Regular Season
1626220,Royce O'Neale,1642846,Ace Bailey,3,3.9,25.8,6.0,2.0,4.0,2.0,4.0,0.0,0.0,Regular Season
1630245,Ayo Dosunmu,1642851,Kon Knueppel,3,4.4,25.8,5.0,1.0,3.0,1.0,1.0,0.0,1.0,Regular Season
1641824,Matas Buzelis,1642856,Egor Dëmin,3,5.4,25.8,4.0,2.0,8.0,0.0,3.0,0.0,0.0,Regular Season
1641708,Amen Thompson,1642285,Cam Spencer,3,4.3,25.8,6.0,2.0,4.0,0.0,0.0,0.0,0.0,Regular Season
1642263,Reed Sheppard,1642849,Nolan Traore,2,6.2,25.8,7.0,3.0,5.0,1.0,3.0,0.0,0.0,Regular Season
1628381,John Collins,1642875,Maxime Raynaud,4,5.2,25.8,19.0,7.0,9.0,2.0,2.0,0.0,2.0,Regular Season
1642905,Yang Hansen,1642382,Branden Carlson,2,5.6,25.8,3.0,1.0,7.0,1.0,5.0,0.0,0.0,Regular Season
1629632,Coby White,1642857,Kasparas Jakučionis,4,5.2,25.8,9.0,3.0,11.0,0.0,6.0,1.0,2.0,Regular Season
1628978,Donte DiVincenzo,1642383,Walter Clayton Jr.,3,5.8,25.8,2.0,1.0,3.0,0.0,2.0,0.0,0.0,Regular Season
1629008,Michael Porter Jr.,1642867,Collin Murray-Boyles,3,6.1,25.8,13.0,4.0,11.0,2.0,6.0,0.0,1.0,Regular Season
201572,Brook Lopez,1642345,Oso Ighodaro,4,5.7,25.8,6.0,2.0,3.0,1.0,2.0,2.0,1.0,Regular Season
1629012,Collin Sexton,1642845,VJ Edgecombe,3,5.1,25.8,7.0,3.0,4.0,1.0,2.0,0.0,1.0,Regular Season
1641733,Nick Smith Jr.,1642285,Cam Spencer,2,5.5,25.8,0.0,0.0,2.0,0.0,2.0,0.0,0.0,Regular Season
1630224,Jalen Green,1642363,Nique Clifford,1,5.2,25.8,4.0,2.0,3.0,0.0,0.0,4.0,0.0,Regular Season
1629029,Luka Dončić,1630534,Ochai Agbaji,2,4.6,25.8,9.0,3.0,7.0,1.0,3.0,1.0,1.0,Regular Season
1630249,Vít Krejčí,1630577,Julian Champagnie,2,3.8,25.8,2.0,1.0,2.0,0.0,1.0,0.0,0.0,Regular Season
1630241,Sam Merrill,1630595,Cade Cunningham,4,4.5,25.8,11.0,4.0,5.0,3.0,3.0,1.0,0.0,Regular Season
1630703,Scoot Henderson,1630538,Bones Hyland,3,5.8,25.8,12.0,3.0,9.0,0.0,5.0,1.0,3.0,Regular Season
1642285,Cam Spencer,1630198,Isaiah Joe,3,5.2,25.8,5.0,2.0,4.0,1.0,2.0,0.0,0.0,Regular Season
1630532,Franz Wagner,1630581,Josh Giddey,2,2.8,25.8,5.0,1.0,3.0,0.0,0.0,0.0,2.0,Regular Season
1630202,Payton Pritchard,1630595,Cade Cunningham,4,4.8,25.8,3.0,1.0,4.0,0.0,3.0,1.0,1.0,Regular Season
203114,Khris Middleton,1630596,Evan Mobley,3,4.7,25.8,2.0,1.0,2.0,0.0,1.0,1.0,0.0,Regular Season
1642849,Nolan Traore,1630559,Austin Reaves,2,5.0,25.8,2.0,1.0,3.0,0.0,0.0,3.0,0.0,Regular Season
1628989,Kevin Huerter,1630557,Corey Kispert,2,4.2,25.8,6.0,3.0,3.0,0.0,0.0,0.0,0.0,Regular Season
201566,Russell Westbrook,1630595,Cade Cunningham,2,3.4,25.8,6.0,2.0,5.0,1.0,1.0,1.0,0.0,Regular Season
1641716,Jarace Walker,1630573,Sam Hauser,4,5.2,25.8,3.0,1.0,3.0,1.0,2.0,0.0,0.0,Regular Season
1631126,Caleb Love,1630198,Isaiah Joe,3,5.4,25.7,0.0,0.0,7.0,0.0,6.0,0.0,0.0,Regular Season
1631097,Bennedict Mathurin,1630200,Tre Jones,2,5.8,25.7,14.0,6.0,9.0,2.0,3.0,0.0,0.0,Regular Season
1630193,Immanuel Quickley,1630591,Jalen Suggs,1,4.8,25.7,4.0,2.0,2.0,0.0,0.0,0.0,0.0,Regular Season
1626181,Norman Powell,1630241,Sam Merrill,4,4.2,25.7,2.0,1.0,3.0,0.0,0.0,0.0,0.0,Regular Season
1641740,Jaylen Clark,1630217,Desmond Bane,1,4.5,25.7,0.0,0.0,1.0,0.0,1.0,0.0,0.0,Regular Season
1630551,Justin Champagnie,1630557,Corey Kispert,2,4.7,25.7,4.0,2.0,3.0,0.0,1.0,0.0,0.0,Regular Season
1630598,Aaron Wiggins,1631123,Jamaree Bouyea,4,4.8,25.7,9.0,4.0,8.0,0.0,2.0,1.0,1.0,Regular Season
1630568,Luka Garza,1630695,Micah Potter,3,6.6,25.7,4.0,2.0,2.0,0.0,0.0,0.0,0.0,Regular Season
1642843,Cooper Flagg,1631165,Keon Ellis,4,4.5,25.7,8.0,4.0,8.0,0.0,1.0,1.0,1.0,Regular Season
1626167,Myles Turner,1631222,Jake LaRavia,2,5.3,25.7,8.0,3.0,6.0,2.0,4.0,2.0,0.0,Regular Season
1629013,Landry Shamet,1631245,Quenton Jackson,2,5.2,25.7,5.0,2.0,6.0,1.0,5.0,0.0,0.0,Regular Season
1628415,Dillon Brooks,1631108,Max Christie,3,4.0,25.7,6.0,3.0,3.0,0.0,0.0,0.0,0.0,Regular Season
1642883,Sion James,1631094,Paolo Banchero,4,4.4,25.7,6.0,2.0,3.0,1.0,2.0,0.0,1.0,Regular Season
1627759,Jaylen Brown,1631094,Paolo Banchero,2,4.7,25.7,5.0,2.0,5.0,1.0,2.0,0.0,0.0,Regular Season
1629057,Robert Williams III,1631105,Jalen Duren,2,5.9,25.7,2.0,1.0,3.0,0.0,1.0,0.0,0.0,Regular Season
1629652,Luguentz Dort,1631094,Paolo Banchero,2,4.9,25.7,2.0,1.0,3.0,0.0,2.0,0.0,0.0,Regular Season
1642276,Kel'el Ware,1641705,Victor Wembanyama,2,5.1,25.7,3.0,1.0,4.0,1.0,4.0,0.0,0.0,Regular Season
1630170,Devin Vassell,1631124,Julian Strawther,2,4.8,25.7,6.0,3.0,5.0,0.0,1.0,0.0,0.0,Regular Season
203903,Jordan Clarkson,1631170,Jaime Jaquez Jr.,4,4.2,25.7,9.0,3.0,8.0,1.0,3.0,0.0,1.0,Regular Season
1628389,Bam Adebayo,1631106,Tari Eason,2,5.3,25.7,4.0,2.0,6.0,0.0,0.0,0.0,0.0,Regular Season
201950,Jrue Holiday,1631221,Collin Gillespie,2,6.4,25.7,4.0,1.0,4.0,0.0,1.0,1.0,0.0,Regular Season
202331,Paul George,1642907,Cedric Coward,1,5.1,25.7,0.0,0.0,4.0,0.0,3.0,1.0,0.0,Regular Season
1630168,Onyeka Okongwu,1643052,Chaney Johnson,2,4.8,25.7,0.0,0.0,0.0,0.0,0.0,0.0,0.0,Regular Season
1631174,Tyler Burton,1627759,Jaylen Brown,1,5.7,25.7,12.0,3.0,4.0,2.0,3.0,0.0,1.0,Regular Season
1630596,Evan Mobley,1627826,Ivica Zubac,1,4.6,25.7,0.0,0.0,0.0,0.0,0.0,0.0,2.0,Regular Season
1630178,Tyrese Maxey,1628973,Jalen Brunson,4,4.3,25.7,15.0,6.0,8.0,2.0,3.0,0.0,1.0,Regular Season
203468,CJ McCollum,1628973,Jalen Brunson,2,5.6,25.7,3.0,1.0,2.0,1.0,2.0,0.0,0.0,Regular Season
1628386,Jarrett Allen,1628392,Isaiah Hartenstein,1,6.0,25.7,4.0,2.0,2.0,0.0,0.0,1.0,0.0,Regular Season
203935,Marcus Smart,1628370,Malik Monk,3,4.2,25.7,1.0,0.0,3.0,0.0,2.0,1.0,1.0,Regular Season
1629630,Ja Morant,1628969,Mikal Bridges,1,3.9,25.7,0.0,0.0,2.0,0.0,0.0,0.0,0.0,Regular Season
1630191,Isaiah Stewart,1627759,Jaylen Brown,4,4.1,25.7,2.0,0.0,2.0,0.0,1.0,0.0,0.0,Regular Season
1642259,Alex Sarr,1628386,Jarrett Allen,1,5.2,25.7,12.0,6.0,10.0,0.0,3.0,1.0,1.0,Regular Season
1630568,Luka Garza,203083,Andre Drummond,2,6.3,25.7,8.0,3.0,4.0,0.0,0.0,0.0,1.0,Regular Season
201599,DeAndre Jordan,203083,Andre Drummond,1,4.3,25.7,2.0,1.0,1.0,0.0,0.0,1.0,0.0,Regular Season
1627884,Derrick Jones Jr.,1626181,Norman Powell,1,5.3,25.7,2.0,1.0,1.0,0.0,0.0,0.0,1.0,Regular Season
1627826,Ivica Zubac,203110,Draymond Green,2,6.9,25.7,0.0,0.0,0.0,0.0,0.0,0.0,0.0,Regular Season
1642848,Tre Johnson,201142,Kevin Durant,2,4.0,25.7,0.0,0.0,4.0,0.0,2.0,1.0,0.0,Regular Season
1630174,Aaron Nesmith,201950,Jrue Holiday,2,4.7,25.7,9.0,4.0,7.0,1.0,3.0,0.0,0.0,Regular Season
1641708,Amen Thompson,203924,Jerami Grant,2,4.8,25.7,2.0,0.0,1.0,0.0,1.0,1.0,0.0,Regular Season
1628389,Bam Adebayo,203507,Giannis Antetokounmpo,1,5.2,25.7,6.0,3.0,6.0,0.0,1.0,0.0,0.0,Regular Season
1641709,Ausar Thompson,202695,Kawhi Leonard,2,4.4,25.7,3.0,1.0,2.0,0.0,0.0,0.0,0.0,Regular Season
1642346,Ryan Dunn,203944,Julius Randle,3,5.0,25.7,5.0,2.0,4.0,1.0,1.0,0.0,0.0,Regular Season
1642349,Ajay Mitchell,1642844,Dylan Harper,2,5.8,25.7,5.0,2.0,3.0,1.0,1.0,0.0,0.0,Regular Season
1642844,Dylan Harper,1642847,Jeremiah Fears,3,4.6,25.7,5.0,2.0,2.0,1.0,1.0,2.0,0.0,Regular Season
1630166,Deni Avdija,1642875,Maxime Raynaud,4,4.4,25.7,26.0,9.0,14.0,4.0,9.0,2.0,2.0,Regular Season
1627759,Jaylen Brown,1642845,VJ Edgecombe,4,5.0,25.7,12.0,4.0,7.0,2.0,2.0,0.0,1.0,Regular Season
1642879,Ben Saraf,1642383,Walter Clayton Jr.,3,4.7,25.7,5.0,2.0,2.0,1.0,1.0,1.0,0.0,Regular Season
1631222,Jake LaRavia,1641824,Matas Buzelis,2,5.2,25.7,0.0,0.0,1.0,0.0,0.0,0.0,0.0,Regular Season
1629638,Nickeil Alexander-Walker,1641716,Jarace Walker,3,3.8,25.7,8.0,3.0,7.0,2.0,4.0,0.0,0.0,Regular Season
1628973,Jalen Brunson,1641783,Tristan da Silva,4,4.0,25.7,15.0,6.0,12.0,1.0,3.0,0.0,1.0,Regular Season
1631221,Collin Gillespie,1641713,GG Jackson,2,6.1,25.7,3.0,1.0,4.0,1.0,4.0,2.0,0.0,Regular Season
1629628,RJ Barrett,1641783,Tristan da Silva,2,4.9,25.7,10.0,4.0,8.0,0.0,3.0,0.0,1.0,Regular Season
1628401,Derrick White,1642267,Bub Carrington,3,4.6,25.7,7.0,2.0,4.0,0.0,0.0,1.0,2.0,Regular Season
1630245,Ayo Dosunmu,1641708,Amen Thompson,2,6.2,25.7,4.0,2.0,2.0,0.0,0.0,0.0,0.0,Regular Season
1628988,Aaron Holiday,1641764,Brandin Podziemski,2,5.5,25.7,0.0,0.0,2.0,0.0,2.0,1.0,0.0,Regular Season
1629731,Dean Wade,1641783,Tristan da Silva,4,6.2,25.7,0.0,0.0,1.0,0.0,1.0,0.0,0.0,Regular Season
1631157,Ryan Rollins,1641708,Amen Thompson,1,5.1,25.7,5.0,2.0,3.0,1.0,1.0,0.0,0.0,Regular Season
1641708,Amen Thompson,1641750,Ryan Kalkbrenner,2,5.3,25.7,4.0,0.0,2.0,0.0,0.0,1.0,2.0,Regular Season
202331,Paul George,1641731,Bilal Coulibaly,3,3.9,25.7,15.0,5.0,5.0,4.0,4.0,0.0,1.0,Regular Season
201950,Jrue Holiday,1629661,Cameron Johnson,4,5.9,25.7,6.0,2.0,10.0,2.0,8.0,0.0,0.0,Regular Season
1628989,Kevin Huerter,1630170,Devin Vassell,2,4.6,25.7,2.0,1.0,1.0,0.0,0.0,1.0,0.0,Regular Season
1631114,Jalen Williams,1630162,Anthony Edwards,1,5.3,25.7,4.0,1.0,3.0,1.0,2.0,1.0,1.0,Regular Season
1642345,Oso Ighodaro,1630180,Saddiq Bey,4,5.2,25.7,1.0,0.0,0.0,0.0,0.0,0.0,0.0,Regular Season
203944,Julius Randle,1630168,Onyeka Okongwu,2,4.7,25.7,12.0,4.0,7.0,2.0,3.0,1.0,2.0,Regular Season
1630530,Trey Murphy III,1630166,Deni Avdija,3,3.6,25.7,3.0,1.0,7.0,0.0,3.0,0.0,1.0,Regular Season
203484,Kentavious Caldwell-Pope,1630180,Saddiq Bey,4,4.2,25.7,5.0,1.0,3.0,1.0,3.0,0.0,0.0,Regular Season
1630574,Ariel Hukporti,1630168,Onyeka Okongwu,1,5.8,25.7,2.0,1.0,2.0,0.0,0.0,1.0,0.0,Regular Season
1641783,Tristan da Silva,1629628,RJ Barrett,2,5.1,25.7,4.0,2.0,4.0,0.0,2.0,0.0,0.0,Regular Season
1627826,Ivica Zubac,1630194,Paul Reed,1,6.3,25.7,5.0,2.0,2.0,0.0,0.0,2.0,0.0,Regular Season
1642264,Stephon Castle,1630180,Saddiq Bey,4,3.9,25.6,4.0,2.0,4.0,0.0,1.0,0.0,0.0,Regular Season
1641774,Tristan Vukcevic,1630188,Jalen Smith,1,4.7,25.6,7.0,3.0,6.0,1.0,3.0,1.0,0.0,Regular Season
1628436,Luke Kornet,1629111,Jock Landale,2,4.3,25.6,4.0,2.0,2.0,0.0,0.0,0.0,0.0,Regular Season
1642877,Micah Peavy,1630166,Deni Avdija,4,4.1,25.6,3.0,1.0,2.0,1.0,1.0,0.0,0.0,Regular Season
1642363,Nique Clifford,1630180,Saddiq Bey,3,4.6,25.6,7.0,2.0,3.0,1.0,2.0,0.0,1.0,Regular Season
1631097,Bennedict Mathurin,1630162,Anthony Edwards,2,5.0,25.6,2.0,1.0,3.0,0.0,2.0,0.0,0.0,Regular Season
1641705,Victor Wembanyama,1629627,Zion Williamson,2,5.2,25.6,8.0,3.0,6.0,0.0,1.0,0.0,1.0,Regular Season
203991,Clint Capela,1629028,Deandre Ayton,1,5.4,25.6,2.0,1.0,2.0,0.0,0.0,0.0,0.0,Regular Season
1628970,Miles Bridges,1630166,Deni Avdija,1,6.3,25.6,2.0,1.0,3.0,0.0,2.0,0.0,0.0,Regular Season
1641710,Anthony Black,1629639,Tyler Herro,1,4.8,25.6,2.0,1.0,2.0,0.0,0.0,0.0,0.0,Regular Season
203944,Julius Randle,1629627,Zion Williamson,1,5.0,25.6,8.0,2.0,4.0,0.0,1.0,0.0,2.0,Regular Season
1629018,Gary Trent Jr.,1629639,Tyler Herro,1,6.0,25.6,0.0,0.0,2.0,0.0,1.0,0.0,0.0,Regular Season
201143,Al Horford,1628396,Tony Bradley,2,5.1,25.6,5.0,2.0,5.0,1.0,4.0,0.0,0.0,Regular Season
1630241,Sam Merrill,1628969,Mikal Bridges,3,4.2,25.6,10.0,4.0,6.0,2.0,4.0,0.0,0.0,Regular Season
1630695,Micah Potter,1628963,Marvin Bagley III,1,4.7,25.6,2.0,1.0,2.0,0.0,1.0,1.0,0.0,Regular Season
1630178,Tyrese Maxey,1627759,Jaylen Brown,4,3.7,25.6,7.0,2.0,4.0,1.0,3.0,0.0,1.0,Regular Season
1627742,Brandon Ingram,1627752,Taurean Prince,2,4.0,25.6,3.0,1.0,3.0,1.0,2.0,2.0,0.0,Regular Season
1630533,Ziaire Williams,1627742,Brandon Ingram,3,5.1,25.6,0.0,0.0,2.0,0.0,2.0,0.0,0.0,Regular Season
204001,Kristaps Porziņģis,1628976,Wendell Carter Jr.,1,5.4,25.6,8.0,1.0,3.0,0.0,0.0,0.0,3.0,Regular Season
1627739,Kris Dunn,1627749,Dejounte Murray,2,5.5,25.6,5.0,2.0,3.0,1.0,2.0,2.0,0.0,Regular Season
203935,Marcus Smart,1629001,De'Anthony Melton,2,4.8,25.6,3.0,1.0,5.0,1.0,4.0,0.0,0.0,Regular Season
1631105,Jalen Duren,1628374,Lauri Markkanen,2,4.3,25.6,7.0,3.0,4.0,0.0,0.0,1.0,2.0,Regular Season
1642851,Kon Knueppel,1627747,Caris LeVert,3,5.5,25.6,5.0,2.0,7.0,1.0,6.0,1.0,0.0,Regular Season
1629637,Jaxson Hayes,1628963,Marvin Bagley III,2,4.8,25.6,6.0,3.0,3.0,0.0,0.0,0.0,0.0,Regular Season
1627742,Brandon Ingram,1631212,Peyton Watson,1,5.8,25.6,10.0,4.0,9.0,2.0,3.0,0.0,0.0,Regular Season
1631097,Bennedict Mathurin,1630700,Dyson Daniels,2,4.4,25.6,5.0,2.0,2.0,0.0,0.0,0.0,1.0,Regular Season
1641796,Pelle Larsson,1631097,Bennedict Mathurin,1,3.9,25.6,7.0,3.0,3.0,0.0,0.0,0.0,1.0,Regular Season
1641757,Jordan Miller,1631250,Pete Nance,2,4.9,25.6,2.0,1.0,6.0,0.0,2.0,0.0,0.0,Regular Season
1627749,Dejounte Murray,1631221,Collin Gillespie,1,5.0,25.6,6.0,2.0,4.0,0.0,1.0,1.0,2.0,Regular Season
1629636,Darius Garland,1630200,Tre Jones,2,4.6,25.6,4.0,1.0,6.0,0.0,1.0,0.0,1.0,Regular Season
1641764,Brandin Podziemski,1630581,Josh Giddey,2,5.9,25.6,7.0,3.0,6.0,1.0,3.0,1.0,0.0,Regular Season
1642851,Kon Knueppel,1630200,Tre Jones,4,4.3,25.6,7.0,3.0,7.0,1.0,4.0,1.0,0.0,Regular Season
1641713,GG Jackson,1630552,Jalen Johnson,1,5.6,25.6,0.0,0.0,0.0,0.0,0.0,0.0,0.0,Regular Season
1631260,AJ Green,1630557,Corey Kispert,3,4.6,25.6,2.0,1.0,3.0,0.0,2.0,0.0,0.0,Regular Season
202699,Tobias Harris,1630217,Desmond Bane,3,4.2,25.6,4.0,2.0,4.0,0.0,1.0,0.0,0.0,Regular Season
1631172,Ousmane Dieng,1630573,Sam Hauser,2,3.9,25.6,2.0,1.0,5.0,0.0,3.0,1.0,0.0,Regular Season
1631132,Christian Koloko,1630643,Jay Huff,2,4.7,25.6,0.0,0.0,2.0,0.0,0.0,0.0,0.0,Regular Season
1642848,Tre Johnson,1630530,Trey Murphy III,2,4.5,25.6,3.0,1.0,4.0,1.0,3.0,1.0,0.0,Regular Season
1630700,Dyson Daniels,1630558,Davion Mitchell,3,3.4,25.6,0.0,0.0,2.0,0.0,0.0,0.0,0.0,Regular Season
1642852,Derik Queen,1630573,Sam Hauser,2,5.0,25.6,10.0,3.0,6.0,0.0,1.0,1.0,3.0,Regular Season
203932,Aaron Gordon,1630577,Julian Champagnie,1,5.5,25.6,5.0,2.0,3.0,1.0,2.0,0.0,0.0,Regular Season
1629006,Josh Okogie,1630595,Cade Cunningham,2,6.1,25.6,3.0,1.0,3.0,0.0,1.0,1.0,1.0,Regular Season
1630578,Alperen Sengun,1630596,Evan Mobley,1,6.3,25.6,18.0,7.0,9.0,0.0,0.0,0.0,0.0,Regular Season
1631105,Jalen Duren,1630552,Jalen Johnson,4,3.8,25.6,9.0,4.0,6.0,0.0,0.0,0.0,1.0,Regular Season
1641717,Cason Wallace,1642948,Ryan Nembhard,2,4.4,25.6,0.0,0.0,1.0,0.0,1.0,1.0,0.0,Regular Season
1629638,Nickeil Alexander-Walker,1642263,Reed Sheppard,2,4.2,25.6,12.0,4.0,6.0,1.0,2.0,1.0,2.0,Regular Season
1630536,Sharife Cooper,1642265,Rob Dillingham,2,5.0,25.6,8.0,2.0,2.0,1.0,1.0,0.0,2.0,Regular Season
1628374,Lauri Markkanen,1641710,Anthony Black,1,4.3,25.6,0.0,0.0,3.0,0.0,2.0,0.0,0.0,Regular Season
1628401,Derrick White,1641764,Brandin Podziemski,2,6.8,25.6,4.0,2.0,5.0,0.0,0.0,0.0,0.0,Regular Season
203954,Joel Embiid,1641750,Ryan Kalkbrenner,2,5.6,25.6,26.0,8.0,13.0,4.0,5.0,1.0,4.0,Regular Season
1641739,Toumani Camara,1641717,Cason Wallace,4,4.3,25.6,3.0,1.0,2.0,1.0,2.0,0.0,0.0,Regular Season
1628960,Grayson Allen,1641783,Tristan da Silva,2,6.0,25.6,0.0,0.0,3.0,0.0,3.0,0.0,0.0,Regular Season
201939,Stephen Curry,1626164,Devin Booker,3,4.2,25.6,2.0,1.0,4.0,0.0,3.0,0.0,0.0,Regular Season
1628374,Lauri Markkanen,1627739,Kris Dunn,2,7.5,25.6,9.0,3.0,5.0,3.0,4.0,2.0,0.0,Regular Season
1629013,Landry Shamet,202691,Klay Thompson,2,4.7,25.6,1.0,0.0,1.0,0.0,0.0,0.0,1.0,Regular Season
1628960,Grayson Allen,203501,Tim Hardaway Jr.,3,4.7,25.6,6.0,2.0,4.0,2.0,4.0,0.0,0.0,Regular Season
1628398,Kyle Kuzma,202710,Jimmy Butler III,2,4.8,25.6,3.0,1.0,1.0,0.0,0.0,0.0,1.0,Regular Season
1630168,Onyeka Okongwu,203944,Julius Randle,2,4.8,25.6,4.0,1.0,3.0,0.0,1.0,0.0,1.0,Regular Season
1629656,Quentin Grimes,203903,Jordan Clarkson,2,4.9,25.6,0.0,0.0,1.0,0.0,0.0,0.0,0.0,Regular Season
1631119,Jaylin Williams,1642449,Tolu Smith,1,5.4,25.6,0.0,0.0,1.0,0.0,0.0,0.0,0.0,Regular Season
1629675,Naz Reid,1642346,Ryan Dunn,3,4.8,25.6,5.0,2.0,3.0,1.0,1.0,0.0,0.0,Regular Season
1642362,Payton Sandfort,1642886,Koby Brea,1,4.5,25.6,11.0,4.0,4.0,3.0,3.0,0.0,0.0,Regular Season
1629675,Naz Reid,1642363,Nique Clifford,4,5.2,25.6,8.0,4.0,11.0,0.0,4.0,2.0,0.0,Regular Season
1642848,Tre Johnson,1642856,Egor Dëmin,2,4.1,25.6,3.0,1.0,1.0,1.0,1.0,0.0,0.0,Regular Season
201935,James Harden,1642461,Spencer Jones,2,4.4,25.6,15.0,2.0,3.0,1.0,2.0,0.0,5.0,Regular Season
1630578,Alperen Sengun,1642345,Oso Ighodaro,2,5.5,25.6,6.0,2.0,6.0,0.0,0.0,2.0,1.0,Regular Season
1631119,Jaylin Williams,1642875,Maxime Raynaud,2,4.0,25.5,3.0,1.0,5.0,1.0,5.0,0.0,0.0,Regular Season
203903,Jordan Clarkson,1642347,Jamal Shead,4,4.7,25.5,11.0,4.0,6.0,1.0,3.0,1.0,1.0,Regular Season
1628971,Bruce Brown,1642843,Cooper Flagg,4,4.6,25.5,2.0,1.0,3.0,0.0,1.0,0.0,0.0,Regular Season
1630567,Scottie Barnes,1642845,VJ Edgecombe,4,3.3,25.5,9.0,3.0,3.0,0.0,0.0,0.0,2.0,Regular Season
1628997,Caleb Martin,1642846,Ace Bailey,2,4.2,25.5,2.0,1.0,3.0,0.0,1.0,0.0,0.0,Regular Season
203471,Dennis Schröder,1642346,Ryan Dunn,2,4.2,25.5,2.0,1.0,4.0,0.0,0.0,1.0,0.0,Regular Season
1642263,Reed Sheppard,1642847,Jeremiah Fears,4,6.3,25.5,3.0,1.0,5.0,1.0,5.0,1.0,0.0,Regular Season
1642868,Carter Bryant,1642843,Cooper Flagg,4,4.5,25.5,6.0,2.0,2.0,2.0,2.0,0.0,0.0,Regular Season
203991,Clint Capela,1642366,Quinten Post,2,6.0,25.5,2.0,1.0,4.0,0.0,0.0,0.0,0.0,Regular Season
1627884,Derrick Jones Jr.,1630577,Julian Champagnie,3,5.0,25.5,5.0,2.0,4.0,0.0,1.0,0.0,1.0,Regular Season
1631246,Vince Williams Jr.,1630577,Julian Champagnie,3,4.3,25.5,7.0,3.0,5.0,1.0,1.0,1.0,0.0,Regular Season
1626181,Norman Powell,1630245,Ayo Dosunmu,2,4.5,25.5,6.0,2.0,3.0,0.0,0.0,3.0,1.0,Regular Season
1641730,Noah Clowney,1630551,Justin Champagnie,3,4.7,25.5,3.0,1.0,5.0,1.0,4.0,0.0,0.0,Regular Season
1628969,Mikal Bridges,1630249,Vít Krejčí,2,5.1,25.5,3.0,1.0,5.0,1.0,4.0,0.0,0.0,Regular Season
1642920,Kobe Sanders,1630577,Julian Champagnie,3,4.5,25.5,2.0,1.0,1.0,0.0,0.0,0.0,0.0,Regular Season
1629675,Naz Reid,1627759,Jaylen Brown,2,5.2,25.5,3.0,1.0,3.0,1.0,3.0,0.0,0.0,Regular Season
203083,Andre Drummond,1628963,Marvin Bagley III,3,4.2,25.5,0.0,0.0,3.0,0.0,1.0,0.0,0.0,Regular Season
1628369,Jayson Tatum,1628384,OG Anunoby,1,7.1,25.5,7.0,2.0,3.0,1.0,2.0,1.0,1.0,Regular Season
1627824,Guerschon Yabusele,1629011,Mitchell Robinson,1,4.5,25.5,0.0,0.0,2.0,0.0,2.0,0.0,0.0,Regular Season
203497,Rudy Gobert,1628991,Jaren Jackson Jr.,2,4.4,25.5,7.0,3.0,3.0,0.0,0.0,0.0,0.0,Regular Season
1628404,Josh Hart,1628369,Jayson Tatum,1,6.5,25.5,15.0,6.0,7.0,3.0,3.0,1.0,0.0,Regular Season
1627742,Brandon Ingram,1628401,Derrick White,3,4.9,25.5,13.0,5.0,9.0,3.0,5.0,0.0,0.0,Regular Season
203944,Julius Randle,1629011,Mitchell Robinson,2,4.5,25.5,9.0,3.0,9.0,0.0,3.0,2.0,2.0,Regular Season
1628991,Jaren Jackson Jr.,1628392,Isaiah Hartenstein,1,4.6,25.5,10.0,4.0,9.0,2.0,5.0,0.0,0.0,Regular Season
1627739,Kris Dunn,1628379,Luke Kennard,3,4.8,25.5,2.0,1.0,1.0,0.0,0.0,0.0,0.0,Regular Season
1628436,Luke Kornet,1627751,Jakob Poeltl,1,5.9,25.5,2.0,1.0,2.0,0.0,0.0,0.0,0.0,Regular Season
1641718,Keyonte George,1628978,Donte DiVincenzo,3,3.7,25.5,8.0,3.0,8.0,1.0,2.0,0.0,1.0,Regular Season
1629018,Gary Trent Jr.,1628378,Donovan Mitchell,2,5.9,25.5,5.0,2.0,4.0,1.0,2.0,1.0,0.0,Regular Season
1630581,Josh Giddey,1629060,Rui Hachimura,2,3.8,25.5,8.0,2.0,5.0,2.0,3.0,1.0,0.0,Regular Season
1630567,Scottie Barnes,1629674,Neemias Queta,3,3.5,25.5,11.0,4.0,8.0,0.0,1.0,3.0,1.0,Regular Season
1641739,Toumani Camara,1629130,Duncan Robinson,2,5.7,25.5,0.0,0.0,4.0,0.0,3.0,0.0,0.0,Regular Season
1626164,Devin Booker,1629661,Cameron Johnson,3,4.8,25.5,22.0,7.0,9.0,1.0,2.0,0.0,2.0,Regular Season
1628381,John Collins,1629029,Luka Dončić,4,5.3,25.5,12.0,5.0,8.0,2.0,5.0,1.0,0.0,Regular Season
203924,Jerami Grant,1629675,Naz Reid,3,4.3,25.5,3.0,1.0,2.0,0.0,0.0,0.0,1.0,Regular Season
1628970,Miles Bridges,1630180,Saddiq Bey,2,7.6,25.5,8.0,3.0,3.0,1.0,1.0,0.0,1.0,Regular Season
1626162,Kelly Oubre Jr.,1629639,Tyler Herro,2,4.8,25.5,5.0,2.0,4.0,1.0,2.0,0.0,0.0,Regular Season
1629680,Matisse Thybulle,1629636,Darius Garland,2,5.0,25.5,0.0,0.0,1.0,0.0,1.0,0.0,0.0,Regular Season
203084,Harrison Barnes,1629661,Cameron Johnson,3,5.7,25.5,2.0,1.0,2.0,0.0,1.0,2.0,0.0,Regular Season
1642270,Donovan Clingan,1631105,Jalen Duren,1,5.7,25.5,5.0,2.0,3.0,1.0,1.0,0.0,1.0,Regular Season
1641869,Malachi Smith,1631172,Ousmane Dieng,2,4.7,25.5,2.0,1.0,3.0,0.0,0.0,1.0,0.0,Regular Season
201942,DeMar DeRozan,1631094,Paolo Banchero,2,5.8,25.5,8.0,2.0,4.0,0.0,1.0,0.0,2.0,Regular Season
1630228,Jonathan Kuminga,1631169,Josh Minott,2,4.9,25.5,0.0,0.0,1.0,0.0,0.0,0.0,0.0,Regular Season
1629130,Duncan Robinson,1631095,Jabari Smith Jr.,2,4.4,25.5,2.0,1.0,2.0,0.0,1.0,0.0,0.0,Regular Season
203114,Khris Middleton,1630700,Dyson Daniels,3,4.8,25.5,2.0,1.0,3.0,0.0,0.0,0.0,0.0,Regular Season
1630162,Anthony Edwards,203999,Nikola Jokić,3,4.3,25.5,14.0,5.0,8.0,2.0,5.0,0.0,2.0,Regular Season
1628991,Jaren Jackson Jr.,203497,Rudy Gobert,2,3.8,25.5,18.0,6.0,12.0,2.0,3.0,0.0,2.0,Regular Season
1642270,Donovan Clingan,203937,Kyle Anderson,2,5.3,25.5,5.0,2.0,4.0,1.0,3.0,0.0,0.0,Regular Season
203110,Draymond Green,203939,Dwight Powell,1,4.2,25.5,2.0,0.0,2.0,0.0,1.0,1.0,1.0,Regular Season
1626220,Royce O'Neale,203110,Draymond Green,4,3.9,25.5,2.0,1.0,3.0,0.0,1.0,1.0,0.0,Regular Season
1630529,Herbert Jones,1626220,Royce O'Neale,2,4.5,25.5,6.0,2.0,5.0,2.0,4.0,1.0,0.0,Regular Season
203924,Jerami Grant,202699,Tobias Harris,1,5.4,25.5,9.0,2.0,3.0,2.0,3.0,0.0,1.0,Regular Season
1642267,Bub Carrington,1642920,Kobe Sanders,2,5.0,25.5,0.0,0.0,5.0,0.0,4.0,0.0,0.0,Regular Season
1642848,Tre Johnson,1641783,Tristan da Silva,4,4.4,25.5,2.0,0.0,3.0,0.0,2.0,0.0,1.0,Regular Season
1642273,Kyshawn George,1641706,Brandon Miller,3,4.4,25.5,7.0,3.0,7.0,0.0,3.0,2.0,1.0,Regular Season
1630611,Gui Santos,1641731,Bilal Coulibaly,2,5.0,25.5,2.0,1.0,2.0,0.0,0.0,0.0,0.0,Regular Season
1630581,Josh Giddey,1641706,Brandon Miller,3,3.9,25.5,17.0,6.0,8.0,1.0,1.0,1.0,2.0,Regular Season
1630591,Jalen Suggs,1642267,Bub Carrington,3,5.0,25.5,5.0,2.0,7.0,0.0,4.0,2.0,1.0,Regular Season
203944,Julius Randle,1642262,Cody Williams,2,3.7,25.5,3.0,1.0,4.0,0.0,1.0,1.0,1.0,Regular Season
1642845,VJ Edgecombe,1641706,Brandon Miller,3,5.5,25.5,9.0,3.0,7.0,1.0,2.0,1.0,1.0,Regular Season
1630245,Ayo Dosunmu,1641716,Jarace Walker,3,5.9,25.5,2.0,1.0,6.0,0.0,4.0,1.0,0.0,Regular Season
1628386,Jarrett Allen,1641730,Noah Clowney,3,4.2,25.4,9.0,4.0,4.0,0.0,0.0,1.0,2.0,Regular Season
1627752,Taurean Prince,1641716,Jarace Walker,2,5.4,25.4,5.0,2.0,3.0,1.0,2.0,0.0,0.0,Regular Season
1642268,Isaiah Collier,1641712,Rayan Rupert,2,4.0,25.4,5.0,1.0,2.0,0.0,0.0,0.0,0.0,Regular Season
1626167,Myles Turner,1641790,PJ Hall,2,4.8,25.4,8.0,2.0,5.0,2.0,5.0,0.0,1.0,Regular Season
1629645,Kevin Porter Jr.,1642267,Bub Carrington,3,5.6,25.4,11.0,4.0,6.0,1.0,1.0,2.0,1.0,Regular Season
1642259,Alex Sarr,1641730,Noah Clowney,2,4.8,25.4,13.0,6.0,11.0,1.0,3.0,0.0,0.0,Regular Season
1628978,Donte DiVincenzo,1641717,Cason Wallace,4,4.6,25.4,2.0,1.0,5.0,0.0,2.0,0.0,0.0,Regular Season
1627751,Jakob Poeltl,1642270,Donovan Clingan,1,3.9,25.4,2.0,1.0,2.0,0.0,0.0,1.0,0.0,Regular Season
202331,Paul George,1641708,Amen Thompson,2,4.8,25.4,6.0,2.0,3.0,0.0,1.0,1.0,1.0,Regular Season
1630581,Josh Giddey,1641710,Anthony Black,2,5.3,25.4,7.0,3.0,6.0,1.0,2.0,1.0,0.0,Regular Season
1641796,Pelle Larsson,1641731,Bilal Coulibaly,3,4.1,25.4,8.0,3.0,3.0,0.0,0.0,2.0,1.0,Regular Season
1626171,Bobby Portis Jr.,1641796,Pelle Larsson,3,4.9,25.4,5.0,2.0,6.0,1.0,2.0,0.0,0.0,Regular Season
1630643,Jay Huff,1642259,Alex Sarr,1,4.9,25.4,3.0,1.0,2.0,1.0,2.0,1.0,0.0,Regular Season
1626171,Bobby Portis Jr.,1641716,Jarace Walker,4,5.5,25.4,10.0,3.0,7.0,2.0,4.0,1.0,1.0,Regular Season
1630552,Jalen Johnson,1629611,Terance Mann,4,4.5,25.4,8.0,2.0,2.0,1.0,1.0,1.0,2.0,Regular Season
1629675,Naz Reid,1629640,Keldon Johnson,2,4.8,25.4,7.0,3.0,8.0,1.0,5.0,0.0,0.0,Regular Season
1629680,Matisse Thybulle,1629661,Cameron Johnson,3,4.8,25.4,3.0,1.0,4.0,1.0,4.0,1.0,0.0,Regular Season
1629750,Javonte Green,1629675,Naz Reid,2,4.6,25.4,0.0,0.0,1.0,0.0,1.0,0.0,0.0,Regular Season
1641764,Brandin Podziemski,1629636,Darius Garland,3,5.5,25.4,11.0,5.0,12.0,1.0,4.0,0.0,0.0,Regular Season
1641842,Ronald Holland II,1629675,Naz Reid,2,5.7,25.4,6.0,2.0,3.0,1.0,1.0,0.0,1.0,Regular Season
1627751,Jakob Poeltl,1629651,Nic Claxton,2,5.1,25.4,4.0,2.0,3.0,0.0,0.0,0.0,0.0,Regular Season
1641706,Brandon Miller,1629023,P.J. Washington,2,6.4,25.4,15.0,5.0,6.0,3.0,4.0,0.0,2.0,Regular Season
1626167,Myles Turner,1630286,Trevon Scott,1,5.0,25.4,4.0,2.0,4.0,0.0,2.0,0.0,1.0,Regular Season
203501,Tim Hardaway Jr.,1630538,Bones Hyland,3,3.8,25.4,12.0,4.0,5.0,2.0,3.0,0.0,1.0,Regular Season
1630592,Jalen Wilson,1630567,Scottie Barnes,3,6.0,25.4,0.0,0.0,1.0,0.0,0.0,1.0,0.0,Regular Season
1630543,Isaiah Jackson,1630578,Alperen Sengun,2,5.3,25.4,3.0,1.0,1.0,0.0,0.0,0.0,2.0,Regular Season
1626181,Norman Powell,1630530,Trey Murphy III,1,4.3,25.4,11.0,4.0,5.0,3.0,3.0,0.0,0.0,Regular Season
1630249,Vít Krejčí,1630245,Ayo Dosunmu,4,5.0,25.4,12.0,5.0,7.0,2.0,3.0,1.0,0.0,Regular Season
1630696,Dru Smith,1630202,Payton Pritchard,4,5.0,25.4,0.0,0.0,0.0,0.0,0.0,0.0,0.0,Regular Season
1630193,Immanuel Quickley,1630541,Moses Moody,2,4.4,25.4,7.0,2.0,3.0,1.0,2.0,1.0,1.0,Regular Season
201942,DeMar DeRozan,1630541,Moses Moody,2,3.8,25.4,12.0,5.0,7.0,0.0,0.0,1.0,0.0,Regular Season
1630182,Josh Green,1630202,Payton Pritchard,3,6.3,25.4,3.0,0.0,2.0,0.0,2.0,0.0,1.0,Regular Season
1627759,Jaylen Brown,1630595,Cade Cunningham,4,4.5,25.4,13.0,5.0,8.0,1.0,2.0,0.0,2.0,Regular Season
1642345,Oso Ighodaro,1642382,Branden Carlson,3,6.6,25.4,4.0,2.0,4.0,0.0,0.0,1.0,0.0,Regular Season
1629614,Andrew Nembhard,1642281,Jaylon Tyson,3,5.7,25.4,6.0,2.0,3.0,0.0,0.0,2.0,1.0,Regular Season
1630595,Cade Cunningham,1642377,Jaylen Wells,1,5.1,25.4,7.0,3.0,5.0,1.0,1.0,1.0,0.0,Regular Season
1626162,Kelly Oubre Jr.,1642851,Kon Knueppel,3,4.7,25.4,5.0,2.0,4.0,1.0,1.0,1.0,0.0,Regular Season
1642285,Cam Spencer,1642883,Sion James,2,5.8,25.4,0.0,0.0,4.0,0.0,3.0,0.0,0.0,Regular Season
1630180,Saddiq Bey,1642845,VJ Edgecombe,2,3.2,25.4,6.0,2.0,7.0,2.0,4.0,2.0,0.0,Regular Season
1630559,Austin Reaves,1642845,VJ Edgecombe,2,5.1,25.4,5.0,1.0,5.0,1.0,3.0,1.0,1.0,Regular Season
1629008,Michael Porter Jr.,1642461,Spencer Jones,2,5.6,25.4,14.0,3.0,6.0,1.0,3.0,1.0,4.0,Regular Season
1629020,Jarred Vanderbilt,1627783,Pascal Siakam,2,4.4,25.4,5.0,2.0,3.0,1.0,1.0,1.0,0.0,Regular Season
1642263,Reed Sheppard,1628379,Luke Kennard,3,4.9,25.4,6.0,2.0,5.0,2.0,4.0,2.0,0.0,Regular Season
1629651,Nic Claxton,1627824,Guerschon Yabusele,3,5.4,25.4,6.0,2.0,4.0,1.0,1.0,1.0,1.0,Regular Season
1630170,Devin Vassell,1628969,Mikal Bridges,1,4.5,25.4,4.0,2.0,4.0,0.0,2.0,0.0,1.0,Regular Season
1631213,Tyrese Martin,1629014,Anfernee Simons,2,3.7,25.4,7.0,2.0,3.0,1.0,2.0,0.0,1.0,Regular Season
1631212,Peyton Watson,1628970,Miles Bridges,2,5.2,25.4,5.0,2.0,4.0,1.0,3.0,1.0,0.0,Regular Season
1629640,Keldon Johnson,1628991,Jaren Jackson Jr.,3,4.9,25.4,7.0,3.0,4.0,1.0,2.0,1.0,1.0,Regular Season
1630595,Cade Cunningham,1629004,Svi Mykhailiuk,2,4.0,25.4,7.0,3.0,4.0,0.0,0.0,0.0,1.0,Regular Season
1626167,Myles Turner,1627759,Jaylen Brown,3,4.6,25.4,0.0,0.0,2.0,0.0,2.0,1.0,0.0,Regular Season
1628398,Kyle Kuzma,1627742,Brandon Ingram,3,3.9,25.4,5.0,2.0,3.0,0.0,0.0,1.0,1.0,Regular Season
1630193,Immanuel Quickley,1628368,De'Aaron Fox,1,4.5,25.4,4.0,1.0,4.0,0.0,2.0,0.0,2.0,Regular Season
1629014,Anfernee Simons,1629018,Gary Trent Jr.,2,7.0,25.4,9.0,4.0,6.0,1.0,2.0,0.0,0.0,Regular Season
203924,Jerami Grant,1627742,Brandon Ingram,2,5.1,25.4,5.0,2.0,4.0,1.0,3.0,1.0,0.0,Regular Season
1641796,Pelle Larsson,1627742,Brandon Ingram,2,4.7,25.4,3.0,1.0,3.0,1.0,3.0,0.0,0.0,Regular Season
1631108,Max Christie,1642914,Javon Small,2,4.2,25.4,3.0,1.0,3.0,1.0,2.0,1.0,0.0,Regular Season
203939,Dwight Powell,1631105,Jalen Duren,1,5.4,25.4,2.0,0.0,0.0,0.0,0.0,2.0,1.0,Regular Season
1627751,Jakob Poeltl,1631217,Moussa Diabaté,3,6.8,25.4,0.0,0.0,0.0,0.0,0.0,0.0,0.0,Regular Season
1630314,Brandon Williams,1631222,Jake LaRavia,4,5.5,25.4,7.0,2.0,5.0,1.0,2.0,0.0,1.0,Regular Season
2544,LeBron James,1631094,Paolo Banchero,2,4.7,25.4,9.0,4.0,5.0,1.0,2.0,0.0,0.0,Regular Season
201935,James Harden,1631093,Jaden Ivey,2,5.7,25.4,0.0,0.0,3.0,0.0,2.0,0.0,0.0,Regular Season
1630198,Isaiah Joe,1631126,Caleb Love,3,4.1,25.4,3.0,1.0,3.0,1.0,3.0,0.0,0.0,Regular Season
1643253,Toby Okani,203999,Nikola Jokić,1,5.3,25.4,14.0,5.0,9.0,4.0,7.0,0.0,0.0,Regular Season
1642268,Isaiah Collier,201144,Mike Conley,4,4.0,25.4,12.0,5.0,6.0,1.0,1.0,0.0,2.0,Regular Season
1630193,Immanuel Quickley,203952,Andrew Wiggins,4,5.0,25.4,9.0,3.0,7.0,3.0,6.0,0.0,0.0,Regular Season
1642450,Daniss Jenkins,201144,Mike Conley,2,4.4,25.4,5.0,1.0,3.0,0.0,0.0,1.0,2.0,Regular Season
203114,Khris Middleton,203932,Aaron Gordon,2,4.7,25.4,3.0,1.0,2.0,1.0,1.0,0.0,0.0,Regular Season
1631260,AJ Green,201144,Mike Conley,2,5.8,25.4,6.0,2.0,4.0,2.0,4.0,0.0,0.0,Regular Season
1629675,Naz Reid,201942,DeMar DeRozan,4,5.2,25.4,10.0,4.0,7.0,2.0,4.0,0.0,0.0,Regular Season
1630264,Anthony Gill,203083,Andre Drummond,2,4.8,25.4,0.0,0.0,0.0,0.0,0.0,0.0,0.0,Regular Season
1630578,Alperen Sengun,203083,Andre Drummond,1,5.8,25.4,2.0,1.0,4.0,0.0,0.0,3.0,0.0,Regular Season
1629723,John Konchar,203501,Tim Hardaway Jr.,4,5.2,25.4,7.0,3.0,5.0,1.0,3.0,0.0,0.0,Regular Season
1631094,Paolo Banchero,203944,Julius Randle,1,4.6,25.4,4.0,1.0,3.0,0.0,2.0,2.0,1.0,Regular Season
1631243,Mouhamed Gueye,1626204,Larry Nance Jr.,3,6.1,25.4,5.0,2.0,4.0,1.0,3.0,0.0,0.0,Regular Season
1630314,Brandon Williams,203935,Marcus Smart,2,3.9,25.4,5.0,1.0,4.0,0.0,3.0,0.0,2.0,Regular Season
1630529,Herbert Jones,202695,Kawhi Leonard,3,5.9,25.4,0.0,0.0,1.0,0.0,0.0,0.0,0.0,Regular Season
1628389,Bam Adebayo,1626171,Bobby Portis Jr.,3,6.0,25.4,6.0,0.0,5.0,0.0,3.0,0.0,2.0,Regular Season
1631106,Tari Eason,201942,DeMar DeRozan,2,5.4,25.3,13.0,5.0,5.0,3.0,3.0,0.0,0.0,Regular Season
1627759,Jaylen Brown,203110,Draymond Green,2,5.6,25.3,6.0,3.0,7.0,0.0,2.0,1.0,0.0,Regular Season
1629661,Cameron Johnson,201939,Stephen Curry,1,5.2,25.3,5.0,2.0,5.0,1.0,3.0,1.0,0.0,Regular Season
1629006,Josh Okogie,203897,Zach LaVine,2,4.7,25.3,0.0,0.0,1.0,0.0,1.0,0.0,0.0,Regular Season
1626181,Norman Powell,203484,Kentavious Caldwell-Pope,1,4.8,25.3,2.0,1.0,1.0,0.0,0.0,1.0,0.0,Regular Season
203937,Kyle Anderson,201142,Kevin Durant,3,5.5,25.3,2.0,1.0,7.0,0.0,0.0,0.0,0.0,Regular Season
1629057,Robert Williams III,203991,Clint Capela,2,6.9,25.3,2.0,1.0,3.0,0.0,1.0,0.0,0.0,Regular Season
1629640,Keldon Johnson,201942,DeMar DeRozan,3,4.5,25.3,7.0,3.0,5.0,1.0,2.0,0.0,1.0,Regular Season
203935,Marcus Smart,201566,Russell Westbrook,4,4.0,25.3,3.0,1.0,2.0,1.0,2.0,0.0,0.0,Regular Season
1642271,Kyle Filipowski,203110,Draymond Green,3,5.7,25.3,8.0,2.0,5.0,0.0,0.0,1.0,2.0,Regular Season
1626220,Royce O'Neale,1626181,Norman Powell,2,5.4,25.3,0.0,0.0,2.0,0.0,2.0,1.0,0.0,Regular Season
1642939,Miles Kelly,1642383,Walter Clayton Jr.,3,4.4,25.3,5.0,2.0,8.0,1.0,5.0,0.0,0.0,Regular Season
1629637,Jaxson Hayes,1642852,Derik Queen,4,5.8,25.3,6.0,3.0,3.0,0.0,0.0,1.0,1.0,Regular Season
1630631,Jose Alvarado,1642844,Dylan Harper,4,5.7,25.3,6.0,2.0,2.0,2.0,2.0,0.0,0.0,Regular Season
203110,Draymond Green,1642345,Oso Ighodaro,4,5.0,25.3,2.0,1.0,1.0,0.0,0.0,1.0,0.0,Regular Season
1631105,Jalen Duren,1642852,Derik Queen,2,4.8,25.3,6.0,2.0,4.0,0.0,0.0,1.0,1.0,Regular Season
1641764,Brandin Podziemski,1629661,Cameron Johnson,4,4.9,25.3,7.0,3.0,5.0,1.0,2.0,1.0,0.0,Regular Season
1641716,Jarace Walker,1629631,De'Andre Hunter,3,5.3,25.3,4.0,1.0,5.0,1.0,4.0,0.0,0.0,Regular Season
1629638,Nickeil Alexander-Walker,1629645,Kevin Porter Jr.,2,4.2,25.3,11.0,3.0,4.0,2.0,3.0,1.0,1.0,Regular Season
1630552,Jalen Johnson,1629651,Nic Claxton,4,4.0,25.3,10.0,4.0,7.0,0.0,1.0,1.0,1.0,Regular Season
1642258,Zaccharie Risacher,1629673,Jordan Poole,1,4.3,25.3,10.0,3.0,4.0,3.0,4.0,0.0,1.0,Regular Season
1626167,Myles Turner,1630188,Jalen Smith,3,4.7,25.3,8.0,3.0,7.0,1.0,3.0,1.0,1.0,Regular Season
202699,Tobias Harris,1629023,P.J. Washington,2,5.0,25.3,3.0,1.0,3.0,1.0,1.0,1.0,0.0,Regular Season
1629638,Nickeil Alexander-Walker,1629631,De'Andre Hunter,2,3.4,25.3,8.0,2.0,4.0,0.0,2.0,0.0,2.0,Regular Season
1626220,Royce O'Neale,1629060,Rui Hachimura,3,4.6,25.3,3.0,1.0,2.0,1.0,2.0,0.0,0.0,Regular Season
1631097,Bennedict Mathurin,1629640,Keldon Johnson,4,5.0,25.3,4.0,0.0,5.0,0.0,3.0,0.0,2.0,Regular Season
1629656,Quentin Grimes,1642262,Cody Williams,2,4.8,25.3,4.0,1.0,1.0,0.0,0.0,1.0,1.0,Regular Season
1631159,Leonard Miller,1641712,Rayan Rupert,2,4.8,25.3,1.0,0.0,1.0,0.0,0.0,0.0,1.0,Regular Season
203903,Jordan Clarkson,1641716,Jarace Walker,3,6.0,25.3,4.0,2.0,3.0,0.0,1.0,0.0,0.0,Regular Season
1641739,Toumani Camara,1641718,Keyonte George,2,3.6,25.3,3.0,1.0,1.0,1.0,1.0,0.0,0.0,Regular Season
1641708,Amen Thompson,1641764,Brandin Podziemski,3,4.3,25.3,4.0,2.0,4.0,0.0,1.0,0.0,0.0,Regular Season
1631260,AJ Green,1641796,Pelle Larsson,3,4.9,25.3,9.0,3.0,4.0,3.0,4.0,0.0,0.0,Regular Season
1642383,Walter Clayton Jr.,1642265,Rob Dillingham,4,4.7,25.3,0.0,0.0,4.0,0.0,3.0,0.0,0.0,Regular Season
1631101,Shaedon Sharpe,1641717,Cason Wallace,3,4.4,25.3,2.0,0.0,2.0,0.0,0.0,0.0,1.0,Regular Season
1642258,Zaccharie Risacher,1641716,Jarace Walker,2,4.0,25.3,3.0,1.0,2.0,1.0,1.0,0.0,0.0,Regular Season
1629652,Luguentz Dort,1641716,Jarace Walker,2,4.0,25.3,2.0,1.0,3.0,0.0,2.0,1.0,0.0,Regular Season
203999,Nikola Jokić,1641708,Amen Thompson,4,2.9,25.3,10.0,4.0,6.0,0.0,0.0,0.0,1.0,Regular Season
1629632,Coby White,1641730,Noah Clowney,3,5.6,25.3,14.0,5.0,9.0,4.0,6.0,1.0,0.0,Regular Season
1628384,OG Anunoby,1630577,Julian Champagnie,2,6.4,25.3,0.0,0.0,4.0,0.0,2.0,0.0,0.0,Regular Season
1628378,Donovan Mitchell,1630577,Julian Champagnie,2,3.4,25.3,2.0,1.0,3.0,0.0,2.0,1.0,0.0,Regular Season
1631230,Dominick Barlow,1630579,Jericho Sims,3,5.3,25.3,6.0,1.0,2.0,0.0,1.0,1.0,2.0,Regular Season
1631121,Bryce McGowens,1630217,Desmond Bane,1,5.8,25.3,3.0,1.0,1.0,1.0,1.0,0.0,0.0,Regular Season
1627750,Jamal Murray,1630578,Alperen Sengun,4,4.2,25.3,18.0,7.0,12.0,1.0,1.0,3.0,1.0,Regular Season
1626204,Larry Nance Jr.,1630572,Sandro Mamukelashvili,3,5.8,25.3,0.0,0.0,3.0,0.0,3.0,1.0,0.0,Regular Season
1631157,Ryan Rollins,1630245,Ayo Dosunmu,3,4.6,25.3,8.0,3.0,5.0,2.0,3.0,2.0,0.0,Regular Season
1642845,VJ Edgecombe,1630581,Josh Giddey,3,3.6,25.3,6.0,2.0,4.0,2.0,3.0,0.0,0.0,Regular Season
1630679,Ethan Thompson,1630592,Jalen Wilson,2,4.3,25.3,8.0,3.0,4.0,2.0,2.0,0.0,0.0,Regular Season
203083,Andre Drummond,1630578,Alperen Sengun,1,3.8,25.3,3.0,1.0,1.0,0.0,0.0,0.0,0.0,Regular Season
1630631,Jose Alvarado,1631245,Quenton Jackson,3,4.6,25.3,3.0,1.0,4.0,1.0,1.0,0.0,0.0,Regular Season
1631157,Ryan Rollins,1631108,Max Christie,2,4.2,25.3,5.0,2.0,6.0,1.0,4.0,0.0,0.0,Regular Season
1629060,Rui Hachimura,1631114,Jalen Williams,2,4.8,25.3,5.0,2.0,2.0,1.0,1.0,0.0,0.0,Regular Season
1641716,Jarace Walker,1631094,Paolo Banchero,3,4.1,25.3,3.0,1.0,3.0,1.0,3.0,0.0,0.0,Regular Season
1629014,Anfernee Simons,1631245,Quenton Jackson,4,5.0,25.3,8.0,2.0,4.0,0.0,1.0,0.0,2.0,Regular Season
203952,Andrew Wiggins,1631230,Dominick Barlow,2,4.3,25.3,2.0,1.0,5.0,0.0,2.0,0.0,0.0,Regular Season
203076,Anthony Davis,1631119,Jaylin Williams,2,7.2,25.3,2.0,1.0,6.0,0.0,0.0,2.0,0.0,Regular Season
1630544,Tre Mann,1631157,Ryan Rollins,3,4.6,25.3,6.0,2.0,4.0,2.0,2.0,1.0,0.0,Regular Season
1630191,Isaiah Stewart,1641705,Victor Wembanyama,1,5.4,25.3,5.0,1.0,2.0,1.0,2.0,1.0,1.0,Regular Season
1631159,Leonard Miller,1631094,Paolo Banchero,1,4.9,25.3,5.0,2.0,2.0,1.0,1.0,2.0,0.0,Regular Season
1629639,Tyler Herro,1631157,Ryan Rollins,2,4.5,25.3,5.0,2.0,7.0,1.0,3.0,0.0,0.0,Regular Season
1641739,Toumani Camara,1631095,Jabari Smith Jr.,3,3.9,25.3,11.0,4.0,6.0,2.0,4.0,1.0,1.0,Regular Season
1628991,Jaren Jackson Jr.,1631217,Moussa Diabaté,1,6.7,25.3,10.0,4.0,9.0,2.0,5.0,1.0,0.0,Regular Season
1641739,Toumani Camara,1631170,Jaime Jaquez Jr.,2,4.7,25.3,5.0,2.0,3.0,1.0,2.0,1.0,0.0,Regular Season
1629750,Javonte Green,1631094,Paolo Banchero,3,3.6,25.3,8.0,3.0,5.0,2.0,4.0,0.0,0.0,Regular Season
1630643,Jay Huff,1627751,Jakob Poeltl,2,4.8,25.3,0.0,0.0,2.0,0.0,2.0,0.0,0.0,Regular Season
1629638,Nickeil Alexander-Walker,1628989,Kevin Huerter,4,5.0,25.3,13.0,4.0,10.0,3.0,6.0,0.0,1.0,Regular Season
1627750,Jamal Murray,1628384,OG Anunoby,2,5.9,25.3,11.0,4.0,5.0,1.0,1.0,1.0,0.0,Regular Season
1630558,Davion Mitchell,1628401,Derrick White,2,4.5,25.3,3.0,1.0,4.0,1.0,3.0,0.0,0.0,Regular Season
1641716,Jarace Walker,1627752,Taurean Prince,2,5.2,25.3,3.0,1.0,2.0,1.0,1.0,0.0,2.0,Regular Season
201572,Brook Lopez,1628386,Jarrett Allen,1,4.8,25.3,5.0,2.0,4.0,1.0,3.0,0.0,0.0,Regular Season
1629060,Rui Hachimura,1628415,Dillon Brooks,3,4.1,25.3,3.0,1.0,2.0,1.0,1.0,1.0,0.0,Regular Season
1641744,Zach Edey,1628386,Jarrett Allen,1,4.8,25.3,4.0,1.0,4.0,0.0,1.0,0.0,1.0,Regular Season
1642869,Noah Penda,1629008,Michael Porter Jr.,2,5.0,25.3,2.0,1.0,2.0,0.0,0.0,1.0,0.0,Regular Season
1626171,Bobby Portis Jr.,1627759,Jaylen Brown,2,6.6,25.3,12.0,5.0,8.0,2.0,3.0,2.0,0.0,Regular Season
1628398,Kyle Kuzma,1628386,Jarrett Allen,2,4.3,25.3,11.0,4.0,7.0,3.0,5.0,0.0,0.0,Regular Season
1642349,Ajay Mitchell,1642954,Will Richard,3,4.5,25.3,6.0,2.0,3.0,1.0,2.0,2.0,1.0,Regular Season
1628978,Donte DiVincenzo,1642954,Will Richard,3,3.9,25.2,3.0,1.0,6.0,1.0,4.0,3.0,0.0,Regular Season
1629029,Luka Dončić,1642920,Kobe Sanders,3,5.4,25.2,16.0,5.0,12.0,2.0,6.0,0.0,3.0,Regular Season
1627739,Kris Dunn,1642948,Ryan Nembhard,3,5.2,25.2,2.0,1.0,4.0,0.0,2.0,2.0,0.0,Regular Season
1629614,Andrew Nembhard,1641717,Cason Wallace,1,4.8,25.2,5.0,2.0,3.0,1.0,1.0,0.0,0.0,Regular Season
1641708,Amen Thompson,1642266,Ja'Kobe Walter,2,4.8,25.2,11.0,3.0,5.0,1.0,1.0,2.0,1.0,Regular Season
1630245,Ayo Dosunmu,1641783,Tristan da Silva,4,4.6,25.2,0.0,0.0,3.0,0.0,1.0,0.0,0.0,Regular Season
1631243,Mouhamed Gueye,1641783,Tristan da Silva,4,4.6,25.2,2.0,1.0,1.0,0.0,0.0,0.0,0.0,Regular Season
1629640,Keldon Johnson,1641764,Brandin Podziemski,4,4.5,25.2,2.0,1.0,3.0,0.0,2.0,0.0,0.0,Regular Season
1628381,John Collins,1641707,Taylor Hendricks,3,5.7,25.2,4.0,2.0,4.0,0.0,0.0,0.0,0.0,Regular Season
1629014,Anfernee Simons,1642267,Bub Carrington,2,5.0,25.2,0.0,0.0,3.0,0.0,3.0,0.0,0.0,Regular Season
1631212,Peyton Watson,1641824,Matas Buzelis,1,4.7,25.2,3.0,1.0,2.0,1.0,1.0,0.0,0.0,Regular Season
1630577,Julian Champagnie,1641717,Cason Wallace,5,3.6,25.2,6.0,2.0,4.0,2.0,4.0,1.0,0.0,Regular Season
1630311,Pat Spencer,1642377,Jaylen Wells,2,4.2,25.2,6.0,3.0,4.0,0.0,1.0,0.0,0.0,Regular Season
1628386,Jarrett Allen,1642364,Jamir Watkins,2,5.1,25.2,12.0,6.0,7.0,0.0,0.0,1.0,0.0,Regular Season
1629651,Nic Claxton,1642852,Derik Queen,2,5.5,25.2,4.0,1.0,3.0,0.0,0.0,1.0,1.0,Regular Season
1630543,Isaiah Jackson,1642852,Derik Queen,4,5.9,25.2,4.0,2.0,4.0,0.0,0.0,1.0,0.0,Regular Season
1630202,Payton Pritchard,1642851,Kon Knueppel,3,5.6,25.2,4.0,2.0,5.0,0.0,1.0,1.0,0.0,Regular Season
1642345,Oso Ighodaro,1642274,Yves Missi,3,4.9,25.2,0.0,0.0,0.0,0.0,0.0,0.0,0.0,Regular Season
1641739,Toumani Camara,1642852,Derik Queen,3,3.5,25.2,14.0,5.0,8.0,3.0,6.0,0.0,1.0,Regular Season
1630180,Saddiq Bey,1642851,Kon Knueppel,2,4.4,25.2,0.0,0.0,3.0,0.0,2.0,0.0,0.0,Regular Season
1630596,Evan Mobley,203083,Andre Drummond,3,4.2,25.2,5.0,2.0,7.0,1.0,2.0,1.0,0.0,Regular Season
1641707,Taylor Hendricks,202695,Kawhi Leonard,4,4.7,25.2,3.0,1.0,3.0,1.0,2.0,0.0,0.0,Regular Season
1628960,Grayson Allen,203468,CJ McCollum,1,5.1,25.2,2.0,1.0,5.0,0.0,3.0,1.0,0.0,Regular Season
1628378,Donovan Mitchell,202331,Paul George,2,4.8,25.2,10.0,4.0,9.0,2.0,5.0,0.0,0.0,Regular Season
1629018,Gary Trent Jr.,201942,DeMar DeRozan,2,5.6,25.2,2.0,0.0,1.0,0.0,1.0,0.0,1.0,Regular Season
201142,Kevin Durant,2544,LeBron James,3,4.6,25.2,2.0,1.0,3.0,0.0,1.0,1.0,0.0,Regular Season
1629651,Nic Claxton,1629048,Goga Bitadze,2,6.2,25.2,7.0,3.0,5.0,0.0,1.0,0.0,2.0,Regular Season
1630591,Jalen Suggs,1629645,Kevin Porter Jr.,2,5.0,25.2,5.0,2.0,2.0,1.0,1.0,0.0,0.0,Regular Season
1630178,Tyrese Maxey,1629652,Luguentz Dort,1,5.3,25.2,0.0,0.0,2.0,0.0,2.0,1.0,0.0,Regular Season
1630241,Sam Merrill,1630178,Tyrese Maxey,2,4.9,25.2,6.0,2.0,5.0,2.0,3.0,0.0,0.0,Regular Season
1630567,Scottie Barnes,1630178,Tyrese Maxey,4,4.2,25.2,5.0,2.0,4.0,0.0,2.0,2.0,1.0,Regular Season
1629029,Luka Dončić,1629622,Max Strus,1,5.2,25.2,18.0,6.0,13.0,2.0,6.0,1.0,2.0,Regular Season
203935,Marcus Smart,1629632,Coby White,1,5.8,25.2,2.0,1.0,3.0,0.0,1.0,0.0,0.0,Regular Season
1642856,Egor Dëmin,1629656,Quentin Grimes,2,3.6,25.2,3.0,1.0,2.0,1.0,2.0,2.0,0.0,Regular Season
1628969,Mikal Bridges,1629628,RJ Barrett,2,4.2,25.2,2.0,1.0,2.0,0.0,1.0,1.0,0.0,Regular Season
1631109,Mark Williams,1629674,Neemias Queta,1,6.1,25.2,0.0,0.0,2.0,0.0,0.0,0.0,0.0,Regular Season
1642281,Jaylon Tyson,1629130,Duncan Robinson,4,4.3,25.2,3.0,1.0,3.0,0.0,2.0,1.0,0.0,Regular Season
1631230,Dominick Barlow,1629023,P.J. Washington,2,5.0,25.2,2.0,1.0,1.0,0.0,0.0,0.0,1.0,Regular Season
1630557,Corey Kispert,1629656,Quentin Grimes,3,4.8,25.2,2.0,1.0,2.0,0.0,1.0,1.0,0.0,Regular Season
1641739,Toumani Camara,1630163,LaMelo Ball,2,3.7,25.2,0.0,0.0,1.0,0.0,1.0,1.0,0.0,Regular Season
1642262,Cody Williams,1630162,Anthony Edwards,1,4.2,25.2,2.0,1.0,1.0,0.0,0.0,1.0,0.0,Regular Season
201142,Kevin Durant,1630171,Isaac Okoro,1,5.9,25.2,10.0,5.0,9.0,0.0,0.0,2.0,0.0,Regular Season
1628983,Shai Gilgeous-Alexander,1628404,Josh Hart,2,5.6,25.2,7.0,2.0,6.0,0.0,0.0,2.0,1.0,Regular Season
1629012,Collin Sexton,1628969,Mikal Bridges,3,5.0,25.2,0.0,0.0,1.0,0.0,1.0,0.0,0.0,Regular Season
1642860,Will Riley,1628369,Jayson Tatum,1,4.1,25.2,0.0,0.0,0.0,0.0,0.0,0.0,0.0,Regular Season
1642851,Kon Knueppel,1628997,Caleb Martin,2,6.0,25.2,6.0,2.0,7.0,2.0,5.0,0.0,0.0,Regular Season
1629652,Luguentz Dort,1628368,De'Aaron Fox,3,3.4,25.2,6.0,2.0,5.0,2.0,5.0,0.0,0.0,Regular Season
201939,Stephen Curry,1628374,Lauri Markkanen,3,4.4,25.2,16.0,5.0,8.0,3.0,5.0,2.0,2.0,Regular Season
1631097,Bennedict Mathurin,1628401,Derrick White,2,3.6,25.2,10.0,4.0,9.0,2.0,3.0,0.0,0.0,Regular Season
203471,Dennis Schröder,1627884,Derrick Jones Jr.,2,4.6,25.2,0.0,0.0,3.0,0.0,0.0,2.0,0.0,Regular Season
201142,Kevin Durant,1628404,Josh Hart,2,5.7,25.2,8.0,4.0,7.0,0.0,2.0,0.0,0.0,Regular Season
1627783,Pascal Siakam,1630230,Naji Marshall,2,4.8,25.2,9.0,3.0,8.0,0.0,2.0,0.0,2.0,Regular Season
1631113,Kennedy Chandler,1630536,Sharife Cooper,1,3.9,25.2,0.0,0.0,1.0,0.0,1.0,1.0,1.0,Regular Season
1628379,Luke Kennard,1630202,Payton Pritchard,2,5.9,25.2,2.0,1.0,1.0,0.0,0.0,0.0,0.0,Regular Season
1642851,Kon Knueppel,1630241,Sam Merrill,2,5.4,25.2,3.0,1.0,6.0,1.0,6.0,2.0,1.0,Regular Season
1631260,AJ Green,1630581,Josh Giddey,3,4.5,25.2,0.0,0.0,5.0,0.0,5.0,0.0,0.0,Regular Season
1628366,Lonzo Ball,1630200,Tre Jones,3,4.5,25.2,9.0,4.0,5.0,1.0,2.0,1.0,0.0,Regular Season
1641705,Victor Wembanyama,1631109,Mark Williams,2,2.9,25.2,13.0,6.0,13.0,1.0,4.0,1.0,0.0,Regular Season
203954,Joel Embiid,1631095,Jabari Smith Jr.,1,4.3,25.2,5.0,1.0,3.0,0.0,1.0,2.0,1.0,Regular Season
1641796,Pelle Larsson,1631260,AJ Green,3,4.7,25.2,6.0,2.0,4.0,0.0,0.0,1.0,1.0,Regular Season
201950,Jrue Holiday,1641706,Brandon Miller,2,4.1,25.2,0.0,0.0,3.0,0.0,0.0,1.0,0.0,Regular Season
1630578,Alperen Sengun,1631217,Moussa Diabaté,1,4.7,25.2,2.0,1.0,6.0,0.0,1.0,0.0,0.0,Regular Season
1642277,Johnny Furphy,1631260,AJ Green,3,4.3,25.2,0.0,0.0,1.0,0.0,1.0,1.0,0.0,Regular Season
1631260,AJ Green,1631097,Bennedict Mathurin,2,5.1,25.1,2.0,1.0,4.0,0.0,3.0,0.0,0.0,Regular Season
1626220,Royce O'Neale,1631108,Max Christie,3,4.4,25.1,11.0,3.0,8.0,3.0,6.0,1.0,1.0,Regular Season
1627747,Caris LeVert,1630700,Dyson Daniels,3,5.1,25.1,2.0,1.0,3.0,0.0,1.0,1.0,0.0,Regular Season
1630217,Desmond Bane,1631172,Ousmane Dieng,3,4.9,25.1,12.0,4.0,6.0,3.0,3.0,0.0,1.0,Regular Season
1627742,Brandon Ingram,1631222,Jake LaRavia,2,4.8,25.1,4.0,2.0,4.0,0.0,0.0,0.0,0.0,Regular Season
1630591,Jalen Suggs,1631157,Ryan Rollins,2,5.5,25.1,7.0,3.0,3.0,1.0,1.0,2.0,0.0,Regular Season
1630591,Jalen Suggs,1631108,Max Christie,2,5.3,25.1,3.0,1.0,2.0,1.0,2.0,0.0,0.0,Regular Season
1642847,Jeremiah Fears,1631342,Daeqwon Plowden,3,4.3,25.1,11.0,4.0,5.0,1.0,1.0,0.0,1.0,Regular Season
1631099,Keegan Murray,203944,Julius Randle,2,4.4,25.1,0.0,0.0,2.0,0.0,2.0,0.0,0.0,Regular Season
1630583,Santi Aldama,1627734,Domantas Sabonis,1,3.5,25.1,5.0,2.0,5.0,1.0,4.0,1.0,0.0,Regular Season
1628415,Dillon Brooks,203110,Draymond Green,3,4.4,25.1,3.0,1.0,5.0,1.0,2.0,1.0,1.0,Regular Season
203083,Andre Drummond,201599,DeAndre Jordan,1,4.4,25.1,0.0,0.0,3.0,0.0,2.0,0.0,0.0,Regular Season
202691,Klay Thompson,203484,Kentavious Caldwell-Pope,2,4.8,25.1,0.0,0.0,6.0,0.0,4.0,0.0,0.0,Regular Season
1642843,Cooper Flagg,203468,CJ McCollum,4,4.2,25.1,6.0,2.0,7.0,0.0,1.0,2.0,0.0,Regular Season
203935,Marcus Smart,1641757,Jordan Miller,2,4.8,25.1,6.0,2.0,2.0,1.0,1.0,0.0,2.0,Regular Season
1642847,Jeremiah Fears,1641730,Noah Clowney,2,4.8,25.1,8.0,3.0,6.0,0.0,1.0,0.0,1.0,Regular Season
203897,Zach LaVine,1642273,Kyshawn George,2,4.3,25.1,10.0,4.0,7.0,1.0,3.0,1.0,1.0,Regular Season
1629640,Keldon Johnson,1641757,Jordan Miller,3,6.7,25.1,7.0,3.0,6.0,1.0,2.0,0.0,0.0,Regular Season
1642846,Ace Bailey,1642258,Zaccharie Risacher,2,4.8,25.1,7.0,3.0,6.0,1.0,1.0,0.0,0.0,Regular Season
203468,CJ McCollum,1641730,Noah Clowney,5,4.1,25.1,13.0,5.0,6.0,3.0,4.0,0.0,0.0,Regular Season
1631222,Jake LaRavia,1641767,Ben Sheppard,2,4.6,25.1,0.0,0.0,1.0,0.0,0.0,2.0,0.0,Regular Season
1631126,Caleb Love,1642914,Javon Small,1,4.1,25.1,7.0,3.0,6.0,1.0,3.0,1.0,0.0,Regular Season
1642914,Javon Small,1642844,Dylan Harper,2,4.7,25.1,0.0,0.0,2.0,0.0,1.0,1.0,0.0,Regular Season
1642263,Reed Sheppard,1642347,Jamal Shead,2,5.1,25.1,7.0,2.0,2.0,0.0,0.0,1.0,2.0,Regular Season
1629026,Kenrich Williams,1642853,Rasheer Fleming,3,5.2,25.1,0.0,0.0,1.0,0.0,0.0,0.0,0.0,Regular Season
1642352,Keshad Johnson,1642860,Will Riley,3,3.8,25.1,9.0,4.0,4.0,1.0,1.0,0.0,0.0,Regular Season
1629130,Duncan Robinson,1642851,Kon Knueppel,3,3.9,25.1,16.0,6.0,12.0,3.0,9.0,1.0,1.0,Regular Season
1642920,Kobe Sanders,1642383,Walter Clayton Jr.,4,5.7,25.1,3.0,1.0,3.0,1.0,3.0,1.0,0.0,Regular Season
1630631,Jose Alvarado,1642349,Ajay Mitchell,3,5.1,25.1,3.0,1.0,3.0,1.0,2.0,1.0,0.0,Regular Season
1628983,Shai Gilgeous-Alexander,1642864,Hugo González,2,5.7,25.1,10.0,5.0,7.0,0.0,1.0,0.0,0.0,Regular Season
1630230,Naji Marshall,1642363,Nique Clifford,3,4.0,25.1,2.0,1.0,6.0,0.0,0.0,0.0,0.0,Regular Season
1631101,Shaedon Sharpe,1630595,Cade Cunningham,2,5.7,25.1,6.0,2.0,5.0,0.0,2.0,2.0,2.0,Regular Season
1641705,Victor Wembanyama,1630596,Evan Mobley,1,5.1,25.1,4.0,0.0,3.0,0.0,2.0,0.0,3.0,Regular Season
203507,Giannis Antetokounmpo,1630578,Alperen Sengun,1,4.6,25.1,3.0,0.0,5.0,0.0,1.0,0.0,2.0,Regular Season
1629660,Ty Jerome,1630573,Sam Hauser,1,4.6,25.1,4.0,2.0,8.0,0.0,2.0,0.0,0.0,Regular Season
1641722,Jordan Hawkins,1630545,Terrence Shannon Jr,3,4.3,25.1,0.0,0.0,2.0,0.0,0.0,0.0,0.0,Regular Season
1628973,Jalen Brunson,1630230,Naji Marshall,2,4.3,25.1,8.0,4.0,5.0,0.0,1.0,0.0,0.0,Regular Season
1630552,Jalen Johnson,1630579,Jericho Sims,2,4.6,25.1,2.0,1.0,2.0,0.0,1.0,0.0,0.0,Regular Season
1631200,Kris Murray,1630581,Josh Giddey,2,5.2,25.1,4.0,2.0,6.0,0.0,2.0,1.0,0.0,Regular Season
1628970,Miles Bridges,1630577,Julian Champagnie,2,6.4,25.1,10.0,4.0,8.0,2.0,3.0,1.0,0.0,Regular Season
1628970,Miles Bridges,1630581,Josh Giddey,3,5.2,25.1,20.0,7.0,8.0,4.0,5.0,0.0,2.0,Regular Season
1641710,Anthony Black,1630558,Davion Mitchell,3,4.1,25.1,2.0,1.0,2.0,0.0,1.0,1.0,0.0,Regular Season
1629006,Josh Okogie,1630217,Desmond Bane,2,5.4,25.1,0.0,0.0,0.0,0.0,0.0,0.0,0.0,Regular Season
1630245,Ayo Dosunmu,1630530,Trey Murphy III,2,4.2,25.1,7.0,2.0,6.0,1.0,4.0,0.0,1.0,Regular Season
1630567,Scottie Barnes,1630188,Jalen Smith,3,4.3,25.1,13.0,5.0,8.0,2.0,2.0,2.0,1.0,Regular Season
203114,Khris Middleton,1629645,Kevin Porter Jr.,3,4.2,25.1,0.0,0.0,3.0,0.0,0.0,0.0,0.0,Regular Season
1627780,Gary Payton II,1629675,Naz Reid,4,4.9,25.1,4.0,1.0,5.0,0.0,2.0,1.0,1.0,Regular Season
1642264,Stephon Castle,1630171,Isaac Okoro,2,5.5,25.1,10.0,3.0,6.0,1.0,3.0,1.0,2.0,Regular Season
1628960,Grayson Allen,1629060,Rui Hachimura,2,3.9,25.1,5.0,2.0,4.0,1.0,3.0,0.0,0.0,Regular Season
1628971,Bruce Brown,1629723,John Konchar,4,3.7,25.1,2.0,1.0,2.0,0.0,0.0,1.0,0.0,Regular Season
1631157,Ryan Rollins,1630163,LaMelo Ball,3,3.4,25.1,5.0,1.0,2.0,1.0,2.0,3.0,1.0,Regular Season
1642366,Quinten Post,1629675,Naz Reid,4,5.7,25.1,5.0,2.0,4.0,1.0,2.0,0.0,0.0,Regular Season
1630578,Alperen Sengun,1629640,Keldon Johnson,4,4.9,25.1,0.0,0.0,3.0,0.0,0.0,0.0,1.0,Regular Season
1629640,Keldon Johnson,1629627,Zion Williamson,2,4.6,25.1,0.0,0.0,2.0,0.0,1.0,0.0,0.0,Regular Season
1630163,LaMelo Ball,1630171,Isaac Okoro,2,5.2,25.1,6.0,2.0,5.0,2.0,4.0,0.0,0.0,Regular Season
1628379,Luke Kennard,1628960,Grayson Allen,3,4.8,25.1,6.0,2.0,2.0,2.0,2.0,2.0,0.0,Regular Season
1627759,Jaylen Brown,1628374,Lauri Markkanen,2,4.3,25.1,10.0,4.0,9.0,0.0,1.0,0.0,1.0,Regular Season
1641717,Cason Wallace,1627739,Kris Dunn,3,4.4,25.1,2.0,0.0,4.0,0.0,2.0,0.0,1.0,Regular Season
1631260,AJ Green,1628366,Lonzo Ball,2,5.3,25.1,3.0,1.0,1.0,1.0,1.0,0.0,0.0,Regular Season
204001,Kristaps Porziņģis,1627826,Ivica Zubac,1,5.0,25.1,6.0,1.0,4.0,0.0,2.0,0.0,2.0,Regular Season
202710,Jimmy Butler III,1627783,Pascal Siakam,1,5.1,25.1,5.0,1.0,3.0,0.0,1.0,0.0,2.0,Regular Season
1628389,Bam Adebayo,1628398,Kyle Kuzma,3,3.9,25.1,8.0,4.0,6.0,0.0,1.0,0.0,0.0,Regular Season
1642273,Kyshawn George,1628415,Dillon Brooks,1,3.5,25.1,0.0,0.0,3.0,0.0,2.0,1.0,0.0,Regular Season
1630700,Dyson Daniels,1628386,Jarrett Allen,2,5.5,25.1,3.0,1.0,3.0,1.0,2.0,0.0,0.0,Regular Season
1630168,Onyeka Okongwu,1628991,Jaren Jackson Jr.,1,4.3,25.0,11.0,4.0,6.0,3.0,5.0,2.0,0.0,Regular Season
1630178,Tyrese Maxey,1628978,Donte DiVincenzo,2,5.2,25.0,8.0,3.0,3.0,2.0,2.0,1.0,0.0,Regular Season
1629750,Javonte Green,1628381,John Collins,1,4.4,25.0,4.0,1.0,2.0,0.0,1.0,0.0,1.0,Regular Season
202695,Kawhi Leonard,1629020,Jarred Vanderbilt,3,5.5,25.0,5.0,1.0,3.0,0.0,0.0,1.0,1.0,Regular Season
1627752,Taurean Prince,1628378,Donovan Mitchell,2,5.8,25.0,0.0,0.0,0.0,0.0,0.0,2.0,0.0,Regular Season
1630692,Jordan Goodwin,1628368,De'Aaron Fox,3,4.2,25.0,11.0,5.0,7.0,1.0,3.0,0.0,0.0,Regular Season
1641731,Bilal Coulibaly,1628983,Shai Gilgeous-Alexander,2,4.4,25.0,4.0,1.0,4.0,0.0,3.0,0.0,1.0,Regular Season
1630208,Nick Richards,1628963,Marvin Bagley III,1,6.7,25.0,2.0,1.0,5.0,0.0,0.0,0.0,0.0,Regular Season
1628378,Donovan Mitchell,1628971,Bruce Brown,2,4.3,25.0,6.0,3.0,6.0,0.0,3.0,1.0,0.0,Regular Season
1631113,Kennedy Chandler,1627750,Jamal Murray,2,4.3,25.0,3.0,1.0,4.0,1.0,2.0,0.0,0.0,Regular Season
1629614,Andrew Nembhard,1628975,Jevon Carter,2,4.2,25.0,4.0,1.0,1.0,0.0,0.0,1.0,1.0,Regular Season
1630162,Anthony Edwards,1628398,Kyle Kuzma,1,5.2,25.0,6.0,2.0,6.0,1.0,3.0,0.0,1.0,Regular Season
203991,Clint Capela,1642949,Yanic Konan Niederhäuser,3,6.0,25.0,3.0,1.0,3.0,0.0,0.0,0.0,1.0,Regular Season
1628370,Malik Monk,203935,Marcus Smart,3,4.4,25.0,19.0,5.0,7.0,5.0,6.0,0.0,2.0,Regular Season
1641706,Brandon Miller,201950,Jrue Holiday,2,5.6,25.0,7.0,2.0,3.0,1.0,2.0,2.0,0.0,Regular Season
1628384,OG Anunoby,203954,Joel Embiid,2,4.1,25.0,9.0,3.0,6.0,1.0,1.0,2.0,1.0,Regular Season
1631230,Dominick Barlow,1626171,Bobby Portis Jr.,3,5.6,25.0,0.0,0.0,0.0,0.0,0.0,0.0,0.0,Regular Season
1629627,Zion Williamson,2544,LeBron James,2,3.3,25.0,2.0,1.0,3.0,0.0,0.0,2.0,0.0,Regular Season
1642363,Nique Clifford,1631323,Simone Fontecchio,2,5.4,25.0,8.0,4.0,5.0,0.0,0.0,0.0,0.0,Regular Season
1627826,Ivica Zubac,1631117,Walker Kessler,1,5.5,25.0,2.0,1.0,3.0,0.0,0.0,1.0,0.0,Regular Season
1628368,De'Aaron Fox,1631212,Peyton Watson,1,5.0,25.0,4.0,1.0,3.0,1.0,3.0,1.0,0.0,Regular Season
1642271,Kyle Filipowski,1631255,Karlo Matković,2,4.0,25.0,6.0,2.0,6.0,0.0,3.0,1.0,1.0,Regular Season
1628963,Marvin Bagley III,1630695,Micah Potter,1,5.1,25.0,6.0,2.0,5.0,0.0,0.0,0.0,2.0,Regular Season
1629028,Deandre Ayton,1631131,Oscar Tshiebwe,1,5.5,25.0,2.0,1.0,4.0,0.0,0.0,0.0,0.0,Regular Season
1631096,Chet Holmgren,1631200,Kris Murray,3,3.6,25.0,4.0,2.0,2.0,0.0,0.0,1.0,0.0,Regular Season
1642942,Jahmai Mashack,1642270,Donovan Clingan,3,5.0,25.0,12.0,4.0,10.0,4.0,9.0,1.0,0.0,Regular Season
1631094,Paolo Banchero,1641796,Pelle Larsson,4,5.5,25.0,4.0,2.0,4.0,0.0,2.0,2.0,0.0,Regular Season
1641775,Jordan Walsh,1641716,Jarace Walker,3,5.0,25.0,2.0,1.0,2.0,0.0,1.0,0.0,0.0,Regular Season
1629639,Tyler Herro,1642264,Stephon Castle,1,4.4,25.0,11.0,3.0,4.0,1.0,1.0,0.0,2.0,Regular Season
1628384,OG Anunoby,1642258,Zaccharie Risacher,3,5.5,25.0,6.0,1.0,1.0,1.0,1.0,1.0,2.0,Regular Season
1630198,Isaiah Joe,1642267,Bub Carrington,2,4.1,25.0,0.0,0.0,1.0,0.0,1.0,0.0,0.0,Regular Season
1642274,Yves Missi,1642270,Donovan Clingan,3,4.7,25.0,3.0,1.0,4.0,0.0,0.0,0.0,1.0,Regular Season
1642848,Tre Johnson,1642266,Ja'Kobe Walter,3,4.8,25.0,5.0,2.0,5.0,0.0,3.0,0.0,1.0,Regular Season
1642954,Will Richard,1629130,Duncan Robinson,2,4.2,25.0,3.0,1.0,1.0,1.0,1.0,0.0,0.0,Regular Season
1642962,Drake Powell,1629130,Duncan Robinson,3,5.2,25.0,3.0,1.0,3.0,1.0,2.0,0.0,0.0,Regular Season
1629006,Josh Okogie,1629029,Luka Dončić,3,5.1,25.0,0.0,0.0,3.0,0.0,2.0,0.0,0.0,Regular Season
1631200,Kris Murray,1629130,Duncan Robinson,2,5.0,25.0,0.0,0.0,0.0,0.0,0.0,1.0,0.0,Regular Season
1630200,Tre Jones,1629638,Nickeil Alexander-Walker,3,5.5,25.0,0.0,0.0,0.0,0.0,0.0,1.0,0.0,Regular Season
1626157,Karl-Anthony Towns,1629023,P.J. Washington,1,4.7,25.0,2.0,0.0,2.0,0.0,1.0,2.0,1.0,Regular Season
1629652,Luguentz Dort,1629627,Zion Williamson,1,4.8,25.0,3.0,1.0,4.0,1.0,3.0,1.0,0.0,Regular Season
1641709,Ausar Thompson,1629057,Robert Williams III,2,4.1,25.0,5.0,1.0,3.0,0.0,0.0,0.0,2.0,Regular Season
1629631,De'Andre Hunter,1629675,Naz Reid,2,3.9,25.0,4.0,1.0,3.0,0.0,2.0,1.0,1.0,Regular Season
1630249,Vít Krejčí,1629661,Cameron Johnson,2,3.4,25.0,2.0,1.0,2.0,0.0,1.0,0.0,0.0,Regular Season
1628370,Malik Monk,1629216,Gabe Vincent,3,4.4,25.0,7.0,3.0,6.0,0.0,1.0,0.0,1.0,Regular Season
203083,Andre Drummond,1629048,Goga Bitadze,3,5.5,25.0,2.0,1.0,3.0,0.0,1.0,0.0,0.0,Regular Season
1628960,Grayson Allen,1629661,Cameron Johnson,3,4.5,25.0,13.0,5.0,9.0,3.0,5.0,0.0,0.0,Regular Season
1630529,Herbert Jones,1629630,Ja Morant,1,5.0,25.0,5.0,2.0,3.0,1.0,1.0,0.0,0.0,Regular Season
1642267,Bub Carrington,1642851,Kon Knueppel,4,4.4,25.0,7.0,2.0,5.0,2.0,3.0,1.0,1.0,Regular Season
1630552,Jalen Johnson,1642346,Ryan Dunn,2,4.5,25.0,10.0,4.0,4.0,1.0,1.0,1.0,1.0,Regular Season
1628368,De'Aaron Fox,1642845,VJ Edgecombe,2,3.9,25.0,3.0,1.0,3.0,1.0,3.0,1.0,0.0,Regular Season
1630162,Anthony Edwards,1642846,Ace Bailey,3,4.1,25.0,16.0,5.0,10.0,2.0,4.0,0.0,2.0,Regular Season
1629029,Luka Dončić,1642363,Nique Clifford,3,4.2,25.0,12.0,4.0,7.0,1.0,3.0,1.0,3.0,Regular Season
1629004,Svi Mykhailiuk,1642349,Ajay Mitchell,4,3.8,25.0,3.0,1.0,1.0,1.0,1.0,0.0,0.0,Regular Season
1642267,Bub Carrington,1642348,Justin Edwards,3,3.8,25.0,11.0,4.0,7.0,3.0,5.0,1.0,0.0,Regular Season
1630598,Aaron Wiggins,1642849,Nolan Traore,2,5.8,25.0,0.0,0.0,4.0,0.0,2.0,0.0,0.0,Regular Season
202691,Klay Thompson,1630245,Ayo Dosunmu,3,5.1,25.0,8.0,3.0,6.0,2.0,3.0,0.0,0.0,Regular Season
1630183,Jaden McDaniels,1630559,Austin Reaves,3,4.5,25.0,7.0,3.0,9.0,1.0,4.0,0.0,0.0,Regular Season
1630172,Patrick Williams,1630264,Anthony Gill,2,3.7,25.0,10.0,3.0,4.0,2.0,2.0,0.0,0.0,Regular Season
1627826,Ivica Zubac,1630619,Moussa Cisse,2,5.1,25.0,0.0,0.0,2.0,0.0,0.0,0.0,0.0,Regular Season
1641731,Bilal Coulibaly,1630228,Jonathan Kuminga,2,4.3,25.0,0.0,0.0,2.0,0.0,1.0,0.0,0.0,Regular Season
1629028,Deandre Ayton,1630208,Nick Richards,1,5.6,25.0,2.0,1.0,2.0,0.0,0.0,0.0,0.0,Regular Season
1628401,Derrick White,1630532,Franz Wagner,3,5.5,25.0,6.0,2.0,5.0,2.0,4.0,1.0,0.0,Regular Season
203954,Joel Embiid,1630214,Xavier Tillman,2,7.1,25.0,2.0,0.0,5.0,0.0,2.0,0.0,1.0,Regular Season
1631108,Max Christie,1630202,Payton Pritchard,2,5.8,25.0,0.0,0.0,0.0,0.0,0.0,0.0,0.0,Regular Season
1630193,Immanuel Quickley,1630200,Tre Jones,2,4.8,25.0,3.0,1.0,2.0,1.0,1.0,0.0,0.0,Regular Season
1629020,Jarred Vanderbilt,1630583,Santi Aldama,3,5.2,25.0,4.0,2.0,5.0,0.0,3.0,0.0,0.0,Regular Season
1630695,Micah Potter,1630286,Trevon Scott,1,4.2,25.0,4.0,2.0,5.0,0.0,1.0,0.0,0.0,Regular Season
1642880,Kam Jones,1630536,Sharife Cooper,2,4.6,25.0,2.0,1.0,3.0,0.0,0.0,4.0,0.0,Regular Season
1641722,Jordan Hawkins,1630577,Julian Champagnie,3,5.0,25.0,5.0,2.0,5.0,1.0,2.0,1.0,0.0,Regular Season
