PLAYER_ID,PLAYER_NAME,TEAM_ABBREVIATION,GP,FGA_FREQUENCY,FGM,FGA,FG_PCT,EFG_PCT,FG2M,FG3M,FG3A,CLOSE_DEF,SEASON_TYPE
1630578,Alperen Sengun,HOU,72,0.267,153,300,0.51,0.51,153,0,2,VERY_TIGHT,Regular Season
1629627,Zion Williamson,NOP,62,0.311,138,251,0.55,0.55,138,0,0,VERY_TIGHT,Regular Season
1627759,Jaylen Brown,BOS,71,0.161,123,249,0.494,0.498,121,2,7,VERY_TIGHT,Regular Season
1642843,Cooper Flagg,DAL,70,0.188,118,225,0.524,0.527,117,1,4,VERY_TIGHT,Regular Season
1631094,Paolo Banchero,ORL,72,0.193,106,222,0.477,0.477,106,0,2,VERY_TIGHT,Regular Season
203999,Nikola Jokić,DEN,65,0.186,121,210,0.576,0.576,121,0,2,VERY_TIGHT,Regular Season
1630567,Scottie Barnes,TOR,80,0.187,91,210,0.433,0.433,91,0,0,VERY_TIGHT,Regular Season
1631105,Jalen Duren,DET,70,0.259,120,208,0.577,0.577,120,0,0,VERY_TIGHT,Regular Season
1629640,Keldon Johnson,SAS,82,0.24,99,191,0.518,0.518,99,0,0,VERY_TIGHT,Regular Season
1630552,Jalen Johnson,ATL,72,0.151,98,186,0.527,0.53,97,1,2,VERY_TIGHT,Regular Season
1630595,Cade Cunningham,DET,64,0.148,84,176,0.477,0.48,83,1,4,VERY_TIGHT,Regular Season
1630596,Evan Mobley,CLE,65,0.202,94,173,0.543,0.543,94,0,1,VERY_TIGHT,Regular Season
1642259,Alex Sarr,WAS,48,0.26,76,169,0.45,0.453,75,1,1,VERY_TIGHT,Regular Season
1641824,Matas Buzelis,CHI,77,0.174,90,167,0.539,0.542,89,1,4,VERY_TIGHT,Regular Season
1641705,Victor Wembanyama,SAS,64,0.154,90,166,0.542,0.545,89,1,5,VERY_TIGHT,Regular Season
1627783,Pascal Siakam,IND,62,0.144,80,166,0.482,0.482,80,0,1,VERY_TIGHT,Regular Season
1642852,Derik Queen,NOP,81,0.222,74,166,0.446,0.446,74,0,0,VERY_TIGHT,Regular Season
1626157,Karl-Anthony Towns,NYK,75,0.16,64,165,0.388,0.388,64,0,1,VERY_TIGHT,Regular Season
201942,DeMar DeRozan,SAC,77,0.162,89,163,0.546,0.546,89,0,3,VERY_TIGHT,Regular Season
1630166,Deni Avdija,POR,66,0.149,65,159,0.409,0.409,65,0,1,VERY_TIGHT,Regular Season
1627742,Brandon Ingram,TOR,77,0.122,83,157,0.529,0.554,75,8,12,VERY_TIGHT,Regular Season
201935,James Harden,CLE,70,0.14,63,157,0.401,0.417,58,5,20,VERY_TIGHT,Regular Season
1630173,Precious Achiuwa,SAC,73,0.259,77,155,0.497,0.497,77,0,1,VERY_TIGHT,Regular Season
1626164,Devin Booker,PHX,64,0.129,75,155,0.484,0.484,75,0,8,VERY_TIGHT,Regular Season
1629651,Nic Claxton,BKN,69,0.261,80,152,0.526,0.526,80,0,1,VERY_TIGHT,Regular Season
1628970,Miles Bridges,CHA,77,0.146,73,152,0.48,0.487,71,2,7,VERY_TIGHT,Regular Season
1631170,Jaime Jaquez Jr.,MIA,75,0.167,71,152,0.467,0.467,71,0,1,VERY_TIGHT,Regular Season
1630180,Saddiq Bey,NOP,72,0.154,80,149,0.537,0.54,79,1,2,VERY_TIGHT,Regular Season
1641708,Amen Thompson,HOU,79,0.142,83,148,0.561,0.564,82,1,2,VERY_TIGHT,Regular Season
1628389,Bam Adebayo,MIA,73,0.127,71,145,0.49,0.497,69,2,4,VERY_TIGHT,Regular Season
1630700,Dyson Daniels,ATL,76,0.187,69,145,0.476,0.476,69,0,0,VERY_TIGHT,Regular Season
1627750,Jamal Murray,DEN,75,0.104,74,141,0.525,0.532,72,2,8,VERY_TIGHT,Regular Season
1642264,Stephon Castle,SAS,68,0.171,64,140,0.457,0.457,64,0,2,VERY_TIGHT,Regular Season
1642270,Donovan Clingan,POR,77,0.202,77,138,0.558,0.565,75,2,4,VERY_TIGHT,Regular Season
1642271,Kyle Filipowski,UTA,77,0.207,66,136,0.485,0.485,66,0,1,VERY_TIGHT,Regular Season
1628983,Shai Gilgeous-Alexander,OKC,68,0.102,86,135,0.637,0.641,85,1,1,VERY_TIGHT,Regular Season
1642276,Kel'el Ware,MIA,77,0.208,77,135,0.57,0.57,77,0,0,VERY_TIGHT,Regular Season
1630178,Tyrese Maxey,PHI,70,0.088,62,132,0.47,0.473,61,1,3,VERY_TIGHT,Regular Season
203944,Julius Randle,MIN,79,0.109,70,131,0.534,0.538,69,1,1,VERY_TIGHT,Regular Season
1641710,Anthony Black,ORL,64,0.17,63,131,0.481,0.481,63,0,2,VERY_TIGHT,Regular Season
203497,Rudy Gobert,MIN,76,0.266,84,130,0.646,0.646,84,0,0,VERY_TIGHT,Regular Season
203507,Giannis Antetokounmpo,MIL,36,0.218,75,130,0.577,0.577,75,0,2,VERY_TIGHT,Regular Season
1630162,Anthony Edwards,MIN,61,0.106,66,130,0.508,0.519,63,3,7,VERY_TIGHT,Regular Season
1630168,Onyeka Okongwu,ATL,74,0.15,59,129,0.457,0.465,57,2,6,VERY_TIGHT,Regular Season
1641718,Keyonte George,UTA,54,0.142,55,125,0.44,0.448,53,2,9,VERY_TIGHT,Regular Season
203924,Jerami Grant,POR,57,0.17,70,124,0.565,0.573,68,2,4,VERY_TIGHT,Regular Season
1628973,Jalen Brunson,NYK,74,0.084,69,124,0.556,0.569,66,3,4,VERY_TIGHT,Regular Season
1630183,Jaden McDaniels,MIN,73,0.151,71,122,0.582,0.586,70,1,3,VERY_TIGHT,Regular Season
1628374,Lauri Markkanen,UTA,42,0.15,67,121,0.554,0.566,64,3,6,VERY_TIGHT,Regular Season
1627826,Ivica Zubac,IND,48,0.249,74,120,0.617,0.617,74,0,0,VERY_TIGHT,Regular Season
1641709,Ausar Thompson,DET,73,0.208,58,120,0.483,0.488,57,1,1,VERY_TIGHT,Regular Season
1626162,Kelly Oubre Jr.,PHI,50,0.217,63,118,0.534,0.534,63,0,2,VERY_TIGHT,Regular Season
1630217,Desmond Bane,ORL,82,0.098,59,118,0.5,0.517,55,4,6,VERY_TIGHT,Regular Season
1629628,RJ Barrett,TOR,57,0.142,60,116,0.517,0.517,60,0,0,VERY_TIGHT,Regular Season
1628991,Jaren Jackson Jr.,UTA,48,0.161,57,116,0.491,0.496,56,1,1,VERY_TIGHT,Regular Season
1629638,Nickeil Alexander-Walker,ATL,78,0.096,59,115,0.513,0.53,55,4,5,VERY_TIGHT,Regular Season
1629008,Michael Porter Jr.,BKN,52,0.12,58,115,0.504,0.565,44,14,34,VERY_TIGHT,Regular Season
1631101,Shaedon Sharpe,POR,50,0.132,44,115,0.383,0.387,43,1,3,VERY_TIGHT,Regular Season
1630549,Day'Ron Sharpe,BKN,62,0.317,65,113,0.575,0.575,65,0,0,VERY_TIGHT,Regular Season
1628381,John Collins,LAC,69,0.171,59,113,0.522,0.522,59,0,1,VERY_TIGHT,Regular Season
1631157,Ryan Rollins,MIL,74,0.11,51,113,0.451,0.451,51,0,3,VERY_TIGHT,Regular Season
1630230,Naji Marshall,DAL,74,0.137,57,112,0.509,0.509,57,0,2,VERY_TIGHT,Regular Season
1628386,Jarrett Allen,CLE,56,0.211,62,111,0.559,0.559,62,0,0,VERY_TIGHT,Regular Season
203952,Andrew Wiggins,MIA,68,0.135,60,111,0.541,0.541,60,0,0,VERY_TIGHT,Regular Season
1630581,Josh Giddey,CHI,54,0.155,51,111,0.459,0.464,50,1,4,VERY_TIGHT,Regular Season
1628378,Donovan Mitchell,CLE,70,0.078,62,110,0.564,0.582,58,4,10,VERY_TIGHT,Regular Season
1629674,Neemias Queta,BOS,76,0.22,57,110,0.518,0.518,57,0,1,VERY_TIGHT,Regular Season
1642844,Dylan Harper,SAS,69,0.166,60,109,0.55,0.555,59,1,1,VERY_TIGHT,Regular Season
202696,Nikola Vučević,BOS,64,0.136,48,108,0.444,0.444,48,0,0,VERY_TIGHT,Regular Season
1642845,VJ Edgecombe,PHI,75,0.105,42,108,0.389,0.398,40,2,2,VERY_TIGHT,Regular Season
1642847,Jeremiah Fears,NOP,82,0.107,42,108,0.389,0.394,41,1,3,VERY_TIGHT,Regular Season
1629023,P.J. Washington,DAL,56,0.163,50,107,0.467,0.477,48,2,3,VERY_TIGHT,Regular Season
1629028,Deandre Ayton,LAL,72,0.176,65,106,0.613,0.613,65,0,0,VERY_TIGHT,Regular Season
1628368,De'Aaron Fox,SAS,72,0.101,52,106,0.491,0.5,50,2,5,VERY_TIGHT,Regular Season
1642349,Ajay Mitchell,OKC,57,0.18,50,106,0.472,0.472,50,0,1,VERY_TIGHT,Regular Season
1629655,Daniel Gafford,DAL,55,0.332,62,105,0.59,0.59,62,0,0,VERY_TIGHT,Regular Season
202710,Jimmy Butler III,GSW,38,0.223,60,103,0.583,0.583,60,0,1,VERY_TIGHT,Regular Season
1641713,GG Jackson,MEM,55,0.199,55,102,0.539,0.544,54,1,4,VERY_TIGHT,Regular Season
1631109,Mark Williams,PHX,60,0.234,54,102,0.529,0.529,54,0,0,VERY_TIGHT,Regular Season
1629111,Jock Landale,ATL,68,0.186,54,102,0.529,0.529,54,0,2,VERY_TIGHT,Regular Season
203468,CJ McCollum,ATL,76,0.088,49,102,0.48,0.5,45,4,9,VERY_TIGHT,Regular Season
1630163,LaMelo Ball,CHA,72,0.081,49,101,0.485,0.49,48,1,4,VERY_TIGHT,Regular Season
1628976,Wendell Carter Jr.,ORL,78,0.157,58,100,0.58,0.585,57,1,4,VERY_TIGHT,Regular Season
1630200,Tre Jones,CHI,65,0.162,54,100,0.54,0.545,53,1,1,VERY_TIGHT,Regular Season
1631096,Chet Holmgren,OKC,69,0.127,59,99,0.596,0.601,58,1,4,VERY_TIGHT,Regular Season
1641796,Pelle Larsson,MIA,70,0.177,50,99,0.505,0.505,50,0,2,VERY_TIGHT,Regular Season
2544,LeBron James,LAL,60,0.108,49,99,0.495,0.5,48,1,4,VERY_TIGHT,Regular Season
1642907,Cedric Coward,MEM,62,0.151,46,98,0.469,0.469,46,0,2,VERY_TIGHT,Regular Season
1642851,Kon Knueppel,CHA,81,0.09,44,98,0.449,0.474,39,5,9,VERY_TIGHT,Regular Season
1629675,Naz Reid,MIN,77,0.11,50,96,0.521,0.547,45,5,12,VERY_TIGHT,Regular Season
1631217,Moussa Diabaté,CHA,73,0.266,47,96,0.49,0.49,47,0,0,VERY_TIGHT,Regular Season
202695,Kawhi Leonard,LAC,65,0.076,54,95,0.568,0.574,53,1,1,VERY_TIGHT,Regular Season
1642875,Maxime Raynaud,SAC,74,0.142,51,95,0.537,0.542,50,1,2,VERY_TIGHT,Regular Season
1630314,Brandon Williams,DAL,66,0.154,46,95,0.484,0.484,46,0,0,VERY_TIGHT,Regular Season
1630245,Ayo Dosunmu,MIN,69,0.127,44,95,0.463,0.468,43,1,2,VERY_TIGHT,Regular Season
1628384,OG Anunoby,NYK,67,0.117,50,94,0.532,0.537,49,1,4,VERY_TIGHT,Regular Season
1629029,Luka Dončić,LAL,64,0.064,53,93,0.57,0.57,53,0,7,VERY_TIGHT,Regular Season
1642262,Cody Williams,UTA,67,0.183,38,93,0.409,0.414,37,1,3,VERY_TIGHT,Regular Season
1628971,Bruce Brown,DEN,82,0.178,36,93,0.387,0.387,36,0,0,VERY_TIGHT,Regular Season
201142,Kevin Durant,HOU,78,0.067,43,92,0.467,0.478,41,2,4,VERY_TIGHT,Regular Season
1631095,Jabari Smith Jr.,HOU,77,0.092,44,90,0.489,0.517,39,5,10,VERY_TIGHT,Regular Season
1629656,Quentin Grimes,PHI,75,0.118,42,89,0.472,0.483,40,2,3,VERY_TIGHT,Regular Season
1641750,Ryan Kalkbrenner,CHA,69,0.304,63,88,0.716,0.716,63,0,0,VERY_TIGHT,Regular Season
1641757,Jordan Miller,LAC,60,0.221,47,88,0.534,0.54,46,1,1,VERY_TIGHT,Regular Season
1641842,Ronald Holland II,DET,78,0.162,44,88,0.5,0.5,44,0,1,VERY_TIGHT,Regular Season
1628398,Kyle Kuzma,MIL,69,0.128,44,88,0.5,0.506,43,1,1,VERY_TIGHT,Regular Season
1630532,Franz Wagner,ORL,34,0.174,42,88,0.477,0.477,42,0,2,VERY_TIGHT,Regular Season
203903,Jordan Clarkson,NYK,72,0.165,47,87,0.54,0.552,45,2,6,VERY_TIGHT,Regular Season
203954,Joel Embiid,PHI,38,0.123,47,86,0.547,0.552,46,1,1,VERY_TIGHT,Regular Season
1629001,De'Anthony Melton,GSW,49,0.163,40,86,0.465,0.471,39,1,2,VERY_TIGHT,Regular Season
1630530,Trey Murphy III,NOP,66,0.081,52,85,0.612,0.629,49,3,7,VERY_TIGHT,Regular Season
1629012,Collin Sexton,CHI,68,0.115,49,85,0.576,0.576,49,0,0,VERY_TIGHT,Regular Season
1642860,Will Riley,WAS,74,0.136,46,84,0.548,0.56,44,2,3,VERY_TIGHT,Regular Season
1628963,Marvin Bagley III,DAL,60,0.205,46,84,0.548,0.548,46,0,0,VERY_TIGHT,Regular Season
1626181,Norman Powell,MIA,58,0.094,42,84,0.5,0.518,39,3,8,VERY_TIGHT,Regular Season
203083,Andre Drummond,PHI,63,0.246,34,83,0.41,0.41,34,0,0,VERY_TIGHT,Regular Season
1642274,Yves Missi,NOP,66,0.276,40,81,0.494,0.494,40,0,0,VERY_TIGHT,Regular Season
1641731,Bilal Coulibaly,WAS,56,0.151,34,81,0.42,0.426,33,1,3,VERY_TIGHT,Regular Season
1630570,Trendon Watford,PHI,53,0.299,41,80,0.513,0.513,41,0,1,VERY_TIGHT,Regular Season
1641706,Brandon Miller,CHA,65,0.077,39,80,0.488,0.525,33,6,9,VERY_TIGHT,Regular Season
1641716,Jarace Walker,IND,76,0.109,33,80,0.413,0.419,32,1,2,VERY_TIGHT,Regular Season
1641730,Noah Clowney,BKN,66,0.125,38,79,0.481,0.487,37,1,2,VERY_TIGHT,Regular Season
1628401,Derrick White,BOS,77,0.071,33,79,0.418,0.449,28,5,9,VERY_TIGHT,Regular Season
1630191,Isaiah Stewart,DET,58,0.194,42,78,0.538,0.538,42,0,0,VERY_TIGHT,Regular Season
201566,Russell Westbrook,SAC,64,0.093,41,78,0.526,0.526,41,0,1,VERY_TIGHT,Regular Season
1641739,Toumani Camara,POR,82,0.088,39,78,0.5,0.513,37,2,6,VERY_TIGHT,Regular Season
1630559,Austin Reaves,LAL,51,0.102,39,78,0.5,0.506,38,1,9,VERY_TIGHT,Regular Season
1630171,Isaac Okoro,CHI,63,0.168,47,77,0.61,0.61,47,0,1,VERY_TIGHT,Regular Season
1641737,Adem Bona,PHI,71,0.352,41,77,0.532,0.532,41,0,0,VERY_TIGHT,Regular Season
1631212,Peyton Watson,DEN,54,0.133,33,77,0.429,0.448,30,3,5,VERY_TIGHT,Regular Season
1631097,Bennedict Mathurin,LAC,54,0.112,30,76,0.395,0.414,27,3,5,VERY_TIGHT,Regular Season
1630551,Justin Champagnie,WAS,69,0.164,42,75,0.56,0.56,42,0,0,VERY_TIGHT,Regular Season
202685,Jonas Valanciunas,DEN,65,0.19,39,74,0.527,0.527,39,0,1,VERY_TIGHT,Regular Season
202699,Tobias Harris,DET,63,0.112,35,74,0.473,0.486,33,2,4,VERY_TIGHT,Regular Season
203994,Jusuf Nurkić,UTA,41,0.207,30,74,0.405,0.405,30,0,1,VERY_TIGHT,Regular Season
1642867,Collin Murray-Boyles,TOR,57,0.215,41,73,0.562,0.562,41,0,0,VERY_TIGHT,Regular Season
1642874,Danny Wolf,BKN,57,0.164,36,72,0.5,0.507,35,1,3,VERY_TIGHT,Regular Season
1641729,Brice Sensabaugh,UTA,75,0.084,34,72,0.472,0.493,31,3,4,VERY_TIGHT,Regular Season
1627751,Jakob Poeltl,TOR,46,0.229,48,71,0.676,0.676,48,0,0,VERY_TIGHT,Regular Season
1642345,Oso Ighodaro,PHX,82,0.196,47,71,0.662,0.662,47,0,0,VERY_TIGHT,Regular Season
1630572,Sandro Mamukelashvili,TOR,80,0.113,39,71,0.549,0.556,38,1,2,VERY_TIGHT,Regular Season
1631230,Dominick Barlow,PHI,71,0.176,40,70,0.571,0.579,39,1,1,VERY_TIGHT,Regular Season
1642846,Ace Bailey,UTA,72,0.079,35,70,0.5,0.5,35,0,0,VERY_TIGHT,Regular Season
1628436,Luke Kornet,SAS,68,0.254,30,69,0.435,0.435,30,0,0,VERY_TIGHT,Regular Season
1628415,Dillon Brooks,PHX,56,0.072,23,69,0.333,0.333,23,0,3,VERY_TIGHT,Regular Season
1631222,Jake LaRavia,LAL,82,0.13,34,68,0.5,0.529,30,4,7,VERY_TIGHT,Regular Season
1630598,Aaron Wiggins,OKC,65,0.127,29,68,0.426,0.426,29,0,1,VERY_TIGHT,Regular Season
1627884,Derrick Jones Jr.,LAC,50,0.177,33,67,0.493,0.493,33,0,2,VERY_TIGHT,Regular Season
1626167,Myles Turner,MIL,71,0.104,30,67,0.448,0.455,29,1,6,VERY_TIGHT,Regular Season
201950,Jrue Holiday,POR,53,0.093,35,66,0.53,0.545,33,2,2,VERY_TIGHT,Regular Season
1630543,Isaiah Jackson,LAC,55,0.278,35,66,0.53,0.53,35,0,0,VERY_TIGHT,Regular Season
203932,Aaron Gordon,DEN,36,0.166,31,66,0.47,0.47,31,0,1,VERY_TIGHT,Regular Season
1630692,Jordan Goodwin,PHX,70,0.119,29,66,0.439,0.462,26,3,6,VERY_TIGHT,Regular Season
1642281,Jaylon Tyson,CLE,66,0.099,25,66,0.379,0.386,24,1,2,VERY_TIGHT,Regular Season
1629057,Robert Williams III,POR,59,0.261,47,65,0.723,0.723,47,0,0,VERY_TIGHT,Regular Season
1629632,Coby White,CHA,50,0.105,32,65,0.492,0.492,32,0,3,VERY_TIGHT,Regular Season
1626171,Bobby Portis Jr.,MIL,67,0.087,28,65,0.431,0.431,28,0,2,VERY_TIGHT,Regular Season
1629011,Mitchell Robinson,NYK,60,0.311,39,64,0.609,0.609,39,0,0,VERY_TIGHT,Regular Season
1630583,Santi Aldama,MEM,43,0.134,38,64,0.594,0.602,37,1,2,VERY_TIGHT,Regular Season
1642258,Zaccharie Risacher,ATL,67,0.119,38,64,0.594,0.602,37,1,4,VERY_TIGHT,Regular Season
1641783,Tristan da Silva,ORL,77,0.103,28,64,0.438,0.445,27,1,1,VERY_TIGHT,Regular Season
1631200,Kris Murray,POR,57,0.228,32,63,0.508,0.508,32,0,0,VERY_TIGHT,Regular Season
1630202,Payton Pritchard,BOS,79,0.058,30,63,0.476,0.484,29,1,2,VERY_TIGHT,Regular Season
1641707,Taylor Hendricks,MEM,59,0.175,33,62,0.532,0.548,31,2,2,VERY_TIGHT,Regular Season
1630568,Luka Garza,BOS,69,0.174,32,62,0.516,0.516,32,0,0,VERY_TIGHT,Regular Season
1630558,Davion Mitchell,MIA,70,0.117,31,62,0.5,0.5,31,0,4,VERY_TIGHT,Regular Season
1629631,De'Andre Hunter,SAC,45,0.124,27,62,0.435,0.435,27,0,4,VERY_TIGHT,Regular Season
1641717,Cason Wallace,OKC,77,0.106,22,62,0.355,0.371,20,2,5,VERY_TIGHT,Regular Season
1630643,Jay Huff,IND,82,0.1,35,61,0.574,0.582,34,1,4,VERY_TIGHT,Regular Season
1631106,Tari Eason,HOU,60,0.106,27,61,0.443,0.451,26,1,1,VERY_TIGHT,Regular Season
1642273,Kyshawn George,WAS,48,0.106,20,61,0.328,0.336,19,1,1,VERY_TIGHT,Regular Season
1631128,Christian Braun,DEN,44,0.155,32,60,0.533,0.533,32,0,1,VERY_TIGHT,Regular Season
1642263,Reed Sheppard,HOU,82,0.064,24,60,0.4,0.425,21,3,11,VERY_TIGHT,Regular Season
1642268,Isaiah Collier,UTA,59,0.115,25,59,0.424,0.424,25,0,4,VERY_TIGHT,Regular Season
1628370,Malik Monk,SAC,62,0.093,23,59,0.39,0.424,19,4,10,VERY_TIGHT,Regular Season
201939,Stephen Curry,GSW,43,0.073,33,58,0.569,0.595,30,3,5,VERY_TIGHT,Regular Season
1629048,Goga Bitadze,ORL,64,0.258,33,58,0.569,0.569,33,0,0,VERY_TIGHT,Regular Season
1628404,Josh Hart,NYK,66,0.098,33,58,0.569,0.595,30,3,5,VERY_TIGHT,Regular Season
1627739,Kris Dunn,LAC,82,0.122,24,58,0.414,0.422,23,1,5,VERY_TIGHT,Regular Season
1631108,Max Christie,DAL,77,0.079,31,57,0.544,0.579,27,4,7,VERY_TIGHT,Regular Season
1629060,Rui Hachimura,LAL,68,0.095,28,57,0.491,0.5,27,1,3,VERY_TIGHT,Regular Season
1641764,Brandin Podziemski,GSW,82,0.066,23,57,0.404,0.404,23,0,2,VERY_TIGHT,Regular Season
1629014,Anfernee Simons,CHI,55,0.086,30,56,0.536,0.554,28,2,4,VERY_TIGHT,Regular Season
1631114,Jalen Williams,OKC,33,0.126,26,56,0.464,0.464,26,0,1,VERY_TIGHT,Regular Season
1630228,Jonathan Kuminga,ATL,36,0.165,21,56,0.375,0.375,21,0,1,VERY_TIGHT,Regular Season
1630172,Patrick Williams,CHI,72,0.117,16,56,0.286,0.286,16,0,1,VERY_TIGHT,Regular Season
203076,Anthony Davis,WAS,20,0.165,32,55,0.582,0.582,32,0,0,VERY_TIGHT,Regular Season
1642363,Nique Clifford,SAC,75,0.092,27,55,0.491,0.491,27,0,0,VERY_TIGHT,Regular Season
1630224,Jalen Green,PHX,32,0.107,27,55,0.491,0.509,25,2,3,VERY_TIGHT,Regular Season
203501,Tim Hardaway Jr.,DEN,80,0.071,21,55,0.382,0.409,18,3,10,VERY_TIGHT,Regular Season
1641765,Olivier-Maxence Prosper,MEM,53,0.155,33,54,0.611,0.611,33,0,0,VERY_TIGHT,Regular Season
1630194,Paul Reed,DET,65,0.159,31,54,0.574,0.574,31,0,0,VERY_TIGHT,Regular Season
1630560,Cam Thomas,MIL,42,0.117,19,54,0.352,0.352,19,0,2,VERY_TIGHT,Regular Season
1642347,Jamal Shead,TOR,82,0.107,16,54,0.296,0.296,16,0,2,VERY_TIGHT,Regular Season
1629614,Andrew Nembhard,IND,57,0.072,16,54,0.296,0.306,15,1,4,VERY_TIGHT,Regular Season
1630188,Jalen Smith,CHI,53,0.131,30,53,0.566,0.566,30,0,0,VERY_TIGHT,Regular Season
1642377,Jaylen Wells,MEM,69,0.076,19,53,0.358,0.368,18,1,1,VERY_TIGHT,Regular Season
1641772,Nae'Qwan Tomlin,CLE,64,0.166,30,52,0.577,0.577,30,0,1,VERY_TIGHT,Regular Season
1628969,Mikal Bridges,NYK,82,0.053,27,51,0.529,0.529,27,0,2,VERY_TIGHT,Regular Season
1642849,Nolan Traore,BKN,56,0.106,19,51,0.373,0.373,19,0,2,VERY_TIGHT,Regular Season
1630208,Nick Richards,CHI,48,0.254,18,51,0.353,0.353,18,0,1,VERY_TIGHT,Regular Season
1642265,Rob Dillingham,CHI,65,0.124,18,51,0.353,0.353,18,0,1,VERY_TIGHT,Regular Season
204001,Kristaps Porziņģis,GSW,32,0.129,26,50,0.52,0.53,25,1,1,VERY_TIGHT,Regular Season
203471,Dennis Schröder,CLE,70,0.079,24,50,0.48,0.49,23,1,2,VERY_TIGHT,Regular Season
1642450,Daniss Jenkins,DET,72,0.088,17,50,0.34,0.35,16,1,1,VERY_TIGHT,Regular Season
1631323,Simone Fontecchio,MIA,70,0.104,20,49,0.408,0.439,17,3,3,VERY_TIGHT,Regular Season
1630529,Herbert Jones,NOP,56,0.103,15,49,0.306,0.306,15,0,4,VERY_TIGHT,Regular Season
203937,Kyle Anderson,MIN,43,0.238,23,48,0.479,0.49,22,1,3,VERY_TIGHT,Regular Season
1630311,Pat Spencer,GSW,66,0.11,22,48,0.458,0.469,21,1,1,VERY_TIGHT,Regular Season
203991,Clint Capela,HOU,75,0.212,22,48,0.458,0.458,22,0,0,VERY_TIGHT,Regular Season
1627747,Caris LeVert,DET,60,0.123,19,48,0.396,0.396,19,0,0,VERY_TIGHT,Regular Season
1629639,Tyler Herro,MIA,33,0.091,25,47,0.532,0.543,24,1,3,VERY_TIGHT,Regular Season
1629611,Terance Mann,BKN,63,0.128,24,47,0.511,0.532,22,2,4,VERY_TIGHT,Regular Season
1627734,Domantas Sabonis,SAC,19,0.214,22,47,0.468,0.468,22,0,0,VERY_TIGHT,Regular Season
1630193,Immanuel Quickley,TOR,70,0.052,20,47,0.426,0.436,19,1,2,VERY_TIGHT,Regular Season
1631245,Quenton Jackson,IND,49,0.143,20,47,0.426,0.436,19,1,2,VERY_TIGHT,Regular Season
1630577,Julian Champagnie,SAS,82,0.068,19,47,0.404,0.436,16,3,11,VERY_TIGHT,Regular Season
1629637,Jaxson Hayes,LAL,66,0.176,29,46,0.63,0.63,29,0,0,VERY_TIGHT,Regular Season
1630533,Ziaire Williams,BKN,56,0.106,21,46,0.457,0.467,20,1,2,VERY_TIGHT,Regular Season
202331,Paul George,PHI,37,0.088,20,45,0.444,0.444,20,0,3,VERY_TIGHT,Regular Season
1629645,Kevin Porter Jr.,MIL,38,0.088,19,45,0.422,0.422,19,0,0,VERY_TIGHT,Regular Season
203114,Khris Middleton,DAL,63,0.083,19,45,0.422,0.444,17,2,3,VERY_TIGHT,Regular Season
1630703,Scoot Henderson,POR,30,0.132,18,45,0.4,0.411,17,1,2,VERY_TIGHT,Regular Season
1642383,Walter Clayton Jr.,MEM,69,0.098,18,45,0.4,0.411,17,1,1,VERY_TIGHT,Regular Season
1629006,Josh Okogie,HOU,78,0.154,17,45,0.378,0.4,15,2,5,VERY_TIGHT,Regular Season
1630696,Dru Smith,MIA,70,0.138,16,45,0.356,0.356,16,0,0,VERY_TIGHT,Regular Season
1627780,Gary Payton II,GSW,73,0.106,32,44,0.727,0.727,32,0,0,VERY_TIGHT,Regular Season
1642928,Dylan Cardwell,SAC,44,0.247,27,44,0.614,0.614,27,0,1,VERY_TIGHT,Regular Season
1628989,Kevin Huerter,DET,69,0.074,23,44,0.523,0.523,23,0,0,VERY_TIGHT,Regular Season
1642269,Devin Carter,SAC,38,0.151,23,44,0.523,0.523,23,0,1,VERY_TIGHT,Regular Season
203897,Zach LaVine,SAC,39,0.08,22,44,0.5,0.523,20,2,3,VERY_TIGHT,Regular Season
1631218,Trayce Jackson-Davis,TOR,53,0.355,21,44,0.477,0.477,21,0,0,VERY_TIGHT,Regular Season
1629636,Darius Garland,LAC,45,0.064,17,43,0.395,0.407,16,1,2,VERY_TIGHT,Regular Season
1641740,Jaylen Clark,MIN,68,0.189,16,43,0.372,0.384,15,1,7,VERY_TIGHT,Regular Season
1628392,Isaiah Hartenstein,OKC,47,0.142,22,42,0.524,0.524,22,0,0,VERY_TIGHT,Regular Season
1630611,Gui Santos,GSW,68,0.091,18,42,0.429,0.44,17,1,2,VERY_TIGHT,Regular Season
1631126,Caleb Love,POR,49,0.086,16,42,0.381,0.381,16,0,1,VERY_TIGHT,Regular Season
1631133,Jabari Walker,PHI,64,0.197,16,42,0.381,0.381,16,0,0,VERY_TIGHT,Regular Season
1642879,Ben Saraf,BKN,44,0.139,11,42,0.262,0.262,11,0,0,VERY_TIGHT,Regular Season
1630264,Anthony Gill,WAS,55,0.192,27,41,0.659,0.659,27,0,2,VERY_TIGHT,Regular Season
1630695,Micah Potter,IND,47,0.14,23,41,0.561,0.573,22,1,2,VERY_TIGHT,Regular Season
1641775,Jordan Walsh,BOS,68,0.154,22,41,0.537,0.549,21,1,2,VERY_TIGHT,Regular Season
1628418,Thomas Bryant,CLE,60,0.154,22,41,0.537,0.561,20,2,2,VERY_TIGHT,Regular Season
201572,Brook Lopez,LAC,75,0.076,17,41,0.415,0.415,17,0,0,VERY_TIGHT,Regular Season
1629673,Jordan Poole,NOP,39,0.092,16,41,0.39,0.402,15,1,4,VERY_TIGHT,Regular Season
1631221,Collin Gillespie,PHX,80,0.049,14,41,0.341,0.366,12,2,6,VERY_TIGHT,Regular Season
1629750,Javonte Green,DET,82,0.097,21,40,0.525,0.538,20,1,1,VERY_TIGHT,Regular Season
1630170,Devin Vassell,SAS,67,0.053,18,40,0.45,0.463,17,1,6,VERY_TIGHT,Regular Season
203084,Harrison Barnes,SAS,77,0.068,20,39,0.513,0.538,18,2,4,VERY_TIGHT,Regular Season
1642346,Ryan Dunn,PHX,70,0.108,18,39,0.462,0.474,17,1,4,VERY_TIGHT,Regular Season
1628978,Donte DiVincenzo,MIN,82,0.047,18,39,0.462,0.487,16,2,6,VERY_TIGHT,Regular Season
1629020,Jarred Vanderbilt,LAL,65,0.163,17,39,0.436,0.436,17,0,2,VERY_TIGHT,Regular Season
1629630,Ja Morant,MEM,20,0.121,11,39,0.282,0.282,11,0,0,VERY_TIGHT,Regular Season
1642266,Ja'Kobe Walter,TOR,72,0.094,17,38,0.447,0.461,16,1,1,VERY_TIGHT,Regular Season
1642877,Micah Peavy,NOP,61,0.138,16,38,0.421,0.421,16,0,2,VERY_TIGHT,Regular Season
1641774,Tristan Vukcevic,WAS,49,0.117,24,37,0.649,0.662,23,1,2,VERY_TIGHT,Regular Season
1628960,Grayson Allen,PHX,51,0.056,18,37,0.486,0.514,16,2,4,VERY_TIGHT,Regular Season
1631159,Leonard Miller,CHI,46,0.142,18,37,0.486,0.486,18,0,0,VERY_TIGHT,Regular Season
203500,Steven Adams,HOU,32,0.27,13,37,0.351,0.351,13,0,0,VERY_TIGHT,Regular Season
203935,Marcus Smart,LAL,62,0.078,12,37,0.324,0.338,11,1,1,VERY_TIGHT,Regular Season
1642848,Tre Johnson,WAS,60,0.057,12,37,0.324,0.338,11,1,1,VERY_TIGHT,Regular Season
1642364,Jamir Watkins,WAS,50,0.122,21,36,0.583,0.597,20,1,1,VERY_TIGHT,Regular Season
1642954,Will Richard,GSW,69,0.104,20,36,0.556,0.569,19,1,2,VERY_TIGHT,Regular Season
1642366,Quinten Post,GSW,67,0.082,18,36,0.5,0.542,15,3,3,VERY_TIGHT,Regular Season
1630591,Jalen Suggs,ORL,57,0.054,17,35,0.486,0.514,15,2,3,VERY_TIGHT,Regular Season
1630534,Ochai Agbaji,BKN,62,0.125,15,35,0.429,0.429,15,0,2,VERY_TIGHT,Regular Season
1630541,Moses Moody,GSW,60,0.063,13,35,0.371,0.4,11,2,7,VERY_TIGHT,Regular Season
1641712,Rayan Rupert,MEM,64,0.112,12,35,0.343,0.343,12,0,1,VERY_TIGHT,Regular Season
1629130,Duncan Robinson,DET,77,0.05,12,35,0.343,0.414,7,5,14,VERY_TIGHT,Regular Season
1631169,Josh Minott,BKN,49,0.135,20,34,0.588,0.588,20,0,2,VERY_TIGHT,Regular Season
1642272,Jared McCain,OKC,67,0.071,18,34,0.529,0.544,17,1,1,VERY_TIGHT,Regular Season
1629021,Moritz Wagner,ORL,36,0.174,15,34,0.441,0.441,15,0,2,VERY_TIGHT,Regular Season
1631107,Nikola Jović,MIA,47,0.108,14,34,0.412,0.412,14,0,0,VERY_TIGHT,Regular Season
1630579,Jericho Sims,MIL,67,0.178,23,33,0.697,0.697,23,0,0,VERY_TIGHT,Regular Season
1630702,Jaden Hardy,WAS,57,0.075,21,32,0.656,0.703,18,3,3,VERY_TIGHT,Regular Season
1631124,Julian Strawther,DEN,57,0.1,15,32,0.469,0.484,14,1,1,VERY_TIGHT,Regular Season
1629026,Kenrich Williams,OKC,56,0.108,14,32,0.438,0.438,14,0,3,VERY_TIGHT,Regular Season
1630538,Bones Hyland,MIN,71,0.068,11,32,0.344,0.359,10,1,5,VERY_TIGHT,Regular Season
1642883,Sion James,CHA,82,0.086,10,32,0.313,0.313,10,0,2,VERY_TIGHT,Regular Season
1631131,Oscar Tshiebwe,UTA,27,0.214,13,31,0.419,0.419,13,0,0,VERY_TIGHT,Regular Season
203110,Draymond Green,GSW,68,0.063,13,31,0.419,0.419,13,0,2,VERY_TIGHT,Regular Season
1626220,Royce O'Neale,PHX,78,0.05,13,31,0.419,0.516,7,6,12,VERY_TIGHT,Regular Season
1642942,Jahmai Mashack,MEM,31,0.159,11,31,0.355,0.355,11,0,0,VERY_TIGHT,Regular Season
1631099,Keegan Murray,SAC,23,0.1,18,30,0.6,0.6,18,0,0,VERY_TIGHT,Regular Season
1642962,Drake Powell,BKN,63,0.084,15,30,0.5,0.517,14,1,4,VERY_TIGHT,Regular Season
1641724,Jett Howard,ORL,55,0.12,12,30,0.4,0.417,11,1,3,VERY_TIGHT,Regular Season
1630174,Aaron Nesmith,IND,45,0.059,10,30,0.333,0.35,9,1,1,VERY_TIGHT,Regular Season
1642358,AJ Johnson,DAL,48,0.17,6,30,0.2,0.2,6,0,1,VERY_TIGHT,Regular Season
1642866,Joan Beringer,MIN,40,0.299,18,29,0.621,0.621,18,0,0,VERY_TIGHT,Regular Season
1631243,Mouhamed Gueye,ATL,77,0.1,14,29,0.483,0.5,13,1,1,VERY_TIGHT,Regular Season
1631121,Bryce McGowens,NOP,42,0.123,13,29,0.448,0.448,13,0,0,VERY_TIGHT,Regular Season
1642285,Cam Spencer,MEM,72,0.052,11,29,0.379,0.431,8,3,5,VERY_TIGHT,Regular Season
1642869,Noah Penda,ORL,59,0.143,10,29,0.345,0.414,6,4,5,VERY_TIGHT,Regular Season
1641711,Gradey Dick,TOR,76,0.076,7,29,0.241,0.241,7,0,0,VERY_TIGHT,Regular Season
1631255,Karlo Matković,NOP,62,0.12,17,28,0.607,0.607,17,0,1,VERY_TIGHT,Regular Season
1631123,Jamaree Bouyea,PHX,46,0.119,15,28,0.536,0.589,12,3,4,VERY_TIGHT,Regular Season
1630619,Moussa Cisse,DAL,38,0.243,13,28,0.464,0.464,13,0,0,VERY_TIGHT,Regular Season
1641738,Kobe Brown,IND,61,0.103,11,28,0.393,0.411,10,1,1,VERY_TIGHT,Regular Season
1642920,Kobe Sanders,LAC,68,0.073,9,28,0.321,0.321,9,0,1,VERY_TIGHT,Regular Season
1629018,Gary Trent Jr.,MIL,65,0.059,6,28,0.214,0.232,5,1,4,VERY_TIGHT,Regular Season
1631213,Tyrese Martin,PHI,46,0.097,14,27,0.519,0.574,11,3,6,VERY_TIGHT,Regular Season
1628396,Tony Bradley,ATL,41,0.231,14,27,0.519,0.519,14,0,0,VERY_TIGHT,Regular Season
1629661,Cameron Johnson,DEN,54,0.057,14,27,0.519,0.519,14,0,0,VERY_TIGHT,Regular Season
201143,Al Horford,GSW,45,0.084,13,27,0.481,0.519,11,2,2,VERY_TIGHT,Regular Season
1642854,Asa Newell,ATL,44,0.16,13,27,0.481,0.5,12,1,1,VERY_TIGHT,Regular Season
1629660,Ty Jerome,MEM,15,0.126,13,27,0.481,0.481,13,0,0,VERY_TIGHT,Regular Season
1630557,Corey Kispert,ATL,58,0.069,12,27,0.444,0.463,11,1,3,VERY_TIGHT,Regular Season
1642353,Cam Christie,LAC,55,0.194,11,27,0.407,0.407,11,0,0,VERY_TIGHT,Regular Season
202691,Klay Thompson,DAL,69,0.037,10,27,0.37,0.444,6,4,11,VERY_TIGHT,Regular Season
1642267,Bub Carrington,WAS,82,0.036,9,27,0.333,0.389,6,3,7,VERY_TIGHT,Regular Season
1631172,Ousmane Dieng,MIL,57,0.065,14,26,0.538,0.577,12,2,5,VERY_TIGHT,Regular Season
1642348,Justin Edwards,PHI,64,0.081,13,26,0.5,0.519,12,1,1,VERY_TIGHT,Regular Season
1627936,Alex Caruso,OKC,56,0.087,12,26,0.462,0.481,11,1,2,VERY_TIGHT,Regular Season
1641854,Craig Porter Jr.,CLE,64,0.101,9,26,0.346,0.385,7,2,2,VERY_TIGHT,Regular Season
1641767,Ben Sheppard,IND,65,0.065,15,25,0.6,0.66,12,3,4,VERY_TIGHT,Regular Season
1627824,Guerschon Yabusele,CHI,67,0.08,13,25,0.52,0.52,13,0,1,VERY_TIGHT,Regular Season
1631321,Sidy Cissoko,POR,75,0.075,11,25,0.44,0.48,9,2,2,VERY_TIGHT,Regular Season
203484,Kentavious Caldwell-Pope,MEM,51,0.068,11,25,0.44,0.46,10,1,2,VERY_TIGHT,Regular Season
1642856,Egor Dëmin,BKN,52,0.056,6,25,0.24,0.28,4,2,2,VERY_TIGHT,Regular Season
1630192,Zeke Nnaji,DEN,52,0.159,14,24,0.583,0.583,14,0,0,VERY_TIGHT,Regular Season
1630536,Sharife Cooper,WAS,41,0.098,13,24,0.542,0.563,12,1,2,VERY_TIGHT,Regular Season
204456,T.J. McConnell,IND,56,0.053,12,24,0.5,0.521,11,1,1,VERY_TIGHT,Regular Season
1642949,Yanic Konan Niederhäuser,LAC,41,0.24,12,24,0.5,0.5,12,0,0,VERY_TIGHT,Regular Season
1631207,Dalen Terry,PHI,48,0.155,11,24,0.458,0.458,11,0,0,VERY_TIGHT,Regular Season
1631165,Keon Ellis,CLE,72,0.06,15,23,0.652,0.652,15,0,0,VERY_TIGHT,Regular Season
1630256,Jae'Sean Tate,HOU,46,0.211,15,23,0.652,0.652,15,0,0,VERY_TIGHT,Regular Season
1642859,Jase Richardson,ORL,54,0.122,11,23,0.478,0.478,11,0,0,VERY_TIGHT,Regular Season
1642882,Julian Reese,WAS,13,0.195,11,23,0.478,0.478,11,0,0,VERY_TIGHT,Regular Season
1628997,Caleb Martin,DAL,58,0.122,9,23,0.391,0.391,9,0,1,VERY_TIGHT,Regular Season
1630592,Jalen Wilson,BKN,54,0.083,8,23,0.348,0.413,5,3,4,VERY_TIGHT,Regular Season
1642863,Khaman Maluach,PHX,46,0.214,12,22,0.545,0.545,12,0,0,VERY_TIGHT,Regular Season
1642461,Spencer Jones,DEN,64,0.084,10,22,0.455,0.477,9,1,2,VERY_TIGHT,Regular Season
1642868,Carter Bryant,SAS,71,0.083,9,22,0.409,0.409,9,0,0,VERY_TIGHT,Regular Season
1641790,PJ Hall,CHA,19,0.373,8,22,0.364,0.364,8,0,0,VERY_TIGHT,Regular Season
1642857,Kasparas Jakučionis,MIA,53,0.093,4,22,0.182,0.182,4,0,4,VERY_TIGHT,Regular Season
1629004,Svi Mykhailiuk,UTA,50,0.058,14,21,0.667,0.69,13,1,1,VERY_TIGHT,Regular Season
1629013,Landry Shamet,NYK,51,0.058,12,21,0.571,0.667,8,4,5,VERY_TIGHT,Regular Season
1642853,Rasheer Fleming,PHX,55,0.099,8,21,0.381,0.405,7,1,2,VERY_TIGHT,Regular Season
1628369,Jayson Tatum,BOS,16,0.073,8,21,0.381,0.381,8,0,2,VERY_TIGHT,Regular Season
1630631,Jose Alvarado,NYK,69,0.047,8,21,0.381,0.381,8,0,0,VERY_TIGHT,Regular Season
1642914,Javon Small,MEM,41,0.073,8,21,0.381,0.381,8,0,1,VERY_TIGHT,Regular Season
1630241,Sam Merrill,CLE,52,0.043,8,21,0.381,0.429,6,2,3,VERY_TIGHT,Regular Season
1629731,Dean Wade,CLE,59,0.076,8,21,0.381,0.405,7,1,1,VERY_TIGHT,Regular Season
1642275,Tidjane Salaün,CHA,37,0.126,13,20,0.65,0.65,13,0,1,VERY_TIGHT,Regular Season
1642905,Yang Hansen,POR,43,0.2,9,20,0.45,0.45,9,0,0,VERY_TIGHT,Regular Season
1641715,Cam Whitmore,WAS,21,0.12,9,20,0.45,0.45,9,0,1,VERY_TIGHT,Regular Season
1631103,Malaki Branham,WAS,28,0.22,8,20,0.4,0.4,8,0,1,VERY_TIGHT,Regular Season
1631260,AJ Green,MIL,78,0.032,7,20,0.35,0.475,2,5,15,VERY_TIGHT,Regular Season
1630574,Ariel Hukporti,NYK,54,0.253,5,20,0.25,0.25,5,0,0,VERY_TIGHT,Regular Season
1630175,Cole Anthony,MIL,35,0.087,4,20,0.2,0.2,4,0,2,VERY_TIGHT,Regular Season
203939,Dwight Powell,DAL,63,0.19,13,19,0.684,0.684,13,0,0,VERY_TIGHT,Regular Season
1642382,Branden Carlson,OKC,42,0.102,13,19,0.684,0.684,13,0,0,VERY_TIGHT,Regular Season
1631466,Nate Williams,GSW,14,0.221,12,19,0.632,0.632,12,0,0,VERY_TIGHT,Regular Season
1643016,Bez Mbeng,UTA,15,0.19,10,19,0.526,0.526,10,0,0,VERY_TIGHT,Regular Season
1627741,Buddy Hield,ATL,51,0.058,9,19,0.474,0.474,9,0,1,VERY_TIGHT,Regular Season
1628371,Jonathan Isaac,ORL,52,0.174,9,19,0.474,0.474,9,0,0,VERY_TIGHT,Regular Season
1641744,Zach Edey,MEM,11,0.194,9,19,0.474,0.474,9,0,0,VERY_TIGHT,Regular Season
1629234,Drew Eubanks,SAC,42,0.122,8,19,0.421,0.421,8,0,0,VERY_TIGHT,Regular Season
1642277,Johnny Furphy,IND,35,0.128,7,19,0.368,0.368,7,0,0,VERY_TIGHT,Regular Season
1641722,Jordan Hawkins,NOP,51,0.07,6,18,0.333,0.361,5,1,1,VERY_TIGHT,Regular Season
1642878,Tyrese Proctor,CLE,50,0.08,5,18,0.278,0.278,5,0,1,VERY_TIGHT,Regular Season
1630167,Obi Toppin,IND,24,0.085,12,17,0.706,0.765,10,2,3,VERY_TIGHT,Regular Season
1641763,Julian Phillips,MIN,48,0.14,11,17,0.647,0.676,10,1,1,VERY_TIGHT,Regular Season
1642950,Lachlan Olbrich,CHI,37,0.221,8,17,0.471,0.471,8,0,0,VERY_TIGHT,Regular Season
1629618,Jalen Pickett,DEN,50,0.073,7,17,0.412,0.441,6,1,2,VERY_TIGHT,Regular Season
1631342,Daeqwon Plowden,SAC,32,0.061,6,17,0.353,0.353,6,0,1,VERY_TIGHT,Regular Season
1642864,Hugo González,BOS,74,0.069,6,17,0.353,0.353,6,0,1,VERY_TIGHT,Regular Season
1630540,Miles McBride,NYK,41,0.042,6,17,0.353,0.382,5,1,7,VERY_TIGHT,Regular Season
1630526,Jeremiah Robinson-Earl,DAL,22,0.17,5,17,0.294,0.294,5,0,1,VERY_TIGHT,Regular Season
1629723,John Konchar,UTA,56,0.085,5,17,0.294,0.294,5,0,2,VERY_TIGHT,Regular Season
1642880,Kam Jones,IND,37,0.095,9,16,0.563,0.563,9,0,0,VERY_TIGHT,Regular Season
1629646,Charles Bassey,GSW,13,0.34,9,16,0.563,0.563,9,0,0,VERY_TIGHT,Regular Season
1641869,Malachi Smith,BKN,15,0.162,8,16,0.5,0.5,8,0,0,VERY_TIGHT,Regular Season
1643052,Chaney Johnson,BKN,17,0.17,8,16,0.5,0.5,8,0,0,VERY_TIGHT,Regular Season
1626172,Kevon Looney,NOP,21,0.267,8,16,0.5,0.5,8,0,0,VERY_TIGHT,Regular Season
1628975,Jevon Carter,ORL,53,0.052,6,16,0.375,0.438,4,2,4,VERY_TIGHT,Regular Season
1642502,Malevy Leons,GSW,25,0.222,5,16,0.313,0.313,5,0,0,VERY_TIGHT,Regular Season
1631174,Tyler Burton,MEM,12,0.143,5,16,0.313,0.313,5,0,0,VERY_TIGHT,Regular Season
1631250,Pete Nance,MIL,47,0.077,11,15,0.733,0.767,10,1,2,VERY_TIGHT,Regular Season
1631110,Jeremy Sochan,NYK,44,0.116,10,15,0.667,0.667,10,0,0,VERY_TIGHT,Regular Season
1630590,Scotty Pippen Jr.,MEM,10,0.158,9,15,0.6,0.6,9,0,1,VERY_TIGHT,Regular Season
1642862,Liam McNeeley,CHA,31,0.158,8,15,0.533,0.567,7,1,1,VERY_TIGHT,Regular Season
1626156,D'Angelo Russell,WAS,26,0.065,8,15,0.533,0.533,8,0,0,VERY_TIGHT,Regular Season
1629652,Luguentz Dort,OKC,69,0.029,8,15,0.533,0.533,8,0,1,VERY_TIGHT,Regular Season
1630198,Isaiah Joe,OKC,71,0.028,8,15,0.533,0.6,6,2,3,VERY_TIGHT,Regular Season
1628379,Luke Kennard,LAL,78,0.034,7,15,0.467,0.5,6,1,1,VERY_TIGHT,Regular Season
1631246,Vince Williams Jr.,UTA,40,0.051,5,15,0.333,0.333,5,0,1,VERY_TIGHT,Regular Season
1630544,Tre Mann,CHA,53,0.05,5,15,0.333,0.333,5,0,2,VERY_TIGHT,Regular Season
1630679,Ethan Thompson,IND,32,0.077,3,15,0.2,0.233,2,1,2,VERY_TIGHT,Regular Season
1631093,Jaden Ivey,CHI,37,0.055,11,14,0.786,0.786,11,0,0,VERY_TIGHT,Regular Season
1642885,Mohamed Diawara,NYK,69,0.066,8,14,0.571,0.607,7,1,1,VERY_TIGHT,Regular Season
1631288,Jamal Cain,ORL,40,0.092,8,14,0.571,0.571,8,0,1,VERY_TIGHT,Regular Season
1642261,Dalton Knecht,LAL,54,0.073,6,14,0.429,0.429,6,0,2,VERY_TIGHT,Regular Season
1628988,Aaron Holiday,HOU,57,0.056,5,14,0.357,0.393,4,1,4,VERY_TIGHT,Regular Season
1641989,Elijah Harkless,UTA,26,0.087,4,14,0.286,0.286,4,0,0,VERY_TIGHT,Regular Season
1631104,Blake Wesley,POR,31,0.105,8,13,0.615,0.615,8,0,1,VERY_TIGHT,Regular Season
1642419,Jamison Battle,TOR,61,0.09,8,13,0.615,0.654,7,1,1,VERY_TIGHT,Regular Season
1630182,Josh Green,CHA,58,0.072,8,13,0.615,0.692,6,2,2,VERY_TIGHT,Regular Season
1630545,Terrence Shannon Jr,MIN,43,0.076,7,13,0.538,0.538,7,0,1,VERY_TIGHT,Regular Season
1642449,Tolu Smith,DET,15,0.361,4,13,0.308,0.308,4,0,0,VERY_TIGHT,Regular Season
1631132,Christian Koloko,ATL,27,0.176,3,13,0.231,0.231,3,0,0,VERY_TIGHT,Regular Season
1631199,Ron Harper Jr.,BOS,29,0.109,6,12,0.5,0.542,5,1,2,VERY_TIGHT,Regular Season
1626204,Larry Nance Jr.,CLE,35,0.097,6,12,0.5,0.5,6,0,1,VERY_TIGHT,Regular Season
1642260,Nikola Topić,OKC,10,0.235,6,12,0.5,0.5,6,0,1,VERY_TIGHT,Regular Season
203992,Bogdan Bogdanović,LAC,23,0.079,5,12,0.417,0.417,5,0,3,VERY_TIGHT,Regular Season
1630573,Sam Hauser,BOS,78,0.02,5,12,0.417,0.5,3,2,6,VERY_TIGHT,Regular Season
1642352,Keshad Johnson,MIA,32,0.118,4,12,0.333,0.333,4,0,0,VERY_TIGHT,Regular Season
1630604,E.J. Liddell,BKN,26,0.098,9,11,0.818,0.818,9,0,0,VERY_TIGHT,Regular Season
1627749,Dejounte Murray,NOP,14,0.06,8,11,0.727,0.773,7,1,1,VERY_TIGHT,Regular Season
1628467,Maxi Kleber,LAL,43,0.151,6,11,0.545,0.545,6,0,0,VERY_TIGHT,Regular Season
1630623,Tyson Etienne,BKN,24,0.076,6,11,0.545,0.545,6,0,2,VERY_TIGHT,Regular Season
1641727,Dariq Whitehead,MEM,6,0.118,5,11,0.455,0.455,5,0,0,VERY_TIGHT,Regular Season
1642948,Ryan Nembhard,DAL,60,0.028,5,11,0.455,0.5,4,1,1,VERY_TIGHT,Regular Season
1631204,Marcus Sasser,DET,38,0.062,4,11,0.364,0.364,4,0,0,VERY_TIGHT,Regular Season
1631119,Jaylin Williams,OKC,65,0.031,4,11,0.364,0.364,4,0,1,VERY_TIGHT,Regular Season
1642278,Tyler Kolek,NYK,62,0.044,4,11,0.364,0.409,3,1,1,VERY_TIGHT,Regular Season
1631113,Kennedy Chandler,UTA,11,0.08,4,11,0.364,0.364,4,0,0,VERY_TIGHT,Regular Season
1629684,Grant Williams,CHA,36,0.06,4,11,0.364,0.364,4,0,2,VERY_TIGHT,Regular Season
1642367,Jonathan Mogbo,TOR,40,0.25,3,11,0.273,0.273,3,0,0,VERY_TIGHT,Regular Season
1642357,David Jones Garcia,SAS,11,0.4,6,10,0.6,0.6,6,0,0,VERY_TIGHT,Regular Season
203482,Kelly Olynyk,SAS,42,0.104,6,10,0.6,0.6,6,0,1,VERY_TIGHT,Regular Season
1630249,Vít Krejčí,POR,65,0.023,5,10,0.5,0.5,5,0,1,VERY_TIGHT,Regular Season
1629162,Jordan McLaughlin,SAS,44,0.127,5,10,0.5,0.55,4,1,1,VERY_TIGHT,Regular Season
1627827,Dorian Finney-Smith,HOU,37,0.076,5,10,0.5,0.55,4,1,2,VERY_TIGHT,Regular Season
1630644,Mac McClung,CHI,11,0.169,3,10,0.3,0.3,3,0,0,VERY_TIGHT,Regular Season
201567,Kevin Love,UTA,37,0.05,2,10,0.2,0.2,2,0,1,VERY_TIGHT,Regular Season
1630639,A.J. Lawson,TOR,24,0.128,1,10,0.1,0.1,1,0,0,VERY_TIGHT,Regular Season
1629599,Amir Coffey,PHX,46,0.08,6,9,0.667,0.667,6,0,0,VERY_TIGHT,Regular Season
1631117,Walker Kessler,UTA,5,0.243,5,9,0.556,0.556,5,0,0,VERY_TIGHT,Regular Season
1629680,Matisse Thybulle,POR,30,0.067,5,9,0.556,0.611,4,1,1,VERY_TIGHT,Regular Season
1642918,Alijah Martin,TOR,23,0.18,4,9,0.444,0.444,4,0,0,VERY_TIGHT,Regular Season
1626166,Cameron Payne,PHI,22,0.06,3,9,0.333,0.333,3,0,0,VERY_TIGHT,Regular Season
1642354,KJ Simpson,DEN,20,0.091,3,9,0.333,0.333,3,0,0,VERY_TIGHT,Regular Season
1642964,Brooks Barnhizer,OKC,40,0.127,2,9,0.222,0.222,2,0,0,VERY_TIGHT,Regular Season
1630610,DeJon Jarreau,MEM,11,0.108,2,9,0.222,0.222,2,0,0,VERY_TIGHT,Regular Season
201144,Mike Conley,MIN,54,0.042,1,9,0.111,0.111,1,0,0,VERY_TIGHT,Regular Season
1631223,David Roddy,DEN,5,0.267,5,8,0.625,0.625,5,0,0,VERY_TIGHT,Regular Season
1641747,DaRon Holmes II,DEN,25,0.131,5,8,0.625,0.625,5,0,1,VERY_TIGHT,Regular Season
1629622,Max Strus,CLE,12,0.075,3,8,0.375,0.438,2,1,2,VERY_TIGHT,Regular Season
1641748,Andre Jackson Jr.,MIL,48,0.067,2,8,0.25,0.313,1,1,1,VERY_TIGHT,Regular Season
1631248,Baylor Scheierman,BOS,77,0.021,5,7,0.714,0.857,3,2,2,VERY_TIGHT,Regular Season
1642876,Adou Thiero,LAL,25,0.226,3,7,0.429,0.429,3,0,0,VERY_TIGHT,Regular Season
1629027,Trae Young,WAS,15,0.04,3,7,0.429,0.429,3,0,0,VERY_TIGHT,Regular Season
1642380,Adama Bal,MEM,8,0.103,3,7,0.429,0.429,3,0,0,VERY_TIGHT,Regular Season
1626145,Tyus Jones,DEN,67,0.032,3,7,0.429,0.429,3,0,0,VERY_TIGHT,Regular Season
1641733,Nick Smith Jr.,LAL,30,0.043,3,7,0.429,0.429,3,0,2,VERY_TIGHT,Regular Season
1642873,Amari Williams,BOS,22,0.35,3,7,0.429,0.429,3,0,0,VERY_TIGHT,Regular Season
1642066,Myron Gardner,MIA,45,0.057,2,7,0.286,0.286,2,0,0,VERY_TIGHT,Regular Season
1628380,Zach Collins,CHI,10,0.094,4,6,0.667,0.667,4,0,0,VERY_TIGHT,Regular Season
1630286,Trevon Scott,BKN,6,0.12,4,6,0.667,0.667,4,0,0,VERY_TIGHT,Regular Season
1642504,Cormac Ryan,MIL,11,0.059,4,6,0.667,0.667,4,0,0,VERY_TIGHT,Regular Season
1642400,Tristan Enaruna,CLE,9,0.214,4,6,0.667,0.667,4,0,0,VERY_TIGHT,Regular Season
1641871,Duop Reath,POR,32,0.081,2,6,0.333,0.333,2,0,0,VERY_TIGHT,Regular Season
1630587,Isaiah Livers,PHX,36,0.094,2,6,0.333,0.333,2,0,0,VERY_TIGHT,Regular Season
1628366,Lonzo Ball,CLE,35,0.034,2,6,0.333,0.417,1,1,1,VERY_TIGHT,Regular Season
1631247,Luke Travers,CLE,12,0.167,0,6,0.0,0.0,0,0,0,VERY_TIGHT,Regular Season
1631166,Drew Timme,LAL,27,0.076,4,5,0.8,0.8,4,0,1,VERY_TIGHT,Regular Season
1642396,Blake Hinson,UTA,14,0.043,3,5,0.6,0.6,3,0,0,VERY_TIGHT,Regular Season
203914,Gary Harris,MIL,48,0.048,3,5,0.6,0.6,3,0,0,VERY_TIGHT,Regular Season
1629216,Gabe Vincent,ATL,53,0.023,3,5,0.6,0.6,3,0,1,VERY_TIGHT,Regular Season
201145,Jeff Green,HOU,30,0.074,3,5,0.6,0.6,3,0,1,VERY_TIGHT,Regular Season
1629312,Haywood Highsmith,PHX,7,0.217,3,5,0.6,0.7,2,1,1,VERY_TIGHT,Regular Season
203486,Mason Plumlee,SAS,20,0.357,3,5,0.6,0.6,3,0,0,VERY_TIGHT,Regular Season
1643018,LJ Cryer,GSW,18,0.043,2,5,0.4,0.5,1,1,2,VERY_TIGHT,Regular Season
1643158,Andersson Garcia,UTA,5,0.172,2,5,0.4,0.4,2,0,0,VERY_TIGHT,Regular Season
1631120,JD Davison,HOU,28,0.078,2,5,0.4,0.4,2,0,0,VERY_TIGHT,Regular Season
1631116,Patrick Baldwin Jr.,SAC,9,0.185,2,5,0.4,0.4,2,0,0,VERY_TIGHT,Regular Season
1627752,Taurean Prince,MIL,26,0.026,2,5,0.4,0.5,1,1,1,VERY_TIGHT,Regular Season
1641778,Leaky Black,WAS,15,0.049,1,5,0.2,0.2,1,0,1,VERY_TIGHT,Regular Season
1643007,Taelon Peter,IND,38,0.032,1,5,0.2,0.2,1,0,1,VERY_TIGHT,Regular Season
1630165,Killian Hayes,SAC,23,0.036,1,5,0.2,0.2,1,0,0,VERY_TIGHT,Regular Season
1642955,Kadary Richmond,WAS,3,0.25,3,4,0.75,0.75,3,0,0,VERY_TIGHT,Regular Season
203648,Thanasis Antetokounmpo,MIL,34,0.125,3,4,0.75,0.75,3,0,0,VERY_TIGHT,Regular Season
1643133,Lawson Lovering,MEM,2,0.4,2,4,0.5,0.5,2,0,0,VERY_TIGHT,Regular Season
1626192,Pat Connaughton,CHA,42,0.047,2,4,0.5,0.5,2,0,0,VERY_TIGHT,Regular Season
1642967,John Poulakidas,DAL,13,0.044,2,4,0.5,0.5,2,0,0,VERY_TIGHT,Regular Season
1642933,Keshon Gilbert,ATL,4,0.333,2,4,0.5,0.5,2,0,0,VERY_TIGHT,Regular Season
1641726,Dereck Lively II,DAL,7,0.222,2,4,0.5,0.5,2,0,0,VERY_TIGHT,Regular Season
1628449,Chris Boucher,BOS,9,0.16,2,4,0.5,0.5,2,0,0,VERY_TIGHT,Regular Season
1641723,Kobe Bufkin,LAL,16,0.08,1,4,0.25,0.25,1,0,0,VERY_TIGHT,Regular Season
1630699,MarJon Beauchamp,PHI,14,0.053,1,4,0.25,0.25,1,0,0,VERY_TIGHT,Regular Season
1631451,Javonte Cooke,POR,19,0.098,1,4,0.25,0.25,1,0,0,VERY_TIGHT,Regular Season
201599,DeAndre Jordan,NOP,12,0.125,1,4,0.25,0.25,1,0,0,VERY_TIGHT,Regular Season
1642484,RayJ Dennis,ATL,17,0.048,0,4,0.0,0.0,0,0,0,VERY_TIGHT,Regular Season
1641771,Jalen Slawson,IND,13,0.052,0,4,0.0,0.0,0,0,0,VERY_TIGHT,Regular Season
1630811,Keaton Wallace,ATL,53,0.018,3,3,1.0,1.0,3,0,0,VERY_TIGHT,Regular Season
1642434,Riley Minix,CLE,9,0.13,3,3,1.0,1.0,3,0,0,VERY_TIGHT,Regular Season
1630214,Xavier Tillman,CHA,30,0.065,2,3,0.667,0.667,2,0,0,VERY_TIGHT,Regular Season
202687,Bismack Biyombo,SAS,25,0.2,2,3,0.667,0.667,2,0,0,VERY_TIGHT,Regular Season
1630164,James Wiseman,IND,4,0.3,2,3,0.667,0.667,2,0,0,VERY_TIGHT,Regular Season
1630209,Omer Yurtseven,GSW,9,0.115,2,3,0.667,0.667,2,0,0,VERY_TIGHT,Regular Season
201959,Taj Gibson,MEM,10,0.115,2,3,0.667,0.667,2,0,0,VERY_TIGHT,Regular Season
1643253,Toby Okani,MEM,6,0.043,2,3,0.667,0.667,2,0,0,VERY_TIGHT,Regular Season
1641725,Trey Alexander,NOP,9,0.081,1,3,0.333,0.333,1,0,0,VERY_TIGHT,Regular Season
1641803,Tristen Newton,HOU,1,0.333,1,3,0.333,0.333,1,0,0,VERY_TIGHT,Regular Season
1642359,Pacôme Dadiet,NYK,29,0.063,1,3,0.333,0.333,1,0,0,VERY_TIGHT,Regular Season
1628365,Markelle Fultz,TOR,5,0.3,1,3,0.333,0.333,1,0,0,VERY_TIGHT,Regular Season
1630322,Lindy Waters III,SAS,40,0.034,1,3,0.333,0.333,1,0,0,VERY_TIGHT,Regular Season
1629634,Brandon Clarke,MEM,2,0.333,1,3,0.333,0.333,1,0,0,VERY_TIGHT,Regular Season
1631351,Lucas Williamson,MEM,7,0.04,1,3,0.333,0.333,1,0,0,VERY_TIGHT,Regular Season
1641755,Kevin McCullar Jr.,NYK,21,0.064,0,3,0.0,0.0,0,0,0,VERY_TIGHT,Regular Season
1628964,Mo Bamba,UTA,4,0.273,0,3,0.0,0.0,0,0,0,VERY_TIGHT,Regular Season
1628502,Nigel Hayes-Davis,PHX,27,0.065,0,3,0.0,0.0,0,0,0,VERY_TIGHT,Regular Season
1642362,Payton Sandfort,OKC,4,0.077,2,2,1.0,1.0,2,0,0,VERY_TIGHT,Regular Season
1641807,Norchad Omier,LAC,6,0.2,2,2,1.0,1.0,2,0,0,VERY_TIGHT,Regular Season
1642884,Vladislav Goldin,MIA,9,0.5,2,2,1.0,1.0,2,0,0,VERY_TIGHT,Regular Season
1631111,Wendell Moore Jr.,DET,6,0.286,1,2,0.5,0.5,1,0,0,VERY_TIGHT,Regular Season
1641998,Trey Jemison III,NYK,13,0.2,1,2,0.5,0.5,1,0,0,VERY_TIGHT,Regular Season
1631216,Caleb Houstan,ATL,18,0.077,1,2,0.5,0.5,1,0,0,VERY_TIGHT,Regular Season
201587,Nicolas Batum,LAC,74,0.008,1,2,0.5,0.75,0,1,2,VERY_TIGHT,Regular Season
1643047,CJ Huntley,PHX,4,0.182,1,2,0.5,0.5,1,0,0,VERY_TIGHT,Regular Season
1629726,Garrison Mathews,IND,15,0.038,1,2,0.5,0.5,1,0,0,VERY_TIGHT,Regular Season
1629610,DaQuan Jeffries,SAC,3,0.105,1,2,0.5,0.5,1,0,0,VERY_TIGHT,Regular Season
1630658,Colin Castleton,ORL,4,0.4,1,2,0.5,0.5,1,0,0,VERY_TIGHT,Regular Season
1631115,Orlando Robinson,ORL,4,0.4,1,2,0.5,0.5,1,0,0,VERY_TIGHT,Regular Season
1642443,Jahmir Young,MIA,14,0.08,1,2,0.5,0.5,1,0,0,VERY_TIGHT,Regular Season
1631457,Alex Morales,ORL,4,0.286,1,2,0.5,0.5,1,0,0,VERY_TIGHT,Regular Season
1642389,Zyon Pullin,MIN,5,0.154,1,2,0.5,0.5,1,0,0,VERY_TIGHT,Regular Season
203078,Bradley Beal,LAC,6,0.042,0,2,0.0,0.0,0,0,0,VERY_TIGHT,Regular Season
1641816,Hunter Tyson,DEN,21,0.038,0,2,0.0,0.0,0,0,0,VERY_TIGHT,Regular Season
1642384,Isaiah Crawford,HOU,14,0.083,0,2,0.0,0.0,0,0,0,VERY_TIGHT,Regular Season
1642368,N'Faly Dante,ATL,4,0.5,0,2,0.0,0.0,0,0,0,VERY_TIGHT,Regular Season
1641761,Grant Nelson,BKN,4,0.222,0,2,0.0,0.0,0,0,0,VERY_TIGHT,Regular Season
1642355,Bronny James,LAL,42,0.018,0,2,0.0,0.0,0,0,1,VERY_TIGHT,Regular Season
1641752,Bobi Klintman,DET,12,0.074,0,2,0.0,0.0,0,0,0,VERY_TIGHT,Regular Season
1631214,Alondes Williams,WAS,4,0.038,1,1,1.0,1.0,1,0,0,VERY_TIGHT,Regular Season
1643257,Jayson Kent,POR,5,0.143,1,1,1.0,1.0,1,0,0,VERY_TIGHT,Regular Season
1642939,Miles Kelly,DAL,14,0.023,1,1,1.0,1.0,1,0,0,VERY_TIGHT,Regular Season
1641801,Emanuel Miller,SAS,5,0.077,1,1,1.0,1.0,1,0,0,VERY_TIGHT,Regular Season
203552,Seth Curry,GSW,10,0.02,1,1,1.0,1.0,1,0,0,VERY_TIGHT,Regular Season
1642910,John Tonje,BOS,6,0.071,1,1,1.0,1.5,0,1,1,VERY_TIGHT,Regular Season
1631210,Jacob Toppin,ATL,5,0.167,1,1,1.0,1.0,1,0,0,VERY_TIGHT,Regular Season
1642959,Chris Youngblood,POR,34,0.016,1,1,1.0,1.0,1,0,0,VERY_TIGHT,Regular Season
1641753,Chris Livingston,CLE,3,0.143,1,1,1.0,1.0,1,0,0,VERY_TIGHT,Regular Season
203926,Doug McDermott,SAC,29,0.007,1,1,1.0,1.0,1,0,0,VERY_TIGHT,Regular Season
1643060,Hayden Gray,UTA,1,0.333,1,1,1.0,1.0,1,0,0,VERY_TIGHT,Regular Season
1630621,Hunter Dickinson,NOP,5,0.071,1,1,1.0,1.0,1,0,0,VERY_TIGHT,Regular Season
1642490,Josh Oduro,NOP,3,0.059,1,1,1.0,1.0,1,0,0,VERY_TIGHT,Regular Season
1642282,Hunter Sallis,PHI,7,0.2,1,1,1.0,1.0,1,0,0,VERY_TIGHT,Regular Season
204060,Joe Ingles,MIN,27,0.037,1,1,1.0,1.0,1,0,0,VERY_TIGHT,Regular Season
1641890,Tyler Smith,DAL,12,0.02,1,1,1.0,1.0,1,0,0,VERY_TIGHT,Regular Season
201569,Eric Gordon,PHI,6,0.048,1,1,1.0,1.0,1,0,0,VERY_TIGHT,Regular Season
1642403,Isaac Jones,DET,7,0.143,0,1,0.0,0.0,0,0,0,VERY_TIGHT,Regular Season
1641810,Antonio Reeves,CHA,10,0.05,0,1,0.0,0.0,0,0,0,VERY_TIGHT,Regular Season
1630625,Dalano Banton,BOS,6,0.083,0,1,0.0,0.0,0,0,0,VERY_TIGHT,Regular Season
1642938,Curtis Jones,DEN,10,0.037,0,1,0.0,0.0,0,0,0,VERY_TIGHT,Regular Season
1642402,Enrique Freeman,MIN,4,0.125,0,1,0.0,0.0,0,0,0,VERY_TIGHT,Regular Season
203967,Dario Saric,SAC,5,0.167,0,1,0.0,0.0,0,0,0,VERY_TIGHT,Regular Season
1630548,Johnny Juzang,MIN,21,0.026,0,1,0.0,0.0,0,0,0,VERY_TIGHT,Regular Season
1642404,Chaz Lanier,DET,34,0.011,0,1,0.0,0.0,0,0,0,VERY_TIGHT,Regular Season
1641732,Colby Jones,DET,1,0.333,0,1,0.0,0.0,0,0,1,VERY_TIGHT,Regular Season
1642530,Yuki Kawamura,CHI,18,0.019,0,1,0.0,0.0,0,0,0,VERY_TIGHT,Regular Season
1642855,Noa Essengue,CHI,2,0.333,0,1,0.0,0.0,0,0,0,VERY_TIGHT,Regular Season
201142,Kevin Durant,HOU,78,0.642,447,882,0.507,0.562,349,98,250,TIGHT,Regular Season
1627742,Brandon Ingram,TOR,77,0.564,330,726,0.455,0.485,286,44,137,TIGHT,Regular Season
1627759,Jaylen Brown,BOS,71,0.411,314,634,0.495,0.524,278,36,106,TIGHT,Regular Season
1628973,Jalen Brunson,NYK,74,0.418,297,616,0.482,0.511,261,36,95,TIGHT,Regular Season
1642843,Cooper Flagg,DAL,70,0.499,291,596,0.488,0.509,266,25,63,TIGHT,Regular Season
202695,Kawhi Leonard,LAC,65,0.472,310,593,0.523,0.565,260,50,124,TIGHT,Regular Season
1626164,Devin Booker,PHX,64,0.495,272,593,0.459,0.497,226,46,134,TIGHT,Regular Season
1629029,Luka Dončić,LAL,64,0.404,294,588,0.5,0.552,233,61,175,TIGHT,Regular Season
1629008,Michael Porter Jr.,BKN,52,0.596,259,571,0.454,0.552,147,112,317,TIGHT,Regular Season
1628983,Shai Gilgeous-Alexander,OKC,68,0.428,319,565,0.565,0.577,305,14,45,TIGHT,Regular Season
201942,DeMar DeRozan,SAC,77,0.56,271,563,0.481,0.496,255,16,54,TIGHT,Regular Season
203999,Nikola Jokić,DEN,65,0.491,325,553,0.588,0.605,306,19,77,TIGHT,Regular Season
201935,James Harden,CLE,70,0.476,242,534,0.453,0.533,157,85,236,TIGHT,Regular Season
1630217,Desmond Bane,ORL,82,0.432,274,520,0.527,0.538,263,11,37,TIGHT,Regular Season
1628378,Donovan Mitchell,CLE,70,0.364,276,510,0.541,0.567,250,26,84,TIGHT,Regular Season
1630595,Cade Cunningham,DET,64,0.414,236,492,0.48,0.506,210,26,75,TIGHT,Regular Season
1630162,Anthony Edwards,MIN,61,0.397,238,488,0.488,0.543,184,54,148,TIGHT,Regular Season
1630578,Alperen Sengun,HOU,72,0.43,271,483,0.561,0.561,271,0,5,TIGHT,Regular Season
1641705,Victor Wembanyama,SAS,64,0.442,255,476,0.536,0.567,225,30,93,TIGHT,Regular Season
203468,CJ McCollum,ATL,76,0.41,228,473,0.482,0.529,184,44,123,TIGHT,Regular Season
1630552,Jalen Johnson,ATL,72,0.383,243,470,0.517,0.524,236,7,25,TIGHT,Regular Season
1626181,Norman Powell,MIA,58,0.521,225,466,0.483,0.542,170,55,161,TIGHT,Regular Season
1630567,Scottie Barnes,TOR,80,0.411,269,461,0.584,0.585,268,1,9,TIGHT,Regular Season
1631094,Paolo Banchero,ORL,72,0.401,231,461,0.501,0.509,224,7,29,TIGHT,Regular Season
1627750,Jamal Murray,DEN,75,0.339,226,460,0.491,0.535,186,40,89,TIGHT,Regular Season
1627783,Pascal Siakam,IND,62,0.392,239,453,0.528,0.534,233,6,26,TIGHT,Regular Season
1630178,Tyrese Maxey,PHI,70,0.298,212,447,0.474,0.484,203,9,35,TIGHT,Regular Season
1629627,Zion Williamson,NOP,62,0.527,255,425,0.6,0.6,255,0,1,TIGHT,Regular Season
1631105,Jalen Duren,DET,70,0.527,279,423,0.66,0.66,279,0,0,TIGHT,Regular Season
1631170,Jaime Jaquez Jr.,MIA,75,0.463,230,422,0.545,0.546,229,1,9,TIGHT,Regular Season
1641708,Amen Thompson,HOU,79,0.402,245,419,0.585,0.585,245,0,3,TIGHT,Regular Season
1630596,Evan Mobley,CLE,65,0.471,231,404,0.572,0.584,221,10,49,TIGHT,Regular Season
1631095,Jabari Smith Jr.,HOU,77,0.409,187,398,0.47,0.521,146,41,114,TIGHT,Regular Season
1628389,Bam Adebayo,MIA,73,0.345,180,393,0.458,0.459,179,1,18,TIGHT,Regular Season
1628969,Mikal Bridges,NYK,82,0.406,193,391,0.494,0.56,141,52,152,TIGHT,Regular Season
203944,Julius Randle,MIN,79,0.322,214,388,0.552,0.558,209,5,17,TIGHT,Regular Season
1626157,Karl-Anthony Towns,NYK,75,0.374,221,386,0.573,0.578,217,4,13,TIGHT,Regular Season
1630230,Naji Marshall,DAL,74,0.463,218,380,0.574,0.578,215,3,19,TIGHT,Regular Season
1642847,Jeremiah Fears,NOP,82,0.375,186,377,0.493,0.496,184,2,12,TIGHT,Regular Season
1642845,VJ Edgecombe,PHI,75,0.363,177,374,0.473,0.495,161,16,51,TIGHT,Regular Season
1642851,Kon Knueppel,CHA,81,0.34,177,369,0.48,0.537,135,42,131,TIGHT,Regular Season
1629638,Nickeil Alexander-Walker,ATL,78,0.307,171,367,0.466,0.52,131,40,119,TIGHT,Regular Season
1630166,Deni Avdija,POR,66,0.341,199,363,0.548,0.554,195,4,18,TIGHT,Regular Season
1641718,Keyonte George,UTA,54,0.41,163,361,0.452,0.499,129,34,106,TIGHT,Regular Season
2544,LeBron James,LAL,60,0.38,208,349,0.596,0.619,192,16,46,TIGHT,Regular Season
1630700,Dyson Daniels,ATL,76,0.445,198,345,0.574,0.574,198,0,0,TIGHT,Regular Season
1630170,Devin Vassell,SAS,67,0.45,137,340,0.403,0.482,83,54,158,TIGHT,Regular Season
1641706,Brandon Miller,CHA,65,0.325,154,339,0.454,0.497,125,29,68,TIGHT,Regular Season
1628401,Derrick White,BOS,77,0.304,131,337,0.389,0.417,112,19,99,TIGHT,Regular Season
1629028,Deandre Ayton,LAL,72,0.559,233,336,0.693,0.693,233,0,0,TIGHT,Regular Season
1631096,Chet Holmgren,OKC,69,0.431,206,336,0.613,0.632,193,13,33,TIGHT,Regular Season
1628970,Miles Bridges,CHA,77,0.321,179,335,0.534,0.539,176,3,21,TIGHT,Regular Season
1628368,De'Aaron Fox,SAS,72,0.315,184,330,0.558,0.567,178,6,30,TIGHT,Regular Season
1642875,Maxime Raynaud,SAC,74,0.477,182,320,0.569,0.569,182,0,3,TIGHT,Regular Season
1642852,Derik Queen,NOP,81,0.42,149,314,0.475,0.476,148,1,7,TIGHT,Regular Season
203952,Andrew Wiggins,MIA,68,0.373,150,306,0.49,0.533,124,26,69,TIGHT,Regular Season
1628374,Lauri Markkanen,UTA,42,0.38,145,306,0.474,0.495,132,13,60,TIGHT,Regular Season
1629628,RJ Barrett,TOR,57,0.374,167,305,0.548,0.549,166,1,7,TIGHT,Regular Season
1630163,LaMelo Ball,CHA,72,0.245,127,304,0.418,0.444,111,16,56,TIGHT,Regular Season
1641824,Matas Buzelis,CHI,77,0.315,152,303,0.502,0.536,131,21,79,TIGHT,Regular Season
1628415,Dillon Brooks,PHX,56,0.314,137,301,0.455,0.467,130,7,23,TIGHT,Regular Season
1641729,Brice Sensabaugh,UTA,75,0.35,151,300,0.503,0.533,133,18,65,TIGHT,Regular Season
1626171,Bobby Portis Jr.,MIL,67,0.4,146,300,0.487,0.545,111,35,78,TIGHT,Regular Season
1631157,Ryan Rollins,MIL,74,0.292,141,300,0.47,0.475,138,3,33,TIGHT,Regular Season
203507,Giannis Antetokounmpo,MIL,36,0.499,208,298,0.698,0.698,208,0,1,TIGHT,Regular Season
1629640,Keldon Johnson,SAS,82,0.373,182,297,0.613,0.63,172,10,24,TIGHT,Regular Season
1628991,Jaren Jackson Jr.,UTA,48,0.413,148,297,0.498,0.502,146,2,9,TIGHT,Regular Season
1642264,Stephon Castle,SAS,68,0.355,149,290,0.514,0.517,147,2,8,TIGHT,Regular Season
1631101,Shaedon Sharpe,POR,50,0.332,140,288,0.486,0.505,129,11,40,TIGHT,Regular Season
1629675,Naz Reid,MIN,77,0.33,149,287,0.519,0.538,138,11,34,TIGHT,Regular Season
1630530,Trey Murphy III,NOP,66,0.272,127,286,0.444,0.463,116,11,47,TIGHT,Regular Season
1630200,Tre Jones,CHI,65,0.462,164,285,0.575,0.577,163,1,8,TIGHT,Regular Season
1641709,Ausar Thompson,DET,73,0.494,143,285,0.502,0.502,143,0,1,TIGHT,Regular Season
1630559,Austin Reaves,LAL,51,0.373,151,284,0.532,0.553,139,12,49,TIGHT,Regular Season
1629674,Neemias Queta,BOS,76,0.565,198,282,0.702,0.702,198,0,1,TIGHT,Regular Season
1627826,Ivica Zubac,IND,48,0.585,160,282,0.567,0.567,160,0,0,TIGHT,Regular Season
1629651,Nic Claxton,BKN,69,0.479,169,279,0.606,0.606,169,0,1,TIGHT,Regular Season
1630168,Onyeka Okongwu,ATL,74,0.321,148,276,0.536,0.543,144,4,14,TIGHT,Regular Season
1630183,Jaden McDaniels,MIN,73,0.342,138,276,0.5,0.509,133,5,17,TIGHT,Regular Season
203501,Tim Hardaway Jr.,DEN,80,0.352,122,274,0.445,0.533,74,48,153,TIGHT,Regular Season
1629656,Quentin Grimes,PHI,75,0.36,131,272,0.482,0.537,101,30,115,TIGHT,Regular Season
1631097,Bennedict Mathurin,LAC,54,0.402,118,272,0.434,0.456,106,12,55,TIGHT,Regular Season
203471,Dennis Schröder,CLE,70,0.429,122,270,0.452,0.457,119,3,15,TIGHT,Regular Season
1642263,Reed Sheppard,HOU,82,0.285,113,269,0.42,0.465,89,24,70,TIGHT,Regular Season
202691,Klay Thompson,DAL,69,0.37,90,269,0.335,0.448,29,61,183,TIGHT,Regular Season
1630245,Ayo Dosunmu,MIN,69,0.357,152,267,0.569,0.573,150,2,3,TIGHT,Regular Season
202699,Tobias Harris,DET,63,0.406,141,267,0.528,0.532,139,2,17,TIGHT,Regular Season
1628398,Kyle Kuzma,MIL,69,0.382,140,263,0.532,0.54,136,4,23,TIGHT,Regular Season
1630180,Saddiq Bey,NOP,72,0.27,132,261,0.506,0.515,127,5,20,TIGHT,Regular Season
1629023,P.J. Washington,DAL,56,0.397,124,261,0.475,0.492,115,9,25,TIGHT,Regular Season
1628381,John Collins,LAC,69,0.393,164,259,0.633,0.658,151,13,34,TIGHT,Regular Season
1629130,Duncan Robinson,DET,77,0.37,115,258,0.446,0.576,48,67,175,TIGHT,Regular Season
1628384,OG Anunoby,NYK,67,0.319,133,256,0.52,0.566,109,24,71,TIGHT,Regular Season
203924,Jerami Grant,POR,57,0.349,116,255,0.455,0.514,86,30,75,TIGHT,Regular Season
1628386,Jarrett Allen,CLE,56,0.48,173,253,0.684,0.684,173,0,1,TIGHT,Regular Season
1642846,Ace Bailey,UTA,72,0.282,118,251,0.47,0.482,112,6,27,TIGHT,Regular Season
203497,Rudy Gobert,MIN,76,0.508,161,248,0.649,0.649,161,0,0,TIGHT,Regular Season
202696,Nikola Vučević,BOS,64,0.31,133,247,0.538,0.54,132,1,5,TIGHT,Regular Season
201939,Stephen Curry,GSW,43,0.305,122,244,0.5,0.568,89,33,87,TIGHT,Regular Season
1642907,Cedric Coward,MEM,62,0.375,125,243,0.514,0.535,115,10,42,TIGHT,Regular Season
1629012,Collin Sexton,CHI,68,0.326,120,242,0.496,0.51,113,7,17,TIGHT,Regular Season
1642276,Kel'el Ware,MIA,77,0.368,128,239,0.536,0.559,117,11,37,TIGHT,Regular Season
1630173,Precious Achiuwa,SAC,73,0.398,141,238,0.592,0.595,140,1,6,TIGHT,Regular Season
203954,Joel Embiid,PHI,38,0.341,119,238,0.5,0.504,117,2,14,TIGHT,Regular Season
1630314,Brandon Williams,DAL,66,0.382,135,236,0.572,0.574,134,1,5,TIGHT,Regular Season
1630193,Immanuel Quickley,TOR,70,0.257,113,233,0.485,0.498,107,6,24,TIGHT,Regular Season
1642259,Alex Sarr,WAS,48,0.354,132,230,0.574,0.585,127,5,6,TIGHT,Regular Season
1642281,Jaylon Tyson,CLE,66,0.344,114,230,0.496,0.517,104,10,33,TIGHT,Regular Season
1630581,Josh Giddey,CHI,54,0.317,113,227,0.498,0.504,110,3,10,TIGHT,Regular Season
1642270,Donovan Clingan,POR,77,0.33,134,226,0.593,0.595,133,1,7,TIGHT,Regular Season
203114,Khris Middleton,DAL,63,0.417,89,225,0.396,0.429,74,15,49,TIGHT,Regular Season
1641710,Anthony Black,ORL,64,0.288,119,222,0.536,0.543,116,3,10,TIGHT,Regular Season
1629014,Anfernee Simons,CHI,55,0.343,100,222,0.45,0.489,83,17,62,TIGHT,Regular Season
1642844,Dylan Harper,SAS,69,0.335,119,220,0.541,0.543,118,1,3,TIGHT,Regular Season
1629639,Tyler Herro,MIA,33,0.425,110,219,0.502,0.534,96,14,46,TIGHT,Regular Season
1641764,Brandin Podziemski,GSW,82,0.253,102,219,0.466,0.473,99,3,21,TIGHT,Regular Season
1641716,Jarace Walker,IND,76,0.299,102,219,0.466,0.489,92,10,28,TIGHT,Regular Season
1630560,Cam Thomas,MIL,42,0.473,89,218,0.408,0.438,76,13,52,TIGHT,Regular Season
1642268,Isaiah Collier,UTA,59,0.421,111,217,0.512,0.514,110,1,8,TIGHT,Regular Season
1630577,Julian Champagnie,SAS,82,0.313,89,215,0.414,0.519,44,45,131,TIGHT,Regular Season
1631108,Max Christie,DAL,77,0.295,84,214,0.393,0.442,63,21,80,TIGHT,Regular Season
1631109,Mark Williams,PHX,60,0.489,136,213,0.638,0.638,136,0,0,TIGHT,Regular Season
202331,Paul George,PHI,37,0.415,92,213,0.432,0.491,67,25,87,TIGHT,Regular Season
204456,T.J. McConnell,IND,56,0.469,120,211,0.569,0.569,120,0,1,TIGHT,Regular Season
1629636,Darius Garland,LAC,45,0.314,99,211,0.469,0.491,90,9,26,TIGHT,Regular Season
1630532,Franz Wagner,ORL,34,0.411,106,208,0.51,0.517,103,3,10,TIGHT,Regular Season
1642271,Kyle Filipowski,UTA,77,0.312,123,205,0.6,0.607,120,3,9,TIGHT,Regular Season
1642860,Will Riley,WAS,74,0.333,89,205,0.434,0.454,81,8,32,TIGHT,Regular Season
1628976,Wendell Carter Jr.,ORL,78,0.32,127,204,0.623,0.627,125,2,15,TIGHT,Regular Season
1631114,Jalen Williams,OKC,33,0.457,105,204,0.515,0.52,103,2,8,TIGHT,Regular Season
203903,Jordan Clarkson,NYK,72,0.388,94,204,0.461,0.502,77,17,53,TIGHT,Regular Season
1631212,Peyton Watson,DEN,54,0.348,100,202,0.495,0.502,97,3,14,TIGHT,Regular Season
1629645,Kevin Porter Jr.,MIL,38,0.391,93,201,0.463,0.478,87,6,34,TIGHT,Regular Season
1631260,AJ Green,MIL,78,0.326,84,201,0.418,0.597,12,72,177,TIGHT,Regular Season
1642848,Tre Johnson,WAS,60,0.312,74,201,0.368,0.391,65,9,40,TIGHT,Regular Season
1642349,Ajay Mitchell,OKC,57,0.339,108,200,0.54,0.543,107,1,5,TIGHT,Regular Season
1628971,Bruce Brown,DEN,82,0.381,105,199,0.528,0.538,101,4,7,TIGHT,Regular Season
202710,Jimmy Butler III,GSW,38,0.432,102,199,0.513,0.528,96,6,21,TIGHT,Regular Season
1642450,Daniss Jenkins,DET,72,0.35,83,199,0.417,0.432,77,6,21,TIGHT,Regular Season
1642377,Jaylen Wells,MEM,69,0.284,94,198,0.475,0.508,81,13,46,TIGHT,Regular Season
1631106,Tari Eason,HOU,60,0.341,90,196,0.459,0.48,82,8,26,TIGHT,Regular Season
1628963,Marvin Bagley III,DAL,60,0.476,126,195,0.646,0.646,126,0,1,TIGHT,Regular Season
1641796,Pelle Larsson,MIA,70,0.349,117,195,0.6,0.6,117,0,6,TIGHT,Regular Season
201566,Russell Westbrook,SAC,64,0.231,87,194,0.448,0.456,84,3,10,TIGHT,Regular Season
1629111,Jock Landale,ATL,68,0.353,110,193,0.57,0.575,108,2,17,TIGHT,Regular Season
1642345,Oso Ighodaro,PHX,82,0.529,122,192,0.635,0.635,122,0,0,TIGHT,Regular Season
1628989,Kevin Huerter,DET,69,0.322,112,192,0.583,0.617,99,13,38,TIGHT,Regular Season
1628404,Josh Hart,NYK,66,0.324,98,192,0.51,0.526,92,6,24,TIGHT,Regular Season
1642849,Nolan Traore,BKN,56,0.392,66,188,0.351,0.359,63,3,26,TIGHT,Regular Season
1630572,Sandro Mamukelashvili,TOR,80,0.296,112,187,0.599,0.602,111,1,4,TIGHT,Regular Season
1630540,Miles McBride,NYK,41,0.458,83,185,0.449,0.589,31,52,107,TIGHT,Regular Season
202685,Jonas Valanciunas,DEN,65,0.473,121,184,0.658,0.658,121,0,1,TIGHT,Regular Season
1630202,Payton Pritchard,BOS,79,0.169,84,184,0.457,0.473,78,6,22,TIGHT,Regular Season
1630541,Moses Moody,GSW,60,0.33,81,184,0.44,0.524,50,31,81,TIGHT,Regular Season
1628370,Malik Monk,SAC,62,0.29,85,183,0.464,0.497,73,12,37,TIGHT,Regular Season
1626162,Kelly Oubre Jr.,PHI,50,0.333,90,181,0.497,0.53,78,12,40,TIGHT,Regular Season
1641730,Noah Clowney,BKN,66,0.287,76,181,0.42,0.461,61,15,61,TIGHT,Regular Season
1630224,Jalen Green,PHX,32,0.35,78,179,0.436,0.464,68,10,47,TIGHT,Regular Season
201950,Jrue Holiday,POR,53,0.251,83,178,0.466,0.486,76,7,22,TIGHT,Regular Season
1641739,Toumani Camara,POR,82,0.198,93,176,0.528,0.548,86,7,21,TIGHT,Regular Season
1642363,Nique Clifford,SAC,75,0.294,74,175,0.423,0.437,69,5,13,TIGHT,Regular Season
1641731,Bilal Coulibaly,WAS,56,0.318,77,171,0.45,0.459,74,3,7,TIGHT,Regular Season
1631217,Moussa Diabaté,CHA,73,0.471,110,170,0.647,0.647,110,0,0,TIGHT,Regular Season
1642262,Cody Williams,UTA,67,0.334,102,170,0.6,0.606,100,2,6,TIGHT,Regular Season
203897,Zach LaVine,SAC,39,0.309,89,169,0.527,0.568,75,14,40,TIGHT,Regular Season
1641717,Cason Wallace,OKC,77,0.289,83,169,0.491,0.494,82,1,7,TIGHT,Regular Season
1641783,Tristan da Silva,ORL,77,0.273,80,169,0.473,0.488,75,5,17,TIGHT,Regular Season
1630551,Justin Champagnie,WAS,69,0.367,103,168,0.613,0.625,99,4,13,TIGHT,Regular Season
1641842,Ronald Holland II,DET,78,0.307,84,167,0.503,0.509,82,2,6,TIGHT,Regular Season
1629614,Andrew Nembhard,IND,57,0.222,83,167,0.497,0.506,80,3,14,TIGHT,Regular Season
1630191,Isaiah Stewart,DET,58,0.408,107,164,0.652,0.652,107,0,1,TIGHT,Regular Season
1629632,Coby White,CHA,50,0.264,75,164,0.457,0.482,67,8,28,TIGHT,Regular Season
1631230,Dominick Barlow,PHI,71,0.41,106,163,0.65,0.65,106,0,2,TIGHT,Regular Season
1642267,Bub Carrington,WAS,82,0.22,59,163,0.362,0.402,46,13,41,TIGHT,Regular Season
1629060,Rui Hachimura,LAL,68,0.271,80,162,0.494,0.509,75,5,21,TIGHT,Regular Season
1641713,GG Jackson,MEM,55,0.314,91,161,0.565,0.565,91,0,6,TIGHT,Regular Season
1630598,Aaron Wiggins,OKC,65,0.3,77,161,0.478,0.491,73,4,13,TIGHT,Regular Season
1628978,Donte DiVincenzo,MIN,82,0.193,66,161,0.41,0.478,44,22,69,TIGHT,Regular Season
1628960,Grayson Allen,PHX,51,0.236,65,157,0.414,0.443,56,9,38,TIGHT,Regular Season
1642265,Rob Dillingham,CHI,65,0.381,63,157,0.401,0.404,62,1,10,TIGHT,Regular Season
1627780,Gary Payton II,GSW,73,0.377,111,156,0.712,0.712,111,0,0,TIGHT,Regular Season
1630583,Santi Aldama,MEM,43,0.328,83,156,0.532,0.548,78,5,15,TIGHT,Regular Season
1629631,De'Andre Hunter,SAC,45,0.311,69,156,0.442,0.462,63,6,29,TIGHT,Regular Season
1630194,Paul Reed,DET,65,0.457,100,155,0.645,0.645,100,0,1,TIGHT,Regular Season
203076,Anthony Davis,WAS,20,0.458,79,153,0.516,0.523,77,2,4,TIGHT,Regular Season
1642274,Yves Missi,NOP,66,0.517,86,152,0.566,0.566,86,0,0,TIGHT,Regular Season
203994,Jusuf Nurkić,UTA,41,0.42,86,150,0.573,0.573,86,0,1,TIGHT,Regular Season
1629001,De'Anthony Melton,GSW,49,0.284,72,150,0.48,0.497,67,5,21,TIGHT,Regular Season
1631323,Simone Fontecchio,MIA,70,0.318,60,150,0.4,0.47,39,21,78,TIGHT,Regular Season
1628392,Isaiah Hartenstein,OKC,47,0.503,94,149,0.631,0.631,94,0,1,TIGHT,Regular Season
1629637,Jaxson Hayes,LAL,66,0.565,113,148,0.764,0.764,113,0,0,TIGHT,Regular Season
1629655,Daniel Gafford,DAL,55,0.468,103,148,0.696,0.696,103,0,0,TIGHT,Regular Season
1641750,Ryan Kalkbrenner,CHA,69,0.509,113,147,0.769,0.769,113,0,3,TIGHT,Regular Season
1630549,Day'Ron Sharpe,BKN,62,0.413,102,147,0.694,0.694,102,0,0,TIGHT,Regular Season
1626167,Myles Turner,MIL,71,0.228,76,147,0.517,0.544,68,8,28,TIGHT,Regular Season
1642273,Kyshawn George,WAS,48,0.255,76,147,0.517,0.544,68,8,15,TIGHT,Regular Season
1642258,Zaccharie Risacher,ATL,67,0.274,72,147,0.49,0.524,62,10,27,TIGHT,Regular Season
1630249,Vít Krejčí,POR,65,0.343,64,147,0.435,0.548,31,33,93,TIGHT,Regular Season
1642867,Collin Murray-Boyles,TOR,57,0.429,97,146,0.664,0.668,96,1,1,TIGHT,Regular Season
1631222,Jake LaRavia,LAL,82,0.279,72,146,0.493,0.503,69,3,12,TIGHT,Regular Season
1630533,Ziaire Williams,BKN,56,0.337,63,146,0.432,0.469,52,11,46,TIGHT,Regular Season
203084,Harrison Barnes,SAS,77,0.252,77,145,0.531,0.555,70,7,21,TIGHT,Regular Season
1630558,Davion Mitchell,MIA,70,0.269,86,143,0.601,0.605,85,1,1,TIGHT,Regular Season
1630591,Jalen Suggs,ORL,57,0.219,68,142,0.479,0.507,60,8,27,TIGHT,Regular Season
1630311,Pat Spencer,GSW,66,0.326,63,142,0.444,0.447,62,1,3,TIGHT,Regular Season
1642285,Cam Spencer,MEM,72,0.252,58,140,0.414,0.479,40,18,51,TIGHT,Regular Season
1628369,Jayson Tatum,BOS,16,0.488,55,140,0.393,0.436,43,12,53,TIGHT,Regular Season
1642856,Egor Dëmin,BKN,52,0.31,60,139,0.432,0.507,39,21,61,TIGHT,Regular Season
1631221,Collin Gillespie,PHX,80,0.166,58,139,0.417,0.471,43,15,48,TIGHT,Regular Season
1630692,Jordan Goodwin,PHX,70,0.249,60,138,0.435,0.449,56,4,16,TIGHT,Regular Season
1630174,Aaron Nesmith,IND,45,0.27,59,138,0.428,0.457,51,8,33,TIGHT,Regular Season
1628436,Luke Kornet,SAS,68,0.504,92,137,0.672,0.672,92,0,0,TIGHT,Regular Season
1642347,Jamal Shead,TOR,82,0.272,55,137,0.401,0.409,53,2,7,TIGHT,Regular Season
203932,Aaron Gordon,DEN,36,0.342,82,136,0.603,0.662,66,16,35,TIGHT,Regular Season
201572,Brook Lopez,LAC,75,0.251,61,136,0.449,0.485,51,10,35,TIGHT,Regular Season
1627751,Jakob Poeltl,TOR,46,0.435,97,135,0.719,0.719,97,0,0,TIGHT,Regular Season
203991,Clint Capela,HOU,75,0.593,69,134,0.515,0.515,69,0,0,TIGHT,Regular Season
1642962,Drake Powell,BKN,63,0.374,59,134,0.44,0.455,55,4,27,TIGHT,Regular Season
203484,Kentavious Caldwell-Pope,MEM,51,0.367,59,134,0.44,0.474,50,9,33,TIGHT,Regular Season
1630611,Gui Santos,GSW,68,0.289,80,133,0.602,0.609,78,2,8,TIGHT,Regular Season
1630573,Sam Hauser,BOS,78,0.221,58,133,0.436,0.541,30,28,81,TIGHT,Regular Season
1630543,Isaiah Jackson,LAC,55,0.549,87,130,0.669,0.669,87,0,0,TIGHT,Regular Season
1629661,Cameron Johnson,DEN,54,0.274,56,130,0.431,0.438,54,2,10,TIGHT,Regular Season
1641757,Jordan Miller,LAC,60,0.323,78,129,0.605,0.605,78,0,4,TIGHT,Regular Season
1630702,Jaden Hardy,WAS,57,0.301,51,129,0.395,0.446,38,13,41,TIGHT,Regular Season
1630643,Jay Huff,IND,82,0.208,91,127,0.717,0.72,90,1,5,TIGHT,Regular Season
1627739,Kris Dunn,LAC,82,0.264,70,126,0.556,0.556,70,0,2,TIGHT,Regular Season
204001,Kristaps Porziņģis,GSW,32,0.325,67,126,0.532,0.54,65,2,3,TIGHT,Regular Season
1627884,Derrick Jones Jr.,LAC,50,0.327,64,124,0.516,0.524,62,2,12,TIGHT,Regular Season
1630172,Patrick Williams,CHI,72,0.257,53,123,0.431,0.435,52,1,10,TIGHT,Regular Season
203083,Andre Drummond,PHI,63,0.362,65,122,0.533,0.533,65,0,4,TIGHT,Regular Season
1641711,Gradey Dick,TOR,76,0.318,64,122,0.525,0.557,56,8,23,TIGHT,Regular Season
1629057,Robert Williams III,POR,59,0.482,89,120,0.742,0.742,89,0,0,TIGHT,Regular Season
1630228,Jonathan Kuminga,ATL,36,0.354,65,120,0.542,0.554,62,3,5,TIGHT,Regular Season
1631126,Caleb Love,POR,49,0.245,57,120,0.475,0.492,53,4,21,TIGHT,Regular Season
1629018,Gary Trent Jr.,MIL,65,0.254,47,120,0.392,0.458,31,16,58,TIGHT,Regular Season
1630557,Corey Kispert,ATL,58,0.299,71,118,0.602,0.669,55,16,33,TIGHT,Regular Season
1631165,Keon Ellis,CLE,72,0.307,58,118,0.492,0.572,39,19,51,TIGHT,Regular Season
1630529,Herbert Jones,NOP,56,0.247,57,118,0.483,0.487,56,1,8,TIGHT,Regular Season
1642383,Walter Clayton Jr.,MEM,69,0.256,52,118,0.441,0.458,48,4,15,TIGHT,Regular Season
1642874,Danny Wolf,BKN,57,0.266,50,117,0.427,0.432,49,1,9,TIGHT,Regular Season
1631128,Christian Braun,DEN,44,0.3,76,116,0.655,0.659,75,1,2,TIGHT,Regular Season
1630171,Isaac Okoro,CHI,63,0.248,58,114,0.509,0.509,58,0,1,TIGHT,Regular Season
1631099,Keegan Murray,SAC,23,0.38,50,114,0.439,0.456,46,4,15,TIGHT,Regular Season
1630696,Dru Smith,MIA,70,0.345,60,112,0.536,0.54,59,1,3,TIGHT,Regular Season
1631172,Ousmane Dieng,MIL,57,0.276,54,110,0.491,0.5,52,2,8,TIGHT,Regular Season
1629673,Jordan Poole,NOP,39,0.248,45,110,0.409,0.45,36,9,31,TIGHT,Regular Season
203937,Kyle Anderson,MIN,43,0.54,61,109,0.56,0.564,60,1,3,TIGHT,Regular Season
1630538,Bones Hyland,MIN,71,0.233,57,109,0.523,0.56,49,8,24,TIGHT,Regular Season
203935,Marcus Smart,LAL,62,0.229,50,109,0.459,0.477,46,4,19,TIGHT,Regular Season
1630241,Sam Merrill,CLE,52,0.225,48,109,0.44,0.537,27,21,64,TIGHT,Regular Season
1641722,Jordan Hawkins,NOP,51,0.42,36,108,0.333,0.37,28,8,41,TIGHT,Regular Season
1629048,Goga Bitadze,ORL,64,0.476,79,107,0.738,0.738,79,0,0,TIGHT,Regular Season
1629004,Svi Mykhailiuk,UTA,50,0.296,47,107,0.439,0.519,30,17,53,TIGHT,Regular Season
1642272,Jared McCain,OKC,67,0.223,44,107,0.411,0.435,39,5,17,TIGHT,Regular Season
1629011,Mitchell Robinson,NYK,60,0.515,79,106,0.745,0.745,79,0,0,TIGHT,Regular Season
1630570,Trendon Watford,PHI,53,0.396,69,106,0.651,0.651,69,0,1,TIGHT,Regular Season
1627734,Domantas Sabonis,SAC,19,0.482,64,106,0.604,0.604,64,0,0,TIGHT,Regular Season
1631342,Daeqwon Plowden,SAC,32,0.38,50,106,0.472,0.561,31,19,53,TIGHT,Regular Season
1642879,Ben Saraf,BKN,44,0.347,55,105,0.524,0.529,54,1,2,TIGHT,Regular Season
1641712,Rayan Rupert,MEM,64,0.333,45,104,0.433,0.438,44,1,5,TIGHT,Regular Season
1630188,Jalen Smith,CHI,53,0.255,59,103,0.573,0.578,58,1,11,TIGHT,Regular Season
1629630,Ja Morant,MEM,20,0.317,54,102,0.529,0.529,54,0,1,TIGHT,Regular Season
1642269,Devin Carter,SAC,38,0.349,47,102,0.461,0.461,47,0,3,TIGHT,Regular Season
1641772,Nae'Qwan Tomlin,CLE,64,0.323,58,101,0.574,0.579,57,1,4,TIGHT,Regular Season
1642346,Ryan Dunn,PHX,70,0.28,52,101,0.515,0.545,46,6,14,TIGHT,Regular Season
1642948,Ryan Nembhard,DAL,60,0.256,48,100,0.48,0.495,45,3,5,TIGHT,Regular Season
1642366,Quinten Post,GSW,67,0.226,62,99,0.626,0.652,57,5,15,TIGHT,Regular Season
1641737,Adem Bona,PHI,71,0.447,59,98,0.602,0.602,59,0,0,TIGHT,Regular Season
1631124,Julian Strawther,DEN,57,0.307,50,98,0.51,0.51,50,0,10,TIGHT,Regular Season
1630579,Jericho Sims,MIL,67,0.524,78,97,0.804,0.804,78,0,0,TIGHT,Regular Season
1630568,Luka Garza,BOS,69,0.272,69,97,0.711,0.716,68,1,1,TIGHT,Regular Season
1627749,Dejounte Murray,NOP,14,0.533,48,97,0.495,0.521,43,5,20,TIGHT,Regular Season
1630208,Nick Richards,CHI,48,0.478,56,96,0.583,0.583,56,0,0,TIGHT,Regular Season
1631243,Mouhamed Gueye,ATL,77,0.332,54,96,0.563,0.568,53,1,8,TIGHT,Regular Season
1641707,Taylor Hendricks,MEM,59,0.268,53,95,0.558,0.589,47,6,16,TIGHT,Regular Season
1629611,Terance Mann,BKN,63,0.255,44,94,0.468,0.473,43,1,7,TIGHT,Regular Season
1630631,Jose Alvarado,NYK,69,0.207,49,93,0.527,0.559,43,6,12,TIGHT,Regular Season
1641767,Ben Sheppard,IND,65,0.24,46,93,0.495,0.495,46,0,4,TIGHT,Regular Season
1627747,Caris LeVert,DET,60,0.238,42,93,0.452,0.462,40,2,13,TIGHT,Regular Season
1642348,Justin Edwards,PHI,64,0.291,40,93,0.43,0.441,38,2,19,TIGHT,Regular Season
1630264,Anthony Gill,WAS,55,0.43,64,92,0.696,0.696,64,0,1,TIGHT,Regular Season
1631213,Tyrese Martin,PHI,46,0.329,35,91,0.385,0.418,29,6,28,TIGHT,Regular Season
1628379,Luke Kennard,LAL,78,0.203,46,90,0.511,0.533,42,4,13,TIGHT,Regular Season
1642914,Javon Small,MEM,41,0.314,43,90,0.478,0.5,39,4,10,TIGHT,Regular Season
1630703,Scoot Henderson,POR,30,0.263,40,90,0.444,0.467,36,4,12,TIGHT,Regular Season
1627824,Guerschon Yabusele,CHI,67,0.288,37,90,0.411,0.45,30,7,29,TIGHT,Regular Season
203110,Draymond Green,GSW,68,0.181,55,89,0.618,0.618,55,0,2,TIGHT,Regular Season
1642928,Dylan Cardwell,SAC,44,0.5,50,89,0.562,0.562,50,0,0,TIGHT,Regular Season
1631123,Jamaree Bouyea,PHX,46,0.369,48,87,0.552,0.557,47,1,10,TIGHT,Regular Season
1641854,Craig Porter Jr.,CLE,64,0.339,43,87,0.494,0.494,43,0,4,TIGHT,Regular Season
1629013,Landry Shamet,NYK,51,0.239,36,87,0.414,0.494,22,14,46,TIGHT,Regular Season
1641738,Kobe Brown,IND,61,0.317,50,86,0.581,0.587,49,1,6,TIGHT,Regular Season
1631321,Sidy Cissoko,POR,75,0.258,44,86,0.512,0.535,40,4,14,TIGHT,Regular Season
1630175,Cole Anthony,MIL,35,0.372,44,86,0.512,0.517,43,1,3,TIGHT,Regular Season
1631107,Nikola Jović,MIA,47,0.271,41,85,0.482,0.488,40,1,3,TIGHT,Regular Season
1629750,Javonte Green,DET,82,0.205,39,85,0.459,0.476,36,3,11,TIGHT,Regular Season
1642883,Sion James,CHA,82,0.228,37,85,0.435,0.453,34,3,8,TIGHT,Regular Season
1629234,Drew Eubanks,SAC,42,0.538,53,84,0.631,0.631,53,0,0,TIGHT,Regular Season
1642266,Ja'Kobe Walter,TOR,72,0.205,42,83,0.506,0.578,30,12,25,TIGHT,Regular Season
1631245,Quenton Jackson,IND,49,0.253,40,83,0.482,0.5,37,3,8,TIGHT,Regular Season
1630198,Isaiah Joe,OKC,71,0.153,39,83,0.47,0.566,23,16,46,TIGHT,Regular Season
1642278,Tyler Kolek,NYK,62,0.335,37,83,0.446,0.452,36,1,4,TIGHT,Regular Season
1630592,Jalen Wilson,BKN,54,0.299,35,83,0.422,0.428,34,1,4,TIGHT,Regular Season
1630536,Sharife Cooper,WAS,41,0.333,47,82,0.573,0.585,45,2,5,TIGHT,Regular Season
1629026,Kenrich Williams,OKC,56,0.277,43,82,0.524,0.537,41,2,4,TIGHT,Regular Season
1641765,Olivier-Maxence Prosper,MEM,53,0.229,57,80,0.713,0.713,57,0,1,TIGHT,Regular Season
1642920,Kobe Sanders,LAC,68,0.208,45,80,0.563,0.563,45,0,6,TIGHT,Regular Season
203500,Steven Adams,HOU,32,0.584,44,80,0.55,0.55,44,0,0,TIGHT,Regular Season
1631131,Oscar Tshiebwe,UTA,27,0.538,51,78,0.654,0.654,51,0,0,TIGHT,Regular Season
1642864,Hugo González,BOS,74,0.317,45,78,0.577,0.59,43,2,5,TIGHT,Regular Season
1630544,Tre Mann,CHA,53,0.257,27,78,0.346,0.346,27,0,3,TIGHT,Regular Season
1631255,Karlo Matković,NOP,62,0.325,51,76,0.671,0.684,49,2,3,TIGHT,Regular Season
1641775,Jordan Walsh,BOS,68,0.285,43,76,0.566,0.566,43,0,2,TIGHT,Regular Season
1629021,Moritz Wagner,ORL,36,0.385,36,75,0.48,0.487,35,1,3,TIGHT,Regular Season
1628975,Jevon Carter,ORL,53,0.241,26,74,0.351,0.385,21,5,30,TIGHT,Regular Season
1628418,Thomas Bryant,CLE,60,0.273,50,73,0.685,0.699,48,2,4,TIGHT,Regular Season
1626156,D'Angelo Russell,WAS,26,0.315,34,73,0.466,0.479,32,2,9,TIGHT,Regular Season
1631246,Vince Williams Jr.,UTA,40,0.25,26,73,0.356,0.39,21,5,15,TIGHT,Regular Season
1642877,Micah Peavy,NOP,61,0.262,28,72,0.389,0.396,27,1,3,TIGHT,Regular Season
1627936,Alex Caruso,OKC,56,0.237,44,71,0.62,0.634,42,2,8,TIGHT,Regular Season
1631121,Bryce McGowens,NOP,42,0.301,40,71,0.563,0.563,40,0,4,TIGHT,Regular Season
1627741,Buddy Hield,ATL,51,0.217,36,71,0.507,0.535,32,4,20,TIGHT,Regular Season
1642461,Spencer Jones,DEN,64,0.267,44,70,0.629,0.636,43,1,7,TIGHT,Regular Season
1630534,Ochai Agbaji,BKN,62,0.251,40,70,0.571,0.571,40,0,3,TIGHT,Regular Season
1641774,Tristan Vukcevic,WAS,49,0.218,39,69,0.565,0.565,39,0,4,TIGHT,Regular Season
1629660,Ty Jerome,MEM,15,0.321,35,69,0.507,0.551,29,6,10,TIGHT,Regular Season
1642869,Noah Penda,ORL,59,0.34,31,69,0.449,0.457,30,1,10,TIGHT,Regular Season
1629020,Jarred Vanderbilt,LAL,65,0.283,40,68,0.588,0.588,40,0,3,TIGHT,Regular Season
1641724,Jett Howard,ORL,55,0.271,34,68,0.5,0.544,28,6,11,TIGHT,Regular Season
1627752,Taurean Prince,MIL,26,0.356,28,68,0.412,0.529,12,16,39,TIGHT,Regular Season
1631093,Jaden Ivey,CHI,37,0.262,29,67,0.433,0.44,28,1,5,TIGHT,Regular Season
1631159,Leonard Miller,CHI,46,0.253,46,66,0.697,0.712,44,2,6,TIGHT,Regular Season
1642942,Jahmai Mashack,MEM,31,0.338,35,66,0.53,0.53,35,0,4,TIGHT,Regular Season
1629652,Luguentz Dort,OKC,69,0.126,20,66,0.303,0.311,19,1,12,TIGHT,Regular Season
1631133,Jabari Walker,PHI,64,0.305,41,65,0.631,0.669,36,5,11,TIGHT,Regular Season
1642364,Jamir Watkins,WAS,50,0.22,38,65,0.585,0.592,37,1,3,TIGHT,Regular Season
1642358,AJ Johnson,DAL,48,0.364,25,64,0.391,0.391,25,0,0,TIGHT,Regular Season
1631200,Kris Murray,POR,57,0.228,42,63,0.667,0.667,42,0,0,TIGHT,Regular Season
1642261,Dalton Knecht,LAL,54,0.33,33,63,0.524,0.556,29,4,18,TIGHT,Regular Season
1626220,Royce O'Neale,PHX,78,0.101,27,63,0.429,0.437,26,1,12,TIGHT,Regular Season
1641740,Jaylen Clark,MIN,68,0.272,30,62,0.484,0.484,30,0,0,TIGHT,Regular Season
1642880,Kam Jones,IND,37,0.367,24,62,0.387,0.403,22,2,10,TIGHT,Regular Season
1642382,Branden Carlson,OKC,42,0.328,40,61,0.656,0.656,40,0,1,TIGHT,Regular Season
1631218,Trayce Jackson-Davis,TOR,53,0.492,37,61,0.607,0.607,37,0,0,TIGHT,Regular Season
1631169,Josh Minott,BKN,49,0.242,37,61,0.607,0.664,30,7,14,TIGHT,Regular Season
1630695,Micah Potter,IND,47,0.208,37,61,0.607,0.631,34,3,7,TIGHT,Regular Season
1641715,Cam Whitmore,WAS,21,0.365,31,61,0.508,0.516,30,1,6,TIGHT,Regular Season
201143,Al Horford,GSW,45,0.189,26,61,0.426,0.434,25,1,8,TIGHT,Regular Season
1629723,John Konchar,UTA,56,0.302,42,60,0.7,0.7,42,0,1,TIGHT,Regular Season
1630167,Obi Toppin,IND,24,0.302,33,60,0.55,0.558,32,1,7,TIGHT,Regular Season
1628997,Caleb Martin,DAL,58,0.317,28,60,0.467,0.492,25,3,9,TIGHT,Regular Season
1630619,Moussa Cisse,DAL,38,0.513,35,59,0.593,0.593,35,0,0,TIGHT,Regular Season
1642868,Carter Bryant,SAS,71,0.223,27,59,0.458,0.492,23,4,8,TIGHT,Regular Season
1642878,Tyrese Proctor,CLE,50,0.262,27,59,0.458,0.458,27,0,6,TIGHT,Regular Season
1641744,Zach Edey,MEM,11,0.592,42,58,0.724,0.724,42,0,0,TIGHT,Regular Season
1642853,Rasheer Fleming,PHX,55,0.274,25,58,0.431,0.483,19,6,20,TIGHT,Regular Season
1642859,Jase Richardson,ORL,54,0.303,32,57,0.561,0.561,32,0,0,TIGHT,Regular Season
1642882,Julian Reese,WAS,13,0.475,37,56,0.661,0.661,37,0,0,TIGHT,Regular Season
1630679,Ethan Thompson,IND,32,0.286,29,56,0.518,0.571,23,6,13,TIGHT,Regular Season
1628396,Tony Bradley,ATL,41,0.47,31,55,0.564,0.573,30,1,1,TIGHT,Regular Season
1631113,Kennedy Chandler,UTA,11,0.401,29,55,0.527,0.527,29,0,2,TIGHT,Regular Season
1642954,Will Richard,GSW,69,0.156,32,54,0.593,0.602,31,1,10,TIGHT,Regular Season
1629731,Dean Wade,CLE,59,0.194,30,54,0.556,0.602,25,5,17,TIGHT,Regular Season
1642857,Kasparas Jakučionis,MIA,53,0.219,26,52,0.5,0.548,21,5,12,TIGHT,Regular Season
1630192,Zeke Nnaji,DEN,52,0.338,32,51,0.627,0.647,30,2,4,TIGHT,Regular Season
1629027,Trae Young,WAS,15,0.288,27,51,0.529,0.549,25,2,10,TIGHT,Regular Season
1630545,Terrence Shannon Jr,MIN,43,0.298,22,51,0.431,0.431,22,0,1,TIGHT,Regular Season
1631104,Blake Wesley,POR,31,0.403,26,50,0.52,0.52,26,0,0,TIGHT,Regular Season
1629006,Josh Okogie,HOU,78,0.171,26,50,0.52,0.52,26,0,0,TIGHT,Regular Season
1629618,Jalen Pickett,DEN,50,0.216,25,50,0.5,0.53,22,3,8,TIGHT,Regular Season
1628988,Aaron Holiday,HOU,57,0.199,20,50,0.4,0.4,20,0,5,TIGHT,Regular Season
1642854,Asa Newell,ATL,44,0.29,36,49,0.735,0.735,36,0,0,TIGHT,Regular Season
1642353,Cam Christie,LAC,55,0.353,21,49,0.429,0.439,20,1,6,TIGHT,Regular Season
1629216,Gabe Vincent,ATL,53,0.227,17,49,0.347,0.439,8,9,31,TIGHT,Regular Season
1642863,Khaman Maluach,PHX,46,0.466,28,48,0.583,0.583,28,0,0,TIGHT,Regular Season
1631119,Jaylin Williams,OKC,65,0.136,26,48,0.542,0.594,21,5,10,TIGHT,Regular Season
1631248,Baylor Scheierman,BOS,77,0.144,23,48,0.479,0.521,19,4,10,TIGHT,Regular Season
1631207,Dalen Terry,PHI,48,0.31,19,48,0.396,0.406,18,1,6,TIGHT,Regular Season
203939,Dwight Powell,DAL,63,0.47,30,47,0.638,0.638,30,0,0,TIGHT,Regular Season
1642275,Tidjane Salaün,CHA,37,0.296,19,47,0.404,0.404,19,0,4,TIGHT,Regular Season
1631110,Jeremy Sochan,NYK,44,0.357,27,46,0.587,0.587,27,0,1,TIGHT,Regular Season
1630256,Jae'Sean Tate,HOU,46,0.422,24,46,0.522,0.522,24,0,1,TIGHT,Regular Season
1642396,Blake Hinson,UTA,14,0.4,22,46,0.478,0.554,15,7,24,TIGHT,Regular Season
203992,Bogdan Bogdanović,LAC,23,0.303,16,46,0.348,0.402,11,5,19,TIGHT,Regular Season
1631250,Pete Nance,MIL,47,0.232,24,45,0.533,0.556,22,2,4,TIGHT,Regular Season
1641989,Elijah Harkless,UTA,26,0.28,16,45,0.356,0.367,15,1,8,TIGHT,Regular Season
1642866,Joan Beringer,MIN,40,0.454,28,44,0.636,0.636,28,0,0,TIGHT,Regular Season
1626145,Tyus Jones,DEN,67,0.202,14,44,0.318,0.318,14,0,3,TIGHT,Regular Season
1631288,Jamal Cain,ORL,40,0.283,25,43,0.581,0.581,25,0,0,TIGHT,Regular Season
1630165,Killian Hayes,SAC,23,0.304,13,42,0.31,0.321,12,1,4,TIGHT,Regular Season
1642277,Johnny Furphy,IND,35,0.275,23,41,0.561,0.585,21,2,7,TIGHT,Regular Season
1626166,Cameron Payne,PHI,22,0.275,13,41,0.317,0.354,10,3,13,TIGHT,Regular Season
1642949,Yanic Konan Niederhäuser,LAC,41,0.4,28,40,0.7,0.7,28,0,0,TIGHT,Regular Season
201567,Kevin Love,UTA,37,0.201,18,40,0.45,0.488,15,3,12,TIGHT,Regular Season
1642885,Mohamed Diawara,NYK,69,0.188,18,40,0.45,0.488,15,3,3,TIGHT,Regular Season
1630604,E.J. Liddell,BKN,26,0.348,20,39,0.513,0.526,19,1,2,TIGHT,Regular Season
1628371,Jonathan Isaac,ORL,52,0.349,18,38,0.474,0.474,18,0,3,TIGHT,Regular Season
203926,Doug McDermott,SAC,29,0.266,15,37,0.405,0.554,4,11,26,TIGHT,Regular Season
1643052,Chaney Johnson,BKN,17,0.383,26,36,0.722,0.722,26,0,0,TIGHT,Regular Season
1630574,Ariel Hukporti,NYK,54,0.456,25,36,0.694,0.694,25,0,0,TIGHT,Regular Season
1642419,Jamison Battle,TOR,61,0.248,21,36,0.583,0.583,21,0,5,TIGHT,Regular Season
1641733,Nick Smith Jr.,LAL,30,0.224,18,36,0.5,0.514,17,1,2,TIGHT,Regular Season
1643016,Bez Mbeng,UTA,15,0.35,22,35,0.629,0.629,22,0,1,TIGHT,Regular Season
1629622,Max Strus,CLE,12,0.33,20,35,0.571,0.771,6,14,24,TIGHT,Regular Season
1629684,Grant Williams,CHA,36,0.186,18,34,0.529,0.603,13,5,12,TIGHT,Regular Season
1631132,Christian Koloko,ATL,27,0.459,16,34,0.471,0.471,16,0,0,TIGHT,Regular Season
1626204,Larry Nance Jr.,CLE,35,0.266,14,33,0.424,0.439,13,1,2,TIGHT,Regular Season
1629599,Amir Coffey,PHX,46,0.283,17,32,0.531,0.547,16,1,2,TIGHT,Regular Season
1631466,Nate Williams,GSW,14,0.372,13,32,0.406,0.406,13,0,1,TIGHT,Regular Season
1642354,KJ Simpson,DEN,20,0.323,12,32,0.375,0.375,12,0,0,TIGHT,Regular Season
1630610,DeJon Jarreau,MEM,11,0.373,18,31,0.581,0.581,18,0,1,TIGHT,Regular Season
1630590,Scotty Pippen Jr.,MEM,10,0.326,14,31,0.452,0.452,14,0,1,TIGHT,Regular Season
1642905,Yang Hansen,POR,43,0.31,14,31,0.452,0.452,14,0,1,TIGHT,Regular Season
1630811,Keaton Wallace,ATL,53,0.181,11,31,0.355,0.355,11,0,2,TIGHT,Regular Season
1642352,Keshad Johnson,MIA,32,0.294,18,30,0.6,0.6,18,0,1,TIGHT,Regular Season
1630182,Josh Green,CHA,58,0.167,12,30,0.4,0.45,9,3,14,TIGHT,Regular Season
1631204,Marcus Sasser,DET,38,0.169,11,30,0.367,0.367,11,0,1,TIGHT,Regular Season
1642066,Myron Gardner,MIA,45,0.236,19,29,0.655,0.655,19,0,1,TIGHT,Regular Season
1641869,Malachi Smith,BKN,15,0.293,15,29,0.517,0.534,14,1,2,TIGHT,Regular Season
1643007,Taelon Peter,IND,38,0.184,14,29,0.483,0.534,11,3,14,TIGHT,Regular Season
1629680,Matisse Thybulle,POR,30,0.216,13,29,0.448,0.466,12,1,4,TIGHT,Regular Season
1642502,Malevy Leons,GSW,25,0.403,13,29,0.448,0.448,13,0,3,TIGHT,Regular Season
1631174,Tyler Burton,MEM,12,0.259,13,29,0.448,0.517,9,4,9,TIGHT,Regular Season
203482,Kelly Olynyk,SAS,42,0.292,23,28,0.821,0.821,23,0,0,TIGHT,Regular Season
1631103,Malaki Branham,WAS,28,0.308,14,28,0.5,0.5,14,0,2,TIGHT,Regular Season
1641763,Julian Phillips,MIN,48,0.231,13,28,0.464,0.464,13,0,0,TIGHT,Regular Season
1642950,Lachlan Olbrich,CHI,37,0.364,13,28,0.464,0.464,13,0,2,TIGHT,Regular Season
1641748,Andre Jackson Jr.,MIL,48,0.235,11,28,0.393,0.393,11,0,0,TIGHT,Regular Season
1626192,Pat Connaughton,CHA,42,0.318,10,27,0.37,0.37,10,0,3,TIGHT,Regular Season
1629646,Charles Bassey,GSW,13,0.553,18,26,0.692,0.692,18,0,0,TIGHT,Regular Season
1630526,Jeremiah Robinson-Earl,DAL,22,0.26,12,26,0.462,0.462,12,0,2,TIGHT,Regular Season
1630623,Tyson Etienne,BKN,24,0.179,8,26,0.308,0.346,6,2,9,TIGHT,Regular Season
1641790,PJ Hall,CHA,19,0.424,14,25,0.56,0.56,14,0,0,TIGHT,Regular Season
1630699,MarJon Beauchamp,PHI,14,0.329,13,25,0.52,0.54,12,1,6,TIGHT,Regular Season
1642484,RayJ Dennis,ATL,17,0.301,9,25,0.36,0.42,6,3,9,TIGHT,Regular Season
1641778,Leaky Black,WAS,15,0.243,8,25,0.32,0.34,7,1,3,TIGHT,Regular Season
1628380,Zach Collins,CHI,10,0.375,16,24,0.667,0.688,15,1,1,TIGHT,Regular Season
1641771,Jalen Slawson,IND,13,0.312,14,24,0.583,0.625,12,2,2,TIGHT,Regular Season
1630639,A.J. Lawson,TOR,24,0.308,13,24,0.542,0.625,9,4,10,TIGHT,Regular Season
1641727,Dariq Whitehead,MEM,6,0.258,10,24,0.417,0.521,5,5,14,TIGHT,Regular Season
1642355,Bronny James,LAL,42,0.211,8,24,0.333,0.333,8,0,2,TIGHT,Regular Season
1628467,Maxi Kleber,LAL,43,0.315,12,23,0.522,0.522,12,0,0,TIGHT,Regular Season
1642504,Cormac Ryan,MIL,11,0.225,11,23,0.478,0.522,9,2,7,TIGHT,Regular Season
201144,Mike Conley,MIN,54,0.107,5,23,0.217,0.217,5,0,5,TIGHT,Regular Season
1628366,Lonzo Ball,CLE,35,0.131,4,23,0.174,0.174,4,0,14,TIGHT,Regular Season
1642367,Jonathan Mogbo,TOR,40,0.5,14,22,0.636,0.636,14,0,0,TIGHT,Regular Season
1631166,Drew Timme,LAL,27,0.333,12,22,0.545,0.568,11,1,1,TIGHT,Regular Season
203914,Gary Harris,MIL,48,0.212,11,22,0.5,0.545,9,2,5,TIGHT,Regular Season
1642964,Brooks Barnhizer,OKC,40,0.31,10,22,0.455,0.455,10,0,0,TIGHT,Regular Season
1626172,Kevon Looney,NOP,21,0.35,10,21,0.476,0.476,10,0,2,TIGHT,Regular Season
1629726,Garrison Mathews,IND,15,0.404,9,21,0.429,0.571,3,6,17,TIGHT,Regular Season
1627827,Dorian Finney-Smith,HOU,37,0.159,9,21,0.429,0.429,9,0,3,TIGHT,Regular Season
1641816,Hunter Tyson,DEN,21,0.404,8,21,0.381,0.429,6,2,7,TIGHT,Regular Season
201599,DeAndre Jordan,NOP,12,0.625,17,20,0.85,0.85,17,0,0,TIGHT,Regular Season
1631199,Ron Harper Jr.,BOS,29,0.182,10,20,0.5,0.525,9,1,4,TIGHT,Regular Season
203078,Bradley Beal,LAC,6,0.417,6,20,0.3,0.3,6,0,2,TIGHT,Regular Season
1630214,Xavier Tillman,CHA,30,0.413,11,19,0.579,0.579,11,0,0,TIGHT,Regular Season
1629162,Jordan McLaughlin,SAS,44,0.241,9,19,0.474,0.474,9,0,1,TIGHT,Regular Season
1642260,Nikola Topić,OKC,10,0.373,8,19,0.421,0.447,7,1,1,TIGHT,Regular Season
1643253,Toby Okani,MEM,6,0.271,6,19,0.316,0.316,6,0,0,TIGHT,Regular Season
1642449,Tolu Smith,DET,15,0.5,10,18,0.556,0.556,10,0,0,TIGHT,Regular Season
1631351,Lucas Williamson,MEM,7,0.24,8,18,0.444,0.5,6,2,5,TIGHT,Regular Season
1642404,Chaz Lanier,DET,34,0.191,4,17,0.235,0.265,3,1,6,TIGHT,Regular Season
201145,Jeff Green,HOU,30,0.235,8,16,0.5,0.5,8,0,1,TIGHT,Regular Season
201587,Nicolas Batum,LAC,74,0.067,5,16,0.313,0.469,0,5,14,TIGHT,Regular Season
1641890,Tyler Smith,DAL,12,0.3,8,15,0.533,0.633,5,3,6,TIGHT,Regular Season
1642862,Liam McNeeley,CHA,31,0.158,6,15,0.4,0.433,5,1,1,TIGHT,Regular Season
1630286,Trevon Scott,BKN,6,0.3,6,15,0.4,0.4,6,0,0,TIGHT,Regular Season
101108,Chris Paul,LAC,16,0.268,4,15,0.267,0.267,4,0,2,TIGHT,Regular Season
1641780,Johni Broome,PHI,11,0.625,3,15,0.2,0.2,3,0,1,TIGHT,Regular Season
1641726,Dereck Lively II,DAL,7,0.778,9,14,0.643,0.643,9,0,0,TIGHT,Regular Season
1630644,Mac McClung,CHI,11,0.237,8,14,0.571,0.571,8,0,2,TIGHT,Regular Season
203552,Seth Curry,GSW,10,0.286,8,14,0.571,0.679,5,3,5,TIGHT,Regular Season
1631247,Luke Travers,CLE,12,0.389,8,14,0.571,0.571,8,0,2,TIGHT,Regular Season
1642359,Pacôme Dadiet,NYK,29,0.292,8,14,0.571,0.643,6,2,6,TIGHT,Regular Season
1631451,Javonte Cooke,POR,19,0.341,5,14,0.357,0.357,5,0,1,TIGHT,Regular Season
1628502,Nigel Hayes-Davis,PHX,27,0.304,5,14,0.357,0.357,5,0,0,TIGHT,Regular Season
1631120,JD Davison,HOU,28,0.203,6,13,0.462,0.462,6,0,0,TIGHT,Regular Season
1642380,Adama Bal,MEM,8,0.191,4,13,0.308,0.308,4,0,5,TIGHT,Regular Season
1630209,Omer Yurtseven,GSW,9,0.5,4,13,0.308,0.308,4,0,0,TIGHT,Regular Season
1641871,Duop Reath,POR,32,0.162,8,12,0.667,0.75,6,2,2,TIGHT,Regular Season
203648,Thanasis Antetokounmpo,MIL,34,0.375,5,12,0.417,0.417,5,0,0,TIGHT,Regular Season
1630322,Lindy Waters III,SAS,40,0.136,2,12,0.167,0.167,2,0,9,TIGHT,Regular Season
1630548,Johnny Juzang,MIN,21,0.289,8,11,0.727,0.773,7,1,2,TIGHT,Regular Season
1641755,Kevin McCullar Jr.,NYK,21,0.234,7,11,0.636,0.682,6,1,2,TIGHT,Regular Season
1643158,Andersson Garcia,UTA,5,0.379,5,11,0.455,0.455,5,0,2,TIGHT,Regular Season
1642967,John Poulakidas,DAL,13,0.121,5,11,0.455,0.591,2,3,8,TIGHT,Regular Season
1642918,Alijah Martin,TOR,23,0.22,4,11,0.364,0.364,4,0,1,TIGHT,Regular Season
1630587,Isaiah Livers,PHX,36,0.172,4,11,0.364,0.409,3,1,3,TIGHT,Regular Season
1631214,Alondes Williams,WAS,4,0.385,8,10,0.8,0.9,6,2,3,TIGHT,Regular Season
1641725,Trey Alexander,NOP,9,0.27,6,10,0.6,0.6,6,0,0,TIGHT,Regular Season
1642400,Tristan Enaruna,CLE,9,0.357,6,10,0.6,0.6,6,0,1,TIGHT,Regular Season
1642876,Adou Thiero,LAL,25,0.323,6,10,0.6,0.6,6,0,0,TIGHT,Regular Season
202687,Bismack Biyombo,SAS,25,0.667,5,10,0.5,0.5,5,0,0,TIGHT,Regular Season
1631102,TyTy Washington Jr.,LAC,16,0.526,5,10,0.5,0.5,5,0,0,TIGHT,Regular Season
1642873,Amari Williams,BOS,22,0.5,5,10,0.5,0.5,5,0,0,TIGHT,Regular Season
1643018,LJ Cryer,GSW,18,0.085,5,10,0.5,0.65,2,3,4,TIGHT,Regular Season
201959,Taj Gibson,MEM,10,0.385,4,10,0.4,0.4,4,0,0,TIGHT,Regular Season
1641723,Kobe Bufkin,LAL,16,0.2,3,10,0.3,0.3,3,0,1,TIGHT,Regular Season
1642939,Miles Kelly,DAL,14,0.227,3,10,0.3,0.35,2,1,6,TIGHT,Regular Season
1631117,Walker Kessler,UTA,5,0.243,7,9,0.778,0.778,7,0,0,TIGHT,Regular Season
1629610,DaQuan Jeffries,SAC,3,0.474,6,9,0.667,0.778,4,2,3,TIGHT,Regular Season
1642443,Jahmir Young,MIA,14,0.36,5,9,0.556,0.556,5,0,0,TIGHT,Regular Season
1642530,Yuki Kawamura,CHI,18,0.173,3,9,0.333,0.333,3,0,1,TIGHT,Regular Season
1641752,Bobi Klintman,DET,12,0.333,3,9,0.333,0.333,3,0,1,TIGHT,Regular Season
1642886,Koby Brea,PHX,12,0.25,2,9,0.222,0.278,1,1,5,TIGHT,Regular Season
204060,Joe Ingles,MIN,27,0.296,6,8,0.75,0.75,6,0,0,TIGHT,Regular Season
1642955,Kadary Richmond,WAS,3,0.5,4,8,0.5,0.5,4,0,1,TIGHT,Regular Season
1631223,David Roddy,DEN,5,0.267,3,8,0.375,0.375,3,0,2,TIGHT,Regular Season
1628449,Chris Boucher,BOS,9,0.32,3,8,0.375,0.375,3,0,3,TIGHT,Regular Season
1642362,Payton Sandfort,OKC,4,0.308,2,8,0.25,0.25,2,0,3,TIGHT,Regular Season
1642911,Rocco Zikarsky,MIN,5,0.875,5,7,0.714,0.714,5,0,0,TIGHT,Regular Season
1642490,Josh Oduro,NOP,3,0.412,4,7,0.571,0.571,4,0,0,TIGHT,Regular Season
1642357,David Jones Garcia,SAS,11,0.28,3,7,0.429,0.429,3,0,0,TIGHT,Regular Season
1642959,Chris Youngblood,POR,34,0.111,3,7,0.429,0.429,3,0,1,TIGHT,Regular Season
1628420,Monte Morris,IND,6,0.35,3,7,0.429,0.429,3,0,0,TIGHT,Regular Season
1631116,Patrick Baldwin Jr.,SAC,9,0.259,3,7,0.429,0.571,1,2,2,TIGHT,Regular Season
1630625,Dalano Banton,BOS,6,0.583,1,7,0.143,0.143,1,0,0,TIGHT,Regular Season
1631216,Caleb Houstan,ATL,18,0.269,1,7,0.143,0.143,1,0,5,TIGHT,Regular Season
1628964,Mo Bamba,UTA,4,0.545,3,6,0.5,0.5,3,0,0,TIGHT,Regular Season
1643133,Lawson Lovering,MEM,2,0.5,4,5,0.8,0.8,4,0,0,TIGHT,Regular Season
203486,Mason Plumlee,SAS,20,0.357,4,5,0.8,0.8,4,0,0,TIGHT,Regular Season
1631338,Mouhamadou Gueye,CHI,2,0.455,4,5,0.8,0.8,4,0,0,TIGHT,Regular Season
1642389,Zyon Pullin,MIN,5,0.385,4,5,0.8,0.8,4,0,0,TIGHT,Regular Season
1642384,Isaiah Crawford,HOU,14,0.208,3,5,0.6,0.6,3,0,0,TIGHT,Regular Season
1641998,Trey Jemison III,NYK,13,0.5,3,5,0.6,0.6,3,0,0,TIGHT,Regular Season
1641807,Norchad Omier,LAC,6,0.5,3,5,0.6,0.6,3,0,0,TIGHT,Regular Season
1628998,Cody Martin,IND,4,0.5,2,5,0.4,0.4,2,0,0,TIGHT,Regular Season
1629634,Brandon Clarke,MEM,2,0.556,2,5,0.4,0.4,2,0,0,TIGHT,Regular Season
1629312,Haywood Highsmith,PHX,7,0.217,1,5,0.2,0.2,1,0,1,TIGHT,Regular Season
1641761,Grant Nelson,BKN,4,0.444,3,4,0.75,0.75,3,0,0,TIGHT,Regular Season
1630164,James Wiseman,IND,4,0.4,3,4,0.75,0.75,3,0,0,TIGHT,Regular Season
202066,Garrett Temple,TOR,22,0.267,2,4,0.5,0.625,1,1,1,TIGHT,Regular Season
1642938,Curtis Jones,DEN,10,0.148,2,4,0.5,0.5,2,0,0,TIGHT,Regular Season
1630621,Hunter Dickinson,NOP,5,0.286,1,4,0.25,0.25,1,0,0,TIGHT,Regular Season
1628365,Markelle Fultz,TOR,5,0.4,1,4,0.25,0.25,1,0,0,TIGHT,Regular Season
1641810,Antonio Reeves,CHA,10,0.2,1,4,0.25,0.25,1,0,0,TIGHT,Regular Season
1642910,John Tonje,BOS,6,0.286,1,4,0.25,0.25,1,0,1,TIGHT,Regular Season
1641809,Drew Peterson,CHA,6,0.25,1,4,0.25,0.25,1,0,1,TIGHT,Regular Season
1641753,Chris Livingston,CLE,3,0.429,3,3,1.0,1.0,3,0,0,TIGHT,Regular Season
1627746,Skal Labissiere,WAS,3,0.3,3,3,1.0,1.0,3,0,0,TIGHT,Regular Season
1641815,Isaiah Stevens,SAC,3,0.429,2,3,0.667,0.667,2,0,0,TIGHT,Regular Season
1642403,Isaac Jones,DET,7,0.429,2,3,0.667,0.667,2,0,0,TIGHT,Regular Season
1642434,Riley Minix,CLE,9,0.13,2,3,0.667,0.667,2,0,0,TIGHT,Regular Season
1630846,Olivier Sarr,CLE,4,0.429,2,3,0.667,0.667,2,0,0,TIGHT,Regular Season
1642951,Sean Pedulla,LAC,7,0.2,2,3,0.667,0.833,1,1,2,TIGHT,Regular Season
1643047,CJ Huntley,PHX,4,0.273,2,3,0.667,0.667,2,0,0,TIGHT,Regular Season
1631127,Harrison Ingram,SAS,7,0.5,2,3,0.667,0.667,2,0,0,TIGHT,Regular Season
1631211,Trevor Keels,MIA,8,0.25,1,3,0.333,0.333,1,0,1,TIGHT,Regular Season
1641801,Emanuel Miller,SAS,5,0.231,1,3,0.333,0.333,1,0,0,TIGHT,Regular Season
1641747,DaRon Holmes II,DEN,25,0.049,1,3,0.333,0.333,1,0,0,TIGHT,Regular Season
1642933,Keshon Gilbert,ATL,4,0.25,1,3,0.333,0.333,1,0,0,TIGHT,Regular Season
1642402,Enrique Freeman,MIN,4,0.375,1,3,0.333,0.333,1,0,1,TIGHT,Regular Season
201569,Eric Gordon,PHI,6,0.143,1,3,0.333,0.333,1,0,0,TIGHT,Regular Season
1642282,Hunter Sallis,PHI,7,0.6,1,3,0.333,0.333,1,0,0,TIGHT,Regular Season
1631111,Wendell Moore Jr.,DET,6,0.286,1,2,0.5,0.5,1,0,0,TIGHT,Regular Season
1631210,Jacob Toppin,ATL,5,0.333,1,2,0.5,0.5,1,0,0,TIGHT,Regular Season
1641794,Dillon Jones,NYK,7,0.222,1,2,0.5,0.5,1,0,0,TIGHT,Regular Season
1643024,Chris Mañon,LAL,9,0.333,1,2,0.5,0.5,1,0,0,TIGHT,Regular Season
1631457,Alex Morales,ORL,4,0.286,1,2,0.5,0.5,1,0,0,TIGHT,Regular Season
1641813,Mark Sears,MIL,7,0.154,1,2,0.5,0.5,1,0,0,TIGHT,Regular Season
1630658,Colin Castleton,ORL,4,0.4,0,2,0.0,0.0,0,0,0,TIGHT,Regular Season
1641732,Colby Jones,DET,1,0.333,1,1,1.0,1.0,1,0,0,TIGHT,Regular Season
1642280,Trentyn Flowers,CHI,2,0.333,1,1,1.0,1.0,1,0,0,TIGHT,Regular Season
1642884,Vladislav Goldin,MIA,9,0.25,0,1,0.0,0.0,0,0,0,TIGHT,Regular Season
1643257,Jayson Kent,POR,5,0.143,0,1,0.0,0.0,0,0,1,TIGHT,Regular Season
200768,Kyle Lowry,PHI,14,0.04,0,1,0.0,0.0,0,0,1,TIGHT,Regular Season
1642917,Max Shulga,BOS,11,0.125,0,1,0.0,0.0,0,0,0,TIGHT,Regular Season
1642368,N'Faly Dante,ATL,4,0.25,0,1,0.0,0.0,0,0,0,TIGHT,Regular Season
1641787,Tosan Evbuomwan,CHA,5,1.0,0,1,0.0,0.0,0,0,0,TIGHT,Regular Season
1642935,Chucky Hepburn,TOR,2,0.167,0,1,0.0,0.0,0,0,1,TIGHT,Regular Season
203967,Dario Saric,SAC,5,0.167,0,1,0.0,0.0,0,0,0,TIGHT,Regular Season
1629029,Luka Dončić,LAL,64,0.423,271,616,0.44,0.555,129,142,396,OPEN,Regular Season
1628378,Donovan Mitchell,CLE,70,0.39,225,547,0.411,0.517,109,116,350,OPEN,Regular Season
1628973,Jalen Brunson,NYK,74,0.363,242,535,0.452,0.55,138,104,282,OPEN,Regular Season
1627759,Jaylen Brown,BOS,71,0.326,229,503,0.455,0.531,153,76,221,OPEN,Regular Season
1627750,Jamal Murray,DEN,75,0.358,227,486,0.467,0.574,123,104,256,OPEN,Regular Season
1628983,Shai Gilgeous-Alexander,OKC,68,0.332,239,439,0.544,0.616,176,63,154,OPEN,Regular Season
202695,Kawhi Leonard,LAC,65,0.348,203,438,0.463,0.559,119,84,235,OPEN,Regular Season
203944,Julius Randle,MIN,79,0.363,195,437,0.446,0.508,141,54,171,OPEN,Regular Season
1629638,Nickeil Alexander-Walker,ATL,78,0.365,181,436,0.415,0.541,71,110,300,OPEN,Regular Season
1630178,Tyrese Maxey,PHI,70,0.287,206,430,0.479,0.545,149,57,180,OPEN,Regular Season
1630202,Payton Pritchard,BOS,79,0.393,209,429,0.487,0.569,139,70,209,OPEN,Regular Season
1630162,Anthony Edwards,MIN,61,0.347,202,426,0.474,0.58,112,90,234,OPEN,Regular Season
1630163,LaMelo Ball,CHA,72,0.331,152,412,0.369,0.489,53,99,301,OPEN,Regular Season
1628401,Derrick White,BOS,77,0.361,159,400,0.398,0.516,64,95,284,OPEN,Regular Season
1628368,De'Aaron Fox,SAS,72,0.379,186,397,0.469,0.558,115,71,204,OPEN,Regular Season
1642845,VJ Edgecombe,PHI,75,0.357,152,368,0.413,0.524,70,82,243,OPEN,Regular Season
1630552,Jalen Johnson,ATL,72,0.299,178,367,0.485,0.567,118,60,159,OPEN,Regular Season
1628415,Dillon Brooks,PHX,56,0.379,165,363,0.455,0.533,108,57,168,OPEN,Regular Season
1630530,Trey Murphy III,NOP,66,0.34,165,357,0.462,0.59,74,91,249,OPEN,Regular Season
1628969,Mikal Bridges,NYK,82,0.37,164,356,0.461,0.552,99,65,172,OPEN,Regular Season
1627783,Pascal Siakam,IND,62,0.302,158,349,0.453,0.517,113,45,136,OPEN,Regular Season
203468,CJ McCollum,ATL,76,0.303,150,349,0.43,0.537,75,75,196,OPEN,Regular Season
1630217,Desmond Bane,ORL,82,0.286,147,345,0.426,0.538,70,77,208,OPEN,Regular Season
1642267,Bub Carrington,WAS,82,0.456,152,338,0.45,0.574,68,84,197,OPEN,Regular Season
1630595,Cade Cunningham,DET,64,0.283,153,336,0.455,0.542,95,58,163,OPEN,Regular Season
1631157,Ryan Rollins,MIL,74,0.319,155,328,0.473,0.585,81,74,185,OPEN,Regular Season
1641706,Brandon Miller,CHA,65,0.309,126,323,0.39,0.498,56,70,211,OPEN,Regular Season
1642851,Kon Knueppel,CHA,81,0.296,150,321,0.467,0.629,46,104,243,OPEN,Regular Season
1641729,Brice Sensabaugh,UTA,75,0.371,145,318,0.456,0.601,53,92,235,OPEN,Regular Season
1641824,Matas Buzelis,CHI,77,0.331,127,318,0.399,0.549,32,95,270,OPEN,Regular Season
1631094,Paolo Banchero,ORL,72,0.271,128,312,0.41,0.462,96,32,125,OPEN,Regular Season
201935,James Harden,CLE,70,0.277,130,311,0.418,0.553,46,84,222,OPEN,Regular Season
1626164,Devin Booker,PHX,64,0.256,139,307,0.453,0.536,88,51,149,OPEN,Regular Season
201939,Stephen Curry,GSW,43,0.383,129,306,0.422,0.556,47,82,229,OPEN,Regular Season
2544,LeBron James,LAL,60,0.33,124,303,0.409,0.465,90,34,122,OPEN,Regular Season
1631095,Jabari Smith Jr.,HOU,77,0.306,123,298,0.413,0.537,49,74,220,OPEN,Regular Season
1630166,Deni Avdija,POR,66,0.278,126,296,0.426,0.51,76,50,181,OPEN,Regular Season
1631101,Shaedon Sharpe,POR,50,0.339,134,294,0.456,0.541,84,50,148,OPEN,Regular Season
1630567,Scottie Barnes,TOR,80,0.26,135,292,0.462,0.519,102,33,109,OPEN,Regular Season
1641705,Victor Wembanyama,SAS,64,0.269,136,290,0.469,0.555,86,50,149,OPEN,Regular Season
201950,Jrue Holiday,POR,53,0.407,124,288,0.431,0.556,52,72,196,OPEN,Regular Season
1628389,Bam Adebayo,MIA,73,0.251,123,286,0.43,0.472,99,24,112,OPEN,Regular Season
1641739,Toumani Camara,POR,82,0.32,120,285,0.421,0.577,31,89,240,OPEN,Regular Season
1642846,Ace Bailey,UTA,72,0.318,129,283,0.456,0.555,73,56,158,OPEN,Regular Season
1631108,Max Christie,DAL,77,0.388,125,281,0.445,0.607,34,91,211,OPEN,Regular Season
201142,Kevin Durant,HOU,78,0.204,154,280,0.55,0.639,104,50,124,OPEN,Regular Season
1641716,Jarace Walker,IND,76,0.377,105,276,0.38,0.509,34,71,198,OPEN,Regular Season
1628384,OG Anunoby,NYK,67,0.341,118,274,0.431,0.566,44,74,198,OPEN,Regular Season
202691,Klay Thompson,DAL,69,0.376,117,274,0.427,0.575,36,81,198,OPEN,Regular Season
1626171,Bobby Portis Jr.,MIL,67,0.364,134,273,0.491,0.61,69,65,139,OPEN,Regular Season
1641718,Keyonte George,UTA,54,0.309,122,272,0.449,0.548,68,54,163,OPEN,Regular Season
1630180,Saddiq Bey,NOP,72,0.282,119,272,0.438,0.551,57,62,159,OPEN,Regular Season
1642263,Reed Sheppard,HOU,82,0.288,108,272,0.397,0.513,45,63,193,OPEN,Regular Season
1627742,Brandon Ingram,TOR,77,0.21,133,271,0.491,0.577,86,47,130,OPEN,Regular Season
1628970,Miles Bridges,CHA,77,0.26,117,271,0.432,0.535,61,56,167,OPEN,Regular Season
203501,Tim Hardaway Jr.,DEN,80,0.347,115,270,0.426,0.6,21,94,226,OPEN,Regular Season
203952,Andrew Wiggins,MIA,68,0.328,120,269,0.446,0.571,53,67,161,OPEN,Regular Season
1641708,Amen Thompson,HOU,79,0.257,146,268,0.545,0.554,141,5,23,OPEN,Regular Season
1631221,Collin Gillespie,PHX,80,0.319,111,267,0.416,0.539,45,66,174,OPEN,Regular Season
1626157,Karl-Anthony Towns,NYK,75,0.256,138,264,0.523,0.604,95,43,129,OPEN,Regular Season
1641764,Brandin Podziemski,GSW,82,0.304,134,263,0.51,0.597,88,46,123,OPEN,Regular Season
201566,Russell Westbrook,SAC,64,0.312,108,262,0.412,0.475,75,33,120,OPEN,Regular Season
203999,Nikola Jokić,DEN,65,0.231,144,260,0.554,0.662,88,56,139,OPEN,Regular Season
1642377,Jaylen Wells,MEM,69,0.372,115,260,0.442,0.565,51,64,171,OPEN,Regular Season
1628978,Donte DiVincenzo,MIN,82,0.312,101,260,0.388,0.55,17,84,224,OPEN,Regular Season
1629012,Collin Sexton,CHI,68,0.34,120,252,0.476,0.593,61,59,149,OPEN,Regular Season
1642847,Jeremiah Fears,NOP,82,0.251,94,252,0.373,0.423,69,25,92,OPEN,Regular Season
1628374,Lauri Markkanen,UTA,42,0.308,103,248,0.415,0.524,49,54,162,OPEN,Regular Season
1631260,AJ Green,MIL,78,0.399,105,246,0.427,0.614,13,92,218,OPEN,Regular Season
1629656,Quentin Grimes,PHI,75,0.326,101,246,0.411,0.533,41,60,163,OPEN,Regular Season
1629014,Anfernee Simons,CHI,55,0.378,94,245,0.384,0.527,24,70,195,OPEN,Regular Season
203954,Joel Embiid,PHI,38,0.35,121,244,0.496,0.535,102,19,67,OPEN,Regular Season
1630170,Devin Vassell,SAS,67,0.323,114,244,0.467,0.611,44,70,174,OPEN,Regular Season
1642285,Cam Spencer,MEM,72,0.428,108,238,0.454,0.578,49,59,153,OPEN,Regular Season
1626181,Norman Powell,MIA,58,0.265,103,237,0.435,0.555,46,57,156,OPEN,Regular Season
1628370,Malik Monk,SAC,62,0.372,101,235,0.43,0.551,44,57,142,OPEN,Regular Season
1630577,Julian Champagnie,SAS,82,0.337,90,232,0.388,0.522,28,62,198,OPEN,Regular Season
1642281,Jaylon Tyson,CLE,66,0.345,114,231,0.494,0.626,53,61,146,OPEN,Regular Season
1630198,Isaiah Joe,OKC,71,0.424,99,230,0.43,0.598,22,77,192,OPEN,Regular Season
1629614,Andrew Nembhard,IND,57,0.3,103,226,0.456,0.487,89,14,53,OPEN,Regular Season
1642843,Cooper Flagg,DAL,70,0.188,104,224,0.464,0.518,80,24,79,OPEN,Regular Season
1630183,Jaden McDaniels,MIN,73,0.277,125,223,0.561,0.641,89,36,86,OPEN,Regular Season
1628960,Grayson Allen,PHX,51,0.335,76,223,0.341,0.453,26,50,182,OPEN,Regular Season
203897,Zach LaVine,SAC,39,0.404,96,221,0.434,0.538,50,46,131,OPEN,Regular Season
1631097,Bennedict Mathurin,LAC,54,0.326,91,221,0.412,0.482,60,31,116,OPEN,Regular Season
1631096,Chet Holmgren,OKC,69,0.28,111,218,0.509,0.61,67,44,120,OPEN,Regular Season
1629130,Duncan Robinson,DET,77,0.312,97,218,0.445,0.606,27,70,183,OPEN,Regular Season
1630559,Austin Reaves,LAL,51,0.283,90,216,0.417,0.502,53,37,123,OPEN,Regular Season
1628989,Kevin Huerter,DET,69,0.362,76,216,0.352,0.465,27,49,170,OPEN,Regular Season
201942,DeMar DeRozan,SAC,77,0.212,110,213,0.516,0.568,88,22,58,OPEN,Regular Season
1642848,Tre Johnson,WAS,60,0.329,96,212,0.453,0.542,58,38,114,OPEN,Regular Season
1630591,Jalen Suggs,ORL,57,0.327,91,212,0.429,0.512,56,35,112,OPEN,Regular Season
1629060,Rui Hachimura,LAL,68,0.353,105,211,0.498,0.597,63,42,109,OPEN,Regular Season
1630193,Immanuel Quickley,TOR,70,0.232,100,210,0.476,0.567,62,38,100,OPEN,Regular Season
1629675,Naz Reid,MIN,77,0.241,89,210,0.424,0.54,40,49,143,OPEN,Regular Season
1629652,Luguentz Dort,OKC,69,0.401,73,210,0.348,0.46,26,47,161,OPEN,Regular Season
203924,Jerami Grant,POR,57,0.286,85,209,0.407,0.545,27,58,157,OPEN,Regular Season
1630230,Naji Marshall,DAL,74,0.252,90,207,0.435,0.498,64,26,103,OPEN,Regular Season
1630174,Aaron Nesmith,IND,45,0.404,85,207,0.411,0.531,35,50,135,OPEN,Regular Season
1630573,Sam Hauser,BOS,78,0.341,85,205,0.415,0.585,15,70,182,OPEN,Regular Season
1631126,Caleb Love,POR,49,0.414,73,203,0.36,0.488,21,52,163,OPEN,Regular Season
1641730,Noah Clowney,BKN,66,0.322,65,203,0.32,0.451,12,53,175,OPEN,Regular Season
1629636,Darius Garland,LAC,45,0.298,97,200,0.485,0.585,57,40,105,OPEN,Regular Season
1629628,RJ Barrett,TOR,57,0.244,84,199,0.422,0.53,41,43,132,OPEN,Regular Season
1629632,Coby White,CHA,50,0.318,89,198,0.449,0.568,42,47,127,OPEN,Regular Season
1630578,Alperen Sengun,HOU,72,0.175,112,196,0.571,0.599,101,11,30,OPEN,Regular Season
202331,Paul George,PHI,37,0.382,84,196,0.429,0.561,32,52,122,OPEN,Regular Season
1642363,Nique Clifford,SAC,75,0.329,78,196,0.398,0.467,51,27,93,OPEN,Regular Season
1641783,Tristan da Silva,ORL,77,0.311,88,193,0.456,0.573,43,45,131,OPEN,Regular Season
1630241,Sam Merrill,CLE,52,0.399,82,193,0.425,0.585,20,62,165,OPEN,Regular Season
203471,Dennis Schröder,CLE,70,0.307,66,193,0.342,0.443,27,39,125,OPEN,Regular Season
203114,Khris Middleton,DAL,63,0.356,86,192,0.448,0.518,59,27,81,OPEN,Regular Season
1629645,Kevin Porter Jr.,MIL,38,0.364,91,187,0.487,0.551,67,24,62,OPEN,Regular Season
1629018,Gary Trent Jr.,MIL,65,0.395,73,187,0.39,0.535,19,54,152,OPEN,Regular Season
1630541,Moses Moody,GSW,60,0.332,85,185,0.459,0.624,24,61,151,OPEN,Regular Season
1629008,Michael Porter Jr.,BKN,52,0.192,80,184,0.435,0.511,52,28,88,OPEN,Regular Season
201572,Brook Lopez,LAC,75,0.338,75,183,0.41,0.497,43,32,112,OPEN,Regular Season
1642258,Zaccharie Risacher,ATL,67,0.34,72,182,0.396,0.511,30,42,118,OPEN,Regular Season
1630224,Jalen Green,PHX,32,0.354,78,181,0.431,0.533,41,37,104,OPEN,Regular Season
1628398,Kyle Kuzma,MIL,69,0.263,74,181,0.409,0.478,49,25,99,OPEN,Regular Season
1642273,Kyshawn George,WAS,48,0.312,76,180,0.422,0.497,49,27,91,OPEN,Regular Season
1642860,Will Riley,WAS,74,0.289,70,178,0.393,0.472,42,28,99,OPEN,Regular Season
1630692,Jordan Goodwin,PHX,70,0.321,65,178,0.365,0.483,23,42,130,OPEN,Regular Season
1630168,Onyeka Okongwu,ATL,74,0.206,92,177,0.52,0.627,54,38,109,OPEN,Regular Season
1631106,Tari Eason,HOU,60,0.308,72,177,0.407,0.537,26,46,122,OPEN,Regular Season
1630702,Jaden Hardy,WAS,57,0.413,68,177,0.384,0.534,15,53,143,OPEN,Regular Season
1629631,De'Andre Hunter,SAC,45,0.351,67,176,0.381,0.477,33,34,124,OPEN,Regular Season
1642875,Maxime Raynaud,SAC,74,0.261,105,175,0.6,0.606,103,2,19,OPEN,Regular Season
1630596,Evan Mobley,CLE,65,0.203,93,174,0.534,0.624,62,31,90,OPEN,Regular Season
1626167,Myles Turner,MIL,71,0.269,73,174,0.42,0.557,25,48,123,OPEN,Regular Season
1630583,Santi Aldama,MEM,43,0.363,70,173,0.405,0.509,34,36,115,OPEN,Regular Season
1628379,Luke Kennard,LAL,78,0.388,90,172,0.523,0.651,46,44,100,OPEN,Regular Season
1631170,Jaime Jaquez Jr.,MIA,75,0.189,87,172,0.506,0.547,73,14,56,OPEN,Regular Season
1628404,Josh Hart,NYK,66,0.291,86,172,0.5,0.61,48,38,91,OPEN,Regular Season
1642856,Egor Dëmin,BKN,52,0.381,64,171,0.374,0.529,11,53,150,OPEN,Regular Season
1631212,Peyton Watson,DEN,54,0.293,90,170,0.529,0.635,54,36,84,OPEN,Regular Season
1642450,Daniss Jenkins,DET,72,0.299,71,170,0.418,0.494,45,26,71,OPEN,Regular Season
1641710,Anthony Black,ORL,64,0.218,75,168,0.446,0.533,46,29,79,OPEN,Regular Season
1630581,Josh Giddey,CHI,54,0.235,71,168,0.423,0.509,42,29,91,OPEN,Regular Season
1631323,Simone Fontecchio,MIA,70,0.355,64,167,0.383,0.542,11,53,150,OPEN,Regular Season
203084,Harrison Barnes,SAS,77,0.287,71,165,0.43,0.573,24,47,124,OPEN,Regular Season
1642907,Cedric Coward,MEM,62,0.253,75,164,0.457,0.598,29,46,119,OPEN,Regular Season
1642272,Jared McCain,OKC,67,0.34,76,163,0.466,0.58,39,37,90,OPEN,Regular Season
1630249,Vít Krejčí,POR,65,0.378,66,162,0.407,0.556,18,48,137,OPEN,Regular Season
1642264,Stephon Castle,SAS,68,0.197,78,161,0.484,0.525,65,13,57,OPEN,Regular Season
202699,Tobias Harris,DET,63,0.24,70,158,0.443,0.535,41,29,75,OPEN,Regular Season
1629640,Keldon Johnson,SAS,82,0.198,69,158,0.437,0.57,27,42,125,OPEN,Regular Season
1642276,Kel'el Ware,MIA,77,0.242,85,157,0.541,0.678,42,43,102,OPEN,Regular Season
1626162,Kelly Oubre Jr.,PHI,50,0.289,66,157,0.42,0.573,18,48,122,OPEN,Regular Season
1629639,Tyler Herro,MIA,33,0.303,76,156,0.487,0.631,31,45,99,OPEN,Regular Season
1641717,Cason Wallace,OKC,77,0.267,74,156,0.474,0.615,30,44,110,OPEN,Regular Season
1629023,P.J. Washington,DAL,56,0.234,69,154,0.448,0.545,39,30,98,OPEN,Regular Season
1642271,Kyle Filipowski,UTA,77,0.233,74,153,0.484,0.559,51,23,77,OPEN,Regular Season
204456,T.J. McConnell,IND,56,0.338,82,152,0.539,0.556,77,5,15,OPEN,Regular Season
1628381,John Collins,LAC,69,0.229,82,151,0.543,0.662,46,36,82,OPEN,Regular Season
1630314,Brandon Williams,DAL,66,0.241,70,149,0.47,0.517,56,14,52,OPEN,Regular Season
1642948,Ryan Nembhard,DAL,60,0.382,59,149,0.396,0.436,47,12,40,OPEN,Regular Season
202696,Nikola Vučević,BOS,64,0.184,79,147,0.537,0.568,70,9,32,OPEN,Regular Season
1630533,Ziaire Williams,BKN,56,0.339,57,147,0.388,0.531,15,42,125,OPEN,Regular Season
1642852,Derik Queen,NOP,81,0.195,85,146,0.582,0.603,79,6,18,OPEN,Regular Season
1642266,Ja'Kobe Walter,TOR,72,0.359,68,145,0.469,0.648,16,52,122,OPEN,Regular Season
203903,Jordan Clarkson,NYK,72,0.276,58,145,0.4,0.497,30,28,91,OPEN,Regular Season
1629001,De'Anthony Melton,GSW,49,0.273,48,144,0.333,0.424,22,26,97,OPEN,Regular Season
1629673,Jordan Poole,NOP,39,0.324,46,144,0.319,0.434,13,33,120,OPEN,Regular Season
1630538,Bones Hyland,MIN,71,0.303,69,142,0.486,0.63,28,41,100,OPEN,Regular Season
1628991,Jaren Jackson Jr.,UTA,48,0.197,68,142,0.479,0.567,43,25,84,OPEN,Regular Season
1627747,Caris LeVert,DET,60,0.363,58,142,0.408,0.5,32,26,80,OPEN,Regular Season
1629750,Javonte Green,DET,82,0.341,65,141,0.461,0.628,18,47,112,OPEN,Regular Season
1629004,Svi Mykhailiuk,UTA,50,0.384,67,139,0.482,0.629,26,41,102,OPEN,Regular Season
1641731,Bilal Coulibaly,WAS,56,0.257,49,138,0.355,0.424,30,19,82,OPEN,Regular Season
1642383,Walter Clayton Jr.,MEM,69,0.299,47,138,0.341,0.428,23,24,93,OPEN,Regular Season
1630560,Cam Thomas,MIL,42,0.297,57,137,0.416,0.504,33,24,78,OPEN,Regular Season
1630172,Patrick Williams,CHI,72,0.287,49,137,0.358,0.489,13,36,108,OPEN,Regular Season
1630532,Franz Wagner,ORL,34,0.267,53,135,0.393,0.489,27,26,83,OPEN,Regular Season
1642849,Nolan Traore,BKN,56,0.28,59,134,0.44,0.552,29,30,84,OPEN,Regular Season
1641713,GG Jackson,MEM,55,0.261,58,134,0.433,0.522,34,24,84,OPEN,Regular Season
1642844,Dylan Harper,SAS,69,0.203,74,133,0.556,0.609,60,14,38,OPEN,Regular Season
1629661,Cameron Johnson,DEN,54,0.278,68,132,0.515,0.659,30,38,88,OPEN,Regular Season
1642270,Donovan Clingan,POR,77,0.192,79,131,0.603,0.706,52,27,69,OPEN,Regular Season
203935,Marcus Smart,LAL,62,0.275,53,131,0.405,0.515,24,29,94,OPEN,Regular Season
1631165,Keon Ellis,CLE,72,0.341,49,131,0.374,0.492,18,31,100,OPEN,Regular Season
1630598,Aaron Wiggins,OKC,65,0.244,45,131,0.344,0.443,19,26,98,OPEN,Regular Season
1642259,Alex Sarr,WAS,48,0.2,57,130,0.438,0.488,44,13,52,OPEN,Regular Season
1630557,Corey Kispert,ATL,58,0.33,52,130,0.4,0.523,20,32,98,OPEN,Regular Season
1642366,Quinten Post,GSW,67,0.296,47,130,0.362,0.462,21,26,100,OPEN,Regular Season
1628976,Wendell Carter Jr.,ORL,78,0.203,62,129,0.481,0.516,53,9,46,OPEN,Regular Season
1629111,Jock Landale,ATL,68,0.232,68,127,0.535,0.661,36,32,74,OPEN,Regular Season
1629611,Terance Mann,BKN,63,0.345,60,127,0.472,0.551,40,20,60,OPEN,Regular Season
1626220,Royce O'Neale,PHX,78,0.204,52,127,0.409,0.583,8,44,104,OPEN,Regular Season
1630700,Dyson Daniels,ATL,76,0.162,79,126,0.627,0.631,78,1,7,OPEN,Regular Season
1630551,Justin Champagnie,WAS,69,0.275,55,126,0.437,0.544,28,27,84,OPEN,Regular Season
1630540,Miles McBride,NYK,41,0.312,53,126,0.421,0.571,15,38,95,OPEN,Regular Season
1642920,Kobe Sanders,LAC,68,0.328,52,126,0.413,0.496,31,21,66,OPEN,Regular Season
1630572,Sandro Mamukelashvili,TOR,80,0.198,76,125,0.608,0.724,47,29,68,OPEN,Regular Season
1628971,Bruce Brown,DEN,82,0.238,58,124,0.468,0.528,43,15,57,OPEN,Regular Season
1629013,Landry Shamet,NYK,51,0.341,50,124,0.403,0.536,17,33,94,OPEN,Regular Season
1630245,Ayo Dosunmu,MIN,69,0.165,61,123,0.496,0.577,41,20,55,OPEN,Regular Season
1627824,Guerschon Yabusele,CHI,67,0.394,47,123,0.382,0.541,8,39,101,OPEN,Regular Season
1630611,Gui Santos,GSW,68,0.265,54,122,0.443,0.537,31,23,80,OPEN,Regular Season
1630200,Tre Jones,CHI,65,0.196,71,121,0.587,0.657,54,17,47,OPEN,Regular Season
1629028,Deandre Ayton,LAL,72,0.2,78,120,0.65,0.65,78,0,0,OPEN,Regular Season
1627739,Kris Dunn,LAC,82,0.252,56,120,0.467,0.538,39,17,54,OPEN,Regular Season
1631105,Jalen Duren,DET,70,0.148,93,119,0.782,0.782,93,0,0,OPEN,Regular Season
1642262,Cody Williams,UTA,67,0.234,42,119,0.353,0.391,33,9,49,OPEN,Regular Season
1631172,Ousmane Dieng,MIL,57,0.296,45,118,0.381,0.462,26,19,61,OPEN,Regular Season
1630529,Herbert Jones,NOP,56,0.247,44,118,0.373,0.475,20,24,83,OPEN,Regular Season
204001,Kristaps Porziņģis,GSW,32,0.304,44,118,0.373,0.47,21,23,78,OPEN,Regular Season
1641711,Gradey Dick,TOR,76,0.307,43,118,0.364,0.428,28,15,71,OPEN,Regular Season
1630173,Precious Achiuwa,SAC,73,0.196,63,117,0.538,0.568,56,7,33,OPEN,Regular Season
203507,Giannis Antetokounmpo,MIL,36,0.194,61,116,0.526,0.547,56,5,17,OPEN,Regular Season
1628975,Jevon Carter,ORL,53,0.378,44,116,0.379,0.513,13,31,92,OPEN,Regular Season
1642268,Isaiah Collier,UTA,59,0.223,64,115,0.557,0.565,62,2,15,OPEN,Regular Season
203484,Kentavious Caldwell-Pope,MEM,51,0.315,46,115,0.4,0.504,22,24,73,OPEN,Regular Season
1631246,Vince Williams Jr.,UTA,40,0.394,43,115,0.374,0.5,14,29,88,OPEN,Regular Season
1642962,Drake Powell,BKN,63,0.316,38,113,0.336,0.434,16,22,83,OPEN,Regular Season
203932,Aaron Gordon,DEN,36,0.281,49,112,0.438,0.536,27,22,60,OPEN,Regular Season
1641774,Tristan Vukcevic,WAS,49,0.347,48,110,0.436,0.536,26,22,62,OPEN,Regular Season
1642349,Ajay Mitchell,OKC,57,0.185,63,109,0.578,0.628,52,11,34,OPEN,Regular Season
1630643,Jay Huff,IND,82,0.178,51,109,0.468,0.564,30,21,73,OPEN,Regular Season
1631114,Jalen Williams,OKC,33,0.244,50,109,0.459,0.486,44,6,23,OPEN,Regular Season
1642348,Justin Edwards,PHI,64,0.341,45,109,0.413,0.546,16,29,85,OPEN,Regular Season
1629731,Dean Wade,CLE,59,0.388,46,108,0.426,0.579,13,33,93,OPEN,Regular Season
1629630,Ja Morant,MEM,20,0.335,45,108,0.417,0.458,36,9,40,OPEN,Regular Season
1642265,Rob Dillingham,CHI,65,0.262,44,108,0.407,0.495,25,19,57,OPEN,Regular Season
1627741,Buddy Hield,ATL,51,0.33,41,108,0.38,0.468,22,19,78,OPEN,Regular Season
1630558,Davion Mitchell,MIA,70,0.202,52,107,0.486,0.551,38,14,39,OPEN,Regular Season
1630703,Scoot Henderson,POR,30,0.313,45,107,0.421,0.537,20,25,70,OPEN,Regular Season
203110,Draymond Green,GSW,68,0.218,43,107,0.402,0.477,27,16,61,OPEN,Regular Season
1641707,Taylor Hendricks,MEM,59,0.301,39,107,0.364,0.467,17,22,82,OPEN,Regular Season
1631245,Quenton Jackson,IND,49,0.323,54,106,0.509,0.599,35,19,50,OPEN,Regular Season
1630311,Pat Spencer,GSW,66,0.244,50,106,0.472,0.538,36,14,43,OPEN,Regular Season
1631222,Jake LaRavia,LAL,82,0.201,61,105,0.581,0.667,43,18,46,OPEN,Regular Season
1641842,Ronald Holland II,DET,78,0.193,45,105,0.429,0.467,37,8,43,OPEN,Regular Season
1630631,Jose Alvarado,NYK,69,0.234,39,105,0.371,0.452,22,17,66,OPEN,Regular Season
1631321,Sidy Cissoko,POR,75,0.315,36,105,0.343,0.448,14,22,80,OPEN,Regular Season
1631342,Daeqwon Plowden,SAC,32,0.369,41,103,0.398,0.539,12,29,90,OPEN,Regular Season
1631099,Keegan Murray,SAC,23,0.343,41,103,0.398,0.471,26,15,56,OPEN,Regular Season
1629216,Gabe Vincent,ATL,53,0.477,32,103,0.311,0.442,5,27,86,OPEN,Regular Season
1631107,Nikola Jović,MIA,47,0.328,32,103,0.311,0.417,10,22,81,OPEN,Regular Season
1627884,Derrick Jones Jr.,LAC,50,0.269,58,102,0.569,0.725,26,32,72,OPEN,Regular Season
1641757,Jordan Miller,LAC,60,0.256,55,102,0.539,0.618,39,16,46,OPEN,Regular Season
1629026,Kenrich Williams,OKC,56,0.345,47,102,0.461,0.559,27,20,55,OPEN,Regular Season
1630188,Jalen Smith,CHI,53,0.243,44,98,0.449,0.582,18,26,71,OPEN,Regular Season
1641767,Ben Sheppard,IND,65,0.253,36,98,0.367,0.464,17,19,68,OPEN,Regular Season
1641796,Pelle Larsson,MIA,70,0.172,46,96,0.479,0.563,30,16,47,OPEN,Regular Season
1629651,Nic Claxton,BKN,69,0.163,61,95,0.642,0.642,61,0,3,OPEN,Regular Season
1642954,Will Richard,GSW,69,0.275,37,95,0.389,0.495,17,20,68,OPEN,Regular Season
1626156,D'Angelo Russell,WAS,26,0.409,35,95,0.368,0.458,18,17,61,OPEN,Regular Season
1628386,Jarrett Allen,CLE,56,0.178,64,94,0.681,0.681,64,0,1,OPEN,Regular Season
1631248,Baylor Scheierman,BOS,77,0.279,48,93,0.516,0.656,22,26,59,OPEN,Regular Season
202710,Jimmy Butler III,GSW,38,0.202,47,93,0.505,0.57,35,12,28,OPEN,Regular Season
1631213,Tyrese Martin,PHI,46,0.336,33,93,0.355,0.473,11,22,72,OPEN,Regular Season
1642874,Danny Wolf,BKN,57,0.211,32,93,0.344,0.414,19,13,55,OPEN,Regular Season
201143,Al Horford,GSW,45,0.279,43,90,0.478,0.6,21,22,61,OPEN,Regular Season
1630228,Jonathan Kuminga,ATL,36,0.265,39,90,0.433,0.517,24,15,47,OPEN,Regular Season
1642347,Jamal Shead,TOR,82,0.179,35,90,0.389,0.461,22,13,50,OPEN,Regular Season
1642269,Devin Carter,SAC,38,0.308,33,90,0.367,0.478,13,20,68,OPEN,Regular Season
1631119,Jaylin Williams,OKC,65,0.253,34,89,0.382,0.506,12,22,63,OPEN,Regular Season
1628369,Jayson Tatum,BOS,16,0.307,37,88,0.42,0.563,12,25,60,OPEN,Regular Season
1642857,Kasparas Jakučionis,MIA,53,0.367,33,87,0.379,0.546,4,29,74,OPEN,Regular Season
1642346,Ryan Dunn,PHX,70,0.238,38,86,0.442,0.5,28,10,47,OPEN,Regular Season
1631230,Dominick Barlow,PHI,71,0.214,36,85,0.424,0.465,29,7,32,OPEN,Regular Season
1641709,Ausar Thompson,DET,73,0.146,54,84,0.643,0.649,53,1,2,OPEN,Regular Season
1631124,Julian Strawther,DEN,57,0.263,40,84,0.476,0.607,18,22,51,OPEN,Regular Season
1630592,Jalen Wilson,BKN,54,0.302,35,84,0.417,0.548,13,22,62,OPEN,Regular Season
1641724,Jett Howard,ORL,55,0.335,31,84,0.369,0.518,6,25,73,OPEN,Regular Season
1631159,Leonard Miller,CHI,46,0.318,46,83,0.554,0.645,31,15,43,OPEN,Regular Season
1631128,Christian Braun,DEN,44,0.214,40,83,0.482,0.536,31,9,40,OPEN,Regular Season
1630695,Micah Potter,IND,47,0.283,37,83,0.446,0.584,14,23,66,OPEN,Regular Season
1629660,Ty Jerome,MEM,15,0.381,42,82,0.512,0.671,16,26,57,OPEN,Regular Season
1642868,Carter Bryant,SAS,71,0.311,29,82,0.354,0.433,16,13,59,OPEN,Regular Season
1629674,Neemias Queta,BOS,76,0.162,54,81,0.667,0.667,54,0,1,OPEN,Regular Season
203076,Anthony Davis,WAS,20,0.243,39,81,0.481,0.5,36,3,13,OPEN,Regular Season
1626145,Tyus Jones,DEN,67,0.372,28,81,0.346,0.444,12,16,58,OPEN,Regular Season
1629627,Zion Williamson,NOP,62,0.099,64,80,0.8,0.8,64,0,0,OPEN,Regular Season
1630194,Paul Reed,DET,65,0.236,49,80,0.613,0.631,46,3,16,OPEN,Regular Season
1631169,Josh Minott,BKN,49,0.317,36,80,0.45,0.613,10,26,66,OPEN,Regular Season
1641854,Craig Porter Jr.,CLE,64,0.311,35,80,0.438,0.519,22,13,36,OPEN,Regular Season
1630544,Tre Mann,CHA,53,0.261,30,79,0.38,0.443,20,10,34,OPEN,Regular Season
1629618,Jalen Pickett,DEN,50,0.341,30,79,0.38,0.481,14,16,47,OPEN,Regular Season
1627936,Alex Caruso,OKC,56,0.257,27,77,0.351,0.448,12,15,57,OPEN,Regular Season
1630568,Luka Garza,BOS,69,0.213,47,76,0.618,0.691,36,11,27,OPEN,Regular Season
203497,Rudy Gobert,MIN,76,0.154,63,75,0.84,0.84,63,0,0,OPEN,Regular Season
202685,Jonas Valanciunas,DEN,65,0.193,40,75,0.533,0.533,40,0,3,OPEN,Regular Season
1642364,Jamir Watkins,WAS,50,0.254,31,75,0.413,0.513,16,15,51,OPEN,Regular Season
1641712,Rayan Rupert,MEM,64,0.24,27,75,0.36,0.453,13,14,46,OPEN,Regular Season
1627751,Jakob Poeltl,TOR,46,0.239,49,74,0.662,0.662,49,0,0,OPEN,Regular Season
1641722,Jordan Hawkins,NOP,51,0.288,26,74,0.351,0.466,9,17,50,OPEN,Regular Season
1642879,Ben Saraf,BKN,44,0.241,31,73,0.425,0.466,25,6,27,OPEN,Regular Season
1629006,Josh Okogie,HOU,78,0.249,27,73,0.37,0.473,12,15,45,OPEN,Regular Season
1631109,Mark Williams,PHX,60,0.165,53,72,0.736,0.736,53,0,0,OPEN,Regular Season
1627752,Taurean Prince,MIL,26,0.377,41,72,0.569,0.778,11,30,57,OPEN,Regular Season
1628392,Isaiah Hartenstein,OKC,47,0.24,49,71,0.69,0.69,49,0,0,OPEN,Regular Season
1641765,Olivier-Maxence Prosper,MEM,53,0.203,38,71,0.535,0.606,28,10,29,OPEN,Regular Season
1630536,Sharife Cooper,WAS,41,0.289,35,71,0.493,0.542,28,7,26,OPEN,Regular Season
1642278,Tyler Kolek,NYK,62,0.286,34,71,0.479,0.57,21,13,33,OPEN,Regular Season
1642883,Sion James,CHA,82,0.191,26,71,0.366,0.5,7,19,51,OPEN,Regular Season
1642914,Javon Small,MEM,41,0.244,35,70,0.5,0.643,15,20,43,OPEN,Regular Season
201587,Nicolas Batum,LAC,74,0.294,21,70,0.3,0.45,0,21,67,OPEN,Regular Season
1642345,Oso Ighodaro,PHX,82,0.19,46,69,0.667,0.667,46,0,1,OPEN,Regular Season
1631123,Jamaree Bouyea,PHX,46,0.292,30,69,0.435,0.493,22,8,23,OPEN,Regular Season
1630175,Cole Anthony,MIL,35,0.294,30,68,0.441,0.515,20,10,25,OPEN,Regular Season
1630534,Ochai Agbaji,BKN,62,0.244,28,68,0.412,0.449,23,5,30,OPEN,Regular Season
1642261,Dalton Knecht,LAL,54,0.356,26,68,0.382,0.515,8,18,53,OPEN,Regular Season
1628366,Lonzo Ball,CLE,35,0.386,18,68,0.265,0.368,4,14,60,OPEN,Regular Season
1627780,Gary Payton II,GSW,73,0.162,41,67,0.612,0.642,37,4,17,OPEN,Regular Season
1641738,Kobe Brown,IND,61,0.247,29,67,0.433,0.567,11,18,50,OPEN,Regular Season
1642853,Rasheer Fleming,PHX,55,0.316,26,67,0.388,0.507,10,16,53,OPEN,Regular Season
1630679,Ethan Thompson,IND,32,0.342,22,67,0.328,0.425,9,13,51,OPEN,Regular Season
1642461,Spencer Jones,DEN,64,0.252,34,66,0.515,0.667,14,20,44,OPEN,Regular Season
1630182,Josh Green,CHA,58,0.367,29,66,0.439,0.629,4,25,60,OPEN,Regular Season
201567,Kevin Love,UTA,37,0.332,26,66,0.394,0.553,5,21,53,OPEN,Regular Season
1630171,Isaac Okoro,CHI,63,0.144,26,66,0.394,0.432,21,5,37,OPEN,Regular Season
1631243,Mouhamed Gueye,ATL,77,0.228,25,66,0.379,0.455,15,10,35,OPEN,Regular Season
1628963,Marvin Bagley III,DAL,60,0.159,45,65,0.692,0.715,42,3,9,OPEN,Regular Season
1628418,Thomas Bryant,CLE,60,0.243,28,65,0.431,0.515,17,11,44,OPEN,Regular Season
1642877,Micah Peavy,NOP,61,0.236,27,65,0.415,0.469,20,7,28,OPEN,Regular Season
1631093,Jaden Ivey,CHI,37,0.254,27,65,0.415,0.508,15,12,35,OPEN,Regular Season
1642880,Kam Jones,IND,37,0.379,22,64,0.344,0.43,11,11,44,OPEN,Regular Season
1629027,Trae Young,WAS,15,0.356,32,63,0.508,0.595,21,11,26,OPEN,Regular Season
1627749,Dejounte Murray,NOP,14,0.346,27,63,0.429,0.508,17,10,33,OPEN,Regular Season
1630811,Keaton Wallace,ATL,53,0.357,26,61,0.426,0.557,10,16,35,OPEN,Regular Season
1641772,Nae'Qwan Tomlin,CLE,64,0.192,28,60,0.467,0.5,24,4,27,OPEN,Regular Season
1629684,Grant Williams,CHA,36,0.328,25,60,0.417,0.583,5,20,48,OPEN,Regular Season
1631217,Moussa Diabaté,CHA,73,0.163,47,59,0.797,0.797,47,0,1,OPEN,Regular Season
1641775,Jordan Walsh,BOS,68,0.221,31,59,0.525,0.661,15,16,41,OPEN,Regular Season
1628997,Caleb Martin,DAL,58,0.312,25,59,0.424,0.466,20,5,20,OPEN,Regular Season
1631255,Karlo Matković,NOP,62,0.248,35,58,0.603,0.69,25,10,28,OPEN,Regular Season
1643007,Taelon Peter,IND,38,0.367,17,58,0.293,0.405,4,13,48,OPEN,Regular Season
1627826,Ivica Zubac,IND,48,0.118,37,57,0.649,0.649,37,0,0,OPEN,Regular Season
201144,Mike Conley,MIN,54,0.265,13,57,0.228,0.298,5,8,47,OPEN,Regular Season
203994,Jusuf Nurkić,UTA,41,0.154,31,55,0.564,0.582,29,2,7,OPEN,Regular Season
203992,Bogdan Bogdanović,LAC,23,0.362,23,55,0.418,0.545,9,14,36,OPEN,Regular Season
203926,Doug McDermott,SAC,29,0.396,23,55,0.418,0.618,1,22,53,OPEN,Regular Season
1630165,Killian Hayes,SAC,23,0.399,19,55,0.345,0.445,8,11,31,OPEN,Regular Season
1630696,Dru Smith,MIA,70,0.169,18,55,0.327,0.364,14,4,28,OPEN,Regular Season
1641989,Elijah Harkless,UTA,26,0.342,17,55,0.309,0.4,7,10,43,OPEN,Regular Season
203083,Andre Drummond,PHI,63,0.16,33,54,0.611,0.722,21,12,23,OPEN,Regular Season
1630167,Obi Toppin,IND,24,0.271,22,54,0.407,0.481,14,8,37,OPEN,Regular Season
1628988,Aaron Holiday,HOU,57,0.215,16,54,0.296,0.38,7,9,41,OPEN,Regular Season
1642867,Collin Murray-Boyles,TOR,57,0.156,29,53,0.547,0.547,29,0,7,OPEN,Regular Season
1641715,Cam Whitmore,WAS,21,0.317,22,53,0.415,0.509,12,10,35,OPEN,Regular Season
1631204,Marcus Sasser,DET,38,0.299,17,53,0.321,0.434,5,12,31,OPEN,Regular Season
1631133,Jabari Walker,PHI,64,0.244,22,52,0.423,0.548,9,13,39,OPEN,Regular Season
1642878,Tyrese Proctor,CLE,50,0.231,19,52,0.365,0.442,11,8,36,OPEN,Regular Season
1631207,Dalen Terry,PHI,48,0.329,25,51,0.49,0.608,13,12,34,OPEN,Regular Season
1631121,Bryce McGowens,NOP,42,0.212,21,50,0.42,0.47,16,5,19,OPEN,Regular Season
1629723,John Konchar,UTA,56,0.251,20,50,0.4,0.46,14,6,33,OPEN,Regular Season
1626166,Cameron Payne,PHI,22,0.329,18,49,0.367,0.48,7,11,38,OPEN,Regular Season
1630545,Terrence Shannon Jr,MIN,43,0.281,19,48,0.396,0.469,12,7,24,OPEN,Regular Season
1641733,Nick Smith Jr.,LAL,30,0.298,18,48,0.375,0.458,10,8,21,OPEN,Regular Season
1630623,Tyson Etienne,BKN,24,0.324,16,47,0.34,0.489,2,14,40,OPEN,Regular Season
1629637,Jaxson Hayes,LAL,66,0.176,36,46,0.783,0.783,36,0,0,OPEN,Regular Season
1631250,Pete Nance,MIL,47,0.237,25,46,0.543,0.707,10,15,35,OPEN,Regular Season
1642277,Johnny Furphy,IND,35,0.309,21,46,0.457,0.587,9,12,34,OPEN,Regular Season
1628436,Luke Kornet,SAS,68,0.165,36,45,0.8,0.8,36,0,0,OPEN,Regular Season
1630549,Day'Ron Sharpe,BKN,62,0.126,29,45,0.644,0.656,28,1,7,OPEN,Regular Season
1631288,Jamal Cain,ORL,40,0.296,22,45,0.489,0.633,9,13,29,OPEN,Regular Season
1642885,Mohamed Diawara,NYK,69,0.211,18,45,0.4,0.511,8,10,28,OPEN,Regular Season
1629599,Amir Coffey,PHX,46,0.381,22,43,0.512,0.605,14,8,21,OPEN,Regular Season
1642864,Hugo González,BOS,74,0.175,20,43,0.465,0.523,15,5,22,OPEN,Regular Season
1631174,Tyler Burton,MEM,12,0.384,13,43,0.302,0.419,3,10,37,OPEN,Regular Season
1642396,Blake Hinson,UTA,14,0.365,24,42,0.571,0.81,4,20,35,OPEN,Regular Season
1630191,Isaiah Stewart,DET,58,0.104,23,42,0.548,0.607,18,5,20,OPEN,Regular Season
1629680,Matisse Thybulle,POR,30,0.313,16,42,0.381,0.536,3,13,38,OPEN,Regular Season
1642967,John Poulakidas,DAL,13,0.451,19,41,0.463,0.659,3,16,37,OPEN,Regular Season
1642382,Branden Carlson,OKC,42,0.215,22,40,0.55,0.675,12,10,25,OPEN,Regular Season
1631200,Kris Murray,POR,57,0.145,20,40,0.5,0.575,14,6,19,OPEN,Regular Season
203914,Gary Harris,MIL,48,0.385,16,40,0.4,0.563,3,13,33,OPEN,Regular Season
1629057,Robert Williams III,POR,59,0.157,28,39,0.718,0.769,24,4,8,OPEN,Regular Season
1642274,Yves Missi,NOP,66,0.133,24,39,0.615,0.615,24,0,0,OPEN,Regular Season
1642419,Jamison Battle,TOR,61,0.269,20,39,0.513,0.667,8,12,28,OPEN,Regular Season
1642355,Bronny James,LAL,42,0.342,16,39,0.41,0.487,10,6,17,OPEN,Regular Season
1642869,Noah Penda,ORL,59,0.192,13,39,0.333,0.436,5,8,27,OPEN,Regular Season
1629234,Drew Eubanks,SAC,42,0.244,28,38,0.737,0.737,28,0,0,OPEN,Regular Season
1629622,Max Strus,CLE,12,0.358,17,38,0.447,0.605,5,12,32,OPEN,Regular Season
1641778,Leaky Black,WAS,15,0.369,16,38,0.421,0.513,9,7,23,OPEN,Regular Season
1642484,RayJ Dennis,ATL,17,0.458,13,38,0.342,0.447,5,8,24,OPEN,Regular Season
1631113,Kennedy Chandler,UTA,11,0.277,11,38,0.289,0.355,6,5,15,OPEN,Regular Season
1629655,Daniel Gafford,DAL,55,0.117,27,37,0.73,0.73,27,0,0,OPEN,Regular Season
1642854,Asa Newell,ATL,44,0.219,17,37,0.459,0.568,9,8,25,OPEN,Regular Season
1641750,Ryan Kalkbrenner,CHA,69,0.125,32,36,0.889,0.889,32,0,1,OPEN,Regular Season
1629048,Goga Bitadze,ORL,64,0.16,27,36,0.75,0.764,26,1,4,OPEN,Regular Season
1630570,Trendon Watford,PHI,53,0.134,15,36,0.417,0.472,11,4,17,OPEN,Regular Season
1641740,Jaylen Clark,MIN,68,0.158,15,36,0.417,0.458,12,3,19,OPEN,Regular Season
1630192,Zeke Nnaji,DEN,52,0.238,10,36,0.278,0.333,6,4,22,OPEN,Regular Season
1629021,Moritz Wagner,ORL,36,0.179,13,35,0.371,0.443,8,5,19,OPEN,Regular Season
1642353,Cam Christie,LAC,55,0.252,10,35,0.286,0.314,8,2,20,OPEN,Regular Season
1630579,Jericho Sims,MIL,67,0.184,31,34,0.912,0.912,31,0,0,OPEN,Regular Season
1642942,Jahmai Mashack,MEM,31,0.174,11,34,0.324,0.368,8,3,15,OPEN,Regular Season
1630604,E.J. Liddell,BKN,26,0.295,20,33,0.606,0.788,8,12,23,OPEN,Regular Season
203991,Clint Capela,HOU,75,0.142,19,32,0.594,0.594,19,0,0,OPEN,Regular Season
1642504,Cormac Ryan,MIL,11,0.314,18,32,0.563,0.734,7,11,19,OPEN,Regular Season
1630590,Scotty Pippen Jr.,MEM,10,0.337,12,32,0.375,0.469,6,6,19,OPEN,Regular Season
1642859,Jase Richardson,ORL,54,0.165,18,31,0.581,0.677,12,6,12,OPEN,Regular Season
203937,Kyle Anderson,MIN,43,0.153,16,31,0.516,0.516,16,0,0,OPEN,Regular Season
1642928,Dylan Cardwell,SAC,44,0.169,19,30,0.633,0.633,19,0,0,OPEN,Regular Season
1641727,Dariq Whitehead,MEM,6,0.323,16,30,0.533,0.7,6,10,24,OPEN,Regular Season
1631104,Blake Wesley,POR,31,0.242,15,30,0.5,0.6,9,6,14,OPEN,Regular Season
1630322,Lindy Waters III,SAS,40,0.341,14,30,0.467,0.683,1,13,29,OPEN,Regular Season
1643018,LJ Cryer,GSW,18,0.256,10,30,0.333,0.433,4,6,22,OPEN,Regular Season
1627827,Dorian Finney-Smith,HOU,37,0.227,5,30,0.167,0.233,1,4,28,OPEN,Regular Season
1630264,Anthony Gill,WAS,55,0.136,16,29,0.552,0.586,14,2,10,OPEN,Regular Season
1642066,Myron Gardner,MIA,45,0.236,16,29,0.552,0.655,10,6,15,OPEN,Regular Season
1626204,Larry Nance Jr.,CLE,35,0.234,8,29,0.276,0.31,6,2,18,OPEN,Regular Season
1641748,Andre Jackson Jr.,MIL,48,0.235,12,28,0.429,0.518,7,5,14,OPEN,Regular Season
1627734,Domantas Sabonis,SAC,19,0.123,19,27,0.704,0.722,18,1,2,OPEN,Regular Season
1642275,Tidjane Salaün,CHA,37,0.17,18,27,0.667,0.833,9,9,17,OPEN,Regular Season
1629020,Jarred Vanderbilt,LAL,65,0.113,17,27,0.63,0.667,15,2,7,OPEN,Regular Season
1626192,Pat Connaughton,CHA,42,0.318,9,27,0.333,0.463,2,7,25,OPEN,Regular Season
1629011,Mitchell Robinson,NYK,60,0.126,24,26,0.923,0.923,24,0,0,OPEN,Regular Season
1630543,Isaiah Jackson,LAC,55,0.11,20,26,0.769,0.769,20,0,0,OPEN,Regular Season
1630208,Nick Richards,CHI,48,0.129,15,26,0.577,0.596,14,1,5,OPEN,Regular Season
1631199,Ron Harper Jr.,BOS,29,0.236,12,26,0.462,0.654,2,10,24,OPEN,Regular Season
1631351,Lucas Williamson,MEM,7,0.347,7,26,0.269,0.385,1,6,25,OPEN,Regular Season
1631131,Oscar Tshiebwe,UTA,27,0.172,20,25,0.8,0.8,20,0,0,OPEN,Regular Season
1641737,Adem Bona,PHI,71,0.114,19,25,0.76,0.76,19,0,0,OPEN,Regular Season
1630644,Mac McClung,CHI,11,0.424,8,25,0.32,0.4,4,4,20,OPEN,Regular Season
1642352,Keshad Johnson,MIA,32,0.235,16,24,0.667,0.833,8,8,15,OPEN,Regular Season
1631103,Malaki Branham,WAS,28,0.264,12,24,0.5,0.646,5,7,18,OPEN,Regular Season
203552,Seth Curry,GSW,10,0.49,10,24,0.417,0.542,4,6,13,OPEN,Regular Season
1630699,MarJon Beauchamp,PHI,14,0.316,9,24,0.375,0.521,2,7,20,OPEN,Regular Season
1641771,Jalen Slawson,IND,13,0.312,9,24,0.375,0.458,5,4,18,OPEN,Regular Season
201145,Jeff Green,HOU,30,0.353,7,24,0.292,0.396,2,5,21,OPEN,Regular Season
1630526,Jeremiah Robinson-Earl,DAL,22,0.24,5,24,0.208,0.229,4,1,14,OPEN,Regular Season
1630639,A.J. Lawson,TOR,24,0.295,10,23,0.435,0.565,4,6,16,OPEN,Regular Season
1641755,Kevin McCullar Jr.,NYK,21,0.468,7,22,0.318,0.409,3,4,15,OPEN,Regular Season
1642949,Yanic Konan Niederhäuser,LAC,41,0.21,16,21,0.762,0.762,16,0,1,OPEN,Regular Season
1628371,Jonathan Isaac,ORL,52,0.193,11,21,0.524,0.595,8,3,10,OPEN,Regular Season
1642882,Julian Reese,WAS,13,0.178,9,21,0.429,0.429,9,0,0,OPEN,Regular Season
1641723,Kobe Bufkin,LAL,16,0.42,7,21,0.333,0.429,3,4,15,OPEN,Regular Season
101108,Chris Paul,LAC,16,0.375,7,21,0.333,0.429,3,4,12,OPEN,Regular Season
1628502,Nigel Hayes-Davis,PHX,27,0.457,7,21,0.333,0.357,6,1,10,OPEN,Regular Season
1641871,Duop Reath,POR,32,0.27,6,20,0.3,0.4,2,4,17,OPEN,Regular Season
1642380,Adama Bal,MEM,8,0.294,6,20,0.3,0.425,1,5,15,OPEN,Regular Season
1641890,Tyler Smith,DAL,12,0.4,5,20,0.25,0.3,3,2,17,OPEN,Regular Season
1630574,Ariel Hukporti,NYK,54,0.241,13,19,0.684,0.711,12,1,2,OPEN,Regular Season
1641763,Julian Phillips,MIN,48,0.157,8,19,0.421,0.447,7,1,11,OPEN,Regular Season
1642862,Liam McNeeley,CHA,31,0.2,7,19,0.368,0.5,2,5,13,OPEN,Regular Season
1631110,Jeremy Sochan,NYK,44,0.14,13,18,0.722,0.75,12,1,5,OPEN,Regular Season
1643253,Toby Okani,MEM,6,0.257,9,18,0.5,0.556,7,2,7,OPEN,Regular Season
1642358,AJ Johnson,DAL,48,0.102,9,18,0.5,0.528,8,1,5,OPEN,Regular Season
1643052,Chaney Johnson,BKN,17,0.191,8,18,0.444,0.444,8,0,7,OPEN,Regular Season
1631120,JD Davison,HOU,28,0.281,7,18,0.389,0.417,6,1,9,OPEN,Regular Season
1642404,Chaz Lanier,DET,34,0.191,9,17,0.529,0.647,5,4,10,OPEN,Regular Season
1642886,Koby Brea,PHX,12,0.472,7,17,0.412,0.588,1,6,15,OPEN,Regular Season
1642530,Yuki Kawamura,CHI,18,0.327,6,17,0.353,0.441,3,3,11,OPEN,Regular Season
1642964,Brooks Barnhizer,OKC,40,0.239,6,17,0.353,0.382,5,1,6,OPEN,Regular Season
1641816,Hunter Tyson,DEN,21,0.327,5,17,0.294,0.441,0,5,16,OPEN,Regular Season
1642354,KJ Simpson,DEN,20,0.172,4,17,0.235,0.265,3,1,10,OPEN,Regular Season
1642359,Pacôme Dadiet,NYK,29,0.354,4,17,0.235,0.294,2,2,13,OPEN,Regular Season
1642866,Joan Beringer,MIN,40,0.165,14,16,0.875,0.875,14,0,0,OPEN,Regular Season
1628396,Tony Bradley,ATL,41,0.137,10,16,0.625,0.625,10,0,0,OPEN,Regular Season
1642863,Khaman Maluach,PHX,46,0.155,9,16,0.563,0.625,7,2,7,OPEN,Regular Season
1630619,Moussa Cisse,DAL,38,0.139,8,16,0.5,0.5,8,0,0,OPEN,Regular Season
1641869,Malachi Smith,BKN,15,0.162,7,16,0.438,0.5,5,2,8,OPEN,Regular Season
1630286,Trevon Scott,BKN,6,0.32,7,16,0.438,0.563,3,4,10,OPEN,Regular Season
1630587,Isaiah Livers,PHX,36,0.25,6,16,0.375,0.438,4,2,9,OPEN,Regular Season
1643016,Bez Mbeng,UTA,15,0.16,6,16,0.375,0.406,5,1,7,OPEN,Regular Season
203078,Bradley Beal,LAC,6,0.333,6,16,0.375,0.531,1,5,12,OPEN,Regular Season
1642905,Yang Hansen,POR,43,0.16,3,16,0.188,0.219,2,1,12,OPEN,Regular Season
1629726,Garrison Mathews,IND,15,0.288,7,15,0.467,0.7,0,7,15,OPEN,Regular Season
1630548,Johnny Juzang,MIN,21,0.395,5,15,0.333,0.433,2,3,13,OPEN,Regular Season
1642959,Chris Youngblood,POR,34,0.238,3,15,0.2,0.3,0,3,15,OPEN,Regular Season
203939,Dwight Powell,DAL,63,0.14,9,14,0.643,0.643,9,0,0,OPEN,Regular Season
203500,Steven Adams,HOU,32,0.102,9,14,0.643,0.643,9,0,0,OPEN,Regular Season
1641744,Zach Edey,MEM,11,0.143,9,14,0.643,0.679,8,1,2,OPEN,Regular Season
1630256,Jae'Sean Tate,HOU,46,0.128,8,14,0.571,0.643,6,2,6,OPEN,Regular Season
1642502,Malevy Leons,GSW,25,0.194,6,14,0.429,0.429,6,0,4,OPEN,Regular Season
1642939,Miles Kelly,DAL,14,0.318,5,14,0.357,0.464,2,3,10,OPEN,Regular Season
1631451,Javonte Cooke,POR,19,0.341,1,14,0.071,0.107,0,1,13,OPEN,Regular Season
1628467,Maxi Kleber,LAL,43,0.178,7,13,0.538,0.577,6,1,4,OPEN,Regular Season
1642434,Riley Minix,CLE,9,0.565,7,13,0.538,0.692,3,4,10,OPEN,Regular Season
1628380,Zach Collins,CHI,10,0.203,6,13,0.462,0.462,6,0,3,OPEN,Regular Season
1630610,DeJon Jarreau,MEM,11,0.157,5,13,0.385,0.423,4,1,6,OPEN,Regular Season
1642950,Lachlan Olbrich,CHI,37,0.156,8,12,0.667,0.667,8,0,3,OPEN,Regular Season
1631466,Nate Williams,GSW,14,0.14,8,12,0.667,0.917,2,6,9,OPEN,Regular Season
1631216,Caleb Houstan,ATL,18,0.423,9,11,0.818,1.182,1,8,10,OPEN,Regular Season
1631166,Drew Timme,LAL,27,0.167,8,11,0.727,0.818,6,2,3,OPEN,Regular Season
1631218,Trayce Jackson-Davis,TOR,53,0.089,8,11,0.727,0.727,8,0,0,OPEN,Regular Season
1631214,Alondes Williams,WAS,4,0.423,5,11,0.455,0.545,3,2,8,OPEN,Regular Season
1629162,Jordan McLaughlin,SAS,44,0.139,4,11,0.364,0.409,3,1,5,OPEN,Regular Season
1642918,Alijah Martin,TOR,23,0.22,3,11,0.273,0.273,3,0,4,OPEN,Regular Season
203482,Kelly Olynyk,SAS,42,0.115,3,11,0.273,0.273,3,0,4,OPEN,Regular Season
1631132,Christian Koloko,ATL,27,0.135,6,10,0.6,0.6,6,0,0,OPEN,Regular Season
1631223,David Roddy,DEN,5,0.333,6,10,0.6,0.7,4,2,6,OPEN,Regular Season
1642362,Payton Sandfort,OKC,4,0.385,5,10,0.5,0.7,1,4,9,OPEN,Regular Season
1641725,Trey Alexander,NOP,9,0.27,4,10,0.4,0.4,4,0,3,OPEN,Regular Season
203648,Thanasis Antetokounmpo,MIL,34,0.313,3,10,0.3,0.3,3,0,3,OPEN,Regular Season
1642876,Adou Thiero,LAL,25,0.29,6,9,0.667,0.722,5,1,1,OPEN,Regular Season
1641752,Bobi Klintman,DET,12,0.333,5,9,0.556,0.778,1,4,8,OPEN,Regular Season
1642367,Jonathan Mogbo,TOR,40,0.182,7,8,0.875,0.875,7,0,0,OPEN,Regular Season
204060,Joe Ingles,MIN,27,0.296,4,8,0.5,0.75,0,4,8,OPEN,Regular Season
1641747,DaRon Holmes II,DEN,25,0.131,3,8,0.375,0.5,1,2,6,OPEN,Regular Season
1642400,Tristan Enaruna,CLE,9,0.286,3,8,0.375,0.5,1,2,7,OPEN,Regular Season
1626172,Kevon Looney,NOP,21,0.133,3,8,0.375,0.375,3,0,1,OPEN,Regular Season
1642910,John Tonje,BOS,6,0.571,2,8,0.25,0.375,0,2,8,OPEN,Regular Season
1642260,Nikola Topić,OKC,10,0.157,2,8,0.25,0.375,0,2,4,OPEN,Regular Season
1642938,Curtis Jones,DEN,10,0.296,2,8,0.25,0.313,1,1,6,OPEN,Regular Season
1628449,Chris Boucher,BOS,9,0.32,2,8,0.25,0.313,1,1,7,OPEN,Regular Season
200768,Kyle Lowry,PHI,14,0.32,1,8,0.125,0.188,0,1,8,OPEN,Regular Season
1631247,Luke Travers,CLE,12,0.222,0,8,0.0,0.0,0,0,6,OPEN,Regular Season
1642490,Josh Oduro,NOP,3,0.412,6,7,0.857,0.857,6,0,0,OPEN,Regular Season
1631117,Walker Kessler,UTA,5,0.189,5,7,0.714,0.714,5,0,0,OPEN,Regular Season
1641809,Drew Peterson,CHA,6,0.438,1,7,0.143,0.143,1,0,6,OPEN,Regular Season
1629610,DaQuan Jeffries,SAC,3,0.316,3,6,0.5,0.667,1,2,5,OPEN,Regular Season
1630214,Xavier Tillman,CHA,30,0.13,2,6,0.333,0.333,2,0,3,OPEN,Regular Season
1641813,Mark Sears,MIL,7,0.462,2,6,0.333,0.417,1,1,3,OPEN,Regular Season
1642443,Jahmir Young,MIA,14,0.24,2,6,0.333,0.5,0,2,3,OPEN,Regular Season
201569,Eric Gordon,PHI,6,0.286,2,6,0.333,0.417,1,1,5,OPEN,Regular Season
1631116,Patrick Baldwin Jr.,SAC,9,0.222,2,6,0.333,0.417,1,1,4,OPEN,Regular Season
1643158,Andersson Garcia,UTA,5,0.207,1,6,0.167,0.167,1,0,4,OPEN,Regular Season
202066,Garrett Temple,TOR,22,0.4,1,6,0.167,0.25,0,1,6,OPEN,Regular Season
1641794,Dillon Jones,NYK,7,0.667,1,6,0.167,0.25,0,1,4,OPEN,Regular Season
1628420,Monte Morris,IND,6,0.3,1,6,0.167,0.167,1,0,3,OPEN,Regular Season
1642951,Sean Pedulla,LAC,7,0.4,1,6,0.167,0.167,1,0,3,OPEN,Regular Season
1641790,PJ Hall,CHA,19,0.085,3,5,0.6,0.7,2,1,2,OPEN,Regular Season
1642384,Isaiah Crawford,HOU,14,0.208,2,5,0.4,0.4,2,0,3,OPEN,Regular Season
1631205,Buddy Boeheim,OKC,4,0.833,2,5,0.4,0.6,0,2,5,OPEN,Regular Season
1631211,Trevor Keels,MIA,8,0.417,2,5,0.4,0.6,0,2,5,OPEN,Regular Season
201959,Taj Gibson,MEM,10,0.154,3,4,0.75,0.875,2,1,1,OPEN,Regular Season
1629312,Haywood Highsmith,PHX,7,0.174,3,4,0.75,1.0,1,2,3,OPEN,Regular Season
1641801,Emanuel Miller,SAS,5,0.308,2,4,0.5,0.625,1,1,2,OPEN,Regular Season
1630209,Omer Yurtseven,GSW,9,0.154,2,4,0.5,0.5,2,0,2,OPEN,Regular Season
1642933,Keshon Gilbert,ATL,4,0.333,2,4,0.5,0.5,2,0,2,OPEN,Regular Season
1643047,CJ Huntley,PHX,4,0.364,2,4,0.5,0.5,2,0,2,OPEN,Regular Season
1642357,David Jones Garcia,SAS,11,0.16,1,4,0.25,0.25,1,0,1,OPEN,Regular Season
1641780,Johni Broome,PHI,11,0.167,1,4,0.25,0.25,1,0,2,OPEN,Regular Season
203486,Mason Plumlee,SAS,20,0.214,3,3,1.0,1.0,3,0,0,OPEN,Regular Season
1642449,Tolu Smith,DET,15,0.083,3,3,1.0,1.0,3,0,0,OPEN,Regular Season
1629646,Charles Bassey,GSW,13,0.064,3,3,1.0,1.0,3,0,0,OPEN,Regular Season
1631127,Harrison Ingram,SAS,7,0.5,3,3,1.0,1.167,2,1,1,OPEN,Regular Season
1642389,Zyon Pullin,MIN,5,0.231,3,3,1.0,1.0,3,0,0,OPEN,Regular Season
1643257,Jayson Kent,POR,5,0.429,2,3,0.667,0.667,2,0,1,OPEN,Regular Season
1642955,Kadary Richmond,WAS,3,0.188,2,3,0.667,0.833,1,1,2,OPEN,Regular Season
1630625,Dalano Banton,BOS,6,0.25,2,3,0.667,0.667,2,0,1,OPEN,Regular Season
1641807,Norchad Omier,LAC,6,0.3,2,3,0.667,0.667,2,0,1,OPEN,Regular Season
201599,DeAndre Jordan,NOP,12,0.094,1,3,0.333,0.333,1,0,0,OPEN,Regular Season
1630621,Hunter Dickinson,NOP,5,0.214,1,3,0.333,0.333,1,0,1,OPEN,Regular Season
1642917,Max Shulga,BOS,11,0.375,1,3,0.333,0.333,1,0,1,OPEN,Regular Season
1641815,Isaiah Stevens,SAC,3,0.429,1,3,0.333,0.333,1,0,1,OPEN,Regular Season
1631102,TyTy Washington Jr.,LAC,16,0.158,1,3,0.333,0.5,0,1,3,OPEN,Regular Season
1642935,Chucky Hepburn,TOR,2,0.5,0,3,0.0,0.0,0,0,2,OPEN,Regular Season
1643141,Jahmyl Telfort,LAC,8,0.75,0,3,0.0,0.0,0,0,3,OPEN,Regular Season
1630846,Olivier Sarr,CLE,4,0.286,2,2,1.0,1.25,1,1,1,OPEN,Regular Season
1641761,Grant Nelson,BKN,4,0.222,2,2,1.0,1.0,2,0,0,OPEN,Regular Season
202687,Bismack Biyombo,SAS,25,0.133,2,2,1.0,1.0,2,0,0,OPEN,Regular Season
1628964,Mo Bamba,UTA,4,0.182,2,2,1.0,1.0,2,0,0,OPEN,Regular Season
1631115,Orlando Robinson,ORL,4,0.4,1,2,0.5,0.5,1,0,1,OPEN,Regular Season
1642403,Isaac Jones,DET,7,0.286,1,2,0.5,0.5,1,0,1,OPEN,Regular Season
1643024,Chris Mañon,LAL,9,0.333,1,2,0.5,0.5,1,0,1,OPEN,Regular Season
1641803,Tristen Newton,HOU,1,0.222,1,2,0.5,0.5,1,0,1,OPEN,Regular Season
1631210,Jacob Toppin,ATL,5,0.333,1,2,0.5,0.5,1,0,0,OPEN,Regular Season
1641998,Trey Jemison III,NYK,13,0.2,1,2,0.5,0.5,1,0,0,OPEN,Regular Season
1630649,Stanley Umude,SAS,2,1.0,1,2,0.5,0.5,1,0,1,OPEN,Regular Season
1630164,James Wiseman,IND,4,0.2,1,2,0.5,0.5,1,0,0,OPEN,Regular Season
1643060,Hayden Gray,UTA,1,0.667,1,2,0.5,0.5,1,0,1,OPEN,Regular Season
1628365,Markelle Fultz,TOR,5,0.2,0,2,0.0,0.0,0,0,0,OPEN,Regular Season
1628998,Cody Martin,IND,4,0.2,0,2,0.0,0.0,0,0,2,OPEN,Regular Season
1641810,Antonio Reeves,CHA,10,0.05,1,1,1.0,1.0,1,0,0,OPEN,Regular Season
1642368,N'Faly Dante,ATL,4,0.25,1,1,1.0,1.0,1,0,0,OPEN,Regular Season
1627746,Skal Labissiere,WAS,3,0.1,1,1,1.0,1.0,1,0,0,OPEN,Regular Season
1642282,Hunter Sallis,PHI,7,0.2,1,1,1.0,1.0,1,0,0,OPEN,Regular Season
1631457,Alex Morales,ORL,4,0.143,1,1,1.0,1.0,1,0,0,OPEN,Regular Season
1630658,Colin Castleton,ORL,4,0.2,1,1,1.0,1.0,1,0,0,OPEN,Regular Season
1630828,Alex Antetokounmpo,MIL,6,0.125,1,1,1.0,1.5,0,1,1,OPEN,Regular Season
1631338,Mouhamadou Gueye,CHI,2,0.091,1,1,1.0,1.0,1,0,0,OPEN,Regular Season
1631111,Wendell Moore Jr.,DET,6,0.143,1,1,1.0,1.0,1,0,0,OPEN,Regular Season
1643133,Lawson Lovering,MEM,2,0.1,0,1,0.0,0.0,0,0,0,OPEN,Regular Season
1642468,Darius Brown II,CLE,1,1.0,0,1,0.0,0.0,0,0,0,OPEN,Regular Season
1642911,Rocco Zikarsky,MIN,5,0.125,0,1,0.0,0.0,0,0,0,OPEN,Regular Season
1642873,Amari Williams,BOS,22,0.05,0,1,0.0,0.0,0,0,0,OPEN,Regular Season
1629634,Brandon Clarke,MEM,2,0.111,0,1,0.0,0.0,0,0,0,OPEN,Regular Season
203967,Dario Saric,SAC,5,0.167,0,1,0.0,0.0,0,0,0,OPEN,Regular Season
1642280,Trentyn Flowers,CHI,2,0.333,0,1,0.0,0.0,0,0,1,OPEN,Regular Season
1630178,Tyrese Maxey,PHI,70,0.321,211,481,0.439,0.598,58,153,380,WIDE_OPEN,Regular Season
1630163,LaMelo Ball,CHA,72,0.335,174,416,0.418,0.605,19,155,375,WIDE_OPEN,Regular Season
1630202,Payton Pritchard,BOS,79,0.376,183,410,0.446,0.611,48,135,328,WIDE_OPEN,Regular Season
1630193,Immanuel Quickley,TOR,70,0.452,166,409,0.406,0.566,35,131,347,WIDE_OPEN,Regular Season
1626220,Royce O'Neale,PHX,78,0.64,168,398,0.422,0.622,9,159,387,WIDE_OPEN,Regular Season
1631221,Collin Gillespie,PHX,80,0.467,167,391,0.427,0.616,19,148,347,WIDE_OPEN,Regular Season
1628978,Donte DiVincenzo,MIN,82,0.443,151,369,0.409,0.591,17,134,341,WIDE_OPEN,Regular Season
1641739,Toumani Camara,POR,82,0.385,139,343,0.405,0.582,18,121,321,WIDE_OPEN,Regular Season
1642263,Reed Sheppard,HOU,82,0.358,159,338,0.47,0.67,24,135,300,WIDE_OPEN,Regular Season
1641764,Brandin Podziemski,GSW,82,0.368,132,319,0.414,0.574,30,102,263,WIDE_OPEN,Regular Season
1630530,Trey Murphy III,NOP,66,0.302,147,317,0.464,0.634,39,108,261,WIDE_OPEN,Regular Season
1630643,Jay Huff,IND,82,0.509,113,311,0.363,0.518,17,96,291,WIDE_OPEN,Regular Season
1628389,Bam Adebayo,MIA,73,0.269,126,306,0.412,0.574,27,99,263,WIDE_OPEN,Regular Season
201566,Russell Westbrook,SAC,64,0.36,122,302,0.404,0.556,30,92,248,WIDE_OPEN,Regular Season
1629614,Andrew Nembhard,IND,57,0.398,130,300,0.433,0.582,41,89,224,WIDE_OPEN,Regular Season
1641706,Brandon Miller,CHA,65,0.283,134,295,0.454,0.622,35,99,242,WIDE_OPEN,Regular Season
1642851,Kon Knueppel,CHA,81,0.269,143,292,0.49,0.697,22,121,258,WIDE_OPEN,Regular Season
202696,Nikola Vučević,BOS,64,0.364,132,290,0.455,0.61,42,90,234,WIDE_OPEN,Regular Season
1628401,Derrick White,BOS,77,0.259,113,287,0.394,0.551,23,90,247,WIDE_OPEN,Regular Season
1631157,Ryan Rollins,MIL,74,0.273,137,281,0.488,0.676,31,106,231,WIDE_OPEN,Regular Season
1630180,Saddiq Bey,NOP,72,0.291,104,281,0.37,0.518,21,83,231,WIDE_OPEN,Regular Season
1628970,Miles Bridges,CHA,77,0.269,108,280,0.386,0.541,21,87,248,WIDE_OPEN,Regular Season
1642846,Ace Bailey,UTA,72,0.311,112,277,0.404,0.54,37,75,211,WIDE_OPEN,Regular Season
1629675,Naz Reid,MIN,77,0.314,107,273,0.392,0.57,10,97,257,WIDE_OPEN,Regular Season
1630168,Onyeka Okongwu,ATL,74,0.312,111,268,0.414,0.601,11,100,252,WIDE_OPEN,Regular Season
1629638,Nickeil Alexander-Walker,ATL,78,0.221,135,264,0.511,0.695,38,97,202,WIDE_OPEN,Regular Season
1642847,Jeremiah Fears,NOP,82,0.263,114,264,0.432,0.57,41,73,198,WIDE_OPEN,Regular Season
203110,Draymond Green,GSW,68,0.538,94,264,0.356,0.517,9,85,245,WIDE_OPEN,Regular Season
1627750,Jamal Murray,DEN,75,0.192,127,261,0.487,0.674,29,98,207,WIDE_OPEN,Regular Season
1630591,Jalen Suggs,ORL,57,0.398,106,258,0.411,0.56,29,77,217,WIDE_OPEN,Regular Season
1630245,Ayo Dosunmu,MIN,69,0.341,127,255,0.498,0.694,27,100,220,WIDE_OPEN,Regular Season
1626167,Myles Turner,MIL,71,0.392,105,253,0.415,0.593,15,90,227,WIDE_OPEN,Regular Season
1630573,Sam Hauser,BOS,78,0.413,102,248,0.411,0.607,5,97,234,WIDE_OPEN,Regular Season
1641710,Anthony Black,ORL,64,0.321,88,248,0.355,0.492,20,68,209,WIDE_OPEN,Regular Season
1628960,Grayson Allen,PHX,51,0.368,110,245,0.449,0.649,12,98,229,WIDE_OPEN,Regular Season
1630572,Sandro Mamukelashvili,TOR,80,0.385,103,243,0.424,0.597,19,84,222,WIDE_OPEN,Regular Season
203944,Julius Randle,MIN,79,0.199,100,240,0.417,0.519,51,49,155,WIDE_OPEN,Regular Season
1630166,Deni Avdija,POR,66,0.223,100,237,0.422,0.57,30,70,191,WIDE_OPEN,Regular Season
1629652,Luguentz Dort,OKC,69,0.439,100,230,0.435,0.609,20,80,198,WIDE_OPEN,Regular Season
1630631,Jose Alvarado,NYK,69,0.51,91,229,0.397,0.568,13,78,208,WIDE_OPEN,Regular Season
1628378,Donovan Mitchell,CLE,70,0.163,114,228,0.5,0.669,37,77,170,WIDE_OPEN,Regular Season
203468,CJ McCollum,ATL,76,0.193,94,222,0.423,0.572,28,66,179,WIDE_OPEN,Regular Season
203084,Harrison Barnes,SAS,77,0.384,93,221,0.421,0.609,10,83,209,WIDE_OPEN,Regular Season
1642347,Jamal Shead,TOR,82,0.439,79,221,0.357,0.514,10,69,203,WIDE_OPEN,Regular Season
1628415,Dillon Brooks,PHX,56,0.229,90,220,0.409,0.55,28,62,174,WIDE_OPEN,Regular Season
1630558,Davion Mitchell,MIA,70,0.409,91,217,0.419,0.592,16,75,183,WIDE_OPEN,Regular Season
1642264,Stephon Castle,SAS,68,0.266,90,217,0.415,0.567,24,66,177,WIDE_OPEN,Regular Season
1630217,Desmond Bane,ORL,82,0.178,100,215,0.465,0.637,26,74,173,WIDE_OPEN,Regular Season
1629636,Darius Garland,LAC,45,0.32,94,215,0.437,0.605,22,72,175,WIDE_OPEN,Regular Season
1628368,De'Aaron Fox,SAS,72,0.202,86,211,0.408,0.528,35,51,155,WIDE_OPEN,Regular Season
1630198,Isaiah Joe,OKC,71,0.387,101,210,0.481,0.686,15,86,187,WIDE_OPEN,Regular Season
1642267,Bub Carrington,WAS,82,0.281,93,208,0.447,0.611,25,68,167,WIDE_OPEN,Regular Season
1626157,Karl-Anthony Towns,NYK,75,0.201,91,207,0.44,0.599,25,66,164,WIDE_OPEN,Regular Season
1631119,Jaylin Williams,OKC,65,0.574,84,202,0.416,0.592,13,71,182,WIDE_OPEN,Regular Season
1630581,Josh Giddey,CHI,54,0.282,82,202,0.406,0.579,12,70,177,WIDE_OPEN,Regular Season
1631222,Jake LaRavia,LAL,82,0.384,73,201,0.363,0.495,20,53,177,WIDE_OPEN,Regular Season
1641708,Amen Thompson,HOU,79,0.191,79,199,0.397,0.445,60,19,88,WIDE_OPEN,Regular Season
1628976,Wendell Carter Jr.,ORL,78,0.311,77,198,0.389,0.54,17,60,161,WIDE_OPEN,Regular Season
203935,Marcus Smart,LAL,62,0.416,72,198,0.364,0.523,9,63,179,WIDE_OPEN,Regular Season
1630171,Isaac Okoro,CHI,63,0.429,79,197,0.401,0.574,11,68,182,WIDE_OPEN,Regular Season
1630552,Jalen Johnson,ATL,72,0.16,78,196,0.398,0.531,26,52,155,WIDE_OPEN,Regular Season
1642848,Tre Johnson,WAS,60,0.3,86,193,0.446,0.617,20,66,164,WIDE_OPEN,Regular Season
1628973,Jalen Brunson,NYK,74,0.131,80,193,0.415,0.549,28,52,146,WIDE_OPEN,Regular Season
1629632,Coby White,CHA,50,0.309,81,192,0.422,0.578,21,60,159,WIDE_OPEN,Regular Season
1641783,Tristan da Silva,ORL,77,0.308,82,191,0.429,0.61,13,69,171,WIDE_OPEN,Regular Season
1630577,Julian Champagnie,SAS,82,0.276,103,190,0.542,0.766,18,85,171,WIDE_OPEN,Regular Season
1641717,Cason Wallace,OKC,77,0.324,72,189,0.381,0.524,18,54,165,WIDE_OPEN,Regular Season
201939,Stephen Curry,GSW,43,0.234,89,187,0.476,0.666,18,71,160,WIDE_OPEN,Regular Season
1642844,Dylan Harper,SAS,69,0.285,77,187,0.412,0.532,32,45,136,WIDE_OPEN,Regular Season
1630529,Herbert Jones,NOP,56,0.392,66,187,0.353,0.497,12,54,163,WIDE_OPEN,Regular Season
1627783,Pascal Siakam,IND,62,0.161,81,186,0.435,0.581,27,54,130,WIDE_OPEN,Regular Season
1631248,Baylor Scheierman,BOS,77,0.556,75,185,0.405,0.581,10,65,172,WIDE_OPEN,Regular Season
1629661,Cameron Johnson,DEN,54,0.386,90,183,0.492,0.683,20,70,157,WIDE_OPEN,Regular Season
1642273,Kyshawn George,WAS,48,0.315,79,182,0.434,0.604,17,62,150,WIDE_OPEN,Regular Season
1630538,Bones Hyland,MIN,71,0.389,74,182,0.407,0.588,8,66,170,WIDE_OPEN,Regular Season
1642377,Jaylen Wells,MEM,69,0.261,72,182,0.396,0.533,22,50,146,WIDE_OPEN,Regular Season
1642883,Sion James,CHA,82,0.489,65,182,0.357,0.525,4,61,174,WIDE_OPEN,Regular Season
1629130,Duncan Robinson,DET,77,0.259,90,181,0.497,0.707,14,76,161,WIDE_OPEN,Regular Season
201572,Brook Lopez,LAC,75,0.334,79,181,0.436,0.635,7,72,170,WIDE_OPEN,Regular Season
1630559,Austin Reaves,LAL,51,0.236,92,180,0.511,0.697,25,67,145,WIDE_OPEN,Regular Season
1629628,RJ Barrett,TOR,57,0.221,86,180,0.478,0.622,34,52,141,WIDE_OPEN,Regular Season
1631095,Jabari Smith Jr.,HOU,77,0.185,80,180,0.444,0.6,24,56,143,WIDE_OPEN,Regular Season
203501,Tim Hardaway Jr.,DEN,80,0.23,89,179,0.497,0.718,10,79,161,WIDE_OPEN,Regular Season
1630162,Anthony Edwards,MIN,61,0.145,92,178,0.517,0.68,34,58,122,WIDE_OPEN,Regular Season
1630183,Jaden McDaniels,MIN,73,0.221,81,178,0.455,0.626,20,61,142,WIDE_OPEN,Regular Season
1630595,Cade Cunningham,DET,64,0.15,73,178,0.41,0.522,33,40,124,WIDE_OPEN,Regular Season
1628983,Shai Gilgeous-Alexander,OKC,68,0.134,87,177,0.492,0.596,50,37,98,WIDE_OPEN,Regular Season
1641842,Ronald Holland II,DET,78,0.325,59,177,0.333,0.444,20,39,147,WIDE_OPEN,Regular Season
1642270,Donovan Clingan,POR,77,0.256,61,175,0.349,0.5,8,53,165,WIDE_OPEN,Regular Season
1630598,Aaron Wiggins,OKC,65,0.325,79,174,0.454,0.644,13,66,158,WIDE_OPEN,Regular Season
1628384,OG Anunoby,NYK,67,0.215,86,173,0.497,0.665,28,58,133,WIDE_OPEN,Regular Season
201950,Jrue Holiday,POR,53,0.243,78,172,0.453,0.616,22,56,140,WIDE_OPEN,Regular Season
1642366,Quinten Post,GSW,67,0.392,66,172,0.384,0.555,7,59,159,WIDE_OPEN,Regular Season
1642272,Jared McCain,OKC,67,0.358,65,172,0.378,0.541,9,56,148,WIDE_OPEN,Regular Season
1642349,Ajay Mitchell,OKC,57,0.292,65,172,0.378,0.52,16,49,136,WIDE_OPEN,Regular Season
1641767,Ben Sheppard,IND,65,0.442,71,171,0.415,0.596,9,62,156,WIDE_OPEN,Regular Season
1642845,VJ Edgecombe,PHI,75,0.165,78,170,0.459,0.603,29,49,124,WIDE_OPEN,Regular Season
1627739,Kris Dunn,LAC,82,0.356,76,170,0.447,0.629,14,62,151,WIDE_OPEN,Regular Season
1628404,Josh Hart,NYK,66,0.284,83,168,0.494,0.652,30,53,122,WIDE_OPEN,Regular Season
1631108,Max Christie,DAL,77,0.229,79,166,0.476,0.669,15,64,146,WIDE_OPEN,Regular Season
1641824,Matas Buzelis,CHI,77,0.173,76,166,0.458,0.627,20,56,142,WIDE_OPEN,Regular Season
1642363,Nique Clifford,SAC,75,0.279,68,166,0.41,0.545,23,45,125,WIDE_OPEN,Regular Season
1630692,Jordan Goodwin,PHX,70,0.297,70,165,0.424,0.612,8,62,149,WIDE_OPEN,Regular Season
1641730,Noah Clowney,BKN,66,0.261,70,165,0.424,0.606,10,60,153,WIDE_OPEN,Regular Season
1628379,Luke Kennard,LAL,78,0.37,92,164,0.561,0.768,24,68,131,WIDE_OPEN,Regular Season
1631101,Shaedon Sharpe,POR,50,0.188,73,163,0.448,0.574,32,41,115,WIDE_OPEN,Regular Season
1641729,Brice Sensabaugh,UTA,75,0.19,63,163,0.387,0.537,14,49,138,WIDE_OPEN,Regular Season
2544,LeBron James,LAL,60,0.176,91,162,0.562,0.642,65,26,69,WIDE_OPEN,Regular Season
1641796,Pelle Larsson,MIA,70,0.289,64,161,0.398,0.54,18,46,137,WIDE_OPEN,Regular Season
1629060,Rui Hachimura,LAL,68,0.268,91,160,0.569,0.778,24,67,128,WIDE_OPEN,Regular Season
1628969,Mikal Bridges,NYK,82,0.166,86,160,0.538,0.656,48,38,92,WIDE_OPEN,Regular Season
1630241,Sam Merrill,CLE,52,0.329,84,159,0.528,0.755,12,72,142,WIDE_OPEN,Regular Season
1630611,Gui Santos,GSW,68,0.343,75,158,0.475,0.639,23,52,132,WIDE_OPEN,Regular Season
1642954,Will Richard,GSW,69,0.457,71,158,0.449,0.601,23,48,130,WIDE_OPEN,Regular Season
1630172,Patrick Williams,CHI,72,0.331,57,158,0.361,0.535,2,55,151,WIDE_OPEN,Regular Season
202691,Klay Thompson,DAL,69,0.216,69,157,0.439,0.618,13,56,135,WIDE_OPEN,Regular Season
1629029,Luka Dončić,LAL,64,0.107,74,156,0.474,0.638,23,51,114,WIDE_OPEN,Regular Season
1642383,Walter Clayton Jr.,MEM,69,0.338,60,156,0.385,0.532,14,46,135,WIDE_OPEN,Regular Season
1629012,Collin Sexton,CHI,68,0.209,68,155,0.439,0.587,22,46,113,WIDE_OPEN,Regular Season
1628991,Jaren Jackson Jr.,UTA,48,0.214,64,154,0.416,0.597,8,56,140,WIDE_OPEN,Regular Season
1642874,Danny Wolf,BKN,57,0.35,59,154,0.383,0.555,6,53,143,WIDE_OPEN,Regular Season
1630700,Dyson Daniels,ATL,76,0.198,54,154,0.351,0.419,33,21,110,WIDE_OPEN,Regular Season
1630567,Scottie Barnes,TOR,80,0.136,72,153,0.471,0.578,39,33,105,WIDE_OPEN,Regular Season
1630541,Moses Moody,GSW,60,0.275,66,153,0.431,0.618,9,57,138,WIDE_OPEN,Regular Season
1641716,Jarace Walker,IND,76,0.209,66,153,0.431,0.595,16,50,127,WIDE_OPEN,Regular Season
1642271,Kyle Filipowski,UTA,77,0.233,58,153,0.379,0.536,10,48,140,WIDE_OPEN,Regular Season
1628370,Malik Monk,SAC,62,0.239,67,151,0.444,0.613,16,51,125,WIDE_OPEN,Regular Season
202699,Tobias Harris,DET,63,0.229,61,151,0.404,0.56,14,47,125,WIDE_OPEN,Regular Season
201587,Nicolas Batum,LAC,74,0.63,69,150,0.46,0.677,4,65,145,WIDE_OPEN,Regular Season
1642920,Kobe Sanders,LAC,68,0.388,73,149,0.49,0.688,14,59,123,WIDE_OPEN,Regular Season
1631260,AJ Green,MIL,78,0.241,65,149,0.436,0.644,3,62,143,WIDE_OPEN,Regular Season
1630188,Jalen Smith,CHI,53,0.369,62,149,0.416,0.601,7,55,137,WIDE_OPEN,Regular Season
1628398,Kyle Kuzma,MIL,69,0.215,79,148,0.534,0.713,26,53,115,WIDE_OPEN,Regular Season
1631170,Jaime Jaquez Jr.,MIA,75,0.162,69,148,0.466,0.608,27,42,115,WIDE_OPEN,Regular Season
1627759,Jaylen Brown,BOS,71,0.096,68,148,0.459,0.547,42,26,70,WIDE_OPEN,Regular Season
1642285,Cam Spencer,MEM,72,0.264,84,147,0.571,0.796,18,66,116,WIDE_OPEN,Regular Season
1631094,Paolo Banchero,ORL,72,0.128,63,147,0.429,0.582,18,45,118,WIDE_OPEN,Regular Season
1629673,Jordan Poole,NOP,39,0.331,58,147,0.395,0.575,5,53,132,WIDE_OPEN,Regular Season
1629656,Quentin Grimes,PHI,75,0.193,66,146,0.452,0.572,31,35,98,WIDE_OPEN,Regular Season
1629001,De'Anthony Melton,GSW,49,0.277,54,146,0.37,0.507,14,40,125,WIDE_OPEN,Regular Season
1641731,Bilal Coulibaly,WAS,56,0.27,68,145,0.469,0.614,26,42,112,WIDE_OPEN,Regular Season
1627780,Gary Payton II,GSW,73,0.35,58,145,0.4,0.514,25,33,110,WIDE_OPEN,Regular Season
201143,Al Horford,GSW,45,0.446,55,144,0.382,0.552,6,49,134,WIDE_OPEN,Regular Season
1629750,Javonte Green,DET,82,0.343,59,142,0.415,0.567,16,43,123,WIDE_OPEN,Regular Season
1642860,Will Riley,WAS,74,0.229,63,141,0.447,0.589,23,40,111,WIDE_OPEN,Regular Season
1641705,Victor Wembanyama,SAS,64,0.13,69,140,0.493,0.639,28,41,103,WIDE_OPEN,Regular Season
1642258,Zaccharie Risacher,ATL,67,0.261,62,140,0.443,0.593,20,42,109,WIDE_OPEN,Regular Season
1629640,Keldon Johnson,SAS,82,0.176,61,140,0.436,0.604,14,47,124,WIDE_OPEN,Regular Season
1631172,Ousmane Dieng,MIL,57,0.352,55,140,0.393,0.536,15,40,110,WIDE_OPEN,Regular Season
1642843,Cooper Flagg,DAL,70,0.117,46,140,0.329,0.407,24,22,97,WIDE_OPEN,Regular Season
1642281,Jaylon Tyson,CLE,66,0.208,77,139,0.554,0.773,16,61,117,WIDE_OPEN,Regular Season
1642450,Daniss Jenkins,DET,72,0.245,59,139,0.424,0.565,20,39,100,WIDE_OPEN,Regular Season
1641765,Olivier-Maxence Prosper,MEM,53,0.395,63,138,0.457,0.638,13,50,118,WIDE_OPEN,Regular Season
1642907,Cedric Coward,MEM,62,0.213,57,138,0.413,0.543,21,36,111,WIDE_OPEN,Regular Season
1630311,Pat Spencer,GSW,66,0.317,51,138,0.37,0.529,7,44,121,WIDE_OPEN,Regular Season
1628989,Kevin Huerter,DET,69,0.23,55,137,0.401,0.533,19,36,114,WIDE_OPEN,Regular Season
1626164,Devin Booker,PHX,64,0.113,58,135,0.43,0.519,34,24,77,WIDE_OPEN,Regular Season
1629018,Gary Trent Jr.,MIL,65,0.285,57,135,0.422,0.615,5,52,127,WIDE_OPEN,Regular Season
1630174,Aaron Nesmith,IND,45,0.262,57,134,0.425,0.597,11,46,108,WIDE_OPEN,Regular Season
1631106,Tari Eason,HOU,60,0.233,46,134,0.343,0.478,10,36,108,WIDE_OPEN,Regular Season
1630314,Brandon Williams,DAL,66,0.216,39,133,0.293,0.372,18,21,97,WIDE_OPEN,Regular Season
1628988,Aaron Holiday,HOU,57,0.526,64,132,0.485,0.701,7,57,120,WIDE_OPEN,Regular Season
203924,Jerami Grant,POR,57,0.181,58,132,0.439,0.614,12,46,114,WIDE_OPEN,Regular Season
1642346,Ryan Dunn,PHX,70,0.363,53,131,0.405,0.55,15,38,103,WIDE_OPEN,Regular Season
1629023,P.J. Washington,DAL,56,0.199,52,131,0.397,0.531,17,35,108,WIDE_OPEN,Regular Season
1629013,Landry Shamet,NYK,51,0.357,61,130,0.469,0.669,9,52,117,WIDE_OPEN,Regular Season
1630544,Tre Mann,CHA,53,0.429,47,130,0.362,0.515,7,40,116,WIDE_OPEN,Regular Season
1630578,Alperen Sengun,HOU,72,0.115,46,129,0.357,0.469,17,29,94,WIDE_OPEN,Regular Season
1630170,Devin Vassell,SAS,67,0.17,61,128,0.477,0.637,20,41,94,WIDE_OPEN,Regular Season
1628381,John Collins,LAC,69,0.194,56,128,0.438,0.59,17,39,101,WIDE_OPEN,Regular Season
1642266,Ja'Kobe Walter,TOR,72,0.317,52,128,0.406,0.582,7,45,118,WIDE_OPEN,Regular Season
1642948,Ryan Nembhard,DAL,60,0.328,50,128,0.391,0.516,18,32,89,WIDE_OPEN,Regular Season
1631212,Peyton Watson,DEN,54,0.217,61,126,0.484,0.639,22,39,94,WIDE_OPEN,Regular Season
1627741,Buddy Hield,ATL,51,0.385,57,126,0.452,0.655,6,51,112,WIDE_OPEN,Regular Season
203952,Andrew Wiggins,MIA,68,0.154,56,126,0.444,0.619,12,44,101,WIDE_OPEN,Regular Season
1631128,Christian Braun,DEN,44,0.326,53,126,0.421,0.552,20,33,99,WIDE_OPEN,Regular Season
202695,Kawhi Leonard,LAC,65,0.099,65,125,0.52,0.668,28,37,85,WIDE_OPEN,Regular Season
201144,Mike Conley,MIN,54,0.581,53,125,0.424,0.616,5,48,113,WIDE_OPEN,Regular Season
1628374,Lauri Markkanen,UTA,42,0.154,68,124,0.548,0.73,23,45,95,WIDE_OPEN,Regular Season
1629014,Anfernee Simons,CHI,55,0.191,61,124,0.492,0.722,4,57,118,WIDE_OPEN,Regular Season
1629006,Josh Okogie,HOU,78,0.42,54,123,0.439,0.622,9,45,110,WIDE_OPEN,Regular Season
1627936,Alex Caruso,OKC,56,0.41,44,123,0.358,0.5,9,35,112,WIDE_OPEN,Regular Season
1642262,Cody Williams,UTA,67,0.24,56,122,0.459,0.525,40,16,73,WIDE_OPEN,Regular Season
1642268,Isaiah Collier,UTA,59,0.233,54,120,0.45,0.55,30,24,73,WIDE_OPEN,Regular Season
203954,Joel Embiid,PHI,38,0.172,54,120,0.45,0.579,23,31,77,WIDE_OPEN,Regular Season
1641718,Keyonte George,UTA,54,0.134,60,118,0.508,0.691,17,43,81,WIDE_OPEN,Regular Season
1630568,Luka Garza,BOS,69,0.331,56,118,0.475,0.657,13,43,99,WIDE_OPEN,Regular Season
1630230,Naji Marshall,DAL,74,0.144,53,118,0.449,0.589,20,33,89,WIDE_OPEN,Regular Season
1629111,Jock Landale,ATL,68,0.216,48,118,0.407,0.576,8,40,99,WIDE_OPEN,Regular Season
1631126,Caleb Love,POR,49,0.241,44,118,0.373,0.53,7,37,104,WIDE_OPEN,Regular Season
1627742,Brandon Ingram,TOR,77,0.09,63,116,0.543,0.69,29,34,72,WIDE_OPEN,Regular Season
1630557,Corey Kispert,ATL,58,0.294,48,116,0.414,0.578,10,38,103,WIDE_OPEN,Regular Season
1631096,Chet Holmgren,OKC,69,0.148,53,115,0.461,0.583,25,28,84,WIDE_OPEN,Regular Season
1642852,Derik Queen,NOP,81,0.154,45,115,0.391,0.461,29,16,63,WIDE_OPEN,Regular Season
1631321,Sidy Cissoko,POR,75,0.345,41,115,0.357,0.491,10,31,102,WIDE_OPEN,Regular Season
1642259,Alex Sarr,WAS,48,0.176,44,114,0.386,0.518,14,30,88,WIDE_OPEN,Regular Season
1641713,GG Jackson,MEM,55,0.22,50,113,0.442,0.615,11,39,99,WIDE_OPEN,Regular Season
1642856,Egor Dëmin,BKN,52,0.252,49,113,0.434,0.646,1,48,108,WIDE_OPEN,Regular Season
1641711,Gradey Dick,TOR,76,0.292,46,112,0.411,0.558,13,33,91,WIDE_OPEN,Regular Season
1642885,Mohamed Diawara,NYK,69,0.526,46,112,0.411,0.563,12,34,98,WIDE_OPEN,Regular Season
1630191,Isaiah Stewart,DET,58,0.279,45,112,0.402,0.558,10,35,99,WIDE_OPEN,Regular Season
1642364,Jamir Watkins,WAS,50,0.38,41,112,0.366,0.496,12,29,97,WIDE_OPEN,Regular Season
1631165,Keon Ellis,CLE,72,0.289,47,111,0.423,0.608,6,41,100,WIDE_OPEN,Regular Season
201935,James Harden,CLE,70,0.098,50,110,0.455,0.636,10,40,91,WIDE_OPEN,Regular Season
203471,Dennis Schröder,CLE,70,0.175,43,110,0.391,0.536,11,32,84,WIDE_OPEN,Regular Season
1630696,Dru Smith,MIA,70,0.338,40,110,0.364,0.514,7,33,97,WIDE_OPEN,Regular Season
1626171,Bobby Portis Jr.,MIL,67,0.145,57,109,0.523,0.679,23,34,76,WIDE_OPEN,Regular Season
203897,Zach LaVine,SAC,39,0.199,55,109,0.505,0.674,18,37,79,WIDE_OPEN,Regular Season
201142,Kevin Durant,HOU,78,0.079,64,108,0.593,0.755,29,35,68,WIDE_OPEN,Regular Season
1630249,Vít Krejčí,POR,65,0.249,56,107,0.523,0.738,10,46,95,WIDE_OPEN,Regular Season
1642276,Kel'el Ware,MIA,77,0.165,49,107,0.458,0.636,11,38,91,WIDE_OPEN,Regular Season
1631093,Jaden Ivey,CHI,37,0.418,46,107,0.43,0.603,9,37,94,WIDE_OPEN,Regular Season
1630695,Micah Potter,IND,47,0.362,53,106,0.5,0.708,9,44,93,WIDE_OPEN,Regular Season
1629020,Jarred Vanderbilt,LAL,65,0.442,39,106,0.368,0.495,12,27,87,WIDE_OPEN,Regular Season
1630534,Ochai Agbaji,BKN,62,0.38,39,106,0.368,0.505,10,29,93,WIDE_OPEN,Regular Season
1631200,Kris Murray,POR,57,0.384,32,106,0.302,0.434,4,28,102,WIDE_OPEN,Regular Season
1630200,Tre Jones,CHI,65,0.17,49,105,0.467,0.571,27,22,73,WIDE_OPEN,Regular Season
1642914,Javon Small,MEM,41,0.366,48,105,0.457,0.629,12,36,88,WIDE_OPEN,Regular Season
1627747,Caris LeVert,DET,60,0.269,42,105,0.4,0.552,10,32,86,WIDE_OPEN,Regular Season
1642461,Spencer Jones,DEN,64,0.397,44,104,0.423,0.591,9,35,91,WIDE_OPEN,Regular Season
1642849,Nolan Traore,BKN,56,0.217,37,104,0.356,0.49,9,28,80,WIDE_OPEN,Regular Season
1631323,Simone Fontecchio,MIA,70,0.219,50,103,0.485,0.709,4,46,96,WIDE_OPEN,Regular Season
1642864,Hugo González,BOS,74,0.419,44,103,0.427,0.597,9,35,87,WIDE_OPEN,Regular Season
1629631,De'Andre Hunter,SAC,45,0.206,43,103,0.417,0.587,8,35,89,WIDE_OPEN,Regular Season
1631097,Bennedict Mathurin,LAC,54,0.151,51,102,0.5,0.642,22,29,62,WIDE_OPEN,Regular Season
1626181,Norman Powell,MIA,58,0.114,49,102,0.48,0.681,8,41,83,WIDE_OPEN,Regular Season
1631124,Julian Strawther,DEN,57,0.317,43,101,0.426,0.599,8,35,88,WIDE_OPEN,Regular Season
1628975,Jevon Carter,ORL,53,0.326,47,100,0.47,0.67,7,40,89,WIDE_OPEN,Regular Season
1642868,Carter Bryant,SAS,71,0.379,43,100,0.43,0.605,8,35,88,WIDE_OPEN,Regular Season
1628971,Bruce Brown,DEN,82,0.19,47,99,0.475,0.662,10,37,83,WIDE_OPEN,Regular Season
1641774,Tristan Vukcevic,WAS,49,0.312,40,99,0.404,0.54,13,27,76,WIDE_OPEN,Regular Season
1629611,Terance Mann,BKN,63,0.266,40,98,0.408,0.577,7,33,83,WIDE_OPEN,Regular Season
1631243,Mouhamed Gueye,ATL,77,0.336,38,97,0.392,0.536,10,28,86,WIDE_OPEN,Regular Season
1641772,Nae'Qwan Tomlin,CLE,64,0.31,33,97,0.34,0.448,12,21,82,WIDE_OPEN,Regular Season
203999,Nikola Jokić,DEN,65,0.085,50,96,0.521,0.714,13,37,75,WIDE_OPEN,Regular Season
1630596,Evan Mobley,CLE,65,0.112,46,96,0.479,0.589,25,21,67,WIDE_OPEN,Regular Season
1630703,Scoot Henderson,POR,30,0.281,40,96,0.417,0.557,13,27,78,WIDE_OPEN,Regular Season
1641712,Rayan Rupert,MEM,64,0.308,38,96,0.396,0.547,9,29,84,WIDE_OPEN,Regular Season
1642877,Micah Peavy,NOP,61,0.349,33,96,0.344,0.448,13,20,75,WIDE_OPEN,Regular Season
1642878,Tyrese Proctor,CLE,50,0.422,41,95,0.432,0.632,3,38,88,WIDE_OPEN,Regular Season
1642265,Rob Dillingham,CHI,65,0.226,38,93,0.409,0.527,16,22,65,WIDE_OPEN,Regular Season
1629731,Dean Wade,CLE,59,0.335,38,93,0.409,0.581,6,32,84,WIDE_OPEN,Regular Season
1630224,Jalen Green,PHX,32,0.182,33,93,0.355,0.473,11,22,73,WIDE_OPEN,Regular Season
1630533,Ziaire Williams,BKN,56,0.212,43,92,0.467,0.641,11,32,78,WIDE_OPEN,Regular Season
1629004,Svi Mykhailiuk,UTA,50,0.251,43,91,0.473,0.681,5,38,83,WIDE_OPEN,Regular Season
1641775,Jordan Walsh,BOS,68,0.341,40,91,0.44,0.61,9,31,80,WIDE_OPEN,Regular Season
1631245,Quenton Jackson,IND,49,0.277,40,91,0.44,0.544,21,19,58,WIDE_OPEN,Regular Season
1631107,Nikola Jović,MIA,47,0.29,28,91,0.308,0.429,6,22,83,WIDE_OPEN,Regular Season
203903,Jordan Clarkson,NYK,72,0.171,38,90,0.422,0.55,15,23,64,WIDE_OPEN,Regular Season
1630702,Jaden Hardy,WAS,57,0.207,42,89,0.472,0.669,7,35,75,WIDE_OPEN,Regular Season
1641738,Kobe Brown,IND,61,0.328,37,89,0.416,0.596,5,32,82,WIDE_OPEN,Regular Season
203484,Kentavious Caldwell-Pope,MEM,51,0.244,34,89,0.382,0.5,13,21,65,WIDE_OPEN,Regular Season
204001,Kristaps Porziņģis,GSW,32,0.229,33,89,0.371,0.528,5,28,78,WIDE_OPEN,Regular Season
1642348,Justin Edwards,PHI,64,0.275,43,88,0.489,0.688,8,35,75,WIDE_OPEN,Regular Season
1641707,Taylor Hendricks,MEM,59,0.248,38,88,0.432,0.619,5,33,82,WIDE_OPEN,Regular Season
1629639,Tyler Herro,MIA,33,0.171,36,88,0.409,0.545,12,24,73,WIDE_OPEN,Regular Season
1631246,Vince Williams Jr.,UTA,40,0.301,29,88,0.33,0.449,8,21,73,WIDE_OPEN,Regular Season
1628418,Thomas Bryant,CLE,60,0.326,35,87,0.402,0.586,3,32,81,WIDE_OPEN,Regular Season
1629618,Jalen Pickett,DEN,50,0.371,36,86,0.419,0.587,7,29,70,WIDE_OPEN,Regular Season
1626162,Kelly Oubre Jr.,PHI,50,0.158,34,86,0.395,0.547,8,26,75,WIDE_OPEN,Regular Season
1630592,Jalen Wilson,BKN,54,0.309,32,86,0.372,0.535,4,28,82,WIDE_OPEN,Regular Season
1631250,Pete Nance,MIL,47,0.438,38,85,0.447,0.629,7,31,77,WIDE_OPEN,Regular Season
1641740,Jaylen Clark,MIN,68,0.373,37,85,0.435,0.6,9,28,73,WIDE_OPEN,Regular Season
1626145,Tyus Jones,DEN,67,0.39,31,85,0.365,0.506,7,24,76,WIDE_OPEN,Regular Season
1627884,Derrick Jones Jr.,LAC,50,0.222,34,84,0.405,0.53,13,21,67,WIDE_OPEN,Regular Season
1631121,Bryce McGowens,NOP,42,0.352,40,83,0.482,0.681,7,33,70,WIDE_OPEN,Regular Season
1642278,Tyler Kolek,NYK,62,0.335,33,83,0.398,0.572,4,29,76,WIDE_OPEN,Regular Season
1631204,Marcus Sasser,DET,38,0.463,37,82,0.451,0.646,5,32,73,WIDE_OPEN,Regular Season
1630551,Justin Champagnie,WAS,69,0.179,28,82,0.341,0.476,6,22,69,WIDE_OPEN,Regular Season
1630583,Santi Aldama,MEM,43,0.17,37,81,0.457,0.63,9,28,68,WIDE_OPEN,Regular Season
1629008,Michael Porter Jr.,BKN,52,0.084,43,80,0.538,0.669,22,21,45,WIDE_OPEN,Regular Season
201567,Kevin Love,UTA,37,0.402,32,80,0.4,0.575,4,28,74,WIDE_OPEN,Regular Season
1642875,Maxime Raynaud,SAC,74,0.118,44,79,0.557,0.69,23,21,50,WIDE_OPEN,Regular Season
1629026,Kenrich Williams,OKC,56,0.267,36,79,0.456,0.633,8,28,67,WIDE_OPEN,Regular Season
203932,Aaron Gordon,DEN,36,0.198,35,79,0.443,0.589,12,23,61,WIDE_OPEN,Regular Season
1642879,Ben Saraf,BKN,44,0.261,23,79,0.291,0.367,11,12,61,WIDE_OPEN,Regular Season
1629684,Grant Williams,CHA,36,0.426,31,78,0.397,0.571,4,27,72,WIDE_OPEN,Regular Season
1628366,Lonzo Ball,CLE,35,0.443,29,78,0.372,0.532,4,25,72,WIDE_OPEN,Regular Season
1642962,Drake Powell,BKN,63,0.215,32,77,0.416,0.571,8,24,68,WIDE_OPEN,Regular Season
203114,Khris Middleton,DAL,63,0.143,32,77,0.416,0.565,9,23,53,WIDE_OPEN,Regular Season
1631169,Josh Minott,BKN,49,0.302,33,76,0.434,0.638,2,31,71,WIDE_OPEN,Regular Season
1642859,Jase Richardson,ORL,54,0.404,28,76,0.368,0.513,6,22,67,WIDE_OPEN,Regular Season
1642857,Kasparas Jakučionis,MIA,53,0.316,39,75,0.52,0.733,7,32,65,WIDE_OPEN,Regular Season
1629645,Kevin Porter Jr.,MIL,38,0.146,34,75,0.453,0.553,19,15,46,WIDE_OPEN,Regular Season
203994,Jusuf Nurkić,UTA,41,0.21,33,75,0.44,0.593,10,23,62,WIDE_OPEN,Regular Season
1630173,Precious Achiuwa,SAC,73,0.125,31,75,0.413,0.54,12,19,56,WIDE_OPEN,Regular Season
1627824,Guerschon Yabusele,CHI,67,0.237,28,74,0.378,0.534,5,23,65,WIDE_OPEN,Regular Season
1630811,Keaton Wallace,ATL,53,0.433,27,74,0.365,0.514,5,22,65,WIDE_OPEN,Regular Season
1641709,Ausar Thompson,DET,73,0.127,39,73,0.534,0.562,35,4,20,WIDE_OPEN,Regular Season
1641757,Jordan Miller,LAC,60,0.18,31,72,0.431,0.576,10,21,59,WIDE_OPEN,Regular Season
1643018,LJ Cryer,GSW,18,0.615,30,72,0.417,0.604,3,27,66,WIDE_OPEN,Regular Season
1630540,Miles McBride,NYK,41,0.178,28,72,0.389,0.528,8,20,60,WIDE_OPEN,Regular Season
1631114,Jalen Williams,OKC,33,0.159,34,71,0.479,0.585,19,15,43,WIDE_OPEN,Regular Season
1631159,Leonard Miller,CHI,46,0.272,32,71,0.451,0.549,18,14,49,WIDE_OPEN,Regular Season
1629723,John Konchar,UTA,56,0.357,27,71,0.38,0.535,5,22,63,WIDE_OPEN,Regular Season
1629630,Ja Morant,MEM,20,0.22,22,71,0.31,0.387,11,11,44,WIDE_OPEN,Regular Season
1631255,Karlo Matković,NOP,62,0.299,38,70,0.543,0.729,12,26,58,WIDE_OPEN,Regular Season
1631230,Dominick Barlow,PHI,71,0.176,30,70,0.429,0.521,17,13,47,WIDE_OPEN,Regular Season
1627827,Dorian Finney-Smith,HOU,37,0.53,25,70,0.357,0.514,3,22,66,WIDE_OPEN,Regular Season
1630182,Josh Green,CHA,58,0.383,34,69,0.493,0.696,6,28,61,WIDE_OPEN,Regular Season
1630228,Jonathan Kuminga,ATL,36,0.204,31,69,0.449,0.572,14,17,52,WIDE_OPEN,Regular Season
1630532,Franz Wagner,ORL,34,0.134,39,68,0.574,0.713,20,19,43,WIDE_OPEN,Regular Season
1630536,Sharife Cooper,WAS,41,0.276,32,68,0.471,0.61,13,19,43,WIDE_OPEN,Regular Season
1641724,Jett Howard,ORL,55,0.271,27,68,0.397,0.559,5,22,58,WIDE_OPEN,Regular Season
203083,Andre Drummond,PHI,63,0.202,24,68,0.353,0.5,4,20,62,WIDE_OPEN,Regular Season
1630167,Obi Toppin,IND,24,0.332,33,66,0.5,0.697,7,26,57,WIDE_OPEN,Regular Season
1641733,Nick Smith Jr.,LAL,30,0.41,27,66,0.409,0.576,5,22,58,WIDE_OPEN,Regular Season
1642853,Rasheer Fleming,PHX,55,0.307,28,65,0.431,0.6,6,22,55,WIDE_OPEN,Regular Season
1643007,Taelon Peter,IND,38,0.411,28,65,0.431,0.623,3,25,62,WIDE_OPEN,Regular Season
1631213,Tyrese Martin,PHI,46,0.235,27,65,0.415,0.585,5,22,58,WIDE_OPEN,Regular Season
1642275,Tidjane Salaün,CHA,37,0.403,30,64,0.469,0.68,3,27,61,WIDE_OPEN,Regular Season
201942,DeMar DeRozan,SAC,77,0.064,29,64,0.453,0.523,20,9,32,WIDE_OPEN,Regular Season
1642382,Branden Carlson,OKC,42,0.344,23,64,0.359,0.523,2,21,60,WIDE_OPEN,Regular Season
1642869,Noah Penda,ORL,59,0.31,28,63,0.444,0.579,11,17,51,WIDE_OPEN,Regular Season
1642942,Jahmai Mashack,MEM,31,0.323,20,63,0.317,0.444,4,16,56,WIDE_OPEN,Regular Season
1642358,AJ Johnson,DAL,48,0.358,17,63,0.27,0.357,6,11,51,WIDE_OPEN,Regular Season
1641854,Craig Porter Jr.,CLE,64,0.241,29,62,0.468,0.613,11,18,51,WIDE_OPEN,Regular Season
204456,T.J. McConnell,IND,56,0.138,28,62,0.452,0.532,18,10,33,WIDE_OPEN,Regular Season
1642867,Collin Murray-Boyles,TOR,57,0.179,25,61,0.41,0.541,9,16,42,WIDE_OPEN,Regular Season
1628963,Marvin Bagley III,DAL,60,0.146,36,60,0.6,0.775,15,21,42,WIDE_OPEN,Regular Season
1630623,Tyson Etienne,BKN,24,0.414,28,60,0.467,0.692,1,27,56,WIDE_OPEN,Regular Season
1628386,Jarrett Allen,CLE,56,0.112,34,59,0.576,0.585,33,1,8,WIDE_OPEN,Regular Season
1630545,Terrence Shannon Jr,MIN,43,0.339,29,58,0.5,0.707,5,24,50,WIDE_OPEN,Regular Season
202710,Jimmy Butler III,GSW,38,0.126,28,58,0.483,0.603,14,14,35,WIDE_OPEN,Regular Season
1641722,Jordan Hawkins,NOP,51,0.222,26,57,0.456,0.64,5,21,43,WIDE_OPEN,Regular Season
1629216,Gabe Vincent,ATL,53,0.264,24,57,0.421,0.623,1,23,55,WIDE_OPEN,Regular Season
202331,Paul George,PHI,37,0.109,29,56,0.518,0.723,6,23,43,WIDE_OPEN,Regular Season
1642419,Jamison Battle,TOR,61,0.386,25,56,0.446,0.643,3,22,51,WIDE_OPEN,Regular Season
1642066,Myron Gardner,MIA,45,0.455,21,56,0.375,0.545,2,19,47,WIDE_OPEN,Regular Season
1630679,Ethan Thompson,IND,32,0.286,20,56,0.357,0.518,2,18,49,WIDE_OPEN,Regular Season
1641763,Julian Phillips,MIN,48,0.463,18,56,0.321,0.473,1,17,52,WIDE_OPEN,Regular Season
1629680,Matisse Thybulle,POR,30,0.403,24,54,0.444,0.648,2,22,50,WIDE_OPEN,Regular Season
1642854,Asa Newell,ATL,44,0.32,24,54,0.444,0.63,4,20,49,WIDE_OPEN,Regular Season
1630175,Cole Anthony,MIL,35,0.234,19,54,0.352,0.444,9,10,41,WIDE_OPEN,Regular Season
1629027,Trae Young,WAS,15,0.299,18,53,0.34,0.472,4,14,43,WIDE_OPEN,Regular Season
1642269,Devin Carter,SAC,38,0.182,17,53,0.321,0.406,8,9,41,WIDE_OPEN,Regular Season
1642404,Chaz Lanier,DET,34,0.596,15,53,0.283,0.415,1,14,51,WIDE_OPEN,Regular Season
1641748,Andre Jackson Jr.,MIL,48,0.445,14,53,0.264,0.349,5,9,44,WIDE_OPEN,Regular Season
1631199,Ron Harper Jr.,BOS,29,0.473,18,52,0.346,0.5,2,16,50,WIDE_OPEN,Regular Season
1631133,Jabari Walker,PHI,64,0.244,18,52,0.346,0.481,4,14,45,WIDE_OPEN,Regular Season
1631099,Keegan Murray,SAC,23,0.173,17,52,0.327,0.442,5,12,41,WIDE_OPEN,Regular Season
202685,Jonas Valanciunas,DEN,65,0.131,26,51,0.51,0.588,18,8,21,WIDE_OPEN,Regular Season
1631342,Daeqwon Plowden,SAC,32,0.183,21,51,0.412,0.549,7,14,42,WIDE_OPEN,Regular Season
203507,Giannis Antetokounmpo,MIL,36,0.084,27,50,0.54,0.64,17,10,25,WIDE_OPEN,Regular Season
1626166,Cameron Payne,PHI,22,0.336,22,50,0.44,0.62,4,18,46,WIDE_OPEN,Regular Season
1631288,Jamal Cain,ORL,40,0.329,19,50,0.38,0.53,4,15,43,WIDE_OPEN,Regular Season
1631123,Jamaree Bouyea,PHX,46,0.212,14,50,0.28,0.38,4,10,40,WIDE_OPEN,Regular Season
1642355,Bronny James,LAL,42,0.43,23,49,0.469,0.633,7,16,37,WIDE_OPEN,Regular Season
1626156,D'Angelo Russell,WAS,26,0.211,17,49,0.347,0.49,3,14,42,WIDE_OPEN,Regular Season
1630560,Cam Thomas,MIL,42,0.104,24,48,0.5,0.656,9,15,34,WIDE_OPEN,Regular Season
1626204,Larry Nance Jr.,CLE,35,0.387,23,48,0.479,0.667,5,18,42,WIDE_OPEN,Regular Season
1629021,Moritz Wagner,ORL,36,0.246,18,48,0.375,0.531,3,15,44,WIDE_OPEN,Regular Season
1628997,Caleb Martin,DAL,58,0.249,23,47,0.489,0.617,11,12,27,WIDE_OPEN,Regular Season
1630549,Day'Ron Sharpe,BKN,62,0.132,18,47,0.383,0.468,10,8,32,WIDE_OPEN,Regular Season
1631110,Jeremy Sochan,NYK,44,0.364,14,47,0.298,0.404,4,10,39,WIDE_OPEN,Regular Season
1629651,Nic Claxton,BKN,69,0.079,21,46,0.457,0.489,18,3,14,WIDE_OPEN,Regular Season
203926,Doug McDermott,SAC,29,0.331,15,46,0.326,0.489,0,15,44,WIDE_OPEN,Regular Season
203482,Kelly Olynyk,SAS,42,0.479,15,46,0.326,0.457,3,12,42,WIDE_OPEN,Regular Season
1630264,Anthony Gill,WAS,55,0.21,23,45,0.511,0.678,8,15,35,WIDE_OPEN,Regular Season
1642862,Liam McNeeley,CHA,31,0.474,17,45,0.378,0.567,0,17,45,WIDE_OPEN,Regular Season
1641989,Elijah Harkless,UTA,26,0.28,17,45,0.378,0.489,7,10,37,WIDE_OPEN,Regular Season
1630194,Paul Reed,DET,65,0.13,26,44,0.591,0.705,16,10,23,WIDE_OPEN,Regular Season
1642261,Dalton Knecht,LAL,54,0.23,21,44,0.477,0.659,5,16,37,WIDE_OPEN,Regular Season
1630570,Trendon Watford,PHI,53,0.164,13,44,0.295,0.364,7,6,31,WIDE_OPEN,Regular Season
1627752,Taurean Prince,MIL,26,0.225,14,43,0.326,0.477,1,13,41,WIDE_OPEN,Regular Season
1641747,DaRon Holmes II,DEN,25,0.689,22,42,0.524,0.738,4,18,38,WIDE_OPEN,Regular Season
1630322,Lindy Waters III,SAS,40,0.477,16,42,0.381,0.548,2,14,40,WIDE_OPEN,Regular Season
1631109,Mark Williams,PHX,60,0.094,36,41,0.878,0.89,35,1,1,WIDE_OPEN,Regular Season
1642277,Johnny Furphy,IND,35,0.275,19,41,0.463,0.573,10,9,30,WIDE_OPEN,Regular Season
203992,Bogdan Bogdanović,LAC,23,0.257,15,39,0.385,0.564,1,14,37,WIDE_OPEN,Regular Season
1642354,KJ Simpson,DEN,20,0.394,15,39,0.385,0.526,4,11,30,WIDE_OPEN,Regular Season
1642959,Chris Youngblood,POR,34,0.619,15,39,0.385,0.577,0,15,38,WIDE_OPEN,Regular Season
1630192,Zeke Nnaji,DEN,52,0.258,15,39,0.385,0.487,7,8,28,WIDE_OPEN,Regular Season
1641869,Malachi Smith,BKN,15,0.384,18,38,0.474,0.697,1,17,36,WIDE_OPEN,Regular Season
1629162,Jordan McLaughlin,SAS,44,0.481,14,38,0.368,0.553,0,14,32,WIDE_OPEN,Regular Season
1627734,Domantas Sabonis,SAC,19,0.173,14,38,0.368,0.421,10,4,25,WIDE_OPEN,Regular Season
1631105,Jalen Duren,DET,70,0.046,26,37,0.703,0.703,26,0,0,WIDE_OPEN,Regular Season
1642504,Cormac Ryan,MIL,11,0.363,18,37,0.486,0.662,5,13,31,WIDE_OPEN,Regular Season
1628369,Jayson Tatum,BOS,16,0.129,18,37,0.486,0.622,8,10,28,WIDE_OPEN,Regular Season
203076,Anthony Davis,WAS,20,0.111,15,37,0.405,0.473,10,5,20,WIDE_OPEN,Regular Season
1641871,Duop Reath,POR,32,0.486,17,36,0.472,0.708,0,17,36,WIDE_OPEN,Regular Season
1642352,Keshad Johnson,MIA,32,0.353,12,36,0.333,0.403,7,5,28,WIDE_OPEN,Regular Season
1629660,Ty Jerome,MEM,15,0.167,12,36,0.333,0.472,2,10,33,WIDE_OPEN,Regular Season
1630165,Killian Hayes,SAC,23,0.261,9,36,0.25,0.319,4,5,28,WIDE_OPEN,Regular Season
203914,Gary Harris,MIL,48,0.337,16,35,0.457,0.643,3,13,30,WIDE_OPEN,Regular Season
1642967,John Poulakidas,DAL,13,0.385,13,35,0.371,0.543,1,12,32,WIDE_OPEN,Regular Season
1629627,Zion Williamson,NOP,62,0.041,24,33,0.727,0.742,23,1,3,WIDE_OPEN,Regular Season
1642905,Yang Hansen,POR,43,0.33,5,33,0.152,0.212,1,4,29,WIDE_OPEN,Regular Season
1631113,Kennedy Chandler,UTA,11,0.234,17,32,0.531,0.688,7,10,21,WIDE_OPEN,Regular Season
1641778,Leaky Black,WAS,15,0.311,13,32,0.406,0.578,2,11,27,WIDE_OPEN,Regular Season
203497,Rudy Gobert,MIN,76,0.064,23,31,0.742,0.742,23,0,5,WIDE_OPEN,Regular Season
1630526,Jeremiah Robinson-Earl,DAL,22,0.31,13,31,0.419,0.565,4,9,24,WIDE_OPEN,Regular Season
1628371,Jonathan Isaac,ORL,52,0.284,8,31,0.258,0.323,4,4,25,WIDE_OPEN,Regular Season
1631207,Dalen Terry,PHI,48,0.194,13,30,0.433,0.617,2,11,26,WIDE_OPEN,Regular Season
1643016,Bez Mbeng,UTA,15,0.3,12,30,0.4,0.483,7,5,23,WIDE_OPEN,Regular Season
1630587,Isaiah Livers,PHX,36,0.469,10,30,0.333,0.483,1,9,28,WIDE_OPEN,Regular Season
1630610,DeJon Jarreau,MEM,11,0.361,8,30,0.267,0.317,5,3,23,WIDE_OPEN,Regular Season
1631104,Blake Wesley,POR,31,0.242,7,30,0.233,0.3,3,4,21,WIDE_OPEN,Regular Season
1629028,Deandre Ayton,LAL,72,0.048,23,29,0.793,0.793,23,0,0,WIDE_OPEN,Regular Season
1627751,Jakob Poeltl,TOR,46,0.094,22,29,0.759,0.759,22,0,0,WIDE_OPEN,Regular Season
1629599,Amir Coffey,PHX,46,0.257,10,29,0.345,0.483,2,8,26,WIDE_OPEN,Regular Season
1642345,Oso Ighodaro,PHX,82,0.077,20,28,0.714,0.714,20,0,0,WIDE_OPEN,Regular Season
1628392,Isaiah Hartenstein,OKC,47,0.095,17,28,0.607,0.607,17,0,6,WIDE_OPEN,Regular Season
1642380,Adama Bal,MEM,8,0.412,15,28,0.536,0.768,2,13,24,WIDE_OPEN,Regular Season
1631166,Drew Timme,LAL,27,0.424,14,28,0.5,0.643,6,8,20,WIDE_OPEN,Regular Season
1641715,Cam Whitmore,WAS,21,0.168,13,28,0.464,0.554,8,5,14,WIDE_OPEN,Regular Season
1642353,Cam Christie,LAC,55,0.201,11,28,0.393,0.554,2,9,23,WIDE_OPEN,Regular Season
1643253,Toby Okani,MEM,6,0.4,8,28,0.286,0.411,1,7,24,WIDE_OPEN,Regular Season
1630604,E.J. Liddell,BKN,26,0.25,5,28,0.179,0.268,0,5,28,WIDE_OPEN,Regular Season
1626192,Pat Connaughton,CHA,42,0.318,17,27,0.63,0.889,3,14,24,WIDE_OPEN,Regular Season
1631120,JD Davison,HOU,28,0.422,9,27,0.333,0.463,2,7,23,WIDE_OPEN,Regular Season
1631217,Moussa Diabaté,CHA,73,0.072,21,26,0.808,0.827,20,1,1,WIDE_OPEN,Regular Season
1642880,Kam Jones,IND,37,0.154,13,26,0.5,0.673,4,9,21,WIDE_OPEN,Regular Season
1631351,Lucas Williamson,MEM,7,0.347,9,26,0.346,0.481,2,7,23,WIDE_OPEN,Regular Season
1630256,Jae'Sean Tate,HOU,46,0.239,9,26,0.346,0.5,1,8,25,WIDE_OPEN,Regular Season
1641727,Dariq Whitehead,MEM,6,0.28,6,26,0.231,0.308,2,4,22,WIDE_OPEN,Regular Season
1641771,Jalen Slawson,IND,13,0.325,11,25,0.44,0.62,2,9,20,WIDE_OPEN,Regular Season
1642530,Yuki Kawamura,CHI,18,0.481,8,25,0.32,0.48,0,8,25,WIDE_OPEN,Regular Season
1628467,Maxi Kleber,LAL,43,0.342,8,25,0.32,0.42,3,5,22,WIDE_OPEN,Regular Season
1629622,Max Strus,CLE,12,0.236,7,25,0.28,0.4,1,6,24,WIDE_OPEN,Regular Season
1629057,Robert Williams III,POR,59,0.096,11,24,0.458,0.563,6,5,15,WIDE_OPEN,Regular Season
1631174,Tyler Burton,MEM,12,0.214,11,24,0.458,0.625,3,8,20,WIDE_OPEN,Regular Season
1643052,Chaney Johnson,BKN,17,0.255,9,24,0.375,0.563,0,9,23,WIDE_OPEN,Regular Season
1630208,Nick Richards,CHI,48,0.114,13,23,0.565,0.652,9,4,12,WIDE_OPEN,Regular Season
1630699,MarJon Beauchamp,PHI,14,0.303,10,23,0.435,0.609,2,8,21,WIDE_OPEN,Regular Season
1631466,Nate Williams,GSW,14,0.267,9,23,0.391,0.543,2,7,20,WIDE_OPEN,Regular Season
1642964,Brooks Barnhizer,OKC,40,0.324,9,23,0.391,0.522,3,6,18,WIDE_OPEN,Regular Season
1642396,Blake Hinson,UTA,14,0.183,10,21,0.476,0.714,0,10,20,WIDE_OPEN,Regular Season
1630639,A.J. Lawson,TOR,24,0.269,10,21,0.476,0.69,1,9,19,WIDE_OPEN,Regular Season
201145,Jeff Green,HOU,30,0.309,7,21,0.333,0.5,0,7,20,WIDE_OPEN,Regular Season
1629637,Jaxson Hayes,LAL,66,0.076,19,20,0.95,1.025,16,3,3,WIDE_OPEN,Regular Season
1628380,Zach Collins,CHI,10,0.313,11,20,0.55,0.75,3,8,17,WIDE_OPEN,Regular Season
101108,Chris Paul,LAC,16,0.357,7,20,0.35,0.5,1,6,16,WIDE_OPEN,Regular Season
1629674,Neemias Queta,BOS,76,0.038,15,19,0.789,0.816,14,1,5,WIDE_OPEN,Regular Season
1629655,Daniel Gafford,DAL,55,0.06,14,19,0.737,0.737,14,0,0,WIDE_OPEN,Regular Season
203939,Dwight Powell,DAL,63,0.19,13,19,0.684,0.737,11,2,7,WIDE_OPEN,Regular Season
1631103,Malaki Branham,WAS,28,0.209,9,19,0.474,0.658,2,7,16,WIDE_OPEN,Regular Season
1642939,Miles Kelly,DAL,14,0.432,7,19,0.368,0.526,1,6,17,WIDE_OPEN,Regular Season
1628436,Luke Kornet,SAS,68,0.066,16,18,0.889,0.889,16,0,0,WIDE_OPEN,Regular Season
1629048,Goga Bitadze,ORL,64,0.08,11,18,0.611,0.639,10,1,7,WIDE_OPEN,Regular Season
1642950,Lachlan Olbrich,CHI,37,0.234,7,18,0.389,0.444,5,2,13,WIDE_OPEN,Regular Season
1642918,Alijah Martin,TOR,23,0.36,5,18,0.278,0.389,1,4,16,WIDE_OPEN,Regular Season
1630579,Jericho Sims,MIL,67,0.092,11,17,0.647,0.647,11,0,0,WIDE_OPEN,Regular Season
1642863,Khaman Maluach,PHX,46,0.165,6,17,0.353,0.441,3,3,13,WIDE_OPEN,Regular Season
1630214,Xavier Tillman,CHA,30,0.37,5,17,0.294,0.382,2,3,15,WIDE_OPEN,Regular Season
1627826,Ivica Zubac,IND,48,0.033,14,16,0.875,0.875,14,0,0,WIDE_OPEN,Regular Season
1641737,Adem Bona,PHI,71,0.073,11,16,0.688,0.75,9,2,6,WIDE_OPEN,Regular Season
1628396,Tony Bradley,ATL,41,0.137,9,16,0.563,0.594,8,1,3,WIDE_OPEN,Regular Season
1630590,Scotty Pippen Jr.,MEM,10,0.168,8,16,0.5,0.625,4,4,11,WIDE_OPEN,Regular Season
1631132,Christian Koloko,ATL,27,0.216,6,16,0.375,0.406,5,1,9,WIDE_OPEN,Regular Season
200768,Kyle Lowry,PHI,14,0.64,3,16,0.188,0.281,0,3,16,WIDE_OPEN,Regular Season
1641723,Kobe Bufkin,LAL,16,0.3,4,15,0.267,0.3,3,1,10,WIDE_OPEN,Regular Season
1629234,Drew Eubanks,SAC,42,0.096,4,15,0.267,0.3,3,1,7,WIDE_OPEN,Regular Season
1642484,RayJ Dennis,ATL,17,0.181,4,15,0.267,0.367,1,3,12,WIDE_OPEN,Regular Season
1642274,Yves Missi,NOP,66,0.048,10,14,0.714,0.714,10,0,1,WIDE_OPEN,Regular Season
1641810,Antonio Reeves,CHA,10,0.7,8,14,0.571,0.821,1,7,13,WIDE_OPEN,Regular Season
1641725,Trey Alexander,NOP,9,0.378,8,14,0.571,0.786,2,6,9,WIDE_OPEN,Regular Season
1642938,Curtis Jones,DEN,10,0.519,7,14,0.5,0.679,2,5,12,WIDE_OPEN,Regular Season
1641890,Tyler Smith,DAL,12,0.28,7,14,0.5,0.679,2,5,12,WIDE_OPEN,Regular Season
1629726,Garrison Mathews,IND,15,0.269,4,14,0.286,0.429,0,4,14,WIDE_OPEN,Regular Season
1642359,Pacôme Dadiet,NYK,29,0.292,3,14,0.214,0.321,0,3,13,WIDE_OPEN,Regular Season
1642928,Dylan Cardwell,SAC,44,0.073,9,13,0.692,0.769,7,2,3,WIDE_OPEN,Regular Season
1642502,Malevy Leons,GSW,25,0.181,8,13,0.615,0.769,4,4,9,WIDE_OPEN,Regular Season
1630543,Isaiah Jackson,LAC,55,0.055,7,13,0.538,0.538,7,0,3,WIDE_OPEN,Regular Season
203937,Kyle Anderson,MIN,43,0.064,7,13,0.538,0.615,5,2,5,WIDE_OPEN,Regular Season
1626172,Kevon Looney,NOP,21,0.217,3,13,0.231,0.308,1,2,10,WIDE_OPEN,Regular Season
1642260,Nikola Topić,OKC,10,0.235,6,12,0.5,0.625,3,3,9,WIDE_OPEN,Regular Season
1642384,Isaiah Crawford,HOU,14,0.5,5,12,0.417,0.542,2,3,10,WIDE_OPEN,Regular Season
1630286,Trevon Scott,BKN,6,0.24,2,12,0.167,0.25,0,2,9,WIDE_OPEN,Regular Season
1631117,Walker Kessler,UTA,5,0.297,8,11,0.727,1.0,2,6,8,WIDE_OPEN,Regular Season
201569,Eric Gordon,PHI,6,0.524,8,11,0.727,1.045,1,7,9,WIDE_OPEN,Regular Season
1627749,Dejounte Murray,NOP,14,0.06,5,11,0.455,0.591,2,3,8,WIDE_OPEN,Regular Season
1630548,Johnny Juzang,MIN,21,0.289,3,11,0.273,0.364,1,2,9,WIDE_OPEN,Regular Season
1641816,Hunter Tyson,DEN,21,0.212,1,11,0.091,0.091,1,0,10,WIDE_OPEN,Regular Season
1630619,Moussa Cisse,DAL,38,0.087,9,10,0.9,0.9,9,0,0,WIDE_OPEN,Regular Season
1642949,Yanic Konan Niederhäuser,LAC,41,0.1,6,10,0.6,0.65,5,1,4,WIDE_OPEN,Regular Season
1642886,Koby Brea,PHX,12,0.278,6,10,0.6,0.9,0,6,10,WIDE_OPEN,Regular Season
1641755,Kevin McCullar Jr.,NYK,21,0.213,6,10,0.6,0.75,3,3,7,WIDE_OPEN,Regular Season
204060,Joe Ingles,MIN,27,0.37,5,10,0.5,0.65,2,3,8,WIDE_OPEN,Regular Season
1642882,Julian Reese,WAS,13,0.085,5,10,0.5,0.5,5,0,0,WIDE_OPEN,Regular Season
203552,Seth Curry,GSW,10,0.204,5,10,0.5,0.65,2,3,7,WIDE_OPEN,Regular Season
1630644,Mac McClung,CHI,11,0.169,4,10,0.4,0.55,1,3,8,WIDE_OPEN,Regular Season
1641750,Ryan Kalkbrenner,CHA,69,0.031,7,9,0.778,0.778,7,0,1,WIDE_OPEN,Regular Season
203078,Bradley Beal,LAC,6,0.188,6,9,0.667,0.778,4,2,4,WIDE_OPEN,Regular Season
1629312,Haywood Highsmith,PHX,7,0.391,5,9,0.556,0.833,0,5,9,WIDE_OPEN,Regular Season
1631116,Patrick Baldwin Jr.,SAC,9,0.333,4,9,0.444,0.611,1,3,8,WIDE_OPEN,Regular Season
1631451,Javonte Cooke,POR,19,0.22,2,9,0.222,0.333,0,2,9,WIDE_OPEN,Regular Season
1629011,Mitchell Robinson,NYK,60,0.039,5,8,0.625,0.625,5,0,0,WIDE_OPEN,Regular Season
1628502,Nigel Hayes-Davis,PHX,27,0.174,3,8,0.375,0.438,2,1,6,WIDE_OPEN,Regular Season
201959,Taj Gibson,MEM,10,0.308,2,8,0.25,0.375,0,2,5,WIDE_OPEN,Regular Season
1642443,Jahmir Young,MIA,14,0.32,2,8,0.25,0.313,1,1,6,WIDE_OPEN,Regular Season
1631247,Luke Travers,CLE,12,0.222,1,8,0.125,0.188,0,1,8,WIDE_OPEN,Regular Season
1642866,Joan Beringer,MIN,40,0.072,5,7,0.714,0.714,5,0,0,WIDE_OPEN,Regular Season
1628420,Monte Morris,IND,6,0.35,3,7,0.429,0.571,1,2,5,WIDE_OPEN,Regular Season
1643158,Andersson Garcia,UTA,5,0.241,1,7,0.143,0.214,0,1,7,WIDE_OPEN,Regular Season
1631218,Trayce Jackson-Davis,TOR,53,0.048,5,6,0.833,0.917,4,1,1,WIDE_OPEN,Regular Season
1631131,Oscar Tshiebwe,UTA,27,0.041,5,6,0.833,0.833,5,0,0,WIDE_OPEN,Regular Season
203648,Thanasis Antetokounmpo,MIL,34,0.188,4,6,0.667,0.667,4,0,1,WIDE_OPEN,Regular Season
1641790,PJ Hall,CHA,19,0.102,4,6,0.667,0.833,2,2,3,WIDE_OPEN,Regular Season
1642362,Payton Sandfort,OKC,4,0.231,4,6,0.667,0.917,1,3,5,WIDE_OPEN,Regular Season
1631216,Caleb Houstan,ATL,18,0.231,3,6,0.5,0.75,0,3,6,WIDE_OPEN,Regular Season
1630209,Omer Yurtseven,GSW,9,0.231,3,6,0.5,0.5,3,0,2,WIDE_OPEN,Regular Season
1631102,TyTy Washington Jr.,LAC,16,0.316,3,6,0.5,0.667,1,2,5,WIDE_OPEN,Regular Season
1630828,Alex Antetokounmpo,MIL,6,0.75,2,6,0.333,0.417,1,1,5,WIDE_OPEN,Regular Season
1627746,Skal Labissiere,WAS,3,0.6,2,6,0.333,0.417,1,1,5,WIDE_OPEN,Regular Season
1641744,Zach Edey,MEM,11,0.061,2,6,0.333,0.333,2,0,3,WIDE_OPEN,Regular Season
1642951,Sean Pedulla,LAC,7,0.4,2,6,0.333,0.5,0,2,5,WIDE_OPEN,Regular Season
1641752,Bobi Klintman,DET,12,0.222,1,6,0.167,0.167,1,0,4,WIDE_OPEN,Regular Season
203991,Clint Capela,HOU,75,0.022,4,5,0.8,0.9,3,1,2,WIDE_OPEN,Regular Season
1641813,Mark Sears,MIL,7,0.385,3,5,0.6,0.9,0,3,5,WIDE_OPEN,Regular Season
1630621,Hunter Dickinson,NOP,5,0.357,2,5,0.4,0.4,2,0,2,WIDE_OPEN,Regular Season
1641801,Emanuel Miller,SAS,5,0.385,2,5,0.4,0.5,1,1,4,WIDE_OPEN,Regular Season
202066,Garrett Temple,TOR,22,0.333,1,5,0.2,0.3,0,1,5,WIDE_OPEN,Regular Season
1642876,Adou Thiero,LAL,25,0.161,1,5,0.2,0.2,1,0,2,WIDE_OPEN,Regular Season
1628449,Chris Boucher,BOS,9,0.2,1,5,0.2,0.3,0,1,5,WIDE_OPEN,Regular Season
1631338,Mouhamadou Gueye,CHI,2,0.455,1,5,0.2,0.3,0,1,5,WIDE_OPEN,Regular Season
1641809,Drew Peterson,CHA,6,0.313,0,5,0.0,0.0,0,0,5,WIDE_OPEN,Regular Season
1642357,David Jones Garcia,SAS,11,0.16,3,4,0.75,1.125,0,3,4,WIDE_OPEN,Regular Season
1642402,Enrique Freeman,MIN,4,0.5,3,4,0.75,1.0,1,2,3,WIDE_OPEN,Regular Season
1631214,Alondes Williams,WAS,4,0.154,2,4,0.5,0.625,1,1,3,WIDE_OPEN,Regular Season
1641803,Tristen Newton,HOU,1,0.444,2,4,0.5,0.75,0,2,4,WIDE_OPEN,Regular Season
1642434,Riley Minix,CLE,9,0.174,2,4,0.5,0.5,2,0,2,WIDE_OPEN,Regular Season
1642917,Max Shulga,BOS,11,0.5,1,4,0.25,0.375,0,1,3,WIDE_OPEN,Regular Season
1631223,David Roddy,DEN,5,0.1,1,3,0.333,0.5,0,1,3,WIDE_OPEN,Regular Season
1642400,Tristan Enaruna,CLE,9,0.107,1,3,0.333,0.5,0,1,2,WIDE_OPEN,Regular Season
203967,Dario Saric,SAC,5,0.5,1,3,0.333,0.5,0,1,3,WIDE_OPEN,Regular Season
1642389,Zyon Pullin,MIN,5,0.231,1,3,0.333,0.5,0,1,3,WIDE_OPEN,Regular Season
1641780,Johni Broome,PHI,11,0.125,0,3,0.0,0.0,0,0,2,WIDE_OPEN,Regular Season
1641753,Chris Livingston,CLE,3,0.429,0,3,0.0,0.0,0,0,3,WIDE_OPEN,Regular Season
1631211,Trevor Keels,MIA,8,0.25,0,3,0.0,0.0,0,0,2,WIDE_OPEN,Regular Season
1628998,Cody Martin,IND,4,0.3,0,3,0.0,0.0,0,0,3,WIDE_OPEN,Regular Season
201599,DeAndre Jordan,NOP,12,0.063,2,2,1.0,1.0,2,0,0,WIDE_OPEN,Regular Season
1642873,Amari Williams,BOS,22,0.1,2,2,1.0,1.0,2,0,0,WIDE_OPEN,Regular Season
1642367,Jonathan Mogbo,TOR,40,0.045,1,2,0.5,0.5,1,0,1,WIDE_OPEN,Regular Season
1630846,Olivier Sarr,CLE,4,0.286,1,2,0.5,0.75,0,1,2,WIDE_OPEN,Regular Season
1629646,Charles Bassey,GSW,13,0.043,1,2,0.5,0.5,1,0,0,WIDE_OPEN,Regular Season
1643047,CJ Huntley,PHX,4,0.182,1,2,0.5,0.5,1,0,1,WIDE_OPEN,Regular Season
1643257,Jayson Kent,POR,5,0.286,1,2,0.5,0.75,0,1,2,WIDE_OPEN,Regular Season
1631111,Wendell Moore Jr.,DET,6,0.286,1,2,0.5,0.5,1,0,1,WIDE_OPEN,Regular Season
1629610,DaQuan Jeffries,SAC,3,0.105,1,2,0.5,0.5,1,0,1,WIDE_OPEN,Regular Season
1630574,Ariel Hukporti,NYK,54,0.025,0,2,0.0,0.0,0,0,2,WIDE_OPEN,Regular Season
1642935,Chucky Hepburn,TOR,2,0.333,0,2,0.0,0.0,0,0,2,WIDE_OPEN,Regular Season
1643024,Chris Mañon,LAL,9,0.333,0,2,0.0,0.0,0,0,2,WIDE_OPEN,Regular Season
1642855,Noa Essengue,CHI,2,0.667,0,2,0.0,0.0,0,0,2,WIDE_OPEN,Regular Season
1642490,Josh Oduro,NOP,3,0.118,0,2,0.0,0.0,0,0,2,WIDE_OPEN,Regular Season
1631210,Jacob Toppin,ATL,5,0.167,1,1,1.0,1.0,1,0,0,WIDE_OPEN,Regular Season
1641998,Trey Jemison III,NYK,13,0.1,1,1,1.0,1.0,1,0,0,WIDE_OPEN,Regular Season
203500,Steven Adams,HOU,32,0.007,1,1,1.0,1.0,1,0,0,WIDE_OPEN,Regular Season
1642955,Kadary Richmond,WAS,3,0.063,1,1,1.0,1.5,0,1,1,WIDE_OPEN,Regular Season
1631115,Orlando Robinson,ORL,4,0.2,1,1,1.0,1.5,0,1,1,WIDE_OPEN,Regular Season
203486,Mason Plumlee,SAS,20,0.071,1,1,1.0,1.0,1,0,0,WIDE_OPEN,Regular Season
1642884,Vladislav Goldin,MIA,9,0.25,1,1,1.0,1.0,1,0,0,WIDE_OPEN,Regular Season
1630625,Dalano Banton,BOS,6,0.083,1,1,1.0,1.0,1,0,0,WIDE_OPEN,Regular Season
1642449,Tolu Smith,DET,15,0.028,1,1,1.0,1.0,1,0,0,WIDE_OPEN,Regular Season
1642280,Trentyn Flowers,CHI,2,0.333,1,1,1.0,1.0,1,0,0,WIDE_OPEN,Regular Season
1643141,Jahmyl Telfort,LAC,8,0.25,0,1,0.0,0.0,0,0,1,WIDE_OPEN,Regular Season
1642910,John Tonje,BOS,6,0.071,0,1,0.0,0.0,0,0,0,WIDE_OPEN,Regular Season
1631205,Buddy Boeheim,OKC,4,0.167,0,1,0.0,0.0,0,0,1,WIDE_OPEN,Regular Season
1641794,Dillon Jones,NYK,7,0.111,0,1,0.0,0.0,0,0,1,WIDE_OPEN,Regular Season
1631457,Alex Morales,ORL,4,0.143,0,1,0.0,0.0,0,0,1,WIDE_OPEN,Regular Season
1641761,Grant Nelson,BKN,4,0.111,0,1,0.0,0.0,0,0,0,WIDE_OPEN,Regular Season
1630164,James Wiseman,IND,4,0.1,0,1,0.0,0.0,0,0,0,WIDE_OPEN,Regular Season
1641732,Colby Jones,DET,1,0.333,0,1,0.0,0.0,0,0,1,WIDE_OPEN,Regular Season
1642403,Isaac Jones,DET,7,0.143,0,1,0.0,0.0,0,0,1,WIDE_OPEN,Regular Season
1642933,Keshon Gilbert,ATL,4,0.083,0,1,0.0,0.0,0,0,1,WIDE_OPEN,Regular Season
1628365,Markelle Fultz,TOR,5,0.1,0,1,0.0,0.0,0,0,0,WIDE_OPEN,Regular Season
1641705,Victor Wembanyama,SAS,22,0.16,36,58,0.621,0.621,36,0,0,VERY_TIGHT,Playoffs
1642264,Stephon Castle,SAS,23,0.162,26,48,0.542,0.542,26,0,0,VERY_TIGHT,Playoffs
1628973,Jalen Brunson,NYK,19,0.116,22,48,0.458,0.469,21,1,3,VERY_TIGHT,Playoffs
1630596,Evan Mobley,CLE,18,0.197,21,42,0.5,0.5,21,0,1,VERY_TIGHT,Playoffs
1642844,Dylan Harper,SAS,23,0.172,18,40,0.45,0.45,18,0,1,VERY_TIGHT,Playoffs
1630595,Cade Cunningham,DET,14,0.129,13,38,0.342,0.342,13,0,3,VERY_TIGHT,Playoffs
1628378,Donovan Mitchell,CLE,18,0.092,15,35,0.429,0.457,13,2,3,VERY_TIGHT,Playoffs
1629640,Keldon Johnson,SAS,23,0.204,12,33,0.364,0.364,12,0,0,VERY_TIGHT,Playoffs
203944,Julius Randle,MIN,12,0.192,10,33,0.303,0.303,10,0,0,VERY_TIGHT,Playoffs
1631105,Jalen Duren,DET,14,0.294,14,32,0.438,0.438,14,0,0,VERY_TIGHT,Playoffs
1642349,Ajay Mitchell,OKC,11,0.204,15,28,0.536,0.536,15,0,0,VERY_TIGHT,Playoffs
2544,LeBron James,LAL,10,0.153,14,28,0.5,0.518,13,1,1,VERY_TIGHT,Playoffs
1628368,De'Aaron Fox,SAS,21,0.093,12,28,0.429,0.429,12,0,0,VERY_TIGHT,Playoffs
203999,Nikola Jokić,DEN,6,0.231,11,28,0.393,0.393,11,0,1,VERY_TIGHT,Playoffs
201935,James Harden,CLE,18,0.113,10,28,0.357,0.357,10,0,3,VERY_TIGHT,Playoffs
1631094,Paolo Banchero,ORL,7,0.196,9,28,0.321,0.339,8,1,1,VERY_TIGHT,Playoffs
1630578,Alperen Sengun,HOU,6,0.273,7,27,0.259,0.259,7,0,0,VERY_TIGHT,Playoffs
1642867,Collin Murray-Boyles,TOR,7,0.406,18,26,0.692,0.692,18,0,0,VERY_TIGHT,Playoffs
1626157,Karl-Anthony Towns,NYK,19,0.14,15,26,0.577,0.577,15,0,1,VERY_TIGHT,Playoffs
1629028,Deandre Ayton,LAL,10,0.31,13,26,0.5,0.5,13,0,0,VERY_TIGHT,Playoffs
1628386,Jarrett Allen,CLE,18,0.175,16,24,0.667,0.667,16,0,0,VERY_TIGHT,Playoffs
1641709,Ausar Thompson,DET,14,0.247,11,24,0.458,0.458,11,0,0,VERY_TIGHT,Playoffs
1627759,Jaylen Brown,BOS,7,0.168,3,24,0.125,0.146,2,1,2,VERY_TIGHT,Playoffs
1628983,Shai Gilgeous-Alexander,OKC,15,0.081,11,23,0.478,0.478,11,0,0,VERY_TIGHT,Playoffs
1630183,Jaden McDaniels,MIN,12,0.131,10,23,0.435,0.435,10,0,0,VERY_TIGHT,Playoffs
1627750,Jamal Murray,DEN,6,0.178,9,23,0.391,0.413,8,1,1,VERY_TIGHT,Playoffs
202699,Tobias Harris,DET,14,0.098,8,21,0.381,0.381,8,0,1,VERY_TIGHT,Playoffs
1628384,OG Anunoby,NYK,17,0.101,16,20,0.8,0.85,14,2,2,VERY_TIGHT,Playoffs
1628969,Mikal Bridges,NYK,19,0.101,13,19,0.684,0.711,12,1,2,VERY_TIGHT,Playoffs
1626162,Kelly Oubre Jr.,PHI,11,0.179,11,19,0.579,0.579,11,0,0,VERY_TIGHT,Playoffs
1630178,Tyrese Maxey,PHI,11,0.09,10,19,0.526,0.526,10,0,1,VERY_TIGHT,Playoffs
1629628,RJ Barrett,TOR,7,0.144,8,19,0.421,0.421,8,0,0,VERY_TIGHT,Playoffs
1630567,Scottie Barnes,TOR,7,0.155,10,18,0.556,0.556,10,0,0,VERY_TIGHT,Playoffs
203935,Marcus Smart,LAL,10,0.182,8,18,0.444,0.444,8,0,0,VERY_TIGHT,Playoffs
1629675,Naz Reid,MIN,12,0.148,8,18,0.444,0.444,8,0,0,VERY_TIGHT,Playoffs
1630245,Ayo Dosunmu,MIN,10,0.149,9,17,0.529,0.529,9,0,1,VERY_TIGHT,Playoffs
1628436,Luke Kornet,SAS,23,0.293,5,17,0.294,0.294,5,0,0,VERY_TIGHT,Playoffs
1631096,Chet Holmgren,OKC,15,0.11,10,16,0.625,0.625,10,0,0,VERY_TIGHT,Playoffs
1642845,VJ Edgecombe,PHI,11,0.11,9,16,0.563,0.563,9,0,1,VERY_TIGHT,Playoffs
1641710,Anthony Black,ORL,7,0.296,6,16,0.375,0.375,6,0,1,VERY_TIGHT,Playoffs
1630162,Anthony Edwards,MIN,10,0.083,6,15,0.4,0.4,6,0,0,VERY_TIGHT,Playoffs
1628404,Josh Hart,NYK,19,0.086,5,15,0.333,0.333,5,0,1,VERY_TIGHT,Playoffs
203954,Joel Embiid,PHI,7,0.113,8,14,0.571,0.571,8,0,0,VERY_TIGHT,Playoffs
1627751,Jakob Poeltl,TOR,7,0.419,9,13,0.692,0.692,9,0,0,VERY_TIGHT,Playoffs
1629637,Jaxson Hayes,LAL,10,0.464,9,13,0.692,0.692,9,0,0,VERY_TIGHT,Playoffs
1630577,Julian Champagnie,SAS,23,0.066,7,13,0.538,0.615,5,2,4,VERY_TIGHT,Playoffs
203497,Rudy Gobert,MIN,12,0.188,5,13,0.385,0.385,5,0,0,VERY_TIGHT,Playoffs
1629622,Max Strus,CLE,18,0.094,4,13,0.308,0.308,4,0,4,VERY_TIGHT,Playoffs
1630559,Austin Reaves,LAL,6,0.132,6,12,0.5,0.5,6,0,1,VERY_TIGHT,Playoffs
1642272,Jared McCain,OKC,15,0.088,6,12,0.5,0.5,6,0,1,VERY_TIGHT,Playoffs
201950,Jrue Holiday,POR,5,0.156,4,12,0.333,0.333,4,0,0,VERY_TIGHT,Playoffs
1628392,Isaiah Hartenstein,OKC,15,0.133,3,12,0.25,0.25,3,0,0,VERY_TIGHT,Playoffs
1626164,Devin Booker,PHX,4,0.175,4,11,0.364,0.364,4,0,1,VERY_TIGHT,Playoffs
1641708,Amen Thompson,HOU,6,0.128,3,11,0.273,0.273,3,0,1,VERY_TIGHT,Playoffs
1630545,Terrence Shannon Jr,MIN,9,0.117,2,11,0.182,0.182,2,0,0,VERY_TIGHT,Playoffs
1642450,Daniss Jenkins,DET,14,0.09,2,11,0.182,0.182,2,0,0,VERY_TIGHT,Playoffs
203468,CJ McCollum,ATL,6,0.101,7,10,0.7,0.7,7,0,0,VERY_TIGHT,Playoffs
1629011,Mitchell Robinson,NYK,18,0.192,6,10,0.6,0.6,6,0,0,VERY_TIGHT,Playoffs
203501,Tim Hardaway Jr.,DEN,6,0.222,4,10,0.4,0.45,3,1,3,VERY_TIGHT,Playoffs
1628976,Wendell Carter Jr.,ORL,7,0.188,7,9,0.778,0.778,7,0,0,VERY_TIGHT,Playoffs
1631106,Tari Eason,HOU,6,0.138,6,9,0.667,0.667,6,0,0,VERY_TIGHT,Playoffs
1642263,Reed Sheppard,HOU,6,0.102,5,9,0.556,0.611,4,1,1,VERY_TIGHT,Playoffs
1642345,Oso Ighodaro,PHX,4,0.391,4,9,0.444,0.444,4,0,0,VERY_TIGHT,Playoffs
1630166,Deni Avdija,POR,5,0.115,4,9,0.444,0.444,4,0,0,VERY_TIGHT,Playoffs
1630170,Devin Vassell,SAS,23,0.037,3,9,0.333,0.389,2,1,3,VERY_TIGHT,Playoffs
1630552,Jalen Johnson,ATL,6,0.098,2,9,0.222,0.222,2,0,0,VERY_TIGHT,Playoffs
1630217,Desmond Bane,ORL,7,0.082,0,9,0.0,0.0,0,0,1,VERY_TIGHT,Playoffs
202331,Paul George,PHI,11,0.056,7,8,0.875,0.875,7,0,0,VERY_TIGHT,Playoffs
1629060,Rui Hachimura,LAL,10,0.066,6,8,0.75,0.75,6,0,1,VERY_TIGHT,Playoffs
1629057,Robert Williams III,POR,5,0.229,6,8,0.75,0.75,6,0,0,VERY_TIGHT,Playoffs
1630168,Onyeka Okongwu,ATL,6,0.167,5,8,0.625,0.625,5,0,1,VERY_TIGHT,Playoffs
1630228,Jonathan Kuminga,ATL,6,0.133,5,8,0.625,0.625,5,0,0,VERY_TIGHT,Playoffs
1627936,Alex Caruso,OKC,15,0.07,5,8,0.625,0.688,4,1,1,VERY_TIGHT,Playoffs
1630241,Sam Merrill,CLE,17,0.083,5,8,0.625,0.75,3,2,3,VERY_TIGHT,Playoffs
1630532,Franz Wagner,ORL,4,0.14,5,8,0.625,0.625,5,0,0,VERY_TIGHT,Playoffs
1628369,Jayson Tatum,BOS,6,0.079,5,8,0.625,0.625,5,0,0,VERY_TIGHT,Playoffs
203903,Jordan Clarkson,NYK,18,0.104,3,8,0.375,0.375,3,0,0,VERY_TIGHT,Playoffs
203924,Jerami Grant,POR,5,0.186,2,8,0.25,0.25,2,0,0,VERY_TIGHT,Playoffs
1629674,Neemias Queta,BOS,7,0.212,6,7,0.857,0.857,6,0,0,VERY_TIGHT,Playoffs
1641737,Adem Bona,PHI,10,0.438,4,7,0.571,0.571,4,0,0,VERY_TIGHT,Playoffs
1630191,Isaiah Stewart,DET,14,0.206,3,7,0.429,0.429,3,0,0,VERY_TIGHT,Playoffs
1629130,Duncan Robinson,DET,13,0.061,3,7,0.429,0.571,1,2,4,VERY_TIGHT,Playoffs
1642348,Justin Edwards,PHI,9,0.219,3,7,0.429,0.429,3,0,0,VERY_TIGHT,Playoffs
1629656,Quentin Grimes,PHI,11,0.121,3,7,0.429,0.5,2,1,1,VERY_TIGHT,Playoffs
1630572,Sandro Mamukelashvili,TOR,7,0.2,2,7,0.286,0.286,2,0,0,VERY_TIGHT,Playoffs
1628415,Dillon Brooks,PHX,4,0.082,1,7,0.143,0.143,1,0,0,VERY_TIGHT,Playoffs
1641717,Cason Wallace,OKC,15,0.073,1,7,0.143,0.143,1,0,1,VERY_TIGHT,Playoffs
1629661,Cameron Johnson,DEN,6,0.097,5,6,0.833,0.833,5,0,0,VERY_TIGHT,Playoffs
203932,Aaron Gordon,DEN,3,0.2,4,6,0.667,0.667,4,0,1,VERY_TIGHT,Playoffs
1631119,Jaylin Williams,OKC,15,0.092,4,6,0.667,0.75,3,1,1,VERY_TIGHT,Playoffs
1642281,Jaylon Tyson,CLE,17,0.087,4,6,0.667,0.667,4,0,0,VERY_TIGHT,Playoffs
1630194,Paul Reed,DET,9,0.143,4,6,0.667,0.667,4,0,0,VERY_TIGHT,Playoffs
1631114,Jalen Williams,OKC,5,0.107,3,6,0.5,0.5,3,0,0,VERY_TIGHT,Playoffs
1629020,Jarred Vanderbilt,LAL,7,0.273,3,6,0.5,0.5,3,0,0,VERY_TIGHT,Playoffs
1627747,Caris LeVert,DET,13,0.092,3,6,0.5,0.5,3,0,0,VERY_TIGHT,Playoffs
1628401,Derrick White,BOS,7,0.074,3,6,0.5,0.5,3,0,1,VERY_TIGHT,Playoffs
1630591,Jalen Suggs,ORL,7,0.069,2,6,0.333,0.333,2,0,0,VERY_TIGHT,Playoffs
1642270,Donovan Clingan,POR,5,0.13,2,6,0.333,0.333,2,0,0,VERY_TIGHT,Playoffs
1631101,Shaedon Sharpe,POR,5,0.176,2,6,0.333,0.333,2,0,0,VERY_TIGHT,Playoffs
203471,Dennis Schröder,CLE,17,0.071,2,6,0.333,0.333,2,0,0,VERY_TIGHT,Playoffs
1642266,Ja'Kobe Walter,TOR,7,0.09,2,6,0.333,0.333,2,0,1,VERY_TIGHT,Playoffs
1630540,Miles McBride,NYK,19,0.057,1,6,0.167,0.25,0,1,2,VERY_TIGHT,Playoffs
1629048,Goga Bitadze,ORL,6,0.4,0,6,0.0,0.0,0,0,0,VERY_TIGHT,Playoffs
203083,Andre Drummond,PHI,11,0.217,5,5,1.0,1.0,5,0,0,VERY_TIGHT,Playoffs
1630570,Trendon Watford,PHI,7,0.455,4,5,0.8,0.8,4,0,0,VERY_TIGHT,Playoffs
1628379,Luke Kennard,LAL,10,0.063,3,5,0.6,0.6,3,0,0,VERY_TIGHT,Playoffs
1630202,Payton Pritchard,BOS,7,0.054,3,5,0.6,0.6,3,0,1,VERY_TIGHT,Playoffs
1631288,Jamal Cain,ORL,7,0.172,2,5,0.4,0.4,2,0,0,VERY_TIGHT,Playoffs
1629638,Nickeil Alexander-Walker,ATL,6,0.07,2,5,0.4,0.4,2,0,0,VERY_TIGHT,Playoffs
1631095,Jabari Smith Jr.,HOU,6,0.059,2,5,0.4,0.4,2,0,0,VERY_TIGHT,Playoffs
1631230,Dominick Barlow,PHI,9,0.294,2,5,0.4,0.4,2,0,0,VERY_TIGHT,Playoffs
1631128,Christian Braun,DEN,6,0.139,1,5,0.2,0.2,1,0,0,VERY_TIGHT,Playoffs
1628988,Aaron Holiday,HOU,6,0.227,1,5,0.2,0.2,1,0,1,VERY_TIGHT,Playoffs
1627742,Brandon Ingram,TOR,5,0.086,0,5,0.0,0.0,0,0,0,VERY_TIGHT,Playoffs
1641739,Toumani Camara,POR,5,0.132,0,5,0.0,0.0,0,0,2,VERY_TIGHT,Playoffs
203937,Kyle Anderson,MIN,8,0.235,2,4,0.5,0.5,2,0,0,VERY_TIGHT,Playoffs
1631222,Jake LaRavia,LAL,8,0.148,2,4,0.5,0.5,2,0,0,VERY_TIGHT,Playoffs
1630557,Corey Kispert,ATL,5,0.182,1,4,0.25,0.25,1,0,1,VERY_TIGHT,Playoffs
1630573,Sam Hauser,BOS,7,0.087,0,4,0.0,0.0,0,0,2,VERY_TIGHT,Playoffs
1641775,Jordan Walsh,BOS,7,0.211,0,4,0.0,0.0,0,0,0,VERY_TIGHT,Playoffs
1642866,Joan Beringer,MIN,5,0.333,3,3,1.0,1.0,3,0,0,VERY_TIGHT,Playoffs
1630538,Bones Hyland,MIN,10,0.06,2,3,0.667,0.833,1,1,1,VERY_TIGHT,Playoffs
1642278,Tyler Kolek,NYK,8,0.12,2,3,0.667,0.667,2,0,0,VERY_TIGHT,Playoffs
1642461,Spencer Jones,DEN,6,0.158,2,3,0.667,0.667,2,0,1,VERY_TIGHT,Playoffs
1642347,Jamal Shead,TOR,7,0.046,2,3,0.667,0.667,2,0,0,VERY_TIGHT,Playoffs
1641783,Tristan da Silva,ORL,7,0.103,1,3,0.333,0.333,1,0,0,VERY_TIGHT,Playoffs
1629731,Dean Wade,CLE,18,0.046,1,3,0.333,0.333,1,0,1,VERY_TIGHT,Playoffs
1630639,A.J. Lawson,TOR,7,0.188,0,3,0.0,0.0,0,0,1,VERY_TIGHT,Playoffs
201144,Mike Conley,MIN,12,0.053,2,2,1.0,1.0,2,0,0,VERY_TIGHT,Playoffs
1629162,Jordan McLaughlin,SAS,10,0.182,2,2,1.0,1.0,2,0,0,VERY_TIGHT,Playoffs
1631321,Sidy Cissoko,POR,4,0.2,2,2,1.0,1.0,2,0,0,VERY_TIGHT,Playoffs
1630224,Jalen Green,PHX,4,0.024,1,2,0.5,0.5,1,0,0,VERY_TIGHT,Playoffs
1642868,Carter Bryant,SAS,22,0.045,1,2,0.5,0.5,1,0,0,VERY_TIGHT,Playoffs
1630703,Scoot Henderson,POR,5,0.034,1,2,0.5,0.5,1,0,0,VERY_TIGHT,Playoffs
1631243,Mouhamed Gueye,ATL,6,0.143,1,2,0.5,0.5,1,0,1,VERY_TIGHT,Playoffs
1628971,Bruce Brown,DEN,6,0.059,1,2,0.5,0.5,1,0,0,VERY_TIGHT,Playoffs
1629006,Josh Okogie,HOU,6,0.08,1,2,0.5,0.5,1,0,0,VERY_TIGHT,Playoffs
201142,Kevin Durant,HOU,1,0.167,1,2,0.5,0.5,1,0,1,VERY_TIGHT,Playoffs
1630574,Ariel Hukporti,NYK,10,0.182,1,2,0.5,0.5,1,0,0,VERY_TIGHT,Playoffs
1629652,Luguentz Dort,OKC,15,0.024,1,2,0.5,0.5,1,0,1,VERY_TIGHT,Playoffs
1629026,Kenrich Williams,OKC,11,0.065,1,2,0.5,0.5,1,0,0,VERY_TIGHT,Playoffs
1641772,Nae'Qwan Tomlin,CLE,7,0.333,1,2,0.5,0.5,1,0,0,VERY_TIGHT,Playoffs
1628418,Thomas Bryant,CLE,9,0.095,1,2,0.5,0.5,1,0,0,VERY_TIGHT,Playoffs
1629013,Landry Shamet,NYK,19,0.023,1,2,0.5,0.5,1,0,0,VERY_TIGHT,Playoffs
1630568,Luka Garza,BOS,7,0.1,1,2,0.5,0.5,1,0,0,VERY_TIGHT,Playoffs
1629750,Javonte Green,DET,11,0.067,1,2,0.5,0.75,0,1,2,VERY_TIGHT,Playoffs
1631133,Jabari Walker,PHI,6,0.2,1,2,0.5,0.5,1,0,0,VERY_TIGHT,Playoffs
1630700,Dyson Daniels,ATL,6,0.049,0,2,0.0,0.0,0,0,1,VERY_TIGHT,Playoffs
1642885,Mohamed Diawara,NYK,6,0.154,0,2,0.0,0.0,0,0,0,VERY_TIGHT,Playoffs
203991,Clint Capela,HOU,4,0.25,0,2,0.0,0.0,0,0,0,VERY_TIGHT,Playoffs
202696,Nikola Vučević,BOS,6,0.054,0,2,0.0,0.0,0,0,0,VERY_TIGHT,Playoffs
203084,Harrison Barnes,SAS,20,0.051,0,2,0.0,0.0,0,0,0,VERY_TIGHT,Playoffs
1629216,Gabe Vincent,ATL,6,0.045,1,1,1.0,1.0,1,0,0,VERY_TIGHT,Playoffs
1630198,Isaiah Joe,OKC,13,0.018,1,1,1.0,1.0,1,0,0,VERY_TIGHT,Playoffs
1631110,Jeremy Sochan,NYK,8,0.111,1,1,1.0,1.0,1,0,0,VERY_TIGHT,Playoffs
1627741,Buddy Hield,ATL,2,0.2,1,1,1.0,1.0,1,0,0,VERY_TIGHT,Playoffs
1630811,Keaton Wallace,ATL,3,0.125,1,1,1.0,1.0,1,0,0,VERY_TIGHT,Playoffs
1628978,Donte DiVincenzo,MIN,4,0.031,1,1,1.0,1.0,1,0,0,VERY_TIGHT,Playoffs
1641842,Ronald Holland II,DET,9,0.077,1,1,1.0,1.0,1,0,0,VERY_TIGHT,Playoffs
1630322,Lindy Waters III,SAS,9,0.077,1,1,1.0,1.0,1,0,0,VERY_TIGHT,Playoffs
203482,Kelly Olynyk,SAS,9,0.067,1,1,1.0,1.0,1,0,0,VERY_TIGHT,Playoffs
1642876,Adou Thiero,LAL,6,0.167,1,1,1.0,1.0,1,0,0,VERY_TIGHT,Playoffs
1641740,Jaylen Clark,MIN,6,0.083,0,1,0.0,0.0,0,0,0,VERY_TIGHT,Playoffs
1642260,Nikola Topić,OKC,9,0.167,0,1,0.0,0.0,0,0,0,VERY_TIGHT,Playoffs
1642854,Asa Newell,ATL,2,0.5,0,1,0.0,0.0,0,0,0,VERY_TIGHT,Playoffs
1630598,Aaron Wiggins,OKC,13,0.04,0,1,0.0,0.0,0,0,0,VERY_TIGHT,Playoffs
1630631,Jose Alvarado,NYK,18,0.015,0,1,0.0,0.0,0,0,0,VERY_TIGHT,Playoffs
1631124,Julian Strawther,DEN,2,0.143,0,1,0.0,0.0,0,0,0,VERY_TIGHT,Playoffs
1642258,Zaccharie Risacher,ATL,3,0.071,0,1,0.0,0.0,0,0,0,VERY_TIGHT,Playoffs
1631199,Ron Harper Jr.,BOS,6,0.111,0,1,0.0,0.0,0,0,0,VERY_TIGHT,Playoffs
1642419,Jamison Battle,TOR,6,0.053,0,1,0.0,0.0,0,0,0,VERY_TIGHT,Playoffs
1631204,Marcus Sasser,DET,6,0.043,0,1,0.0,0.0,0,0,0,VERY_TIGHT,Playoffs
203486,Mason Plumlee,SAS,6,0.333,0,1,0.0,0.0,0,0,0,VERY_TIGHT,Playoffs
202687,Bismack Biyombo,SAS,9,0.143,0,1,0.0,0.0,0,0,0,VERY_TIGHT,Playoffs
1642355,Bronny James,LAL,8,0.1,0,1,0.0,0.0,0,0,0,VERY_TIGHT,Playoffs
1631207,Dalen Terry,PHI,7,0.077,0,1,0.0,0.0,0,0,0,VERY_TIGHT,Playoffs
1631123,Jamaree Bouyea,PHX,4,0.25,0,1,0.0,0.0,0,0,0,VERY_TIGHT,Playoffs
1631221,Collin Gillespie,PHX,4,0.028,0,1,0.0,0.0,0,0,0,VERY_TIGHT,Playoffs
1642863,Khaman Maluach,PHX,4,0.125,0,1,0.0,0.0,0,0,0,VERY_TIGHT,Playoffs
1628973,Jalen Brunson,NYK,19,0.443,87,183,0.475,0.489,82,5,24,TIGHT,Playoffs
1628378,Donovan Mitchell,CLE,18,0.438,83,166,0.5,0.527,74,9,26,TIGHT,Playoffs
1641705,Victor Wembanyama,SAS,22,0.441,77,160,0.481,0.494,73,4,23,TIGHT,Playoffs
1628983,Shai Gilgeous-Alexander,OKC,15,0.502,72,143,0.503,0.517,68,4,18,TIGHT,Playoffs
201935,James Harden,CLE,18,0.496,55,123,0.447,0.516,38,17,53,TIGHT,Playoffs
1630595,Cade Cunningham,DET,14,0.374,46,110,0.418,0.445,40,6,15,TIGHT,Playoffs
202699,Tobias Harris,DET,14,0.481,51,103,0.495,0.515,47,4,11,TIGHT,Playoffs
1630162,Anthony Edwards,MIN,10,0.561,42,101,0.416,0.441,37,5,27,TIGHT,Playoffs
1628368,De'Aaron Fox,SAS,21,0.305,40,92,0.435,0.435,40,0,5,TIGHT,Playoffs
1642264,Stephon Castle,SAS,23,0.304,49,90,0.544,0.55,48,1,1,TIGHT,Playoffs
1630170,Devin Vassell,SAS,23,0.37,40,90,0.444,0.517,27,13,45,TIGHT,Playoffs
1630596,Evan Mobley,CLE,18,0.413,55,88,0.625,0.636,53,2,10,TIGHT,Playoffs
1642844,Dylan Harper,SAS,23,0.378,54,88,0.614,0.614,54,0,3,TIGHT,Playoffs
1628386,Jarrett Allen,CLE,18,0.606,54,83,0.651,0.651,54,0,0,TIGHT,Playoffs
2544,LeBron James,LAL,10,0.454,37,83,0.446,0.47,33,4,19,TIGHT,Playoffs
1628384,OG Anunoby,NYK,17,0.399,44,79,0.557,0.614,35,9,22,TIGHT,Playoffs
1630178,Tyrese Maxey,PHI,11,0.374,38,79,0.481,0.5,35,3,11,TIGHT,Playoffs
1631096,Chet Holmgren,OKC,15,0.497,45,72,0.625,0.632,44,1,3,TIGHT,Playoffs
1630183,Jaden McDaniels,MIN,12,0.409,35,72,0.486,0.486,35,0,2,TIGHT,Playoffs
202331,Paul George,PHI,11,0.493,29,70,0.414,0.5,17,12,30,TIGHT,Playoffs
1626157,Karl-Anthony Towns,NYK,19,0.371,39,69,0.565,0.565,39,0,1,TIGHT,Playoffs
1628969,Mikal Bridges,NYK,19,0.356,43,67,0.642,0.679,38,5,14,TIGHT,Playoffs
1629640,Keldon Johnson,SAS,23,0.407,28,66,0.424,0.432,27,1,5,TIGHT,Playoffs
1629622,Max Strus,CLE,18,0.435,21,60,0.35,0.458,8,13,44,TIGHT,Playoffs
1628404,Josh Hart,NYK,19,0.339,34,59,0.576,0.636,27,7,14,TIGHT,Playoffs
1628369,Jayson Tatum,BOS,6,0.584,26,59,0.441,0.5,19,7,26,TIGHT,Playoffs
1627759,Jaylen Brown,BOS,7,0.406,31,58,0.534,0.578,26,5,11,TIGHT,Playoffs
1630577,Julian Champagnie,SAS,23,0.296,27,58,0.466,0.552,17,10,32,TIGHT,Playoffs
1631094,Paolo Banchero,ORL,7,0.399,29,57,0.509,0.526,27,2,7,TIGHT,Playoffs
203944,Julius Randle,MIN,12,0.331,27,57,0.474,0.474,27,0,4,TIGHT,Playoffs
1631105,Jalen Duren,DET,14,0.505,29,55,0.527,0.527,29,0,0,TIGHT,Playoffs
1630567,Scottie Barnes,TOR,7,0.448,28,52,0.538,0.538,28,0,1,TIGHT,Playoffs
1630578,Alperen Sengun,HOU,6,0.515,28,51,0.549,0.549,28,0,0,TIGHT,Playoffs
1629628,RJ Barrett,TOR,7,0.386,25,51,0.49,0.49,25,0,3,TIGHT,Playoffs
1629675,Naz Reid,MIN,12,0.385,22,47,0.468,0.511,18,4,13,TIGHT,Playoffs
1630540,Miles McBride,NYK,19,0.448,16,47,0.34,0.468,4,12,32,TIGHT,Playoffs
203999,Nikola Jokić,DEN,6,0.38,26,46,0.565,0.576,25,1,5,TIGHT,Playoffs
203468,CJ McCollum,ATL,6,0.465,23,46,0.5,0.511,22,1,6,TIGHT,Playoffs
1630245,Ayo Dosunmu,MIN,10,0.404,21,46,0.457,0.457,21,0,0,TIGHT,Playoffs
1642845,VJ Edgecombe,PHI,11,0.317,20,46,0.435,0.446,19,1,6,TIGHT,Playoffs
1630559,Austin Reaves,LAL,6,0.495,19,45,0.422,0.444,17,2,8,TIGHT,Playoffs
1629028,Deandre Ayton,LAL,10,0.524,26,44,0.591,0.591,26,0,0,TIGHT,Playoffs
1630224,Jalen Green,PHX,4,0.518,21,43,0.488,0.523,18,3,10,TIGHT,Playoffs
1642349,Ajay Mitchell,OKC,11,0.314,20,43,0.465,0.465,20,0,1,TIGHT,Playoffs
203903,Jordan Clarkson,NYK,18,0.532,18,41,0.439,0.476,15,3,8,TIGHT,Playoffs
203497,Rudy Gobert,MIN,12,0.565,22,39,0.564,0.564,22,0,0,TIGHT,Playoffs
1627750,Jamal Murray,DEN,6,0.302,16,39,0.41,0.436,14,2,8,TIGHT,Playoffs
1630545,Terrence Shannon Jr,MIN,9,0.404,21,38,0.553,0.553,21,0,2,TIGHT,Playoffs
1630217,Desmond Bane,ORL,7,0.345,17,38,0.447,0.5,13,4,6,TIGHT,Playoffs
1631095,Jabari Smith Jr.,HOU,6,0.447,15,38,0.395,0.474,9,6,17,TIGHT,Playoffs
1629130,Duncan Robinson,DET,13,0.333,13,38,0.342,0.487,2,11,28,TIGHT,Playoffs
1626164,Devin Booker,PHX,4,0.587,18,37,0.486,0.514,16,2,11,TIGHT,Playoffs
1626162,Kelly Oubre Jr.,PHI,11,0.349,18,37,0.486,0.486,18,0,1,TIGHT,Playoffs
1628392,Isaiah Hartenstein,OKC,15,0.4,25,36,0.694,0.694,25,0,0,TIGHT,Playoffs
1641709,Ausar Thompson,DET,14,0.371,18,36,0.5,0.5,18,0,1,TIGHT,Playoffs
1629060,Rui Hachimura,LAL,10,0.295,16,36,0.444,0.472,14,2,6,TIGHT,Playoffs
1630552,Jalen Johnson,ATL,6,0.38,18,35,0.514,0.514,18,0,2,TIGHT,Playoffs
1642450,Daniss Jenkins,DET,14,0.287,13,35,0.371,0.386,12,1,8,TIGHT,Playoffs
1630532,Franz Wagner,ORL,4,0.596,13,34,0.382,0.412,11,2,4,TIGHT,Playoffs
1627742,Brandon Ingram,TOR,5,0.586,12,34,0.353,0.368,11,1,3,TIGHT,Playoffs
203471,Dennis Schröder,CLE,17,0.393,14,33,0.424,0.439,13,1,2,TIGHT,Playoffs
1629011,Mitchell Robinson,NYK,18,0.615,21,32,0.656,0.656,21,0,0,TIGHT,Playoffs
1641708,Amen Thompson,HOU,6,0.372,14,32,0.438,0.438,14,0,0,TIGHT,Playoffs
203954,Joel Embiid,PHI,7,0.25,19,31,0.613,0.613,19,0,0,TIGHT,Playoffs
1627936,Alex Caruso,OKC,15,0.27,15,31,0.484,0.484,15,0,3,TIGHT,Playoffs
1629638,Nickeil Alexander-Walker,ATL,6,0.437,11,31,0.355,0.468,4,7,18,TIGHT,Playoffs
1630166,Deni Avdija,POR,5,0.385,13,30,0.433,0.45,12,1,3,TIGHT,Playoffs
1628436,Luke Kornet,SAS,23,0.5,18,29,0.621,0.621,18,0,0,TIGHT,Playoffs
201950,Jrue Holiday,POR,5,0.338,16,26,0.615,0.692,12,4,4,TIGHT,Playoffs
1642272,Jared McCain,OKC,15,0.191,11,26,0.423,0.442,10,1,3,TIGHT,Playoffs
1629013,Landry Shamet,NYK,19,0.302,10,26,0.385,0.481,5,5,12,TIGHT,Playoffs
1641717,Cason Wallace,OKC,15,0.26,15,25,0.6,0.64,13,2,3,TIGHT,Playoffs
1630703,Scoot Henderson,POR,5,0.407,11,24,0.458,0.542,7,4,7,TIGHT,Playoffs
1630194,Paul Reed,DET,9,0.548,15,23,0.652,0.652,15,0,0,TIGHT,Playoffs
203935,Marcus Smart,LAL,10,0.232,9,23,0.391,0.457,6,3,6,TIGHT,Playoffs
1630631,Jose Alvarado,NYK,18,0.343,8,23,0.348,0.348,8,0,2,TIGHT,Playoffs
1629656,Quentin Grimes,PHI,11,0.379,11,22,0.5,0.659,4,7,12,TIGHT,Playoffs
1631106,Tari Eason,HOU,6,0.338,9,22,0.409,0.432,8,1,5,TIGHT,Playoffs
1630228,Jonathan Kuminga,ATL,6,0.35,13,21,0.619,0.643,12,1,3,TIGHT,Playoffs
1630241,Sam Merrill,CLE,17,0.219,12,21,0.571,0.69,7,5,12,TIGHT,Playoffs
1628415,Dillon Brooks,PHX,4,0.247,8,21,0.381,0.405,7,1,2,TIGHT,Playoffs
1628379,Luke Kennard,LAL,10,0.263,8,21,0.381,0.429,6,2,3,TIGHT,Playoffs
1642263,Reed Sheppard,HOU,6,0.239,5,21,0.238,0.238,5,0,6,TIGHT,Playoffs
1628401,Derrick White,BOS,7,0.259,5,21,0.238,0.262,4,1,9,TIGHT,Playoffs
1629661,Cameron Johnson,DEN,6,0.323,14,20,0.7,0.725,13,1,3,TIGHT,Playoffs
1642867,Collin Murray-Boyles,TOR,7,0.313,12,20,0.6,0.6,12,0,0,TIGHT,Playoffs
1631114,Jalen Williams,OKC,5,0.357,7,20,0.35,0.35,7,0,0,TIGHT,Playoffs
203501,Tim Hardaway Jr.,DEN,6,0.422,6,19,0.316,0.368,4,2,9,TIGHT,Playoffs
1630591,Jalen Suggs,ORL,7,0.207,7,18,0.389,0.417,6,1,2,TIGHT,Playoffs
1642281,Jaylon Tyson,CLE,17,0.261,5,18,0.278,0.278,5,0,3,TIGHT,Playoffs
1629674,Neemias Queta,BOS,7,0.515,12,17,0.706,0.706,12,0,0,TIGHT,Playoffs
1629731,Dean Wade,CLE,18,0.262,11,17,0.647,0.706,9,2,5,TIGHT,Playoffs
1642270,Donovan Clingan,POR,5,0.37,7,17,0.412,0.441,6,1,4,TIGHT,Playoffs
203924,Jerami Grant,POR,5,0.395,7,17,0.412,0.471,5,2,6,TIGHT,Playoffs
1630202,Payton Pritchard,BOS,7,0.185,6,17,0.353,0.353,6,0,3,TIGHT,Playoffs
1629057,Robert Williams III,POR,5,0.457,11,16,0.688,0.688,11,0,1,TIGHT,Playoffs
1628976,Wendell Carter Jr.,ORL,7,0.333,9,16,0.563,0.594,8,1,2,TIGHT,Playoffs
1630700,Dyson Daniels,ATL,6,0.39,6,16,0.375,0.375,6,0,0,TIGHT,Playoffs
1627747,Caris LeVert,DET,13,0.246,6,16,0.375,0.375,6,0,3,TIGHT,Playoffs
1630198,Isaiah Joe,OKC,13,0.255,7,14,0.5,0.607,4,3,10,TIGHT,Playoffs
1628971,Bruce Brown,DEN,6,0.412,6,14,0.429,0.429,6,0,0,TIGHT,Playoffs
1630191,Isaiah Stewart,DET,14,0.382,8,13,0.615,0.615,8,0,0,TIGHT,Playoffs
1631288,Jamal Cain,ORL,7,0.448,5,13,0.385,0.385,5,0,3,TIGHT,Playoffs
1642266,Ja'Kobe Walter,TOR,7,0.194,5,13,0.385,0.423,4,1,5,TIGHT,Playoffs
1630538,Bones Hyland,MIN,10,0.26,3,13,0.231,0.231,3,0,5,TIGHT,Playoffs
1630168,Onyeka Okongwu,ATL,6,0.25,7,12,0.583,0.583,7,0,0,TIGHT,Playoffs
1642347,Jamal Shead,TOR,7,0.185,5,12,0.417,0.417,5,0,1,TIGHT,Playoffs
1642868,Carter Bryant,SAS,22,0.25,6,11,0.545,0.545,6,0,2,TIGHT,Playoffs
1630572,Sandro Mamukelashvili,TOR,7,0.314,6,11,0.545,0.545,6,0,0,TIGHT,Playoffs
1627751,Jakob Poeltl,TOR,7,0.355,6,11,0.545,0.545,6,0,0,TIGHT,Playoffs
1631128,Christian Braun,DEN,6,0.306,5,11,0.455,0.455,5,0,0,TIGHT,Playoffs
1629652,Luguentz Dort,OKC,15,0.134,5,11,0.455,0.545,3,2,4,TIGHT,Playoffs
1641710,Anthony Black,ORL,7,0.204,1,11,0.091,0.091,1,0,2,TIGHT,Playoffs
1631119,Jaylin Williams,OKC,15,0.154,4,10,0.4,0.45,3,1,5,TIGHT,Playoffs
203932,Aaron Gordon,DEN,3,0.3,5,9,0.556,0.611,4,1,2,TIGHT,Playoffs
1631101,Shaedon Sharpe,POR,5,0.265,4,9,0.444,0.444,4,0,2,TIGHT,Playoffs
1631222,Jake LaRavia,LAL,8,0.333,3,9,0.333,0.333,3,0,0,TIGHT,Playoffs
203083,Andre Drummond,PHI,11,0.348,6,8,0.75,0.75,6,0,0,TIGHT,Playoffs
1631230,Dominick Barlow,PHI,9,0.471,6,8,0.75,0.75,6,0,0,TIGHT,Playoffs
1629048,Goga Bitadze,ORL,6,0.533,5,8,0.625,0.625,5,0,0,TIGHT,Playoffs
203084,Harrison Barnes,SAS,20,0.205,4,8,0.5,0.563,3,1,2,TIGHT,Playoffs
1642345,Oso Ighodaro,PHX,4,0.348,4,8,0.5,0.5,4,0,0,TIGHT,Playoffs
1642278,Tyler Kolek,NYK,8,0.32,4,8,0.5,0.5,4,0,0,TIGHT,Playoffs
201142,Kevin Durant,HOU,1,0.667,4,8,0.5,0.563,3,1,3,TIGHT,Playoffs
1642258,Zaccharie Risacher,ATL,3,0.571,4,8,0.5,0.563,3,1,1,TIGHT,Playoffs
1628978,Donte DiVincenzo,MIN,4,0.25,3,8,0.375,0.5,1,2,5,TIGHT,Playoffs
1630557,Corey Kispert,ATL,5,0.364,0,8,0.0,0.0,0,0,4,TIGHT,Playoffs
202696,Nikola Vučević,BOS,6,0.189,5,7,0.714,0.714,5,0,0,TIGHT,Playoffs
203937,Kyle Anderson,MIN,8,0.412,3,7,0.429,0.429,3,0,0,TIGHT,Playoffs
1641737,Adem Bona,PHI,10,0.438,3,7,0.429,0.429,3,0,0,TIGHT,Playoffs
1630598,Aaron Wiggins,OKC,13,0.28,2,7,0.286,0.286,2,0,0,TIGHT,Playoffs
1642863,Khaman Maluach,PHX,4,0.75,4,6,0.667,0.667,4,0,0,TIGHT,Playoffs
1642419,Jamison Battle,TOR,6,0.316,4,6,0.667,0.75,3,1,1,TIGHT,Playoffs
1629026,Kenrich Williams,OKC,11,0.194,3,6,0.5,0.5,3,0,1,TIGHT,Playoffs
1629006,Josh Okogie,HOU,6,0.24,3,6,0.5,0.5,3,0,0,TIGHT,Playoffs
1630574,Ariel Hukporti,NYK,10,0.545,3,6,0.5,0.5,3,0,0,TIGHT,Playoffs
1629637,Jaxson Hayes,LAL,10,0.214,3,6,0.5,0.5,3,0,0,TIGHT,Playoffs
1641783,Tristan da Silva,ORL,7,0.207,2,6,0.333,0.333,2,0,0,TIGHT,Playoffs
1631165,Keon Ellis,CLE,12,0.4,2,6,0.333,0.5,0,2,5,TIGHT,Playoffs
1630573,Sam Hauser,BOS,7,0.13,1,6,0.167,0.25,0,1,4,TIGHT,Playoffs
1629020,Jarred Vanderbilt,LAL,7,0.227,5,5,1.0,1.0,5,0,0,TIGHT,Playoffs
1642359,Pacôme Dadiet,NYK,7,0.313,4,5,0.8,0.8,4,0,0,TIGHT,Playoffs
1631204,Marcus Sasser,DET,6,0.217,3,5,0.6,0.6,3,0,2,TIGHT,Playoffs
1641739,Toumani Camara,POR,5,0.132,2,5,0.4,0.4,2,0,1,TIGHT,Playoffs
1630639,A.J. Lawson,TOR,7,0.313,2,5,0.4,0.4,2,0,0,TIGHT,Playoffs
1631207,Dalen Terry,PHI,7,0.385,2,5,0.4,0.5,1,1,1,TIGHT,Playoffs
202687,Bismack Biyombo,SAS,9,0.714,2,5,0.4,0.4,2,0,0,TIGHT,Playoffs
1642348,Justin Edwards,PHI,9,0.156,1,5,0.2,0.2,1,0,2,TIGHT,Playoffs
1628960,Grayson Allen,PHX,2,0.308,4,4,1.0,1.25,2,2,2,TIGHT,Playoffs
1626220,Royce O'Neale,PHX,4,0.286,3,4,0.75,1.0,1,2,3,TIGHT,Playoffs
203991,Clint Capela,HOU,4,0.5,2,4,0.5,0.5,2,0,0,TIGHT,Playoffs
1629216,Gabe Vincent,ATL,6,0.182,2,4,0.5,0.625,1,1,2,TIGHT,Playoffs
1642885,Mohamed Diawara,NYK,6,0.308,2,4,0.5,0.5,2,0,0,TIGHT,Playoffs
1626145,Tyus Jones,DEN,3,0.5,2,4,0.5,0.5,2,0,0,TIGHT,Playoffs
1629162,Jordan McLaughlin,SAS,10,0.364,2,4,0.5,0.5,2,0,0,TIGHT,Playoffs
1630570,Trendon Watford,PHI,7,0.364,2,4,0.5,0.5,2,0,0,TIGHT,Playoffs
203482,Kelly Olynyk,SAS,9,0.267,2,4,0.5,0.5,2,0,0,TIGHT,Playoffs
1629750,Javonte Green,DET,11,0.133,1,4,0.25,0.25,1,0,2,TIGHT,Playoffs
1642866,Joan Beringer,MIN,5,0.444,0,4,0.0,0.0,0,0,0,TIGHT,Playoffs
1642461,Spencer Jones,DEN,6,0.158,3,3,1.0,1.167,2,1,1,TIGHT,Playoffs
1630568,Luka Garza,BOS,7,0.15,3,3,1.0,1.0,3,0,0,TIGHT,Playoffs
1642853,Rasheer Fleming,PHX,4,0.6,3,3,1.0,1.5,0,3,3,TIGHT,Playoffs
1642260,Nikola Topić,OKC,9,0.5,2,3,0.667,0.667,2,0,0,TIGHT,Playoffs
1628418,Thomas Bryant,CLE,9,0.143,2,3,0.667,0.667,2,0,1,TIGHT,Playoffs
1641772,Nae'Qwan Tomlin,CLE,7,0.5,2,3,0.667,0.667,2,0,0,TIGHT,Playoffs
1630322,Lindy Waters III,SAS,9,0.231,2,3,0.667,0.667,2,0,0,TIGHT,Playoffs
1642261,Dalton Knecht,LAL,5,0.375,1,3,0.333,0.333,1,0,0,TIGHT,Playoffs
1630256,Jae'Sean Tate,HOU,5,0.3,1,3,0.333,0.333,1,0,0,TIGHT,Playoffs
202685,Jonas Valanciunas,DEN,4,0.429,1,3,0.333,0.333,1,0,0,TIGHT,Playoffs
1641740,Jaylen Clark,MIN,6,0.25,1,3,0.333,0.333,1,0,0,TIGHT,Playoffs
1641842,Ronald Holland II,DET,9,0.231,1,3,0.333,0.5,0,1,1,TIGHT,Playoffs
201144,Mike Conley,MIN,12,0.079,0,3,0.0,0.0,0,0,0,TIGHT,Playoffs
1631133,Jabari Walker,PHI,6,0.3,0,3,0.0,0.0,0,0,1,TIGHT,Playoffs
1642876,Adou Thiero,LAL,6,0.333,2,2,1.0,1.0,2,0,0,TIGHT,Playoffs
1631110,Jeremy Sochan,NYK,8,0.222,2,2,1.0,1.0,2,0,0,TIGHT,Playoffs
1642449,Tolu Smith,DET,3,1.0,2,2,1.0,1.0,2,0,0,TIGHT,Playoffs
1642355,Bronny James,LAL,8,0.2,2,2,1.0,1.0,2,0,0,TIGHT,Playoffs
1631200,Kris Murray,POR,5,0.5,2,2,1.0,1.0,2,0,0,TIGHT,Playoffs
1641733,Nick Smith Jr.,LAL,6,0.143,1,2,0.5,0.5,1,0,0,TIGHT,Playoffs
1628989,Kevin Huerter,DET,5,0.286,1,2,0.5,0.75,0,1,1,TIGHT,Playoffs
1628988,Aaron Holiday,HOU,6,0.091,1,2,0.5,0.5,1,0,0,TIGHT,Playoffs
1631243,Mouhamed Gueye,ATL,6,0.143,1,2,0.5,0.5,1,0,0,TIGHT,Playoffs
1630811,Keaton Wallace,ATL,3,0.25,1,2,0.5,0.5,1,0,0,TIGHT,Playoffs
1628396,Tony Bradley,ATL,4,0.5,1,2,0.5,0.5,1,0,0,TIGHT,Playoffs
1631199,Ron Harper Jr.,BOS,6,0.222,1,2,0.5,0.75,0,1,1,TIGHT,Playoffs
1631221,Collin Gillespie,PHX,4,0.056,1,2,0.5,0.75,0,1,2,TIGHT,Playoffs
1631248,Baylor Scheierman,BOS,7,0.077,1,2,0.5,0.5,1,0,0,TIGHT,Playoffs
1630249,Vít Krejčí,POR,4,0.5,1,2,0.5,0.5,1,0,1,TIGHT,Playoffs
1629680,Matisse Thybulle,POR,4,0.143,0,2,0.0,0.0,0,0,1,TIGHT,Playoffs
1641775,Jordan Walsh,BOS,7,0.105,0,2,0.0,0.0,0,0,1,TIGHT,Playoffs
1628975,Jevon Carter,ORL,3,0.25,1,1,1.0,1.0,1,0,0,TIGHT,Playoffs
1627741,Buddy Hield,ATL,2,0.2,1,1,1.0,1.0,1,0,0,TIGHT,Playoffs
1642854,Asa Newell,ATL,2,0.5,1,1,1.0,1.0,1,0,0,TIGHT,Playoffs
1630192,Zeke Nnaji,DEN,2,0.5,1,1,1.0,1.0,1,0,0,TIGHT,Playoffs
1641854,Craig Porter Jr.,CLE,7,0.333,1,1,1.0,1.0,1,0,0,TIGHT,Playoffs
1642367,Jonathan Mogbo,TOR,3,0.5,1,1,1.0,1.0,1,0,0,TIGHT,Playoffs
204060,Joe Ingles,MIN,3,0.333,1,1,1.0,1.5,0,1,1,TIGHT,Playoffs
1630625,Dalano Banton,BOS,2,1.0,1,1,1.0,1.0,1,0,0,TIGHT,Playoffs
203486,Mason Plumlee,SAS,6,0.333,1,1,1.0,1.0,1,0,0,TIGHT,Playoffs
1630692,Jordan Goodwin,PHX,1,0.25,1,1,1.0,1.0,1,0,0,TIGHT,Playoffs
1631123,Jamaree Bouyea,PHX,4,0.25,1,1,1.0,1.0,1,0,0,TIGHT,Playoffs
1628467,Maxi Kleber,LAL,3,1.0,0,1,0.0,0.0,0,0,0,TIGHT,Playoffs
1631124,Julian Strawther,DEN,2,0.143,0,1,0.0,0.0,0,0,0,TIGHT,Playoffs
1627827,Dorian Finney-Smith,HOU,4,0.071,0,1,0.0,0.0,0,0,0,TIGHT,Playoffs
1629021,Moritz Wagner,ORL,2,0.25,0,1,0.0,0.0,0,0,0,TIGHT,Playoffs
1631218,Trayce Jackson-Davis,TOR,3,1.0,0,1,0.0,0.0,0,0,0,TIGHT,Playoffs
202066,Garrett Temple,TOR,2,1.0,0,1,0.0,0.0,0,0,0,TIGHT,Playoffs
1642873,Amari Williams,BOS,1,1.0,0,1,0.0,0.0,0,0,0,TIGHT,Playoffs
1642404,Chaz Lanier,DET,3,0.333,0,1,0.0,0.0,0,0,0,TIGHT,Playoffs
1631321,Sidy Cissoko,POR,4,0.1,0,1,0.0,0.0,0,0,0,TIGHT,Playoffs
1628973,Jalen Brunson,NYK,19,0.315,59,130,0.454,0.55,34,25,63,OPEN,Playoffs
1628378,Donovan Mitchell,CLE,18,0.296,46,112,0.411,0.509,24,22,75,OPEN,Playoffs
1628368,De'Aaron Fox,SAS,21,0.368,41,111,0.369,0.423,29,12,48,OPEN,Playoffs
1630595,Cade Cunningham,DET,14,0.367,50,108,0.463,0.556,30,20,54,OPEN,Playoffs
1641705,Victor Wembanyama,SAS,22,0.253,38,92,0.413,0.516,19,19,53,OPEN,Playoffs
1630170,Devin Vassell,SAS,23,0.374,37,91,0.407,0.522,16,21,54,OPEN,Playoffs
1628983,Shai Gilgeous-Alexander,OKC,15,0.319,33,91,0.363,0.429,21,12,35,OPEN,Playoffs
1642264,Stephon Castle,SAS,23,0.267,33,79,0.418,0.494,21,12,38,OPEN,Playoffs
1628969,Mikal Bridges,NYK,19,0.394,34,74,0.459,0.527,24,10,34,OPEN,Playoffs
1628384,OG Anunoby,NYK,17,0.343,36,68,0.529,0.662,18,18,40,OPEN,Playoffs
201935,James Harden,CLE,18,0.258,26,64,0.406,0.508,13,13,45,OPEN,Playoffs
1630178,Tyrese Maxey,PHI,11,0.284,28,60,0.467,0.55,18,10,25,OPEN,Playoffs
1630577,Julian Champagnie,SAS,23,0.306,21,60,0.35,0.5,3,18,56,OPEN,Playoffs
1626157,Karl-Anthony Towns,NYK,19,0.306,29,57,0.509,0.605,18,11,27,OPEN,Playoffs
2544,LeBron James,LAL,10,0.301,24,55,0.436,0.518,15,9,25,OPEN,Playoffs
202331,Paul George,PHI,11,0.373,22,53,0.415,0.566,6,16,32,OPEN,Playoffs
1630596,Evan Mobley,CLE,18,0.244,26,52,0.5,0.625,13,13,34,OPEN,Playoffs
1642272,Jared McCain,OKC,15,0.375,15,51,0.294,0.333,11,4,24,OPEN,Playoffs
203954,Joel Embiid,PHI,7,0.403,21,50,0.42,0.44,19,2,11,OPEN,Playoffs
1630183,Jaden McDaniels,MIN,12,0.273,20,48,0.417,0.438,18,2,12,OPEN,Playoffs
1642844,Dylan Harper,SAS,23,0.202,27,47,0.574,0.66,19,8,18,OPEN,Playoffs
1629060,Rui Hachimura,LAL,10,0.377,22,46,0.478,0.63,8,14,27,OPEN,Playoffs
203944,Julius Randle,MIN,12,0.262,16,45,0.356,0.4,12,4,18,OPEN,Playoffs
1627759,Jaylen Brown,BOS,7,0.308,23,44,0.523,0.614,15,8,21,OPEN,Playoffs
1628404,Josh Hart,NYK,19,0.253,17,44,0.386,0.466,10,7,23,OPEN,Playoffs
1630162,Anthony Edwards,MIN,10,0.239,20,43,0.465,0.593,9,11,24,OPEN,Playoffs
1642845,VJ Edgecombe,PHI,11,0.297,20,43,0.465,0.605,8,12,30,OPEN,Playoffs
202699,Tobias Harris,DET,14,0.201,15,43,0.349,0.407,10,5,22,OPEN,Playoffs
1627750,Jamal Murray,DEN,6,0.333,14,43,0.326,0.372,10,4,17,OPEN,Playoffs
1629622,Max Strus,CLE,18,0.304,17,42,0.405,0.56,4,13,37,OPEN,Playoffs
1629130,Duncan Robinson,DET,13,0.342,16,39,0.41,0.564,4,12,32,OPEN,Playoffs
1631094,Paolo Banchero,ORL,7,0.259,13,37,0.351,0.446,6,7,20,OPEN,Playoffs
1642450,Daniss Jenkins,DET,14,0.295,15,36,0.417,0.472,11,4,16,OPEN,Playoffs
1630202,Payton Pritchard,BOS,7,0.391,15,36,0.417,0.514,8,7,23,OPEN,Playoffs
1629652,Luguentz Dort,OKC,15,0.439,14,36,0.389,0.514,5,9,28,OPEN,Playoffs
1630217,Desmond Bane,ORL,7,0.318,13,35,0.371,0.486,5,8,25,OPEN,Playoffs
1627747,Caris LeVert,DET,13,0.523,16,34,0.471,0.588,8,8,18,OPEN,Playoffs
203935,Marcus Smart,LAL,10,0.343,12,34,0.353,0.471,4,8,24,OPEN,Playoffs
1629628,RJ Barrett,TOR,7,0.25,17,33,0.515,0.652,8,9,19,OPEN,Playoffs
1642263,Reed Sheppard,HOU,6,0.375,10,33,0.303,0.439,1,9,23,OPEN,Playoffs
1630591,Jalen Suggs,ORL,7,0.379,9,33,0.273,0.348,4,5,25,OPEN,Playoffs
1629640,Keldon Johnson,SAS,23,0.198,10,32,0.313,0.422,3,7,26,OPEN,Playoffs
1630567,Scottie Barnes,TOR,7,0.267,14,31,0.452,0.532,9,5,12,OPEN,Playoffs
203999,Nikola Jokić,DEN,6,0.256,11,31,0.355,0.403,8,3,18,OPEN,Playoffs
1630540,Miles McBride,NYK,19,0.295,8,31,0.258,0.387,0,8,28,OPEN,Playoffs
1631096,Chet Holmgren,OKC,15,0.207,14,30,0.467,0.55,9,5,19,OPEN,Playoffs
1630241,Sam Merrill,CLE,17,0.313,14,30,0.467,0.683,1,13,27,OPEN,Playoffs
1629675,Naz Reid,MIN,12,0.238,13,29,0.448,0.517,9,4,17,OPEN,Playoffs
1641717,Cason Wallace,OKC,15,0.302,12,29,0.414,0.603,1,11,24,OPEN,Playoffs
1630552,Jalen Johnson,ATL,6,0.315,10,29,0.345,0.397,7,3,14,OPEN,Playoffs
1642266,Ja'Kobe Walter,TOR,7,0.433,9,29,0.31,0.448,1,8,28,OPEN,Playoffs
1630224,Jalen Green,PHX,4,0.349,7,29,0.241,0.259,6,1,17,OPEN,Playoffs
1628392,Isaiah Hartenstein,OKC,15,0.311,18,28,0.643,0.643,18,0,1,OPEN,Playoffs
1642349,Ajay Mitchell,OKC,11,0.204,15,28,0.536,0.589,12,3,7,OPEN,Playoffs
1629013,Landry Shamet,NYK,19,0.314,12,27,0.444,0.63,2,10,22,OPEN,Playoffs
203468,CJ McCollum,ATL,6,0.273,9,27,0.333,0.389,6,3,15,OPEN,Playoffs
1628415,Dillon Brooks,PHX,4,0.306,14,26,0.538,0.615,10,4,10,OPEN,Playoffs
201950,Jrue Holiday,POR,5,0.338,8,26,0.308,0.404,3,5,19,OPEN,Playoffs
1642281,Jaylon Tyson,CLE,17,0.377,8,26,0.308,0.346,6,2,18,OPEN,Playoffs
1628379,Luke Kennard,LAL,10,0.313,12,25,0.48,0.66,3,9,16,OPEN,Playoffs
1628369,Jayson Tatum,BOS,6,0.248,12,25,0.48,0.62,5,7,17,OPEN,Playoffs
1641708,Amen Thompson,HOU,6,0.279,14,24,0.583,0.583,14,0,2,OPEN,Playoffs
1627936,Alex Caruso,OKC,15,0.209,10,24,0.417,0.604,1,9,20,OPEN,Playoffs
1626162,Kelly Oubre Jr.,PHI,11,0.226,10,24,0.417,0.5,6,4,17,OPEN,Playoffs
1628401,Derrick White,BOS,7,0.296,7,24,0.292,0.354,4,3,17,OPEN,Playoffs
1630703,Scoot Henderson,POR,5,0.39,13,23,0.565,0.717,6,7,14,OPEN,Playoffs
1631095,Jabari Smith Jr.,HOU,6,0.271,6,23,0.261,0.37,1,5,19,OPEN,Playoffs
203471,Dennis Schröder,CLE,17,0.262,4,22,0.182,0.205,3,1,12,OPEN,Playoffs
1631114,Jalen Williams,OKC,5,0.375,13,21,0.619,0.667,11,2,6,OPEN,Playoffs
1630166,Deni Avdija,POR,5,0.269,10,21,0.476,0.571,6,4,8,OPEN,Playoffs
1628386,Jarrett Allen,CLE,18,0.146,13,20,0.65,0.65,13,0,0,OPEN,Playoffs
1629638,Nickeil Alexander-Walker,ATL,6,0.282,6,20,0.3,0.4,2,4,14,OPEN,Playoffs
1630545,Terrence Shannon Jr,MIN,9,0.202,10,19,0.526,0.605,7,3,8,OPEN,Playoffs
1629731,Dean Wade,CLE,18,0.292,9,19,0.474,0.684,1,8,17,OPEN,Playoffs
1630631,Jose Alvarado,NYK,18,0.269,10,18,0.556,0.639,7,3,10,OPEN,Playoffs
1641709,Ausar Thompson,DET,14,0.186,8,18,0.444,0.444,8,0,0,OPEN,Playoffs
1630228,Jonathan Kuminga,ATL,6,0.3,8,18,0.444,0.528,5,3,10,OPEN,Playoffs
1631106,Tari Eason,HOU,6,0.277,8,18,0.444,0.583,3,5,13,OPEN,Playoffs
1630198,Isaiah Joe,OKC,13,0.327,6,18,0.333,0.5,0,6,17,OPEN,Playoffs
203903,Jordan Clarkson,NYK,18,0.221,10,17,0.588,0.618,9,1,7,OPEN,Playoffs
1631119,Jaylin Williams,OKC,15,0.262,8,17,0.471,0.676,1,7,15,OPEN,Playoffs
1630559,Austin Reaves,LAL,6,0.187,7,17,0.412,0.529,3,4,13,OPEN,Playoffs
1631101,Shaedon Sharpe,POR,5,0.5,7,17,0.412,0.471,5,2,7,OPEN,Playoffs
201144,Mike Conley,MIN,12,0.421,9,16,0.563,0.719,4,5,10,OPEN,Playoffs
1629026,Kenrich Williams,OKC,11,0.516,6,16,0.375,0.5,2,4,11,OPEN,Playoffs
1642348,Justin Edwards,PHI,9,0.5,6,16,0.375,0.5,2,4,13,OPEN,Playoffs
1629661,Cameron Johnson,DEN,6,0.258,5,16,0.313,0.438,1,4,13,OPEN,Playoffs
1629656,Quentin Grimes,PHI,11,0.276,5,16,0.313,0.406,2,3,12,OPEN,Playoffs
1630573,Sam Hauser,BOS,7,0.326,7,15,0.467,0.633,2,5,13,OPEN,Playoffs
1642868,Carter Bryant,SAS,22,0.318,9,14,0.643,0.893,2,7,11,OPEN,Playoffs
1631105,Jalen Duren,DET,14,0.128,9,14,0.643,0.643,9,0,0,OPEN,Playoffs
1642270,Donovan Clingan,POR,5,0.304,3,14,0.214,0.286,1,2,13,OPEN,Playoffs
1630578,Alperen Sengun,HOU,6,0.131,8,13,0.615,0.615,8,0,3,OPEN,Playoffs
1630245,Ayo Dosunmu,MIN,10,0.114,7,13,0.538,0.615,5,2,7,OPEN,Playoffs
1630538,Bones Hyland,MIN,10,0.26,3,13,0.231,0.308,1,2,9,OPEN,Playoffs
203497,Rudy Gobert,MIN,12,0.174,6,12,0.5,0.5,6,0,0,OPEN,Playoffs
1641710,Anthony Black,ORL,7,0.222,4,12,0.333,0.375,3,1,8,OPEN,Playoffs
203924,Jerami Grant,POR,5,0.279,4,12,0.333,0.417,2,2,6,OPEN,Playoffs
1641739,Toumani Camara,POR,5,0.316,4,12,0.333,0.458,1,3,10,OPEN,Playoffs
1630168,Onyeka Okongwu,ATL,6,0.229,8,11,0.727,0.864,5,3,5,OPEN,Playoffs
1628971,Bruce Brown,DEN,6,0.324,7,11,0.636,0.773,4,3,5,OPEN,Playoffs
1627742,Brandon Ingram,TOR,5,0.19,6,11,0.545,0.727,2,4,5,OPEN,Playoffs
203501,Tim Hardaway Jr.,DEN,6,0.244,6,11,0.545,0.682,3,3,8,OPEN,Playoffs
1626164,Devin Booker,PHX,4,0.175,5,11,0.455,0.591,2,3,8,OPEN,Playoffs
1630532,Franz Wagner,ORL,4,0.193,5,11,0.455,0.455,5,0,3,OPEN,Playoffs
1629750,Javonte Green,DET,11,0.367,4,11,0.364,0.5,1,3,10,OPEN,Playoffs
203084,Harrison Barnes,SAS,20,0.282,3,11,0.273,0.364,1,2,9,OPEN,Playoffs
1642867,Collin Murray-Boyles,TOR,7,0.156,8,10,0.8,0.8,8,0,0,OPEN,Playoffs
1631128,Christian Braun,DEN,6,0.278,6,10,0.6,0.8,2,4,7,OPEN,Playoffs
1629028,Deandre Ayton,LAL,10,0.119,5,10,0.5,0.5,5,0,0,OPEN,Playoffs
1628976,Wendell Carter Jr.,ORL,7,0.208,4,10,0.4,0.45,3,1,5,OPEN,Playoffs
1628418,Thomas Bryant,CLE,9,0.476,3,10,0.3,0.4,1,2,7,OPEN,Playoffs
1628436,Luke Kornet,SAS,23,0.155,8,9,0.889,0.889,8,0,0,OPEN,Playoffs
1631221,Collin Gillespie,PHX,4,0.25,6,9,0.667,0.778,4,2,4,OPEN,Playoffs
1631204,Marcus Sasser,DET,6,0.391,5,9,0.556,0.722,2,3,6,OPEN,Playoffs
1641783,Tristan da Silva,ORL,7,0.31,4,9,0.444,0.556,2,2,6,OPEN,Playoffs
1630572,Sandro Mamukelashvili,TOR,7,0.257,2,9,0.222,0.278,1,1,7,OPEN,Playoffs
1642347,Jamal Shead,TOR,7,0.138,1,9,0.111,0.111,1,0,3,OPEN,Playoffs
1630700,Dyson Daniels,ATL,6,0.195,6,8,0.75,0.75,6,0,0,OPEN,Playoffs
1629674,Neemias Queta,BOS,7,0.242,6,8,0.75,0.75,6,0,0,OPEN,Playoffs
1642419,Jamison Battle,TOR,6,0.421,4,8,0.5,0.75,0,4,7,OPEN,Playoffs
203932,Aaron Gordon,DEN,3,0.267,2,8,0.25,0.313,1,1,6,OPEN,Playoffs
1629216,Gabe Vincent,ATL,6,0.364,2,8,0.25,0.375,0,2,8,OPEN,Playoffs
1630191,Isaiah Stewart,DET,14,0.206,6,7,0.857,0.929,5,1,1,OPEN,Playoffs
1629006,Josh Okogie,HOU,6,0.28,5,7,0.714,0.929,2,3,4,OPEN,Playoffs
1630194,Paul Reed,DET,9,0.167,4,7,0.571,0.571,4,0,3,OPEN,Playoffs
1630598,Aaron Wiggins,OKC,13,0.28,4,7,0.571,0.643,3,1,2,OPEN,Playoffs
1630557,Corey Kispert,ATL,5,0.318,2,7,0.286,0.357,1,1,6,OPEN,Playoffs
1631222,Jake LaRavia,LAL,8,0.259,1,7,0.143,0.143,1,0,2,OPEN,Playoffs
1628978,Donte DiVincenzo,MIN,4,0.219,1,7,0.143,0.214,0,1,6,OPEN,Playoffs
1627751,Jakob Poeltl,TOR,7,0.194,5,6,0.833,0.833,5,0,0,OPEN,Playoffs
1629011,Mitchell Robinson,NYK,18,0.115,5,6,0.833,0.833,5,0,0,OPEN,Playoffs
1631165,Keon Ellis,CLE,12,0.4,3,6,0.5,0.75,0,3,6,OPEN,Playoffs
1630568,Luka Garza,BOS,7,0.3,3,6,0.5,0.583,2,1,4,OPEN,Playoffs
1641733,Nick Smith Jr.,LAL,6,0.429,2,6,0.333,0.333,2,0,1,OPEN,Playoffs
1642359,Pacôme Dadiet,NYK,7,0.375,2,6,0.333,0.417,1,1,4,OPEN,Playoffs
1630639,A.J. Lawson,TOR,7,0.375,2,6,0.333,0.5,0,2,5,OPEN,Playoffs
1631207,Dalen Terry,PHI,7,0.462,1,6,0.167,0.167,1,0,3,OPEN,Playoffs
1629637,Jaxson Hayes,LAL,10,0.179,5,5,1.0,1.0,5,0,0,OPEN,Playoffs
1642278,Tyler Kolek,NYK,8,0.2,3,5,0.6,0.8,1,2,2,OPEN,Playoffs
1628988,Aaron Holiday,HOU,6,0.227,2,5,0.4,0.6,0,2,4,OPEN,Playoffs
202696,Nikola Vučević,BOS,6,0.135,2,5,0.4,0.4,2,0,2,OPEN,Playoffs
1631248,Baylor Scheierman,BOS,7,0.192,2,5,0.4,0.5,1,1,4,OPEN,Playoffs
1642345,Oso Ighodaro,PHX,4,0.174,3,4,0.75,0.75,3,0,0,OPEN,Playoffs
1631124,Julian Strawther,DEN,2,0.571,2,4,0.5,0.625,1,1,2,OPEN,Playoffs
1641775,Jordan Walsh,BOS,7,0.211,2,4,0.5,0.5,2,0,2,OPEN,Playoffs
1641780,Johni Broome,PHI,2,0.667,2,4,0.5,0.5,2,0,2,OPEN,Playoffs
1627827,Dorian Finney-Smith,HOU,4,0.286,1,4,0.25,0.375,0,1,4,OPEN,Playoffs
1630256,Jae'Sean Tate,HOU,5,0.4,1,4,0.25,0.25,1,0,2,OPEN,Playoffs
1642258,Zaccharie Risacher,ATL,3,0.286,1,4,0.25,0.25,1,0,3,OPEN,Playoffs
1629680,Matisse Thybulle,POR,4,0.286,1,4,0.25,0.25,1,0,2,OPEN,Playoffs
203937,Kyle Anderson,MIN,8,0.235,1,4,0.25,0.25,1,0,0,OPEN,Playoffs
1641842,Ronald Holland II,DET,9,0.308,1,4,0.25,0.25,1,0,2,OPEN,Playoffs
1628960,Grayson Allen,PHX,2,0.308,1,4,0.25,0.375,0,1,4,OPEN,Playoffs
1630322,Lindy Waters III,SAS,9,0.308,1,4,0.25,0.375,0,1,3,OPEN,Playoffs
1641740,Jaylen Clark,MIN,6,0.333,0,4,0.0,0.0,0,0,4,OPEN,Playoffs
202685,Jonas Valanciunas,DEN,4,0.429,3,3,1.0,1.0,3,0,0,OPEN,Playoffs
1631288,Jamal Cain,ORL,7,0.103,2,3,0.667,0.833,1,1,2,OPEN,Playoffs
1631110,Jeremy Sochan,NYK,8,0.333,2,3,0.667,0.833,1,1,1,OPEN,Playoffs
1631230,Dominick Barlow,PHI,9,0.176,2,3,0.667,0.667,2,0,0,OPEN,Playoffs
1628989,Kevin Huerter,DET,5,0.429,1,3,0.333,0.5,0,1,3,OPEN,Playoffs
1642461,Spencer Jones,DEN,6,0.158,1,3,0.333,0.5,0,1,1,OPEN,Playoffs
1631199,Ron Harper Jr.,BOS,6,0.333,1,3,0.333,0.333,1,0,2,OPEN,Playoffs
1642261,Dalton Knecht,LAL,5,0.375,0,3,0.0,0.0,0,0,3,OPEN,Playoffs
1631321,Sidy Cissoko,POR,4,0.3,0,3,0.0,0.0,0,0,1,OPEN,Playoffs
1631133,Jabari Walker,PHI,6,0.3,0,3,0.0,0.0,0,0,2,OPEN,Playoffs
1642355,Bronny James,LAL,8,0.2,1,2,0.5,0.5,1,0,1,OPEN,Playoffs
1630574,Ariel Hukporti,NYK,10,0.182,1,2,0.5,0.5,1,0,0,OPEN,Playoffs
1626145,Tyus Jones,DEN,3,0.25,1,2,0.5,0.5,1,0,0,OPEN,Playoffs
1641737,Adem Bona,PHI,10,0.125,1,2,0.5,0.5,1,0,0,OPEN,Playoffs
1631123,Jamaree Bouyea,PHX,4,0.5,1,2,0.5,0.5,1,0,0,OPEN,Playoffs
1630570,Trendon Watford,PHI,7,0.182,1,2,0.5,0.5,1,0,1,OPEN,Playoffs
1629057,Robert Williams III,POR,5,0.057,1,2,0.5,0.5,1,0,0,OPEN,Playoffs
1628975,Jevon Carter,ORL,3,0.5,0,2,0.0,0.0,0,0,1,OPEN,Playoffs
1642885,Mohamed Diawara,NYK,6,0.154,0,2,0.0,0.0,0,0,1,OPEN,Playoffs
1641854,Craig Porter Jr.,CLE,7,0.667,0,2,0.0,0.0,0,0,1,OPEN,Playoffs
201145,Jeff Green,HOU,2,1.0,0,2,0.0,0.0,0,0,1,OPEN,Playoffs
1641763,Julian Phillips,MIN,5,0.333,0,2,0.0,0.0,0,0,0,OPEN,Playoffs
1642346,Ryan Dunn,PHX,4,0.5,0,2,0.0,0.0,0,0,2,OPEN,Playoffs
1642853,Rasheer Fleming,PHX,4,0.4,0,2,0.0,0.0,0,0,2,OPEN,Playoffs
203083,Andre Drummond,PHI,11,0.087,0,2,0.0,0.0,0,0,1,OPEN,Playoffs
1629048,Goga Bitadze,ORL,6,0.067,1,1,1.0,1.0,1,0,0,OPEN,Playoffs
201142,Kevin Durant,HOU,1,0.083,1,1,1.0,1.0,1,0,0,OPEN,Playoffs
1628396,Tony Bradley,ATL,4,0.25,1,1,1.0,1.0,1,0,0,OPEN,Playoffs
203486,Mason Plumlee,SAS,6,0.333,1,1,1.0,1.0,1,0,0,OPEN,Playoffs
1642876,Adou Thiero,LAL,6,0.167,0,1,0.0,0.0,0,0,0,OPEN,Playoffs
1641724,Jett Howard,ORL,1,0.5,0,1,0.0,0.0,0,0,1,OPEN,Playoffs
1627741,Buddy Hield,ATL,2,0.2,0,1,0.0,0.0,0,0,0,OPEN,Playoffs
1630811,Keaton Wallace,ATL,3,0.125,0,1,0.0,0.0,0,0,0,OPEN,Playoffs
1642260,Nikola Topić,OKC,9,0.167,0,1,0.0,0.0,0,0,1,OPEN,Playoffs
1629162,Jordan McLaughlin,SAS,10,0.091,0,1,0.0,0.0,0,0,1,OPEN,Playoffs
203482,Kelly Olynyk,SAS,9,0.067,0,1,0.0,0.0,0,0,0,OPEN,Playoffs
1629021,Moritz Wagner,ORL,2,0.25,0,1,0.0,0.0,0,0,0,OPEN,Playoffs
1629020,Jarred Vanderbilt,LAL,7,0.045,0,1,0.0,0.0,0,0,0,OPEN,Playoffs
1630249,Vít Krejčí,POR,4,0.25,0,1,0.0,0.0,0,0,1,OPEN,Playoffs
1629312,Haywood Highsmith,PHX,2,0.5,0,1,0.0,0.0,0,0,1,OPEN,Playoffs
1626220,Royce O'Neale,PHX,4,0.071,0,1,0.0,0.0,0,0,1,OPEN,Playoffs
1642264,Stephon Castle,SAS,23,0.253,27,75,0.36,0.507,5,22,61,WIDE_OPEN,Playoffs
1628368,De'Aaron Fox,SAS,21,0.232,32,70,0.457,0.586,14,18,49,WIDE_OPEN,Playoffs
1628378,Donovan Mitchell,CLE,18,0.172,27,65,0.415,0.554,9,18,51,WIDE_OPEN,Playoffs
1630577,Julian Champagnie,SAS,23,0.321,32,63,0.508,0.754,1,31,61,WIDE_OPEN,Playoffs
1642844,Dylan Harper,SAS,23,0.249,21,58,0.362,0.491,6,15,47,WIDE_OPEN,Playoffs
1628404,Josh Hart,NYK,19,0.316,19,55,0.345,0.473,5,14,48,WIDE_OPEN,Playoffs
1630170,Devin Vassell,SAS,23,0.218,25,53,0.472,0.67,4,21,46,WIDE_OPEN,Playoffs
1630178,Tyrese Maxey,PHI,11,0.251,20,53,0.377,0.5,7,13,37,WIDE_OPEN,Playoffs
1627936,Alex Caruso,OKC,15,0.452,25,52,0.481,0.702,2,23,50,WIDE_OPEN,Playoffs
1628973,Jalen Brunson,NYK,19,0.123,24,51,0.471,0.608,10,14,34,WIDE_OPEN,Playoffs
1641705,Victor Wembanyama,SAS,22,0.138,25,50,0.5,0.66,9,16,38,WIDE_OPEN,Playoffs
1642272,Jared McCain,OKC,15,0.346,24,47,0.511,0.734,3,21,42,WIDE_OPEN,Playoffs
202699,Tobias Harris,DET,14,0.215,17,46,0.37,0.478,7,10,31,WIDE_OPEN,Playoffs
1642347,Jamal Shead,TOR,7,0.631,15,41,0.366,0.537,1,14,38,WIDE_OPEN,Playoffs
1642450,Daniss Jenkins,DET,14,0.328,14,40,0.35,0.488,3,11,35,WIDE_OPEN,Playoffs
1642845,VJ Edgecombe,PHI,11,0.276,11,40,0.275,0.375,3,8,35,WIDE_OPEN,Playoffs
1630595,Cade Cunningham,DET,14,0.129,18,38,0.474,0.671,3,15,30,WIDE_OPEN,Playoffs
1642349,Ajay Mitchell,OKC,11,0.277,13,38,0.342,0.474,3,10,32,WIDE_OPEN,Playoffs
1630245,Ayo Dosunmu,MIN,10,0.325,20,37,0.541,0.743,5,15,32,WIDE_OPEN,Playoffs
1630241,Sam Merrill,CLE,17,0.385,10,37,0.27,0.392,1,9,36,WIDE_OPEN,Playoffs
203944,Julius Randle,MIN,12,0.209,14,36,0.389,0.472,8,6,19,WIDE_OPEN,Playoffs
1641717,Cason Wallace,OKC,15,0.365,18,35,0.514,0.757,1,17,34,WIDE_OPEN,Playoffs
1626157,Karl-Anthony Towns,NYK,19,0.183,20,34,0.588,0.809,5,15,28,WIDE_OPEN,Playoffs
1630202,Payton Pritchard,BOS,7,0.37,15,34,0.441,0.588,5,10,28,WIDE_OPEN,Playoffs
1630183,Jaden McDaniels,MIN,12,0.188,13,33,0.394,0.515,5,8,28,WIDE_OPEN,Playoffs
1629652,Luguentz Dort,OKC,15,0.402,10,33,0.303,0.439,1,9,32,WIDE_OPEN,Playoffs
1629060,Rui Hachimura,LAL,10,0.262,23,32,0.719,0.984,6,17,24,WIDE_OPEN,Playoffs
201935,James Harden,CLE,18,0.129,11,32,0.344,0.469,3,8,26,WIDE_OPEN,Playoffs
1631119,Jaylin Williams,OKC,15,0.492,10,32,0.313,0.453,1,9,29,WIDE_OPEN,Playoffs
1629013,Landry Shamet,NYK,19,0.36,16,31,0.516,0.742,2,14,27,WIDE_OPEN,Playoffs
1629130,Duncan Robinson,DET,13,0.263,19,30,0.633,0.9,3,16,26,WIDE_OPEN,Playoffs
1628415,Dillon Brooks,PHX,4,0.353,16,30,0.533,0.683,7,9,20,WIDE_OPEN,Playoffs
1629640,Keldon Johnson,SAS,23,0.185,16,30,0.533,0.75,3,13,27,WIDE_OPEN,Playoffs
1630596,Evan Mobley,CLE,18,0.141,12,30,0.4,0.55,3,9,26,WIDE_OPEN,Playoffs
1628401,Derrick White,BOS,7,0.37,11,30,0.367,0.55,0,11,28,WIDE_OPEN,Playoffs
1628384,OG Anunoby,NYK,17,0.146,15,29,0.517,0.776,0,15,26,WIDE_OPEN,Playoffs
1629675,Naz Reid,MIN,12,0.23,16,28,0.571,0.821,2,14,25,WIDE_OPEN,Playoffs
1628379,Luke Kennard,LAL,10,0.35,16,28,0.571,0.696,9,7,19,WIDE_OPEN,Playoffs
1628983,Shai Gilgeous-Alexander,OKC,15,0.098,16,28,0.571,0.607,14,2,6,WIDE_OPEN,Playoffs
1628969,Mikal Bridges,NYK,19,0.149,15,28,0.536,0.661,8,7,13,WIDE_OPEN,Playoffs
1630217,Desmond Bane,ORL,7,0.255,13,28,0.464,0.696,0,13,26,WIDE_OPEN,Playoffs
203954,Joel Embiid,PHI,7,0.226,9,28,0.321,0.375,6,3,16,WIDE_OPEN,Playoffs
1630591,Jalen Suggs,ORL,7,0.322,8,28,0.286,0.411,1,7,26,WIDE_OPEN,Playoffs
1629628,RJ Barrett,TOR,7,0.205,12,27,0.444,0.593,4,8,22,WIDE_OPEN,Playoffs
1631096,Chet Holmgren,OKC,15,0.172,13,25,0.52,0.68,5,8,19,WIDE_OPEN,Playoffs
1630631,Jose Alvarado,NYK,18,0.373,11,25,0.44,0.62,2,9,22,WIDE_OPEN,Playoffs
1626162,Kelly Oubre Jr.,PHI,11,0.236,9,25,0.36,0.48,3,6,21,WIDE_OPEN,Playoffs
1629731,Dean Wade,CLE,18,0.385,8,25,0.32,0.48,0,8,25,WIDE_OPEN,Playoffs
1642263,Reed Sheppard,HOU,6,0.284,7,25,0.28,0.4,1,6,24,WIDE_OPEN,Playoffs
1630545,Terrence Shannon Jr,MIN,9,0.266,5,25,0.2,0.3,0,5,22,WIDE_OPEN,Playoffs
1631221,Collin Gillespie,PHX,4,0.667,9,24,0.375,0.521,2,7,19,WIDE_OPEN,Playoffs
1627750,Jamal Murray,DEN,6,0.186,7,24,0.292,0.375,3,4,16,WIDE_OPEN,Playoffs
1629622,Max Strus,CLE,18,0.167,14,23,0.609,0.87,2,12,21,WIDE_OPEN,Playoffs
203935,Marcus Smart,LAL,10,0.232,9,23,0.391,0.522,3,6,20,WIDE_OPEN,Playoffs
202696,Nikola Vučević,BOS,6,0.622,7,23,0.304,0.457,0,7,22,WIDE_OPEN,Playoffs
203471,Dennis Schröder,CLE,17,0.262,12,22,0.545,0.75,3,9,19,WIDE_OPEN,Playoffs
1630198,Isaiah Joe,OKC,13,0.4,9,22,0.409,0.568,2,7,19,WIDE_OPEN,Playoffs
1630573,Sam Hauser,BOS,7,0.457,11,21,0.524,0.762,1,10,19,WIDE_OPEN,Playoffs
1630538,Bones Hyland,MIN,10,0.42,7,21,0.333,0.476,1,6,19,WIDE_OPEN,Playoffs
1630162,Anthony Edwards,MIN,10,0.111,9,20,0.45,0.55,5,4,11,WIDE_OPEN,Playoffs
1629661,Cameron Johnson,DEN,6,0.323,7,20,0.35,0.5,1,6,19,WIDE_OPEN,Playoffs
1630552,Jalen Johnson,ATL,6,0.207,10,19,0.526,0.684,4,6,15,WIDE_OPEN,Playoffs
1630540,Miles McBride,NYK,19,0.181,10,19,0.526,0.763,1,9,17,WIDE_OPEN,Playoffs
1631095,Jabari Smith Jr.,HOU,6,0.224,10,19,0.526,0.737,2,8,15,WIDE_OPEN,Playoffs
1642266,Ja'Kobe Walter,TOR,7,0.284,9,19,0.474,0.684,1,8,18,WIDE_OPEN,Playoffs
1642281,Jaylon Tyson,CLE,17,0.275,8,19,0.421,0.605,1,7,17,WIDE_OPEN,Playoffs
1631248,Baylor Scheierman,BOS,7,0.731,8,19,0.421,0.605,1,7,17,WIDE_OPEN,Playoffs
1641709,Ausar Thompson,DET,14,0.186,11,18,0.611,0.639,10,1,6,WIDE_OPEN,Playoffs
1641708,Amen Thompson,HOU,6,0.209,11,18,0.611,0.667,9,2,5,WIDE_OPEN,Playoffs
1630166,Deni Avdija,POR,5,0.231,8,18,0.444,0.5,6,2,9,WIDE_OPEN,Playoffs
1631094,Paolo Banchero,ORL,7,0.126,7,18,0.389,0.5,3,4,14,WIDE_OPEN,Playoffs
203084,Harrison Barnes,SAS,20,0.462,6,18,0.333,0.417,3,3,15,WIDE_OPEN,Playoffs
201144,Mike Conley,MIN,12,0.447,8,17,0.471,0.706,0,8,16,WIDE_OPEN,Playoffs
1630168,Onyeka Okongwu,ATL,6,0.354,8,17,0.471,0.676,1,7,16,WIDE_OPEN,Playoffs
1642868,Carter Bryant,SAS,22,0.386,6,17,0.353,0.5,1,5,16,WIDE_OPEN,Playoffs
1630559,Austin Reaves,LAL,6,0.187,5,17,0.294,0.382,2,3,13,WIDE_OPEN,Playoffs
1628978,Donte DiVincenzo,MIN,4,0.5,11,16,0.688,0.938,3,8,12,WIDE_OPEN,Playoffs
1631106,Tari Eason,HOU,6,0.246,8,16,0.5,0.625,4,4,12,WIDE_OPEN,Playoffs
1627759,Jaylen Brown,BOS,7,0.112,8,16,0.5,0.594,5,3,8,WIDE_OPEN,Playoffs
203468,CJ McCollum,ATL,6,0.162,7,16,0.438,0.625,1,6,12,WIDE_OPEN,Playoffs
203999,Nikola Jokić,DEN,6,0.132,6,16,0.375,0.469,3,3,12,WIDE_OPEN,Playoffs
1641710,Anthony Black,ORL,7,0.278,9,15,0.6,0.8,3,6,11,WIDE_OPEN,Playoffs
2544,LeBron James,LAL,10,0.082,9,15,0.6,0.7,6,3,6,WIDE_OPEN,Playoffs
1629638,Nickeil Alexander-Walker,ATL,6,0.211,8,15,0.533,0.767,1,7,11,WIDE_OPEN,Playoffs
1630700,Dyson Daniels,ATL,6,0.366,6,15,0.4,0.533,2,4,13,WIDE_OPEN,Playoffs
1641739,Toumani Camara,POR,5,0.395,5,15,0.333,0.467,1,4,14,WIDE_OPEN,Playoffs
1628392,Isaiah Hartenstein,OKC,15,0.156,11,14,0.786,0.786,11,0,0,WIDE_OPEN,Playoffs
1630567,Scottie Barnes,TOR,7,0.121,7,14,0.5,0.607,4,3,8,WIDE_OPEN,Playoffs
1628976,Wendell Carter Jr.,ORL,7,0.271,5,13,0.385,0.5,2,3,11,WIDE_OPEN,Playoffs
1629656,Quentin Grimes,PHI,11,0.224,4,13,0.308,0.423,1,3,10,WIDE_OPEN,Playoffs
1629750,Javonte Green,DET,11,0.433,3,13,0.231,0.346,0,3,13,WIDE_OPEN,Playoffs
1630228,Jonathan Kuminga,ATL,6,0.217,3,13,0.231,0.269,2,1,11,WIDE_OPEN,Playoffs
201950,Jrue Holiday,POR,5,0.156,3,12,0.25,0.375,0,3,11,WIDE_OPEN,Playoffs
1641783,Tristan da Silva,ORL,7,0.379,4,11,0.364,0.5,1,3,10,WIDE_OPEN,Playoffs
1642461,Spencer Jones,DEN,6,0.526,7,10,0.7,1.05,0,7,10,WIDE_OPEN,Playoffs
202331,Paul George,PHI,11,0.07,7,10,0.7,1.05,0,7,9,WIDE_OPEN,Playoffs
203903,Jordan Clarkson,NYK,18,0.13,4,10,0.4,0.4,4,0,4,WIDE_OPEN,Playoffs
1630703,Scoot Henderson,POR,5,0.169,3,10,0.3,0.4,1,2,7,WIDE_OPEN,Playoffs
1631128,Christian Braun,DEN,6,0.278,3,10,0.3,0.4,1,2,7,WIDE_OPEN,Playoffs
1630598,Aaron Wiggins,OKC,13,0.4,3,10,0.3,0.3,3,0,7,WIDE_OPEN,Playoffs
1631243,Mouhamed Gueye,ATL,6,0.714,2,10,0.2,0.25,1,1,9,WIDE_OPEN,Playoffs
1628988,Aaron Holiday,HOU,6,0.455,2,10,0.2,0.3,0,2,10,WIDE_OPEN,Playoffs
1626220,Royce O'Neale,PHX,4,0.643,6,9,0.667,1.0,0,6,9,WIDE_OPEN,Playoffs
1631114,Jalen Williams,OKC,5,0.161,6,9,0.667,0.833,3,3,6,WIDE_OPEN,Playoffs
1628369,Jayson Tatum,BOS,6,0.089,5,9,0.556,0.833,0,5,9,WIDE_OPEN,Playoffs
203482,Kelly Olynyk,SAS,9,0.6,5,9,0.556,0.833,0,5,8,WIDE_OPEN,Playoffs
1629057,Robert Williams III,POR,5,0.257,4,9,0.444,0.611,1,3,8,WIDE_OPEN,Playoffs
1627747,Caris LeVert,DET,13,0.138,4,9,0.444,0.556,2,2,6,WIDE_OPEN,Playoffs
1629216,Gabe Vincent,ATL,6,0.409,3,9,0.333,0.5,0,3,8,WIDE_OPEN,Playoffs
1630568,Luka Garza,BOS,7,0.45,3,9,0.333,0.5,0,3,9,WIDE_OPEN,Playoffs
1629006,Josh Okogie,HOU,6,0.36,2,9,0.222,0.333,0,2,9,WIDE_OPEN,Playoffs
1642278,Tyler Kolek,NYK,8,0.36,2,9,0.222,0.333,0,2,7,WIDE_OPEN,Playoffs
1641775,Jordan Walsh,BOS,7,0.474,2,9,0.222,0.333,0,2,9,WIDE_OPEN,Playoffs
1629020,Jarred Vanderbilt,LAL,7,0.409,1,9,0.111,0.167,0,1,9,WIDE_OPEN,Playoffs
1630572,Sandro Mamukelashvili,TOR,7,0.229,4,8,0.5,0.688,1,3,7,WIDE_OPEN,Playoffs
1630224,Jalen Green,PHX,4,0.096,3,8,0.375,0.563,0,3,7,WIDE_OPEN,Playoffs
1631288,Jamal Cain,ORL,7,0.276,3,8,0.375,0.5,1,2,7,WIDE_OPEN,Playoffs
1630578,Alperen Sengun,HOU,6,0.081,3,8,0.375,0.438,2,1,5,WIDE_OPEN,Playoffs
1631204,Marcus Sasser,DET,6,0.348,3,8,0.375,0.5,1,2,6,WIDE_OPEN,Playoffs
1642270,Donovan Clingan,POR,5,0.174,2,8,0.25,0.375,0,2,8,WIDE_OPEN,Playoffs
1627742,Brandon Ingram,TOR,5,0.138,1,8,0.125,0.125,1,0,5,WIDE_OPEN,Playoffs
1629680,Matisse Thybulle,POR,4,0.571,1,8,0.125,0.188,0,1,8,WIDE_OPEN,Playoffs
1627827,Dorian Finney-Smith,HOU,4,0.571,1,8,0.125,0.188,0,1,7,WIDE_OPEN,Playoffs
1642867,Collin Murray-Boyles,TOR,7,0.109,4,7,0.571,0.571,4,0,3,WIDE_OPEN,Playoffs
203083,Andre Drummond,PHI,11,0.304,4,7,0.571,0.857,0,4,7,WIDE_OPEN,Playoffs
1631222,Jake LaRavia,LAL,8,0.259,3,7,0.429,0.571,1,2,5,WIDE_OPEN,Playoffs
1630191,Isaiah Stewart,DET,14,0.206,3,7,0.429,0.643,0,3,7,WIDE_OPEN,Playoffs
1629026,Kenrich Williams,OKC,11,0.226,2,7,0.286,0.429,0,2,7,WIDE_OPEN,Playoffs
203932,Aaron Gordon,DEN,3,0.233,1,7,0.143,0.214,0,1,5,WIDE_OPEN,Playoffs
1628971,Bruce Brown,DEN,6,0.206,1,7,0.143,0.143,1,0,6,WIDE_OPEN,Playoffs
1630194,Paul Reed,DET,9,0.143,5,6,0.833,1.0,3,2,2,WIDE_OPEN,Playoffs
1628386,Jarrett Allen,CLE,18,0.044,4,6,0.667,0.667,4,0,0,WIDE_OPEN,Playoffs
1641733,Nick Smith Jr.,LAL,6,0.429,3,6,0.5,0.75,0,3,6,WIDE_OPEN,Playoffs
1628418,Thomas Bryant,CLE,9,0.286,0,6,0.0,0.0,0,0,4,WIDE_OPEN,Playoffs
203501,Tim Hardaway Jr.,DEN,6,0.111,3,5,0.6,0.8,1,2,3,WIDE_OPEN,Playoffs
1631105,Jalen Duren,DET,14,0.046,3,5,0.6,0.6,3,0,0,WIDE_OPEN,Playoffs
1642355,Bronny James,LAL,8,0.5,2,5,0.4,0.6,0,2,5,WIDE_OPEN,Playoffs
1642359,Pacôme Dadiet,NYK,7,0.313,2,5,0.4,0.6,0,2,4,WIDE_OPEN,Playoffs
1630322,Lindy Waters III,SAS,9,0.385,2,5,0.4,0.6,0,2,5,WIDE_OPEN,Playoffs
203924,Jerami Grant,POR,5,0.116,2,5,0.4,0.5,1,1,3,WIDE_OPEN,Playoffs
1642885,Mohamed Diawara,NYK,6,0.385,1,5,0.2,0.3,0,1,5,WIDE_OPEN,Playoffs
203497,Rudy Gobert,MIN,12,0.072,1,5,0.2,0.2,1,0,2,WIDE_OPEN,Playoffs
1641842,Ronald Holland II,DET,9,0.385,1,5,0.2,0.3,0,1,5,WIDE_OPEN,Playoffs
1628960,Grayson Allen,PHX,2,0.385,1,5,0.2,0.3,0,1,5,WIDE_OPEN,Playoffs
1642419,Jamison Battle,TOR,6,0.211,3,4,0.75,1.0,1,2,3,WIDE_OPEN,Playoffs
1629162,Jordan McLaughlin,SAS,10,0.364,3,4,0.75,1.125,0,3,4,WIDE_OPEN,Playoffs
1629028,Deandre Ayton,LAL,10,0.048,2,4,0.5,0.5,2,0,0,WIDE_OPEN,Playoffs
1630532,Franz Wagner,ORL,4,0.07,2,4,0.5,0.625,1,1,2,WIDE_OPEN,Playoffs
1641740,Jaylen Clark,MIN,6,0.333,2,4,0.5,0.75,0,2,4,WIDE_OPEN,Playoffs
1629637,Jaxson Hayes,LAL,10,0.143,2,4,0.5,0.5,2,0,1,WIDE_OPEN,Playoffs
1641763,Julian Phillips,MIN,5,0.667,2,4,0.5,0.75,0,2,4,WIDE_OPEN,Playoffs
1631321,Sidy Cissoko,POR,4,0.4,2,4,0.5,0.75,0,2,4,WIDE_OPEN,Playoffs
1642348,Justin Edwards,PHI,9,0.125,1,4,0.25,0.25,1,0,3,WIDE_OPEN,Playoffs
1630811,Keaton Wallace,ATL,3,0.5,0,4,0.0,0.0,0,0,3,WIDE_OPEN,Playoffs
1626164,Devin Booker,PHX,4,0.048,2,3,0.667,0.667,2,0,0,WIDE_OPEN,Playoffs
1631110,Jeremy Sochan,NYK,8,0.333,2,3,0.667,0.667,2,0,1,WIDE_OPEN,Playoffs
1631199,Ron Harper Jr.,BOS,6,0.333,2,3,0.667,1.0,0,2,3,WIDE_OPEN,Playoffs
1630256,Jae'Sean Tate,HOU,5,0.3,1,3,0.333,0.333,1,0,2,WIDE_OPEN,Playoffs
1631165,Keon Ellis,CLE,12,0.2,0,3,0.0,0.0,0,0,3,WIDE_OPEN,Playoffs
1642864,Hugo González,BOS,4,1.0,0,3,0.0,0.0,0,0,3,WIDE_OPEN,Playoffs
1630692,Jordan Goodwin,PHX,1,0.75,0,3,0.0,0.0,0,0,3,WIDE_OPEN,Playoffs
1642859,Jase Richardson,ORL,1,1.0,2,2,1.0,1.5,0,2,2,WIDE_OPEN,Playoffs
1627741,Buddy Hield,ATL,2,0.4,2,2,1.0,1.5,0,2,2,WIDE_OPEN,Playoffs
1628436,Luke Kornet,SAS,23,0.034,2,2,1.0,1.25,1,1,1,WIDE_OPEN,Playoffs
1642261,Dalton Knecht,LAL,5,0.25,2,2,1.0,1.5,0,2,2,WIDE_OPEN,Playoffs
1642866,Joan Beringer,MIN,5,0.222,2,2,1.0,1.0,2,0,0,WIDE_OPEN,Playoffs
1642345,Oso Ighodaro,PHX,4,0.087,2,2,1.0,1.0,2,0,0,WIDE_OPEN,Playoffs
1631101,Shaedon Sharpe,POR,5,0.059,1,2,0.5,0.75,0,1,2,WIDE_OPEN,Playoffs
1630557,Corey Kispert,ATL,5,0.091,1,2,0.5,0.5,1,0,1,WIDE_OPEN,Playoffs
1626145,Tyus Jones,DEN,3,0.25,1,2,0.5,0.5,1,0,1,WIDE_OPEN,Playoffs
1642917,Max Shulga,BOS,2,1.0,1,2,0.5,0.75,0,1,2,WIDE_OPEN,Playoffs
204060,Joe Ingles,MIN,3,0.667,1,2,0.5,0.75,0,1,2,WIDE_OPEN,Playoffs
1641780,Johni Broome,PHI,2,0.333,1,2,0.5,0.75,0,1,2,WIDE_OPEN,Playoffs
1642404,Chaz Lanier,DET,3,0.667,1,2,0.5,0.5,1,0,1,WIDE_OPEN,Playoffs
1642876,Adou Thiero,LAL,6,0.333,0,2,0.0,0.0,0,0,2,WIDE_OPEN,Playoffs
1631200,Kris Murray,POR,5,0.5,0,2,0.0,0.0,0,0,2,WIDE_OPEN,Playoffs
1642878,Tyrese Proctor,CLE,4,1.0,0,2,0.0,0.0,0,0,2,WIDE_OPEN,Playoffs
203937,Kyle Anderson,MIN,8,0.118,0,2,0.0,0.0,0,0,1,WIDE_OPEN,Playoffs
1628989,Kevin Huerter,DET,5,0.286,0,2,0.0,0.0,0,0,1,WIDE_OPEN,Playoffs
1630639,A.J. Lawson,TOR,7,0.125,0,2,0.0,0.0,0,0,2,WIDE_OPEN,Playoffs
1631133,Jabari Walker,PHI,6,0.2,0,2,0.0,0.0,0,0,2,WIDE_OPEN,Playoffs
1642905,Yang Hansen,POR,4,1.0,0,2,0.0,0.0,0,0,2,WIDE_OPEN,Playoffs
1642346,Ryan Dunn,PHX,4,0.5,0,2,0.0,0.0,0,0,2,WIDE_OPEN,Playoffs
1629011,Mitchell Robinson,NYK,18,0.019,1,1,1.0,1.0,1,0,0,WIDE_OPEN,Playoffs
201142,Kevin Durant,HOU,1,0.083,1,1,1.0,1.0,1,0,0,WIDE_OPEN,Playoffs
1630192,Zeke Nnaji,DEN,2,0.5,1,1,1.0,1.5,0,1,1,WIDE_OPEN,Playoffs
1628396,Tony Bradley,ATL,4,0.25,1,1,1.0,1.5,0,1,1,WIDE_OPEN,Playoffs
1641772,Nae'Qwan Tomlin,CLE,7,0.167,1,1,1.0,1.0,1,0,0,WIDE_OPEN,Playoffs
202685,Jonas Valanciunas,DEN,4,0.143,1,1,1.0,1.0,1,0,0,WIDE_OPEN,Playoffs
1642367,Jonathan Mogbo,TOR,3,0.5,1,1,1.0,1.0,1,0,0,WIDE_OPEN,Playoffs
1629021,Moritz Wagner,ORL,2,0.25,1,1,1.0,1.5,0,1,1,WIDE_OPEN,Playoffs
1631207,Dalen Terry,PHI,7,0.077,1,1,1.0,1.5,0,1,1,WIDE_OPEN,Playoffs
202687,Bismack Biyombo,SAS,9,0.143,1,1,1.0,1.0,1,0,0,WIDE_OPEN,Playoffs
1629674,Neemias Queta,BOS,7,0.03,1,1,1.0,1.0,1,0,0,WIDE_OPEN,Playoffs
1642863,Khaman Maluach,PHX,4,0.125,0,1,0.0,0.0,0,0,1,WIDE_OPEN,Playoffs
1641724,Jett Howard,ORL,1,0.5,0,1,0.0,0.0,0,0,1,WIDE_OPEN,Playoffs
1630574,Ariel Hukporti,NYK,10,0.091,0,1,0.0,0.0,0,0,1,WIDE_OPEN,Playoffs
1631124,Julian Strawther,DEN,2,0.143,0,1,0.0,0.0,0,0,1,WIDE_OPEN,Playoffs
1642258,Zaccharie Risacher,ATL,3,0.071,0,1,0.0,0.0,0,0,1,WIDE_OPEN,Playoffs
1642260,Nikola Topić,OKC,9,0.167,0,1,0.0,0.0,0,0,1,WIDE_OPEN,Playoffs
1628975,Jevon Carter,ORL,3,0.25,0,1,0.0,0.0,0,0,1,WIDE_OPEN,Playoffs
1627751,Jakob Poeltl,TOR,7,0.032,0,1,0.0,0.0,0,0,0,WIDE_OPEN,Playoffs
1631230,Dominick Barlow,PHI,9,0.059,0,1,0.0,0.0,0,0,1,WIDE_OPEN,Playoffs
1630249,Vít Krejčí,POR,4,0.25,0,1,0.0,0.0,0,0,1,WIDE_OPEN,Playoffs
1629312,Haywood Highsmith,PHX,2,0.5,0,1,0.0,0.0,0,0,1,WIDE_OPEN,Playoffs
