{
  "features": [
    "PTS100",
    "FGA100",
    "FG3A100",
    "FTA100",
    "OREB100",
    "DREB100",
    "AST100",
    "TOV100",
    "STL100",
    "BLK100",
    "PF100",
    "PFD100",
    "TS_DELTA",
    "SVA100"
  ],
  "sides": {
    "O": {
      "mean": [
        20.06356055627785,
        16.280235232447176,
        6.4410588841275676,
        3.9775883887845476,
        2.235088187175058,
        6.565064909714568,
        4.533238226191174,
        2.5379910383664805,
        1.543162901550633,
        1.0039267806975871,
        4.25653449485201,
        3.5523368189813613,
        -0.01593013153362136,
        -0.5273209443917714
      ],
      "scale": [
        6.5827415553730475,
        4.665006290192174,
        3.6539263185880317,
        2.3867144444075663,
        1.7148151857390612,
        2.6465736368714197,
        2.6364516259611923,
        1.0844426599768644,
        0.6828108902384588,
        0.8893078925388228,
        1.4709748713762296,
        1.8215825293124752,
        0.07282451013523927,
        2.3855624755358
      ],
      "coef": [
        -1.6735571244395533,
        1.636459990447341,
        0.21926261324121996,
        0.554934979906716,
        0.20200710658455445,
        -0.010856304743024722,
        0.5355947169709441,
        -0.46900584650982546,
        0.10158401971786063,
        -0.07099539299743783,
        -0.006081029632326867,
        -0.09498816361518113,
        -0.3938799005206039,
        1.7478335840836514
      ],
      "intercept": -0.01296888203152935,
      "alpha": 0.001
    },
    "D": {
      "mean": [
        20.06356055627785,
        16.280235232447176,
        6.4410588841275676,
        3.9775883887845476,
        2.235088187175058,
        6.565064909714568,
        4.533238226191174,
        2.5379910383664805,
        1.543162901550633,
        1.0039267806975871,
        4.25653449485201,
        3.5523368189813613,
        -0.01593013153362136,
        -0.5273209443917714
      ],
      "scale": [
        6.5827415553730475,
        4.665006290192174,
        3.6539263185880317,
        2.3867144444075663,
        1.7148151857390612,
        2.6465736368714197,
        2.6364516259611923,
        1.0844426599768644,
        0.6828108902384588,
        0.8893078925388228,
        1.4709748713762296,
        1.8215825293124752,
        0.07282451013523927,
        2.3855624755358
      ],
      "coef": [
        0.056407613884606564,
        -0.13755524535058591,
        0.011818577762718734,
        -0.27737705543757707,
        -0.2083259869428359,
        0.2775272526571543,
        0.06914345134639932,
        -0.219254575933838,
        0.3810905310088507,
        0.30833765434048593,
        -0.04758599571820651,
        0.3597740743127154,
        -0.12487252339147638,
        0.13347894075602657
      ],
      "intercept": 0.04195501251679479,
      "alpha": 100000.0
    }
  },
  "seasons_trained": [
    "2017-18",
    "2018-19",
    "2019-20",
    "2020-21",
    "2021-22",
    "2022-23",
    "2023-24",
    "2024-25",
    "2025-26"
  ],
  "min_training_poss": 200,
  "n_training_rows": 4561,
  "loso": [
    {
      "season": "2017-18",
      "n_test": 483,
      "O_r2": 0.433,
      "O_rmse": 1.03,
      "D_r2": 0.164,
      "D_rmse": 1.146
    },
    {
      "season": "2018-19",
      "n_test": 485,
      "O_r2": 0.394,
      "O_rmse": 1.0,
      "D_r2": 0.166,
      "D_rmse": 1.023
    },
    {
      "season": "2019-20",
      "n_test": 480,
      "O_r2": 0.388,
      "O_rmse": 1.026,
      "D_r2": 0.157,
      "D_rmse": 1.192
    },
    {
      "season": "2020-21",
      "n_test": 507,
      "O_r2": 0.404,
      "O_rmse": 1.169,
      "D_r2": 0.127,
      "D_rmse": 1.1
    },
    {
      "season": "2021-22",
      "n_test": 526,
      "O_r2": 0.352,
      "O_rmse": 1.14,
      "D_r2": 0.099,
      "D_rmse": 1.187
    },
    {
      "season": "2022-23",
      "n_test": 499,
      "O_r2": 0.396,
      "O_rmse": 1.045,
      "D_r2": 0.132,
      "D_rmse": 1.062
    },
    {
      "season": "2023-24",
      "n_test": 521,
      "O_r2": 0.442,
      "O_rmse": 0.987,
      "D_r2": 0.248,
      "D_rmse": 1.092
    },
    {
      "season": "2024-25",
      "n_test": 523,
      "O_r2": 0.457,
      "O_rmse": 1.049,
      "D_r2": 0.167,
      "D_rmse": 1.144
    },
    {
      "season": "2025-26",
      "n_test": 537,
      "O_r2": 0.397,
      "O_rmse": 1.06,
      "D_r2": 0.204,
      "D_rmse": 1.167
    }
  ],
  "note": "Per-100 box rates -> self-computed RAPM. See docs/SPEC_PRIOR_INFORMED_RAPM.md."
}